timestamp,OpenTime,Open,High,Low,Close,Volume,CloseTime,QuoteAssetVolume,NumberOfTrades,TakerBuyBaseAssetVolume,TakerBuyQuoteAssetVolume
2025-01-23 15:05:16+00:00,1737644716000.0,0.3565,0.3565,0.35638,0.35638,36881.0,1737644716999.0,13145.24563,79.0,7.0,2.49508
2025-01-23 15:05:17+00:00,1737644717000.0,0.35639,0.35643,0.35639,0.35643,1590.0,1737644717999.0,566.69696,42.0,1130.0,402.75296
2025-01-23 15:05:18+00:00,1737644718000.0,0.35642,0.35642,0.35636,0.3564,26182.0,1737644718999.0,9330.76346,62.0,2239.0,797.97783
2025-01-23 15:05:19+00:00,1737644719000.0,0.3564,0.35642,0.3564,0.35642,7631.0,1737644719999.0,2719.83883,26.0,7631.0,2719.83883
2025-01-23 15:05:20+00:00,1737644720000.0,0.35641,0.35654,0.35641,0.35654,7948.0,1737644720999.0,2833.24042,91.0,6733.0,2400.09055
2025-01-23 15:05:21+00:00,1737644721000.0,0.35653,0.35653,0.35646,0.35646,14558.0,1737644721999.0,5189.80332,62.0,5656.0,2016.47044
2025-01-23 15:05:22+00:00,1737644722000.0,0.35647,0.35665,0.35647,0.35665,5162.0,1737644722999.0,1840.69983,121.0,4602.0,1640.97863
2025-01-23 15:05:23+00:00,1737644723000.0,0.35665,0.35691,0.35665,0.35676,495986.0,1737644723999.0,176962.9461,205.0,490259.0,174919.55813
2025-01-23 15:05:24+00:00,1737644724000.0,0.35675,0.35675,0.35661,0.35661,28861.0,1737644724999.0,10293.12701,107.0,9021.0,3217.23934
2025-01-23 15:05:25+00:00,1737644725000.0,0.35662,0.35668,0.35661,0.35663,91171.0,1737644725999.0,32515.8371,112.0,67872.0,24206.51998
2025-01-23 15:05:26+00:00,1737644726000.0,0.35664,0.35664,0.35655,0.35655,6571.0,1737644726999.0,2343.24827,73.0,48.0,17.11746
2025-01-23 15:05:27+00:00,1737644727000.0,0.35654,0.3566,0.35653,0.35653,36239.0,1737644727999.0,12921.85994,98.0,3276.0,1168.16217
2025-01-23 15:05:28+00:00,1737644728000.0,0.35653,0.35653,0.35647,0.35647,18112.0,1737644728999.0,6456.85148,63.0,10098.0,3599.63448
2025-01-23 15:05:29+00:00,1737644729000.0,0.35646,0.35646,0.35639,0.35639,17613.0,1737644729999.0,6277.34434,68.0,0.0,0.0
2025-01-23 15:05:30+00:00,1737644730000.0,0.35639,0.35647,0.35638,0.35638,17067.0,1737644730999.0,6083.4386,87.0,11428.0,4073.52481
2025-01-23 15:05:31+00:00,1737644731000.0,0.35638,0.35638,0.35635,0.35635,7690.0,1737644731999.0,2740.34832,25.0,1522.0,542.38104
2025-01-23 15:05:32+00:00,1737644732000.0,0.35635,0.35646,0.35635,0.35645,178757.0,1737644732999.0,63706.36468,111.0,144919.0,51644.719
2025-01-23 15:05:33+00:00,1737644733000.0,0.35645,0.35645,0.35627,0.35627,68747.0,1737644733999.0,24495.19923,151.0,30508.0,10870.59117
2025-01-23 15:05:34+00:00,1737644734000.0,0.35626,0.35626,0.3562,0.3562,11285.0,1737644734999.0,4019.75522,46.0,460.0,163.8566
2025-01-23 15:05:35+00:00,1737644735000.0,0.35621,0.35634,0.35621,0.35634,8983.0,1737644735999.0,3200.46609,93.0,8669.0,3088.59493
2025-01-23 15:05:36+00:00,1737644736000.0,0.35635,0.35643,0.35635,0.35643,1676.0,1737644736999.0,597.34425,68.0,1478.0,526.77309
2025-01-23 15:05:37+00:00,1737644737000.0,0.35643,0.35643,0.35643,0.35643,436.0,1737644737999.0,155.40348,4.0,436.0,155.40348
2025-01-23 15:05:38+00:00,1737644738000.0,0.35643,0.35643,0.35642,0.35643,2091.0,1737644738999.0,745.2932,20.0,1898.0,676.50414
2025-01-23 15:05:39+00:00,1737644739000.0,0.35643,0.3565,0.35643,0.35647,28160.0,1737644739999.0,10038.79642,65.0,1241.0,442.36235
2025-01-23 15:05:40+00:00,1737644740000.0,0.35646,0.35647,0.3564,0.35647,21912.0,1737644740999.0,7810.20015,76.0,1223.0,435.93694
2025-01-23 15:05:41+00:00,1737644741000.0,0.35646,0.35646,0.35641,0.35644,9732.0,1737644741999.0,3468.84624,71.0,8754.0,3120.2454
2025-01-23 15:05:42+00:00,1737644742000.0,0.35643,0.35643,0.35627,0.35627,4250.0,1737644742999.0,1514.45,116.0,1065.0,379.5027
2025-01-23 15:05:43+00:00,1737644743000.0,0.35628,0.35628,0.35623,0.35623,1996.0,1737644743999.0,711.0686,35.0,785.0,279.66298
2025-01-23 15:05:44+00:00,1737644744000.0,0.35623,0.35623,0.35623,0.35623,0.0,1737644744999.0,0.0,0.0,0.0,0.0
2025-01-23 15:05:45+00:00,1737644745000.0,0.35623,0.35624,0.35623,0.35623,7941.0,1737644745999.0,2828.82831,17.0,588.0,209.46912
2025-01-23 15:05:46+00:00,1737644746000.0,0.35623,0.35623,0.35622,0.35622,1613.0,1737644746999.0,574.58534,15.0,1339.0,476.97858
2025-01-23 15:05:47+00:00,1737644747000.0,0.35622,0.35622,0.35621,0.35621,562.0,1737644747999.0,200.19282,10.0,280.0,99.7416
2025-01-23 15:05:48+00:00,1737644748000.0,0.35622,0.35631,0.35622,0.35631,3766.0,1737644748999.0,1341.70226,63.0,3760.0,1339.56446
2025-01-23 15:05:49+00:00,1737644749000.0,0.35631,0.35631,0.35622,0.35622,18965.0,1737644749999.0,6756.8262,72.0,84.0,29.93004
2025-01-23 15:05:50+00:00,1737644750000.0,0.35623,0.35623,0.35623,0.35623,88.0,1737644750999.0,31.34824,7.0,88.0,31.34824
2025-01-23 15:05:51+00:00,1737644751000.0,0.35623,0.35623,0.35621,0.35621,9044.0,1737644751999.0,3221.62357,21.0,5455.0,1943.15025
2025-01-23 15:05:52+00:00,1737644752000.0,0.35621,0.35621,0.35612,0.35617,85076.0,1737644752999.0,30300.52377,111.0,41537.0,14792.86266
2025-01-23 15:05:53+00:00,1737644753000.0,0.35616,0.35617,0.3561,0.35616,4496.0,1737644753999.0,1601.12798,50.0,1649.0,587.29158
2025-01-23 15:05:54+00:00,1737644754000.0,0.35616,0.35626,0.35616,0.35626,11693.0,1737644754999.0,4165.36433,74.0,11693.0,4165.36433
2025-01-23 15:05:55+00:00,1737644755000.0,0.35625,0.35628,0.35625,0.35627,13016.0,1737644755999.0,4637.09473,27.0,12844.0,4575.81943
2025-01-23 15:05:56+00:00,1737644756000.0,0.35624,0.35625,0.35624,0.35625,19623.0,1737644756999.0,6990.56443,11.0,6691.0,2383.66875
2025-01-23 15:05:57+00:00,1737644757000.0,0.35624,0.35628,0.35624,0.35628,10949.0,1737644757999.0,3900.54908,33.0,4131.0,1471.70476
2025-01-23 15:05:58+00:00,1737644758000.0,0.35628,0.35629,0.35628,0.35629,29786.0,1737644758999.0,10612.45388,22.0,29780.0,10610.3162
2025-01-23 15:05:59+00:00,1737644759000.0,0.35628,0.35628,0.35628,0.35628,958.0,1737644759999.0,341.31624,3.0,0.0,0.0
2025-01-23 15:06:00+00:00,1737644760000.0,0.35629,0.3565,0.35629,0.3565,8935.0,1737644760999.0,3184.75414,144.0,1964.0,699.93347
2025-01-23 15:06:01+00:00,1737644761000.0,0.3565,0.35662,0.3565,0.35662,49124.0,1737644761999.0,17512.98285,106.0,17330.0,6178.41703
2025-01-23 15:06:02+00:00,1737644762000.0,0.35663,0.35674,0.35663,0.35671,112526.0,1737644762999.0,40140.76317,107.0,25064.0,8940.79631
2025-01-23 15:06:03+00:00,1737644763000.0,0.35672,0.3568,0.35672,0.3568,13560.0,1737644763999.0,4837.81277,43.0,13560.0,4837.81277
2025-01-23 15:06:04+00:00,1737644764000.0,0.3568,0.3568,0.35671,0.35672,7768.0,1737644764999.0,2771.02853,53.0,176.0,62.78672
2025-01-23 15:06:05+00:00,1737644765000.0,0.35671,0.35671,0.3566,0.3566,2644.0,1737644765999.0,943.00765,81.0,0.0,0.0
2025-01-23 15:06:06+00:00,1737644766000.0,0.35661,0.35664,0.35661,0.35663,944.0,1737644766999.0,336.66097,25.0,327.0,116.62026
2025-01-23 15:06:07+00:00,1737644767000.0,0.35664,0.35668,0.35664,0.35668,6388.0,1737644767999.0,2278.4079,46.0,6385.0,2277.33789
2025-01-23 15:06:08+00:00,1737644768000.0,0.35668,0.35668,0.35654,0.35654,13225.0,1737644768999.0,4715.62823,99.0,71.0,25.32428
2025-01-23 15:06:09+00:00,1737644769000.0,0.35655,0.35655,0.35642,0.35642,16997.0,1737644769999.0,6058.79137,87.0,76.0,27.0978
2025-01-23 15:06:10+00:00,1737644770000.0,0.35641,0.35651,0.3563,0.35651,14507.0,1737644770999.0,5169.99509,152.0,12676.0,4517.514
2025-01-23 15:06:11+00:00,1737644771000.0,0.35652,0.35667,0.35652,0.35667,2890.0,1737644771999.0,1030.46883,106.0,2708.0,965.58037
2025-01-23 15:06:12+00:00,1737644772000.0,0.35667,0.35672,0.35667,0.35672,2040.0,1737644772999.0,727.61298,48.0,2022.0,721.19202
2025-01-23 15:06:13+00:00,1737644773000.0,0.35671,0.35671,0.35668,0.35668,915.0,1737644773999.0,326.37471,24.0,341.0,121.6347
2025-01-23 15:06:14+00:00,1737644774000.0,0.35669,0.35669,0.35656,0.35656,21647.0,1737644774999.0,7719.29188,80.0,1189.0,424.10441
2025-01-23 15:06:15+00:00,1737644775000.0,0.35656,0.35656,0.35642,0.35642,20069.0,1737644775999.0,7153.65797,112.0,13.0,4.63359
2025-01-23 15:06:16+00:00,1737644776000.0,0.35642,0.35642,0.35617,0.35617,13798.0,1737644776999.0,4915.49062,186.0,0.0,0.0
2025-01-23 15:06:17+00:00,1737644777000.0,0.35618,0.35625,0.35618,0.35624,24145.0,1737644777999.0,8600.00627,69.0,24132.0,8595.37515
2025-01-23 15:06:18+00:00,1737644778000.0,0.35623,0.35623,0.35622,0.35622,582.0,1737644778999.0,207.32344,8.0,340.0,121.1182
2025-01-23 15:06:19+00:00,1737644779000.0,0.35623,0.35625,0.35623,0.35623,3345.0,1737644779999.0,1191.60346,25.0,2914.0,1038.06402
2025-01-23 15:06:20+00:00,1737644780000.0,0.35623,0.35623,0.35622,0.35622,26162.0,1737644780999.0,9319.65205,23.0,18.0,6.41214
2025-01-23 15:06:21+00:00,1737644781000.0,0.35623,0.35623,0.35618,0.35618,99953.0,1737644781999.0,35606.06478,60.0,91640.0,32644.915
2025-01-23 15:06:22+00:00,1737644782000.0,0.35617,0.35619,0.35614,0.35619,1388.0,1737644782999.0,494.34046,62.0,673.0,239.69184
2025-01-23 15:06:23+00:00,1737644783000.0,0.35619,0.35629,0.35619,0.35629,78291.0,1737644783999.0,27890.28048,102.0,30935.0,11019.96144
2025-01-23 15:06:24+00:00,1737644784000.0,0.35629,0.35629,0.35623,0.35623,10412.0,1737644784999.0,3709.367,54.0,811.0,288.90253
2025-01-23 15:06:25+00:00,1737644785000.0,0.35622,0.35635,0.35622,0.35635,9959.0,1737644785999.0,3548.69984,102.0,9743.0,3471.75632
2025-01-23 15:06:26+00:00,1737644786000.0,0.35636,0.3564,0.35636,0.35638,658.0,1737644786999.0,234.49874,38.0,612.0,218.10495
2025-01-23 15:06:27+00:00,1737644787000.0,0.35638,0.35641,0.35637,0.35637,9650.0,1737644787999.0,3439.09028,52.0,334.0,119.03993
2025-01-23 15:06:28+00:00,1737644788000.0,0.35637,0.35637,0.35631,0.35634,7027.0,1737644788999.0,2504.0266,66.0,1377.0,490.69162
2025-01-23 15:06:29+00:00,1737644789000.0,0.35634,0.35634,0.3562,0.35621,14145.0,1737644789999.0,5039.29558,88.0,1059.0,377.2327
2025-01-23 15:06:30+00:00,1737644790000.0,0.3562,0.35622,0.35617,0.35622,5276.0,1737644790999.0,1879.24721,55.0,4694.0,1671.94803
2025-01-23 15:06:31+00:00,1737644791000.0,0.35622,0.35622,0.35618,0.35618,3276.0,1737644791999.0,1166.92013,35.0,1403.0,499.76263
2025-01-23 15:06:32+00:00,1737644792000.0,0.35617,0.35618,0.35617,0.35618,3467.0,1737644792999.0,1234.85486,10.0,1347.0,479.77446
2025-01-23 15:06:33+00:00,1737644793000.0,0.35618,0.35618,0.35616,0.35617,9278.0,1737644793999.0,3304.5663,20.0,2546.0,906.83287
2025-01-23 15:06:34+00:00,1737644794000.0,0.35616,0.35616,0.35613,0.35613,8345.0,1737644794999.0,2971.90815,35.0,8160.0,2906.0208
2025-01-23 15:06:35+00:00,1737644795000.0,0.35613,0.35617,0.35613,0.35616,15556.0,1737644795999.0,5540.50956,38.0,556.0,198.01456
2025-01-23 15:06:36+00:00,1737644796000.0,0.35616,0.35616,0.35601,0.35601,158999.0,1737644796999.0,56617.78997,130.0,5188.0,1847.05854
2025-01-23 15:06:37+00:00,1737644797000.0,0.35601,0.35601,0.35584,0.35584,71936.0,1737644797999.0,25605.66674,145.0,2562.0,911.95023
2025-01-23 15:06:38+00:00,1737644798000.0,0.35584,0.35597,0.35583,0.35597,30765.0,1737644798999.0,10948.80963,107.0,30427.0,10828.49429
2025-01-23 15:06:39+00:00,1737644799000.0,0.35597,0.35603,0.35597,0.35603,24422.0,1737644799999.0,8694.92567,77.0,1326.0,472.06461
2025-01-23 15:06:40+00:00,1737644800000.0,0.35603,0.35605,0.35598,0.35598,107782.0,1737644800999.0,38370.81704,82.0,4357.0,1551.30796
2025-01-23 15:06:41+00:00,1737644801000.0,0.35598,0.35598,0.35588,0.35592,66258.0,1737644801999.0,23581.33357,120.0,43062.0,15325.12487
2025-01-23 15:06:42+00:00,1737644802000.0,0.35593,0.35602,0.35593,0.35602,15496.0,1737644802999.0,5516.68901,77.0,1371.0,488.04776
2025-01-23 15:06:43+00:00,1737644803000.0,0.35602,0.35611,0.35602,0.35611,12767.0,1737644803999.0,4546.1501,79.0,5535.0,1970.8349
2025-01-23 15:06:44+00:00,1737644804000.0,0.35611,0.35612,0.35611,0.35612,563.0,1737644804999.0,200.49511,12.0,563.0,200.49511
2025-01-23 15:06:45+00:00,1737644805000.0,0.35612,0.35617,0.35608,0.35608,81781.0,1737644805999.0,29124.52068,95.0,47545.0,16931.90361
2025-01-23 15:06:46+00:00,1737644806000.0,0.35608,0.35609,0.35603,0.35607,61865.0,1737644806999.0,22027.74844,77.0,925.0,329.38089
2025-01-23 15:06:47+00:00,1737644807000.0,0.35608,0.35615,0.35608,0.35615,4553.0,1737644807999.0,1621.34556,52.0,1278.0,455.0974
2025-01-23 15:06:48+00:00,1737644808000.0,0.35616,0.35635,0.35616,0.35635,17157.0,1737644808999.0,6111.03148,98.0,17026.0,6064.36033
2025-01-23 15:06:49+00:00,1737644809000.0,0.35635,0.35635,0.35623,0.35626,34177.0,1737644809999.0,12177.22486,89.0,3348.0,1192.93197
2025-01-23 15:06:50+00:00,1737644810000.0,0.35625,0.35636,0.35625,0.35636,2717.0,1737644810999.0,968.1933,40.0,2703.0,963.2058
2025-01-23 15:06:51+00:00,1737644811000.0,0.35635,0.35644,0.35635,0.35643,30030.0,1737644811999.0,10703.12563,51.0,22531.0,8030.41185
2025-01-23 15:06:52+00:00,1737644812000.0,0.35642,0.35642,0.35629,0.35629,2695.0,1737644812999.0,960.29982,84.0,325.0,115.817
2025-01-23 15:06:53+00:00,1737644813000.0,0.35629,0.3564,0.35627,0.35637,122008.0,1737644813999.0,43477.11184,95.0,83127.0,29620.38965
2025-01-23 15:06:54+00:00,1737644814000.0,0.35636,0.35636,0.3563,0.3563,7128.0,1737644814999.0,2540.03817,52.0,5807.0,2069.32355
2025-01-23 15:06:55+00:00,1737644815000.0,0.35629,0.35629,0.35613,0.35613,18307.0,1737644815999.0,6520.19701,114.0,917.0,326.69882
2025-01-23 15:06:56+00:00,1737644816000.0,0.35613,0.35614,0.35607,0.35607,6626.0,1737644816999.0,2359.68312,60.0,241.0,85.82974
2025-01-23 15:06:57+00:00,1737644817000.0,0.35606,0.35606,0.356,0.35601,1450.0,1737644817999.0,516.22377,43.0,308.0,109.65388
2025-01-23 15:06:58+00:00,1737644818000.0,0.356,0.356,0.35592,0.35593,64460.0,1737644818999.0,22945.28046,77.0,3.0,1.06779
2025-01-23 15:06:59+00:00,1737644819000.0,0.35592,0.356,0.35592,0.356,13429.0,1737644819999.0,4780.19052,53.0,4838.0,1722.0764
2025-01-23 15:07:00+00:00,1737644820000.0,0.356,0.356,0.35594,0.35594,215.0,1737644820999.0,76.53173,45.0,0.0,0.0
2025-01-23 15:07:01+00:00,1737644821000.0,0.35594,0.35606,0.35593,0.35606,22261.0,1737644821999.0,7924.88813,52.0,19571.0,6967.43643
2025-01-23 15:07:02+00:00,1737644822000.0,0.35607,0.35622,0.35607,0.35615,47425.0,1737644822999.0,16890.84922,86.0,18557.0,6608.78674
2025-01-23 15:07:03+00:00,1737644823000.0,0.35614,0.35614,0.35609,0.3561,1415.0,1737644823999.0,503.89301,40.0,402.0,143.1522
2025-01-23 15:07:04+00:00,1737644824000.0,0.35609,0.35609,0.35595,0.35595,6586.0,1737644824999.0,2344.94764,115.0,9.0,3.20355
2025-01-23 15:07:05+00:00,1737644825000.0,0.35595,0.35595,0.3559,0.35595,56659.0,1737644825999.0,20166.33525,89.0,47002.0,16729.23778
2025-01-23 15:07:06+00:00,1737644826000.0,0.35596,0.35612,0.35596,0.35612,19347.0,1737644826999.0,6888.64541,112.0,17836.0,6350.59342
2025-01-23 15:07:07+00:00,1737644827000.0,0.35611,0.35623,0.35611,0.3562,106170.0,1737644827999.0,37813.75404,90.0,100342.0,35737.86507
2025-01-23 15:07:08+00:00,1737644828000.0,0.35619,0.35619,0.35584,0.35584,159211.0,1737644828999.0,56672.60972,247.0,41011.0,14598.61489
2025-01-23 15:07:09+00:00,1737644829000.0,0.35583,0.35584,0.35577,0.35581,70341.0,1737644829999.0,25026.11153,95.0,67046.0,23853.7521
2025-01-23 15:07:10+00:00,1737644830000.0,0.35581,0.35593,0.35581,0.35593,7758.0,1737644830999.0,2760.81825,112.0,7737.0,2753.34407
2025-01-23 15:07:11+00:00,1737644831000.0,0.35593,0.35602,0.35593,0.35602,68287.0,1737644831999.0,24308.49566,82.0,67751.0,24117.66894
2025-01-23 15:07:12+00:00,1737644832000.0,0.35602,0.35602,0.35593,0.35593,8265.0,1737644832999.0,2942.45543,22.0,0.0,0.0
2025-01-23 15:07:13+00:00,1737644833000.0,0.35594,0.35594,0.35593,0.35593,5091.0,1737644833999.0,1812.04013,11.0,50.0,17.797
2025-01-23 15:07:14+00:00,1737644834000.0,0.35592,0.35592,0.35581,0.35581,14770.0,1737644834999.0,5256.22374,52.0,5944.0,2114.99408
2025-01-23 15:07:15+00:00,1737644835000.0,0.35581,0.3559,0.35581,0.3559,96615.0,1737644835999.0,34377.60195,100.0,96487.0,34332.05727
2025-01-23 15:07:16+00:00,1737644836000.0,0.35589,0.35596,0.35587,0.35596,23642.0,1737644836999.0,8413.97258,74.0,5831.0,2075.31203
2025-01-23 15:07:17+00:00,1737644837000.0,0.35596,0.356,0.35583,0.35584,48495.0,1737644837999.0,17259.93841,111.0,1057.0,376.19251
2025-01-23 15:07:18+00:00,1737644838000.0,0.35584,0.35592,0.35583,0.35592,22907.0,1737644838999.0,8151.84811,66.0,22865.0,8136.90325
2025-01-23 15:07:19+00:00,1737644839000.0,0.35591,0.35591,0.35576,0.35576,77992.0,1737644839999.0,27753.24698,69.0,1718.0,611.26491
2025-01-23 15:07:20+00:00,1737644840000.0,0.35576,0.35577,0.35576,0.35576,3751.0,1737644840999.0,1334.45586,22.0,2524.0,897.93834
2025-01-23 15:07:21+00:00,1737644841000.0,0.35575,0.35575,0.35566,0.35566,15319.0,1737644841999.0,5449.10519,60.0,46.0,16.36036
2025-01-23 15:07:22+00:00,1737644842000.0,0.35566,0.35571,0.35566,0.35571,8159.0,1737644842999.0,2901.9308,42.0,2538.0,902.76538
2025-01-23 15:07:23+00:00,1737644843000.0,0.35571,0.35571,0.35565,0.3557,65123.0,1737644843999.0,23163.25048,67.0,5463.0,1942.99481
2025-01-23 15:07:24+00:00,1737644844000.0,0.3557,0.35576,0.35564,0.35564,77617.0,1737644844999.0,27608.08066,134.0,3897.0,1386.07983
2025-01-23 15:07:25+00:00,1737644845000.0,0.35564,0.35564,0.35555,0.35556,14689.0,1737644845999.0,5223.21522,64.0,5015.0,1783.51228
2025-01-23 15:07:26+00:00,1737644846000.0,0.35556,0.35556,0.35555,0.35555,3997.0,1737644846999.0,1421.16259,12.0,3948.0,1403.74064
2025-01-23 15:07:27+00:00,1737644847000.0,0.35555,0.35578,0.35555,0.35578,28801.0,1737644847999.0,10244.87525,166.0,20995.0,7467.87657
2025-01-23 15:07:28+00:00,1737644848000.0,0.35578,0.35582,0.35578,0.3558,15356.0,1737644848999.0,5463.63362,51.0,2000.0,711.5824
2025-01-23 15:07:29+00:00,1737644849000.0,0.35579,0.35585,0.35568,0.35568,77061.0,1737644849999.0,27416.34781,165.0,10656.0,3791.65616
2025-01-23 15:07:30+00:00,1737644850000.0,0.35567,0.35582,0.35565,0.35575,97674.0,1737644850999.0,34740.13549,168.0,86932.0,30919.53226
2025-01-23 15:07:31+00:00,1737644851000.0,0.35574,0.35574,0.35568,0.35568,5659.0,1737644851999.0,2013.11886,46.0,0.0,0.0
2025-01-23 15:07:32+00:00,1737644852000.0,0.35568,0.35572,0.35553,0.35553,16025.0,1737644852999.0,5699.51797,138.0,9833.0,3497.43425
2025-01-23 15:07:33+00:00,1737644853000.0,0.35553,0.35553,0.35552,0.35552,7204.0,1737644853999.0,2561.16626,24.0,2128.0,756.54656
2025-01-23 15:07:34+00:00,1737644854000.0,0.35551,0.35553,0.3555,0.35553,6903.0,1737644854999.0,2454.0671,39.0,1883.0,669.45692
2025-01-23 15:07:35+00:00,1737644855000.0,0.35553,0.35553,0.3555,0.3555,38869.0,1737644855999.0,13819.09365,42.0,28.0,9.954
2025-01-23 15:07:36+00:00,1737644856000.0,0.3555,0.3556,0.3555,0.3556,5056.0,1737644856999.0,1797.53054,48.0,5056.0,1797.53054
2025-01-23 15:07:37+00:00,1737644857000.0,0.35561,0.35569,0.35561,0.35569,14925.0,1737644857999.0,5308.02324,47.0,3257.0,1158.41572
2025-01-23 15:07:38+00:00,1737644858000.0,0.35569,0.35578,0.35569,0.35573,114245.0,1737644858999.0,40639.96315,104.0,67305.0,23939.81645
2025-01-23 15:07:39+00:00,1737644859000.0,0.35572,0.35572,0.35566,0.35566,7545.0,1737644859999.0,2683.79886,46.0,430.0,152.9596
2025-01-23 15:07:40+00:00,1737644860000.0,0.35567,0.35578,0.35567,0.35578,8638.0,1737644860999.0,3072.65897,47.0,7596.0,2702.04041
2025-01-23 15:07:41+00:00,1737644861000.0,0.35579,0.35584,0.35575,0.35582,23751.0,1737644861999.0,8449.60377,104.0,1013.0,360.43429
2025-01-23 15:07:42+00:00,1737644862000.0,0.35582,0.35583,0.35556,0.35564,211681.0,1737644862999.0,75286.0945,170.0,53307.0,18957.69633
2025-01-23 15:07:43+00:00,1737644863000.0,0.35563,0.35563,0.35553,0.35553,90929.0,1737644863999.0,32329.90251,128.0,597.0,212.2573
2025-01-23 15:07:44+00:00,1737644864000.0,0.35552,0.35552,0.35517,0.35517,134459.0,1737644864999.0,47768.60881,422.0,82274.0,29224.11186
2025-01-23 15:07:45+00:00,1737644865000.0,0.35516,0.35516,0.3548,0.35484,233369.0,1737644865999.0,82837.75233,288.0,2903.0,1030.70463
2025-01-23 15:07:46+00:00,1737644866000.0,0.35484,0.35487,0.35458,0.35458,171981.0,1737644866999.0,61010.45413,281.0,7340.0,2604.64641
2025-01-23 15:07:47+00:00,1737644867000.0,0.35464,0.35472,0.35452,0.35457,45184.0,1737644867999.0,16021.4999,65.0,5795.0,2055.22361
2025-01-23 15:07:48+00:00,1737644868000.0,0.35455,0.35455,0.35444,0.35446,150256.0,1737644868999.0,53267.05583,146.0,62119.0,22021.5965
2025-01-23 15:07:49+00:00,1737644869000.0,0.35446,0.35458,0.35445,0.35448,223312.0,1737644869999.0,79165.13343,201.0,47430.0,16813.14962
2025-01-23 15:07:50+00:00,1737644870000.0,0.35447,0.35459,0.35444,0.35448,253116.0,1737644870999.0,89729.14298,201.0,89193.0,31619.62465
2025-01-23 15:07:51+00:00,1737644871000.0,0.35448,0.35454,0.35437,0.35437,247230.0,1737644871999.0,87638.50135,293.0,85892.0,30447.50154
2025-01-23 15:07:52+00:00,1737644872000.0,0.35437,0.35445,0.35437,0.35439,65187.0,1737644872999.0,23102.49743,132.0,44921.0,15919.42841
2025-01-23 15:07:53+00:00,1737644873000.0,0.35439,0.35439,0.35376,0.35376,1335093.0,1737644873999.0,472544.71823,842.0,36463.0,12910.99407
2025-01-23 15:07:54+00:00,1737644874000.0,0.35376,0.35377,0.35339,0.35341,363840.0,1737644874999.0,128644.68365,388.0,10115.0,3575.41128
2025-01-23 15:07:55+00:00,1737644875000.0,0.3534,0.35351,0.35334,0.35335,283628.0,1737644875999.0,100241.69192,228.0,142002.0,50188.89116
2025-01-23 15:07:56+00:00,1737644876000.0,0.35334,0.35348,0.353,0.35341,810625.0,1737644876999.0,286316.20556,1014.0,383710.0,135539.23091
2025-01-23 15:07:57+00:00,1737644877000.0,0.35341,0.35341,0.35285,0.35285,546179.0,1737644877999.0,192862.79216,485.0,116170.0,41025.97778
2025-01-23 15:07:58+00:00,1737644878000.0,0.35284,0.35287,0.35266,0.35277,161745.0,1737644878999.0,57057.6016,237.0,19643.0,6930.71759
2025-01-23 15:07:59+00:00,1737644879000.0,0.35278,0.35292,0.35262,0.35292,175377.0,1737644879999.0,61861.48633,177.0,117811.0,41557.08035
2025-01-23 15:08:00+00:00,1737644880000.0,0.35292,0.35304,0.35267,0.35271,314422.0,1737644880999.0,110966.77042,237.0,145759.0,51445.01862
2025-01-23 15:08:01+00:00,1737644881000.0,0.35266,0.35266,0.35239,0.35244,172080.0,1737644881999.0,60660.18267,320.0,2176.0,767.09666
2025-01-23 15:08:02+00:00,1737644882000.0,0.35245,0.35245,0.35227,0.35237,54642.0,1737644882999.0,19253.66544,236.0,28974.0,10209.00807
2025-01-23 15:08:03+00:00,1737644883000.0,0.35237,0.3524,0.35196,0.35196,345049.0,1737644883999.0,121512.36076,451.0,59061.0,20809.70632
2025-01-23 15:08:04+00:00,1737644884000.0,0.35199,0.35209,0.35155,0.35169,850144.0,1737644884999.0,299009.90223,639.0,34477.0,12136.08751
2025-01-23 15:08:05+00:00,1737644885000.0,0.35169,0.35171,0.35136,0.35157,594843.0,1737644885999.0,209042.24291,378.0,41483.0,14587.77831
2025-01-23 15:08:06+00:00,1737644886000.0,0.35155,0.35207,0.35155,0.35189,763924.0,1737644886999.0,268695.57932,192.0,681875.0,239836.99502
2025-01-23 15:08:07+00:00,1737644887000.0,0.35189,0.3523,0.35189,0.3523,372242.0,1737644887999.0,131057.76535,107.0,359183.0,126460.99148
2025-01-23 15:08:08+00:00,1737644888000.0,0.3522,0.35266,0.35214,0.35221,315802.0,1737644888999.0,111278.76379,160.0,119389.0,42088.80901
2025-01-23 15:08:09+00:00,1737644889000.0,0.35239,0.353,0.35239,0.353,167829.0,1737644889999.0,59212.29717,127.0,149896.0,52887.22619
2025-01-23 15:08:10+00:00,1737644890000.0,0.35285,0.35325,0.35285,0.35301,266240.0,1737644890999.0,93973.92342,129.0,207605.0,73278.1654
2025-01-23 15:08:11+00:00,1737644891000.0,0.35308,0.35342,0.35301,0.35322,29771.0,1737644891999.0,10516.35692,76.0,28617.0,10108.8635
2025-01-23 15:08:12+00:00,1737644892000.0,0.35324,0.3534,0.35318,0.35319,74714.0,1737644892999.0,26392.87084,108.0,41366.0,14613.63804
2025-01-23 15:08:13+00:00,1737644893000.0,0.35319,0.35323,0.35277,0.35286,352852.0,1737644893999.0,124534.02071,166.0,72071.0,25445.55746
2025-01-23 15:08:14+00:00,1737644894000.0,0.35277,0.35287,0.35264,0.35277,206169.0,1737644894999.0,72720.97582,116.0,69520.0,24527.85216
2025-01-23 15:08:15+00:00,1737644895000.0,0.35276,0.35276,0.35231,0.35231,112121.0,1737644895999.0,39527.18366,147.0,3939.0,1389.31369
2025-01-23 15:08:16+00:00,1737644896000.0,0.35231,0.35247,0.35217,0.35247,219781.0,1737644896999.0,77430.94671,185.0,88230.0,31086.40659
2025-01-23 15:08:17+00:00,1737644897000.0,0.35248,0.35291,0.35248,0.35291,130989.0,1737644897999.0,46203.87737,146.0,128590.0,45357.71649
2025-01-23 15:08:18+00:00,1737644898000.0,0.35283,0.35304,0.35283,0.35304,108704.0,1737644898999.0,38367.01808,106.0,63219.0,22312.16153
2025-01-23 15:08:19+00:00,1737644899000.0,0.35303,0.35306,0.3526,0.35291,310374.0,1737644899999.0,109530.10074,175.0,44861.0,15831.07826
2025-01-23 15:08:20+00:00,1737644900000.0,0.35292,0.35318,0.35263,0.35289,455341.0,1737644900999.0,160682.77328,230.0,129664.0,45779.70438
2025-01-23 15:08:21+00:00,1737644901000.0,0.35288,0.35288,0.35237,0.35237,315581.0,1737644901999.0,111289.41555,144.0,4152.0,1464.90523
2025-01-23 15:08:22+00:00,1737644902000.0,0.35256,0.35299,0.35252,0.35275,373769.0,1737644902999.0,131843.33675,209.0,303495.0,107060.23627
2025-01-23 15:08:23+00:00,1737644903000.0,0.35297,0.353,0.35259,0.35263,189968.0,1737644903999.0,67023.3437,106.0,98305.0,34693.11388
2025-01-23 15:08:24+00:00,1737644904000.0,0.35262,0.35262,0.35231,0.35257,155378.0,1737644904999.0,54758.03468,189.0,91857.0,32373.517
2025-01-23 15:08:25+00:00,1737644905000.0,0.35258,0.35258,0.35215,0.35233,167996.0,1737644905999.0,59188.74135,132.0,62323.0,21952.46207
2025-01-23 15:08:26+00:00,1737644906000.0,0.35234,0.3524,0.35202,0.35202,386581.0,1737644906999.0,136180.76747,295.0,63822.0,22486.75943
2025-01-23 15:08:27+00:00,1737644907000.0,0.35201,0.3521,0.35163,0.35163,117032.0,1737644907999.0,41184.38439,115.0,123.0,43.27218
2025-01-23 15:08:28+00:00,1737644908000.0,0.35171,0.35232,0.35162,0.35232,965623.0,1737644908999.0,340055.03243,304.0,962815.0,339066.95728
2025-01-23 15:08:29+00:00,1737644909000.0,0.35232,0.35232,0.35222,0.35229,179658.0,1737644909999.0,63293.17987,56.0,114168.0,40223.61003
2025-01-23 15:08:30+00:00,1737644910000.0,0.35229,0.35232,0.35205,0.35219,148391.0,1737644910999.0,52262.00765,72.0,14570.0,5133.04205
2025-01-23 15:08:31+00:00,1737644911000.0,0.35216,0.35256,0.35205,0.35242,153705.0,1737644911999.0,54142.45322,131.0,103124.0,36325.88391
2025-01-23 15:08:32+00:00,1737644912000.0,0.35246,0.35246,0.35207,0.35211,206933.0,1737644912999.0,72903.78303,105.0,2666.0,939.49438
2025-01-23 15:08:33+00:00,1737644913000.0,0.35211,0.35226,0.35194,0.35226,141329.0,1737644913999.0,49759.82789,130.0,111223.0,39159.90879
2025-01-23 15:08:34+00:00,1737644914000.0,0.35226,0.35226,0.35203,0.35213,119015.0,1737644914999.0,41913.72644,62.0,58597.0,20637.62067
2025-01-23 15:08:35+00:00,1737644915000.0,0.35212,0.35246,0.35212,0.35215,231499.0,1737644915999.0,81557.94458,244.0,76923.0,27099.23153
2025-01-23 15:08:36+00:00,1737644916000.0,0.35223,0.35241,0.35205,0.35238,139011.0,1737644916999.0,48964.4365,143.0,103849.0,36580.6289
2025-01-23 15:08:37+00:00,1737644917000.0,0.3524,0.35256,0.35221,0.35254,305710.0,1737644917999.0,107734.12921,186.0,126048.0,44423.56124
2025-01-23 15:08:38+00:00,1737644918000.0,0.35257,0.35312,0.35257,0.35312,198331.0,1737644918999.0,69968.63887,314.0,157744.0,55655.86804
2025-01-23 15:08:39+00:00,1737644919000.0,0.353,0.35317,0.35273,0.3531,403357.0,1737644919999.0,142369.89445,241.0,240768.0,84990.53989
2025-01-23 15:08:40+00:00,1737644920000.0,0.35314,0.35314,0.35282,0.35286,305612.0,1737644920999.0,107877.93558,168.0,104958.0,37051.35716
2025-01-23 15:08:41+00:00,1737644921000.0,0.35286,0.35297,0.35262,0.35286,130753.0,1737644921999.0,46123.92077,133.0,43330.0,15286.31847
2025-01-23 15:08:42+00:00,1737644922000.0,0.35286,0.35321,0.35283,0.35321,246000.0,1737644922999.0,86856.22748,192.0,152318.0,53786.45685
2025-01-23 15:08:43+00:00,1737644923000.0,0.35322,0.35344,0.35315,0.35315,81895.0,1737644923999.0,28930.58615,149.0,18901.0,6678.59153
2025-01-23 15:08:44+00:00,1737644924000.0,0.35314,0.35356,0.35306,0.35343,177015.0,1737644924999.0,62548.38571,196.0,132289.0,46747.92935
2025-01-23 15:08:45+00:00,1737644925000.0,0.35348,0.35348,0.35318,0.35338,156875.0,1737644925999.0,55432.23211,119.0,67431.0,23830.18128
2025-01-23 15:08:46+00:00,1737644926000.0,0.35335,0.35341,0.35305,0.35322,144152.0,1737644926999.0,50919.20953,177.0,59473.0,21010.54084
2025-01-23 15:08:47+00:00,1737644927000.0,0.35322,0.3533,0.35299,0.35321,150269.0,1737644927999.0,53072.62863,196.0,97591.0,34469.24642
2025-01-23 15:08:48+00:00,1737644928000.0,0.35323,0.35332,0.35313,0.35313,139000.0,1737644928999.0,49099.50141,163.0,16492.0,5825.08472
2025-01-23 15:08:49+00:00,1737644929000.0,0.35313,0.35313,0.35295,0.35307,157693.0,1737644929999.0,55671.25949,231.0,59886.0,21142.02696
2025-01-23 15:08:50+00:00,1737644930000.0,0.35308,0.35309,0.35298,0.35309,231379.0,1737644930999.0,81688.259,370.0,155439.0,54878.6406
2025-01-23 15:08:51+00:00,1737644931000.0,0.3531,0.35318,0.35305,0.35314,107399.0,1737644931999.0,37923.64,222.0,17213.0,6077.83274
2025-01-23 15:08:52+00:00,1737644932000.0,0.35313,0.35313,0.35301,0.35301,107423.0,1737644932999.0,37927.24392,160.0,32294.0,11401.14768
2025-01-23 15:08:53+00:00,1737644933000.0,0.353,0.353,0.35279,0.35281,1429543.0,1737644933999.0,504485.95941,206.0,2461.0,868.38019
2025-01-23 15:08:54+00:00,1737644934000.0,0.35281,0.35284,0.35261,0.35261,32558.0,1737644934999.0,11484.19037,136.0,24352.0,8589.89677
2025-01-23 15:08:55+00:00,1737644935000.0,0.35263,0.35278,0.35261,0.35278,45617.0,1737644935999.0,16090.52771,168.0,36591.0,12906.96148
2025-01-23 15:08:56+00:00,1737644936000.0,0.35278,0.35281,0.3525,0.3526,117487.0,1737644936999.0,41434.53061,216.0,41092.0,14490.44975
2025-01-23 15:08:57+00:00,1737644937000.0,0.3526,0.35271,0.35255,0.35256,59762.0,1737644937999.0,21071.4722,133.0,16367.0,5771.04704
2025-01-23 15:08:58+00:00,1737644938000.0,0.35257,0.35257,0.35236,0.3524,87610.0,1737644938999.0,30878.40395,200.0,44393.0,15645.46193
2025-01-23 15:08:59+00:00,1737644939000.0,0.3524,0.3524,0.3522,0.35225,84566.0,1737644939999.0,29790.25741,268.0,50227.0,17693.52938
2025-01-23 15:09:00+00:00,1737644940000.0,0.35225,0.35233,0.35206,0.3523,109374.0,1737644940999.0,38521.26515,205.0,53426.0,18818.39855
2025-01-23 15:09:01+00:00,1737644941000.0,0.35229,0.35229,0.35186,0.35186,131817.0,1737644941999.0,46416.90165,337.0,47294.0,16656.37059
2025-01-23 15:09:02+00:00,1737644942000.0,0.35185,0.35204,0.35156,0.35182,641998.0,1737644942999.0,225884.76429,601.0,350593.0,123358.54436
2025-01-23 15:09:03+00:00,1737644943000.0,0.35182,0.35221,0.35179,0.35209,320445.0,1737644943999.0,112786.54839,318.0,190873.0,67173.75329
2025-01-23 15:09:04+00:00,1737644944000.0,0.3521,0.35214,0.35181,0.35181,142651.0,1737644944999.0,50218.33248,263.0,34207.0,12043.87582
2025-01-23 15:09:05+00:00,1737644945000.0,0.35184,0.35191,0.35165,0.35186,93049.0,1737644945999.0,32734.65627,211.0,45824.0,16119.90969
2025-01-23 15:09:06+00:00,1737644946000.0,0.35186,0.35186,0.35131,0.35132,110165.0,1737644946999.0,38734.8305,490.0,38674.0,13597.1386
2025-01-23 15:09:07+00:00,1737644947000.0,0.35132,0.35136,0.35114,0.35131,164582.0,1737644947999.0,57814.52306,450.0,60793.0,21357.20812
2025-01-23 15:09:08+00:00,1737644948000.0,0.3513,0.3513,0.35086,0.35112,523964.0,1737644948999.0,183931.72752,1115.0,57132.0,20053.81241
2025-01-23 15:09:09+00:00,1737644949000.0,0.35112,0.35142,0.35103,0.35142,320106.0,1737644949999.0,112424.6341,434.0,252364.0,88633.67839
2025-01-23 15:09:10+00:00,1737644950000.0,0.35142,0.35142,0.35117,0.35138,202077.0,1737644950999.0,70997.83459,373.0,108019.0,37951.78695
2025-01-23 15:09:11+00:00,1737644951000.0,0.35138,0.3516,0.35138,0.35159,70581.0,1737644951999.0,24811.42047,277.0,27931.0,9817.71569
2025-01-23 15:09:12+00:00,1737644952000.0,0.3516,0.35163,0.35148,0.35149,119870.0,1737644952999.0,42140.7565,214.0,36326.0,12770.39181
2025-01-23 15:09:13+00:00,1737644953000.0,0.35148,0.35198,0.35148,0.35192,145310.0,1737644953999.0,51114.73484,286.0,95572.0,33616.50314
2025-01-23 15:09:14+00:00,1737644954000.0,0.35195,0.3523,0.35188,0.3523,125991.0,1737644954999.0,44361.52121,217.0,63782.0,22459.52521
2025-01-23 15:09:15+00:00,1737644955000.0,0.35231,0.3524,0.35215,0.35236,196909.0,1737644955999.0,69369.36589,277.0,60523.0,21322.45667
2025-01-23 15:09:16+00:00,1737644956000.0,0.35237,0.35252,0.35231,0.35252,164868.0,1737644956999.0,58097.06759,190.0,57719.0,20340.70197
2025-01-23 15:09:17+00:00,1737644957000.0,0.35253,0.35272,0.35252,0.35272,55690.0,1737644957999.0,19637.82196,187.0,46805.0,16505.15662
2025-01-23 15:09:18+00:00,1737644958000.0,0.35273,0.35288,0.35241,0.35251,274918.0,1737644958999.0,96938.27793,355.0,27033.0,9534.96183
2025-01-23 15:09:19+00:00,1737644959000.0,0.35248,0.35258,0.35227,0.35228,62583.0,1737644959999.0,22058.96639,182.0,30140.0,10624.55945
2025-01-23 15:09:20+00:00,1737644960000.0,0.35227,0.35245,0.35208,0.35215,241917.0,1737644960999.0,85228.17293,346.0,165988.0,58478.6006
2025-01-23 15:09:21+00:00,1737644961000.0,0.35215,0.35222,0.35203,0.35204,57534.0,1737644961999.0,20260.52705,196.0,28734.0,10118.85166
2025-01-23 15:09:22+00:00,1737644962000.0,0.35204,0.35204,0.35171,0.35182,398299.0,1737644962999.0,140132.43149,346.0,73044.0,25700.01098
2025-01-23 15:09:23+00:00,1737644963000.0,0.35182,0.35194,0.35173,0.35173,117311.0,1737644963999.0,41282.00525,274.0,64779.0,22796.28498
2025-01-23 15:09:24+00:00,1737644964000.0,0.35172,0.35172,0.35152,0.35167,119613.0,1737644964999.0,42057.95198,360.0,53547.0,18827.36295
2025-01-23 15:09:25+00:00,1737644965000.0,0.35166,0.35166,0.35147,0.35153,143875.0,1737644965999.0,50578.20264,283.0,58349.0,20510.96954
2025-01-23 15:09:26+00:00,1737644966000.0,0.35153,0.35159,0.35128,0.35128,173674.0,1737644966999.0,61045.68219,316.0,31465.0,11060.72223
2025-01-23 15:09:27+00:00,1737644967000.0,0.35129,0.35147,0.35129,0.35147,46534.0,1737644967999.0,16351.48571,180.0,36687.0,12891.10437
2025-01-23 15:09:28+00:00,1737644968000.0,0.35147,0.35147,0.35135,0.35141,46502.0,1737644968999.0,16342.67455,127.0,7121.0,2502.34563
2025-01-23 15:09:29+00:00,1737644969000.0,0.35142,0.3517,0.35142,0.35166,54124.0,1737644969999.0,19029.57419,84.0,48706.0,17124.10238
2025-01-23 15:09:30+00:00,1737644970000.0,0.35166,0.35177,0.35142,0.35142,83289.0,1737644970999.0,29294.27534,275.0,20529.0,7220.84332
2025-01-23 15:09:31+00:00,1737644971000.0,0.35143,0.35148,0.35135,0.35137,109674.0,1737644971999.0,38542.66724,175.0,42735.0,15018.71091
2025-01-23 15:09:32+00:00,1737644972000.0,0.35137,0.35147,0.35128,0.35137,27411.0,1737644972999.0,9630.96826,238.0,16696.0,5866.80329
2025-01-23 15:09:33+00:00,1737644973000.0,0.35138,0.35146,0.35128,0.35146,88740.0,1737644973999.0,31181.59756,169.0,67576.0,23746.71353
2025-01-23 15:09:34+00:00,1737644974000.0,0.35147,0.3515,0.351,0.35102,129788.0,1737644974999.0,45601.29501,428.0,55163.0,19383.39034
2025-01-23 15:09:35+00:00,1737644975000.0,0.35102,0.35102,0.35069,0.35069,62776.0,1737644975999.0,22025.42523,542.0,17630.0,6184.79417
2025-01-23 15:09:36+00:00,1737644976000.0,0.35068,0.35085,0.35066,0.35085,149600.0,1737644976999.0,52474.24033,274.0,111025.0,38942.41267
2025-01-23 15:09:37+00:00,1737644977000.0,0.35084,0.35087,0.35072,0.35079,122577.0,1737644977999.0,43000.22902,235.0,61914.0,21719.49774
2025-01-23 15:09:38+00:00,1737644978000.0,0.35079,0.35118,0.35078,0.35118,92428.0,1737644978999.0,32432.39071,154.0,72705.0,25512.14701
2025-01-23 15:09:39+00:00,1737644979000.0,0.35118,0.35152,0.35118,0.35147,150336.0,1737644979999.0,52816.76253,215.0,98676.0,34667.07762
2025-01-23 15:09:40+00:00,1737644980000.0,0.35147,0.35165,0.3514,0.35149,169282.0,1737644980999.0,59508.74025,400.0,86612.0,30447.76784
2025-01-23 15:09:41+00:00,1737644981000.0,0.3515,0.35174,0.3515,0.35167,52962.0,1737644981999.0,18624.06544,153.0,25575.0,8991.80428
2025-01-23 15:09:42+00:00,1737644982000.0,0.35166,0.35167,0.35137,0.35137,137445.0,1737644982999.0,48319.04304,289.0,42396.0,14903.2058
2025-01-23 15:09:43+00:00,1737644983000.0,0.35137,0.35137,0.3509,0.35107,211611.0,1737644983999.0,74296.45222,350.0,61897.0,21734.70946
2025-01-23 15:09:44+00:00,1737644984000.0,0.35108,0.35118,0.35095,0.35107,44708.0,1737644984999.0,15696.74106,284.0,19109.0,6708.36641
2025-01-23 15:09:45+00:00,1737644985000.0,0.35107,0.35108,0.351,0.351,23294.0,1737644985999.0,8176.92216,87.0,12970.0,4552.53904
2025-01-23 15:09:46+00:00,1737644986000.0,0.351,0.35111,0.35093,0.35111,62407.0,1737644986999.0,21905.08612,211.0,35824.0,12573.84963
2025-01-23 15:09:47+00:00,1737644987000.0,0.35111,0.35129,0.35109,0.35129,103497.0,1737644987999.0,36342.52304,189.0,40353.0,14169.89054
2025-01-23 15:09:48+00:00,1737644988000.0,0.35129,0.35135,0.35104,0.35104,45638.0,1737644988999.0,16031.99324,245.0,704.0,247.31075
2025-01-23 15:09:49+00:00,1737644989000.0,0.35103,0.35107,0.35095,0.35107,73538.0,1737644989999.0,25811.48157,91.0,25063.0,8797.16878
2025-01-23 15:09:50+00:00,1737644990000.0,0.35107,0.35107,0.3509,0.3509,573881.0,1737644990999.0,201397.6592,196.0,50711.0,17795.61969
2025-01-23 15:09:51+00:00,1737644991000.0,0.3509,0.3509,0.35077,0.35089,74406.0,1737644991999.0,26103.32927,205.0,61028.0,21409.71662
2025-01-23 15:09:52+00:00,1737644992000.0,0.35089,0.35116,0.35089,0.35115,54789.0,1737644992999.0,19232.95154,295.0,37115.0,13026.82644
2025-01-23 15:09:53+00:00,1737644993000.0,0.35116,0.35128,0.35116,0.35126,9140.0,1737644993999.0,3210.36195,111.0,7993.0,2807.51309
2025-01-23 15:09:54+00:00,1737644994000.0,0.35125,0.35137,0.35125,0.35136,12000.0,1737644994999.0,4215.99665,94.0,6738.0,2367.25783
2025-01-23 15:09:55+00:00,1737644995000.0,0.35135,0.35138,0.35094,0.35107,346293.0,1737644995999.0,121587.58092,256.0,60962.0,21401.68059
2025-01-23 15:09:56+00:00,1737644996000.0,0.35106,0.35112,0.35102,0.35112,84298.0,1737644996999.0,29593.65544,221.0,56624.0,19878.12427
2025-01-23 15:09:57+00:00,1737644997000.0,0.35111,0.35114,0.351,0.35114,45260.0,1737644997999.0,15890.16063,163.0,19292.0,6772.33504
2025-01-23 15:09:58+00:00,1737644998000.0,0.35113,0.3513,0.35095,0.3513,112384.0,1737644998999.0,39457.5845,287.0,61560.0,21615.66762
2025-01-23 15:09:59+00:00,1737644999000.0,0.35131,0.35139,0.35124,0.35124,96225.0,1737644999999.0,33809.80657,128.0,41464.0,14568.54128
2025-01-23 15:10:00+00:00,1737645000000.0,0.35123,0.35127,0.35095,0.35095,121731.0,1737645000999.0,42748.1149,196.0,7855.0,2758.7467
2025-01-23 15:10:01+00:00,1737645001000.0,0.35095,0.35096,0.35077,0.35077,75366.0,1737645001999.0,26447.06733,157.0,35786.0,12559.1641
2025-01-23 15:10:02+00:00,1737645002000.0,0.35077,0.35077,0.35058,0.35059,254892.0,1737645002999.0,89367.77879,475.0,213612.0,74891.88264
2025-01-23 15:10:03+00:00,1737645003000.0,0.35059,0.35108,0.35059,0.35107,566857.0,1737645003999.0,198868.77821,591.0,430666.0,151075.60336
2025-01-23 15:10:04+00:00,1737645004000.0,0.35108,0.35108,0.35097,0.35107,127739.0,1737645004999.0,44838.21269,168.0,23669.0,8307.68456
2025-01-23 15:10:05+00:00,1737645005000.0,0.35107,0.35118,0.35103,0.35111,79722.0,1737645005999.0,27991.59373,161.0,32674.0,11471.90128
2025-01-23 15:10:06+00:00,1737645006000.0,0.35111,0.35111,0.35087,0.35087,84257.0,1737645006999.0,29574.97441,190.0,13420.0,4710.64693
2025-01-23 15:10:07+00:00,1737645007000.0,0.35096,0.35099,0.35077,0.35077,85558.0,1737645007999.0,30024.73317,199.0,44034.0,15452.74124
2025-01-23 15:10:08+00:00,1737645008000.0,0.35077,0.35079,0.35066,0.35077,64373.0,1737645008999.0,22578.34972,157.0,44279.0,15531.58864
2025-01-23 15:10:09+00:00,1737645009000.0,0.35078,0.35087,0.35075,0.35075,59567.0,1737645009999.0,20899.37198,164.0,15794.0,5541.14601
2025-01-23 15:10:10+00:00,1737645010000.0,0.35075,0.35075,0.35037,0.35037,113565.0,1737645010999.0,39810.50082,416.0,63387.0,22221.98414
2025-01-23 15:10:11+00:00,1737645011000.0,0.35038,0.35054,0.3503,0.35043,125329.0,1737645011999.0,43915.20329,377.0,73696.0,25821.62954
2025-01-23 15:10:12+00:00,1737645012000.0,0.35041,0.35051,0.35024,0.35051,77647.0,1737645012999.0,27203.0444,276.0,38171.0,13374.2237
2025-01-23 15:10:13+00:00,1737645013000.0,0.35052,0.35087,0.35052,0.35069,297548.0,1737645013999.0,104366.39238,467.0,89693.0,31453.57925
2025-01-23 15:10:14+00:00,1737645014000.0,0.35065,0.3507,0.35049,0.35069,157876.0,1737645014999.0,55349.66537,218.0,64371.0,22567.27412
2025-01-23 15:10:15+00:00,1737645015000.0,0.35068,0.35081,0.35064,0.35069,80193.0,1737645015999.0,28128.37518,140.0,21062.0,7387.65237
2025-01-23 15:10:16+00:00,1737645016000.0,0.35069,0.35076,0.35058,0.35075,65916.0,1737645016999.0,23113.85742,101.0,8873.0,3111.36708
2025-01-23 15:10:17+00:00,1737645017000.0,0.35077,0.35104,0.35076,0.35104,53948.0,1737645017999.0,18936.15032,101.0,53500.0,18778.94323
2025-01-23 15:10:18+00:00,1737645018000.0,0.35105,0.35119,0.35095,0.35095,53287.0,1737645018999.0,18709.74173,223.0,15493.0,5439.57109
2025-01-23 15:10:19+00:00,1737645019000.0,0.35095,0.35143,0.35095,0.35143,65433.0,1737645019999.0,22984.4687,166.0,56621.0,19889.04105
2025-01-23 15:10:20+00:00,1737645020000.0,0.35142,0.35171,0.35142,0.35171,78012.0,1737645020999.0,27419.41363,220.0,36628.0,12875.5124
2025-01-23 15:10:21+00:00,1737645021000.0,0.3517,0.35198,0.35169,0.35198,81655.0,1737645021999.0,28726.52087,162.0,58044.0,20418.82263
2025-01-23 15:10:22+00:00,1737645022000.0,0.35198,0.35203,0.35195,0.35203,35756.0,1737645022999.0,12585.37698,88.0,4323.0,1521.68816
2025-01-23 15:10:23+00:00,1737645023000.0,0.35203,0.35203,0.35139,0.35158,360047.0,1737645023999.0,126582.16294,264.0,62612.0,22015.88496
2025-01-23 15:10:24+00:00,1737645024000.0,0.35158,0.35163,0.3515,0.35157,145893.0,1737645024999.0,51292.05464,263.0,115963.0,40769.24709
2025-01-23 15:10:25+00:00,1737645025000.0,0.35158,0.35168,0.35156,0.35158,73789.0,1737645025999.0,25947.55282,160.0,37921.0,13335.22003
2025-01-23 15:10:26+00:00,1737645026000.0,0.35158,0.35194,0.35158,0.35187,22338.0,1737645026999.0,7857.47652,168.0,9129.0,3212.00853
2025-01-23 15:10:27+00:00,1737645027000.0,0.35186,0.35186,0.35157,0.35157,139004.0,1737645027999.0,48890.25651,306.0,19857.0,6982.4529
2025-01-23 15:10:28+00:00,1737645028000.0,0.35156,0.35156,0.35135,0.35138,88720.0,1737645028999.0,31175.94472,214.0,25228.0,8863.95337
2025-01-23 15:10:29+00:00,1737645029000.0,0.35138,0.35143,0.35131,0.35135,49419.0,1737645029999.0,17362.51051,109.0,6706.0,2356.4817
2025-01-23 15:10:30+00:00,1737645030000.0,0.35135,0.35135,0.35115,0.35126,100636.0,1737645030999.0,35349.31941,191.0,19081.0,6702.53473
2025-01-23 15:10:31+00:00,1737645031000.0,0.35127,0.35161,0.35127,0.35161,79752.0,1737645031999.0,28020.92331,148.0,79653.0,27986.14461
2025-01-23 15:10:32+00:00,1737645032000.0,0.35162,0.35163,0.35133,0.35133,106799.0,1737645032999.0,37537.0309,165.0,6386.0,2244.17576
2025-01-23 15:10:33+00:00,1737645033000.0,0.35133,0.35133,0.35118,0.35124,38930.0,1737645033999.0,13672.73346,161.0,15102.0,5304.22368
2025-01-23 15:10:34+00:00,1737645034000.0,0.35122,0.35134,0.35118,0.35131,106909.0,1737645034999.0,37550.68087,246.0,73008.0,25642.22729
2025-01-23 15:10:35+00:00,1737645035000.0,0.35132,0.3514,0.35102,0.35102,205035.0,1737645035999.0,72016.54618,263.0,113019.0,39700.06677
2025-01-23 15:10:36+00:00,1737645036000.0,0.35106,0.35106,0.35105,0.35105,85.0,1737645036999.0,29.83943,11.0,0.0,0.0
2025-01-23 15:10:37+00:00,1737645037000.0,0.35106,0.35123,0.35106,0.35108,100733.0,1737645037999.0,35369.01657,194.0,31391.0,11020.70911
2025-01-23 15:10:38+00:00,1737645038000.0,0.35109,0.35115,0.35101,0.35101,25103.0,1737645038999.0,8814.4068,136.0,1228.0,431.1583
2025-01-23 15:10:39+00:00,1737645039000.0,0.351,0.35101,0.35087,0.35101,34579.0,1737645039999.0,12134.82806,228.0,21511.0,7548.49985
2025-01-23 15:10:40+00:00,1737645040000.0,0.351,0.351,0.35089,0.3509,13847.0,1737645040999.0,4859.18919,107.0,9861.0,3460.41781
2025-01-23 15:10:41+00:00,1737645041000.0,0.35091,0.35097,0.35089,0.35089,43418.0,1737645041999.0,15237.27754,155.0,30552.0,10722.07396
2025-01-23 15:10:42+00:00,1737645042000.0,0.35091,0.35119,0.35091,0.35119,32651.0,1737645042999.0,11461.1189,203.0,32336.0,11350.5476
2025-01-23 15:10:43+00:00,1737645043000.0,0.3512,0.35175,0.3512,0.35175,81311.0,1737645043999.0,28584.41096,357.0,70028.0,24618.6623
2025-01-23 15:10:44+00:00,1737645044000.0,0.35174,0.35176,0.3516,0.35175,46967.0,1737645044999.0,16518.37077,231.0,26775.0,9417.41945
2025-01-23 15:10:45+00:00,1737645045000.0,0.35175,0.35175,0.35162,0.35162,81447.0,1737645045999.0,28644.08097,120.0,22204.0,7809.57378
2025-01-23 15:10:46+00:00,1737645046000.0,0.35162,0.35163,0.35123,0.35133,91245.0,1737645046999.0,32065.10168,143.0,15873.0,5580.46232
2025-01-23 15:10:47+00:00,1737645047000.0,0.35132,0.35141,0.35124,0.35141,8233.0,1737645047999.0,2892.53995,150.0,8018.0,2817.01677
2025-01-23 15:10:48+00:00,1737645048000.0,0.3514,0.35141,0.35124,0.35141,16055.0,1737645048999.0,5640.27091,134.0,5511.0,1936.27116
2025-01-23 15:10:49+00:00,1737645049000.0,0.35141,0.3518,0.35141,0.3518,25125.0,1737645049999.0,8837.10845,251.0,21541.0,7576.62793
2025-01-23 15:10:50+00:00,1737645050000.0,0.35179,0.35179,0.35169,0.35171,34675.0,1737645050999.0,12197.84023,87.0,6092.0,2142.85531
2025-01-23 15:10:51+00:00,1737645051000.0,0.35172,0.35177,0.35151,0.35151,110858.0,1737645051999.0,38979.40089,160.0,27107.0,9534.67693
2025-01-23 15:10:52+00:00,1737645052000.0,0.35149,0.35151,0.35143,0.35143,11344.0,1737645052999.0,3987.23188,38.0,9630.0,3384.8537
2025-01-23 15:10:53+00:00,1737645053000.0,0.35142,0.35143,0.35131,0.35131,26300.0,1737645053999.0,9242.1158,57.0,16330.0,5738.74492
2025-01-23 15:10:54+00:00,1737645054000.0,0.35129,0.35129,0.35118,0.35128,13233.0,1737645054999.0,4647.81949,68.0,8813.0,3095.51984
2025-01-23 15:10:55+00:00,1737645055000.0,0.35128,0.35136,0.35121,0.35134,22756.0,1737645055999.0,7993.81807,127.0,15726.0,5524.34623
2025-01-23 15:10:56+00:00,1737645056000.0,0.35135,0.35144,0.35112,0.35112,28910.0,1737645056999.0,10156.01648,113.0,11280.0,3963.52988
2025-01-23 15:10:57+00:00,1737645057000.0,0.3512,0.35139,0.3512,0.35131,208888.0,1737645057999.0,73382.43848,187.0,87021.0,30563.49154
2025-01-23 15:10:58+00:00,1737645058000.0,0.35128,0.35128,0.35121,0.35126,15059.0,1737645058999.0,5289.4211,83.0,5046.0,1772.41815
2025-01-23 15:10:59+00:00,1737645059000.0,0.35125,0.35139,0.35124,0.35133,71189.0,1737645059999.0,25010.48513,139.0,55635.0,19545.25634
2025-01-23 15:11:00+00:00,1737645060000.0,0.35132,0.35149,0.35129,0.35129,142744.0,1737645060999.0,50156.83809,291.0,39657.0,13935.96685
2025-01-23 15:11:01+00:00,1737645061000.0,0.35128,0.35128,0.35091,0.35098,125563.0,1737645061999.0,44081.8752,418.0,66501.0,23341.48025
2025-01-23 15:11:02+00:00,1737645062000.0,0.35097,0.35097,0.35088,0.35088,14973.0,1737645062999.0,5254.87811,93.0,303.0,106.33743
2025-01-23 15:11:03+00:00,1737645063000.0,0.35088,0.35103,0.35084,0.35084,41506.0,1737645063999.0,14565.41995,167.0,752.0,263.94176
2025-01-23 15:11:04+00:00,1737645064000.0,0.35084,0.35096,0.35076,0.35096,14657.0,1737645064999.0,5142.0238,145.0,5287.0,1854.96397
2025-01-23 15:11:05+00:00,1737645065000.0,0.35096,0.35096,0.3507,0.35071,17308.0,1737645065999.0,6073.52843,193.0,52.0,18.23692
2025-01-23 15:11:06+00:00,1737645066000.0,0.35072,0.35085,0.35072,0.35085,21770.0,1737645066999.0,7636.36241,133.0,21721.0,7619.17431
2025-01-23 15:11:07+00:00,1737645067000.0,0.35086,0.35099,0.35066,0.35066,95704.0,1737645067999.0,33570.79644,283.0,14541.0,5102.80128
2025-01-23 15:11:08+00:00,1737645068000.0,0.35065,0.35065,0.3505,0.3505,156738.0,1737645068999.0,54943.00965,229.0,10182.0,3569.60724
2025-01-23 15:11:09+00:00,1737645069000.0,0.3505,0.3505,0.35024,0.35025,167330.0,1737645069999.0,58621.31855,211.0,18737.0,6562.80901
2025-01-23 15:11:10+00:00,1737645070000.0,0.35026,0.35042,0.35026,0.35028,138610.0,1737645070999.0,48561.01967,224.0,63052.0,22087.87868
2025-01-23 15:11:11+00:00,1737645071000.0,0.35027,0.35027,0.35,0.35,203093.0,1737645071999.0,71093.843,1394.0,5476.0,1917.67478
2025-01-23 15:11:12+00:00,1737645072000.0,0.35,0.35001,0.34976,0.34983,595474.0,1737645072999.0,208387.40748,594.0,81820.0,28626.42622
2025-01-23 15:11:13+00:00,1737645073000.0,0.34982,0.34995,0.34982,0.34995,42460.0,1737645073999.0,14856.11888,146.0,19626.0,6866.20249
2025-01-23 15:11:14+00:00,1737645074000.0,0.34996,0.34998,0.34959,0.34959,318494.0,1737645074999.0,111374.94209,503.0,55103.0,19275.38108
2025-01-23 15:11:15+00:00,1737645075000.0,0.34959,0.34959,0.34952,0.34959,235505.0,1737645075999.0,82321.92098,689.0,109184.0,38166.19473
2025-01-23 15:11:16+00:00,1737645076000.0,0.34959,0.3496,0.34947,0.3495,17514.0,1737645076999.0,6121.59832,203.0,2370.0,828.30059
2025-01-23 15:11:17+00:00,1737645077000.0,0.34951,0.34956,0.34902,0.34905,317244.0,1737645077999.0,110834.33382,875.0,49341.0,17245.81988
2025-01-23 15:11:18+00:00,1737645078000.0,0.34903,0.34919,0.349,0.349,167036.0,1737645078999.0,58315.38068,282.0,100335.0,35029.72147
2025-01-23 15:11:19+00:00,1737645079000.0,0.34901,0.34913,0.34888,0.34893,412912.0,1737645079999.0,144111.7039,492.0,56218.0,19617.95796
2025-01-23 15:11:20+00:00,1737645080000.0,0.34893,0.34893,0.34884,0.34884,59284.0,1737645080999.0,20684.22273,233.0,22809.0,7957.93883
2025-01-23 15:11:21+00:00,1737645081000.0,0.34883,0.34884,0.34857,0.34868,221381.0,1737645081999.0,77199.0556,695.0,51428.0,17933.89524
2025-01-23 15:11:22+00:00,1737645082000.0,0.34869,0.34873,0.34861,0.34865,103247.0,1737645082999.0,35998.69269,250.0,61123.0,21311.0191
2025-01-23 15:11:23+00:00,1737645083000.0,0.34865,0.34885,0.34865,0.34873,184288.0,1737645083999.0,64272.04979,273.0,87641.0,30562.54027
2025-01-23 15:11:24+00:00,1737645084000.0,0.34872,0.34875,0.34855,0.34864,74417.0,1737645084999.0,25946.81098,261.0,51293.0,17884.96139
2025-01-23 15:11:25+00:00,1737645085000.0,0.34864,0.34897,0.34864,0.34884,120659.0,1737645085999.0,42095.56032,271.0,88634.0,30922.38739
2025-01-23 15:11:26+00:00,1737645086000.0,0.34885,0.34894,0.34882,0.34886,53875.0,1737645086999.0,18795.50622,166.0,34831.0,12151.60985
2025-01-23 15:11:27+00:00,1737645087000.0,0.34886,0.34895,0.34886,0.34894,129872.0,1737645087999.0,45315.6711,148.0,112638.0,39302.22792
2025-01-23 15:11:28+00:00,1737645088000.0,0.34895,0.34929,0.34895,0.34919,197355.0,1737645088999.0,68903.60128,501.0,67855.0,23687.88609
2025-01-23 15:11:29+00:00,1737645089000.0,0.34918,0.34929,0.34915,0.34923,104717.0,1737645089999.0,36567.1622,219.0,41556.0,14510.73477
2025-01-23 15:11:30+00:00,1737645090000.0,0.34924,0.34937,0.34924,0.34927,89898.0,1737645090999.0,31404.59588,174.0,17553.0,6131.5388
2025-01-23 15:11:31+00:00,1737645091000.0,0.34927,0.34927,0.349,0.34904,177060.0,1737645091999.0,61806.02649,195.0,46156.0,16109.29989
2025-01-23 15:11:32+00:00,1737645092000.0,0.34904,0.34904,0.34873,0.34874,49299.0,1737645092999.0,17195.14152,302.0,26828.0,9356.96582
2025-01-23 15:11:33+00:00,1737645093000.0,0.34875,0.34875,0.34862,0.34871,66832.0,1737645093999.0,23301.79386,161.0,59332.0,20686.46359
2025-01-23 15:11:34+00:00,1737645094000.0,0.34872,0.34872,0.34856,0.34865,110829.0,1737645094999.0,38637.24616,187.0,92589.0,32278.25369
2025-01-23 15:11:35+00:00,1737645095000.0,0.34865,0.34883,0.34862,0.34883,118195.0,1737645095999.0,41209.63865,205.0,86541.0,30172.21452
2025-01-23 15:11:36+00:00,1737645096000.0,0.34884,0.34898,0.34877,0.34892,238406.0,1737645096999.0,83177.98146,320.0,135849.0,47397.41982
2025-01-23 15:11:37+00:00,1737645097000.0,0.34892,0.34914,0.34892,0.34914,9739.0,1737645097999.0,3399.65076,148.0,8682.0,3030.73102
2025-01-23 15:11:38+00:00,1737645098000.0,0.34914,0.34926,0.34907,0.34909,11438.0,1737645098999.0,3993.95003,164.0,4502.0,1572.12469
2025-01-23 15:11:39+00:00,1737645099000.0,0.34909,0.34952,0.34909,0.34952,159651.0,1737645099999.0,55781.51006,367.0,48771.0,17037.63915
2025-01-23 15:11:40+00:00,1737645100000.0,0.34953,0.34991,0.34953,0.34991,121882.0,1737645100999.0,42615.2676,196.0,64298.0,22483.69054
2025-01-23 15:11:41+00:00,1737645101000.0,0.34991,0.35021,0.34991,0.35021,233929.0,1737645101999.0,81897.20635,400.0,149983.0,52508.6398
2025-01-23 15:11:42+00:00,1737645102000.0,0.3502,0.35023,0.35011,0.35023,117243.0,1737645102999.0,41055.57905,174.0,5479.0,1918.72005
2025-01-23 15:11:43+00:00,1737645103000.0,0.35022,0.35023,0.34982,0.34982,217083.0,1737645103999.0,75985.07614,365.0,74363.0,26026.8961
2025-01-23 15:11:44+00:00,1737645104000.0,0.34982,0.34987,0.34966,0.34987,249154.0,1737645104999.0,87141.84246,309.0,89787.0,31401.83667
2025-01-23 15:11:45+00:00,1737645105000.0,0.34986,0.34995,0.3498,0.34985,98361.0,1737645105999.0,34413.14251,232.0,46865.0,16395.5375
2025-01-23 15:11:46+00:00,1737645106000.0,0.34985,0.35009,0.34977,0.35009,124889.0,1737645106999.0,43703.5348,256.0,116244.0,40679.04618
2025-01-23 15:11:47+00:00,1737645107000.0,0.35008,0.3502,0.34997,0.35016,82655.0,1737645107999.0,28936.73346,282.0,32412.0,11346.79188
2025-01-23 15:11:48+00:00,1737645108000.0,0.35016,0.35016,0.34943,0.3499,1099559.0,1737645108999.0,384518.45967,365.0,17122.0,5989.42044
2025-01-23 15:11:49+00:00,1737645109000.0,0.34991,0.34995,0.34964,0.34964,18079.0,1737645109999.0,6323.46148,221.0,4305.0,1505.91677
2025-01-23 15:11:50+00:00,1737645110000.0,0.34963,0.34963,0.34952,0.34954,76976.0,1737645110999.0,26909.00197,162.0,34845.0,12180.73415
2025-01-23 15:11:51+00:00,1737645111000.0,0.34955,0.34955,0.34924,0.34924,86679.0,1737645111999.0,30283.6787,287.0,28496.0,9956.16184
2025-01-23 15:11:52+00:00,1737645112000.0,0.34925,0.34925,0.3491,0.34911,18512.0,1737645112999.0,6464.43552,164.0,1944.0,678.68422
2025-01-23 15:11:53+00:00,1737645113000.0,0.3491,0.3491,0.34902,0.34906,26004.0,1737645113999.0,9077.1313,123.0,17553.0,6127.08464
2025-01-23 15:11:54+00:00,1737645114000.0,0.34906,0.34906,0.34892,0.34892,56855.0,1737645114999.0,19844.19154,87.0,48127.0,16798.06805
2025-01-23 15:11:55+00:00,1737645115000.0,0.34892,0.34897,0.34871,0.34871,37521.0,1737645115999.0,13089.46751,207.0,2253.0,785.69295
2025-01-23 15:11:56+00:00,1737645116000.0,0.34871,0.3488,0.34871,0.3488,319114.0,1737645116999.0,111300.91847,192.0,303699.0,105924.44581
2025-01-23 15:11:57+00:00,1737645117000.0,0.34881,0.34894,0.34872,0.34874,74732.0,1737645117999.0,26069.99357,244.0,22839.0,7965.78753
2025-01-23 15:11:58+00:00,1737645118000.0,0.34874,0.34902,0.34874,0.34902,25556.0,1737645118999.0,8917.63791,172.0,25099.0,8758.16776
2025-01-23 15:11:59+00:00,1737645119000.0,0.34903,0.3491,0.34885,0.34887,84482.0,1737645119999.0,29482.34286,183.0,23017.0,8031.77125
2025-01-23 15:12:00+00:00,1737645120000.0,0.34886,0.34916,0.34886,0.34903,47029.0,1737645120999.0,16414.62677,228.0,32336.0,11284.89844
2025-01-23 15:12:01+00:00,1737645121000.0,0.34903,0.34953,0.349,0.34938,1078431.0,1737645121999.0,376505.86288,515.0,354612.0,123776.30008
2025-01-23 15:12:02+00:00,1737645122000.0,0.34934,0.34963,0.3493,0.34963,257610.0,1737645122999.0,90026.12211,284.0,161787.0,56534.44411
2025-01-23 15:12:03+00:00,1737645123000.0,0.34962,0.34975,0.3496,0.34975,94714.0,1737645123999.0,33121.87834,124.0,58507.0,20459.66259
2025-01-23 15:12:04+00:00,1737645124000.0,0.34976,0.34989,0.34976,0.34989,57416.0,1737645124999.0,20086.01828,77.0,41676.0,14580.0019
2025-01-23 15:12:05+00:00,1737645125000.0,0.3499,0.34997,0.34982,0.34982,72204.0,1737645125999.0,25263.05643,221.0,13190.0,4615.61018
2025-01-23 15:12:06+00:00,1737645126000.0,0.34981,0.34981,0.34968,0.34971,107449.0,1737645126999.0,37577.79302,194.0,40195.0,14057.34767
2025-01-23 15:12:07+00:00,1737645127000.0,0.3497,0.34988,0.34963,0.34987,40070.0,1737645127999.0,14012.26563,215.0,37610.0,13152.01578
2025-01-23 15:12:08+00:00,1737645128000.0,0.34986,0.35011,0.34982,0.35011,139061.0,1737645128999.0,48675.18749,256.0,117981.0,41297.79097
2025-01-23 15:12:09+00:00,1737645129000.0,0.3501,0.35028,0.35008,0.35028,129619.0,1737645129999.0,45387.91368,286.0,61947.0,21691.80144
2025-01-23 15:12:10+00:00,1737645130000.0,0.35024,0.35047,0.35024,0.35047,3428.0,1737645130999.0,1200.87765,195.0,2316.0,811.40395
2025-01-23 15:12:11+00:00,1737645131000.0,0.35047,0.35059,0.35047,0.35059,18690.0,1737645131999.0,6551.26022,123.0,7276.0,2550.73799
2025-01-23 15:12:12+00:00,1737645132000.0,0.35059,0.35076,0.35056,0.35056,168836.0,1737645132999.0,59205.80295,437.0,73579.0,25803.04691
2025-01-23 15:12:13+00:00,1737645133000.0,0.35055,0.35055,0.35041,0.35046,7398.0,1737645133999.0,2592.69966,95.0,4479.0,1569.7334
2025-01-23 15:12:14+00:00,1737645134000.0,0.35047,0.35054,0.35041,0.35053,40146.0,1737645134999.0,14070.31138,173.0,8046.0,2819.69492
2025-01-23 15:12:15+00:00,1737645135000.0,0.35053,0.35063,0.35051,0.35054,64943.0,1737645135999.0,22765.85726,191.0,48397.0,16965.1953
2025-01-23 15:12:16+00:00,1737645136000.0,0.35053,0.35064,0.35048,0.35054,46868.0,1737645136999.0,16431.97842,196.0,2541.0,890.83545
2025-01-23 15:12:17+00:00,1737645137000.0,0.35053,0.35053,0.35032,0.35032,16265.0,1737645137999.0,5700.10759,153.0,12210.0,4279.09278
2025-01-23 15:12:18+00:00,1737645138000.0,0.35033,0.35053,0.35028,0.35052,47509.0,1737645138999.0,16648.2084,231.0,40987.0,14362.60384
2025-01-23 15:12:19+00:00,1737645139000.0,0.35052,0.35052,0.3503,0.35039,43633.0,1737645139999.0,15287.21562,196.0,12353.0,4327.3565
2025-01-23 15:12:20+00:00,1737645140000.0,0.35039,0.35065,0.35039,0.35065,57723.0,1737645140999.0,20234.97688,170.0,34863.0,12221.65741
2025-01-23 15:12:21+00:00,1737645141000.0,0.35066,0.3507,0.35061,0.35065,39937.0,1737645141999.0,14004.62219,122.0,24661.0,8647.53029
2025-01-23 15:12:22+00:00,1737645142000.0,0.35066,0.35075,0.35066,0.35068,15567.0,1737645142999.0,5459.26849,111.0,2210.0,775.04491
2025-01-23 15:12:23+00:00,1737645143000.0,0.35069,0.35083,0.35048,0.35048,65423.0,1737645143999.0,22940.61464,363.0,20578.0,7217.77685
2025-01-23 15:12:24+00:00,1737645144000.0,0.35047,0.35072,0.35046,0.35072,36221.0,1737645144999.0,12696.88942,190.0,25540.0,8952.77414
2025-01-23 15:12:25+00:00,1737645145000.0,0.35073,0.35101,0.35073,0.35101,26144.0,1737645145999.0,9174.66711,299.0,24760.0,8688.92823
2025-01-23 15:12:26+00:00,1737645146000.0,0.35102,0.35114,0.351,0.35114,61825.0,1737645146999.0,21701.71111,208.0,53080.0,18631.9784
2025-01-23 15:12:27+00:00,1737645147000.0,0.35115,0.35127,0.35115,0.35127,20295.0,1737645147999.0,7127.56554,189.0,10285.0,3611.99721
2025-01-23 15:12:28+00:00,1737645148000.0,0.35127,0.35129,0.35108,0.35108,83091.0,1737645148999.0,29185.65706,209.0,29269.0,10280.09523
2025-01-23 15:12:29+00:00,1737645149000.0,0.35108,0.35108,0.35082,0.35082,9165.0,1737645149999.0,3215.78408,153.0,0.0,0.0
2025-01-23 15:12:30+00:00,1737645150000.0,0.35083,0.35102,0.35083,0.35095,164238.0,1737645150999.0,57639.59132,214.0,148175.0,52001.31338
2025-01-23 15:12:31+00:00,1737645151000.0,0.35095,0.35106,0.35093,0.35102,39213.0,1737645151999.0,13764.4839,116.0,36248.0,12723.69465
2025-01-23 15:12:32+00:00,1737645152000.0,0.35101,0.35101,0.35079,0.35083,174529.0,1737645152999.0,61231.36487,181.0,8441.0,2961.11403
2025-01-23 15:12:33+00:00,1737645153000.0,0.35082,0.35099,0.35079,0.35096,34563.0,1737645153999.0,12128.3056,188.0,19363.0,6793.44268
2025-01-23 15:12:34+00:00,1737645154000.0,0.35096,0.35109,0.35096,0.35104,48707.0,1737645154999.0,17097.79716,112.0,48560.0,17046.19737
2025-01-23 15:12:35+00:00,1737645155000.0,0.35103,0.35103,0.35072,0.35072,40298.0,1737645155999.0,14140.8224,123.0,101.0,35.45403
2025-01-23 15:12:36+00:00,1737645156000.0,0.35071,0.35071,0.35056,0.35058,27408.0,1737645156999.0,9610.11815,130.0,13338.0,4677.09937
2025-01-23 15:12:37+00:00,1737645157000.0,0.35059,0.35087,0.35059,0.35087,11453.0,1737645157999.0,4016.53867,178.0,10054.0,3526.0073
2025-01-23 15:12:38+00:00,1737645158000.0,0.35088,0.35103,0.35088,0.35103,45075.0,1737645158999.0,15818.82691,133.0,28017.0,9831.97548
2025-01-23 15:12:39+00:00,1737645159000.0,0.35103,0.35117,0.35098,0.35117,171900.0,1737645159999.0,60355.70043,279.0,107047.0,37584.28541
2025-01-23 15:12:40+00:00,1737645160000.0,0.35118,0.35135,0.35102,0.35103,158033.0,1737645160999.0,55506.70476,311.0,130180.0,45726.02982
2025-01-23 15:12:41+00:00,1737645161000.0,0.35102,0.35102,0.35051,0.35051,65489.0,1737645161999.0,22970.14978,146.0,2852.0,999.82564
2025-01-23 15:12:42+00:00,1737645162000.0,0.35051,0.35072,0.35051,0.35052,78129.0,1737645162999.0,27392.81286,232.0,63209.0,22160.95764
2025-01-23 15:12:43+00:00,1737645163000.0,0.35052,0.35074,0.35052,0.35074,37732.0,1737645163999.0,13229.81946,159.0,37720.0,13225.61241
2025-01-23 15:12:44+00:00,1737645164000.0,0.35075,0.35088,0.35075,0.35078,30401.0,1737645164999.0,10664.91822,142.0,25005.0,8771.6234
2025-01-23 15:12:45+00:00,1737645165000.0,0.35077,0.35077,0.35069,0.35077,40800.0,1737645165999.0,14309.28901,109.0,30896.0,10836.02981
2025-01-23 15:12:46+00:00,1737645166000.0,0.35078,0.35079,0.3505,0.35053,69906.0,1737645166999.0,24516.72479,211.0,24261.0,8509.07049
2025-01-23 15:12:47+00:00,1737645167000.0,0.35053,0.35063,0.35053,0.35063,4318.0,1737645167999.0,1513.76599,87.0,3998.0,1401.57701
2025-01-23 15:12:48+00:00,1737645168000.0,0.35064,0.3507,0.35052,0.3507,9870.0,1737645168999.0,3460.02502,184.0,3028.0,1061.67872
2025-01-23 15:12:49+00:00,1737645169000.0,0.3507,0.3507,0.35043,0.35043,50846.0,1737645169999.0,17829.32915,209.0,220.0,77.12875
2025-01-23 15:12:50+00:00,1737645170000.0,0.35044,0.35059,0.35033,0.35033,41383.0,1737645170999.0,14501.63209,253.0,11567.0,4054.07102
2025-01-23 15:12:51+00:00,1737645171000.0,0.35033,0.35033,0.35018,0.35018,5635.0,1737645171999.0,1973.59571,106.0,1148.0,402.0455
2025-01-23 15:12:52+00:00,1737645172000.0,0.35017,0.35027,0.35015,0.35026,31941.0,1737645172999.0,11184.91749,121.0,20769.0,7272.72273
2025-01-23 15:12:53+00:00,1737645173000.0,0.35026,0.35026,0.35,0.35007,163168.0,1737645173999.0,57112.97547,216.0,124770.0,43671.14613
2025-01-23 15:12:54+00:00,1737645174000.0,0.35008,0.35017,0.35008,0.35013,15104.0,1737645174999.0,5288.52163,109.0,8743.0,3061.27431
2025-01-23 15:12:55+00:00,1737645175000.0,0.35012,0.35012,0.34996,0.35005,28448.0,1737645175999.0,9956.74181,154.0,11187.0,3915.53845
2025-01-23 15:12:56+00:00,1737645176000.0,0.35004,0.35005,0.35,0.35005,21649.0,1737645176999.0,7577.34079,70.0,9650.0,3377.68773
2025-01-23 15:12:57+00:00,1737645177000.0,0.35006,0.35013,0.34979,0.34982,78101.0,1737645177999.0,27335.44144,262.0,856.0,299.68444
2025-01-23 15:12:58+00:00,1737645178000.0,0.34982,0.35001,0.34971,0.34999,125200.0,1737645178999.0,43803.35637,219.0,68466.0,23956.3669
2025-01-23 15:12:59+00:00,1737645179000.0,0.34998,0.34999,0.34996,0.34999,492.0,1737645179999.0,172.18213,25.0,109.0,38.14685
2025-01-23 15:13:00+00:00,1737645180000.0,0.34999,0.34999,0.34977,0.3498,193906.0,1737645180999.0,67836.37,260.0,98734.0,34536.71535
2025-01-23 15:13:01+00:00,1737645181000.0,0.3498,0.34989,0.34971,0.34989,46138.0,1737645181999.0,16139.92479,181.0,42703.0,14938.52675
2025-01-23 15:13:02+00:00,1737645182000.0,0.34989,0.34993,0.34961,0.34961,48620.0,1737645182999.0,17010.65379,288.0,11787.0,4124.17121
2025-01-23 15:13:03+00:00,1737645183000.0,0.34961,0.34966,0.34957,0.34966,58369.0,1737645183999.0,20404.9565,139.0,54698.0,19121.65766
2025-01-23 15:13:04+00:00,1737645184000.0,0.34966,0.34978,0.34966,0.34972,38407.0,1737645184999.0,13432.54245,138.0,21964.0,7681.28938
2025-01-23 15:13:05+00:00,1737645185000.0,0.34972,0.34983,0.34971,0.34971,52905.0,1737645185999.0,18505.44254,150.0,18707.0,6543.35664
2025-01-23 15:13:06+00:00,1737645186000.0,0.3497,0.3497,0.34955,0.34959,26503.0,1737645186999.0,9264.91368,142.0,23793.0,8317.568
2025-01-23 15:13:07+00:00,1737645187000.0,0.34959,0.34986,0.34957,0.34985,48734.0,1737645187999.0,17043.06672,177.0,48121.0,16828.76288
2025-01-23 15:13:08+00:00,1737645188000.0,0.34985,0.34992,0.34967,0.34971,181885.0,1737645188999.0,63623.64004,194.0,41129.0,14387.78325
2025-01-23 15:13:09+00:00,1737645189000.0,0.34972,0.34975,0.34966,0.34966,36074.0,1737645189999.0,12614.06262,78.0,23611.0,8255.87083
2025-01-23 15:13:10+00:00,1737645190000.0,0.34967,0.34975,0.3496,0.3496,23513.0,1737645190999.0,8222.32072,165.0,1053.0,368.25989
2025-01-23 15:13:11+00:00,1737645191000.0,0.3496,0.34962,0.34951,0.34962,74641.0,1737645191999.0,26093.63721,120.0,58353.0,20399.38505
2025-01-23 15:13:12+00:00,1737645192000.0,0.34963,0.34963,0.34929,0.34936,68088.0,1737645192999.0,23797.85059,304.0,12329.0,4307.17252
2025-01-23 15:13:13+00:00,1737645193000.0,0.34937,0.3494,0.34937,0.3494,16242.0,1737645193999.0,5674.70732,38.0,15636.0,5462.97898
2025-01-23 15:13:14+00:00,1737645194000.0,0.34939,0.3495,0.34937,0.3495,3786.0,1737645194999.0,1322.79591,56.0,1596.0,557.65904
2025-01-23 15:13:15+00:00,1737645195000.0,0.34951,0.34951,0.34927,0.34927,49265.0,1737645195999.0,17211.40165,146.0,5269.0,1841.54447
2025-01-23 15:13:16+00:00,1737645196000.0,0.34932,0.34932,0.34925,0.34925,5525.0,1737645196999.0,1929.66773,47.0,2985.0,1042.54325
2025-01-23 15:13:17+00:00,1737645197000.0,0.34925,0.34929,0.34922,0.34922,9342.0,1737645197999.0,3262.8247,77.0,8195.0,2862.23753
2025-01-23 15:13:18+00:00,1737645198000.0,0.34923,0.34945,0.34923,0.34945,14135.0,1737645198999.0,4937.76992,90.0,14135.0,4937.76992
2025-01-23 15:13:19+00:00,1737645199000.0,0.34946,0.34975,0.34946,0.34975,38925.0,1737645199999.0,13606.75106,86.0,29814.0,10421.85287
2025-01-23 15:13:20+00:00,1737645200000.0,0.34978,0.34978,0.34943,0.34943,41735.0,1737645200999.0,14590.02202,198.0,803.0,280.77776
2025-01-23 15:13:21+00:00,1737645201000.0,0.34943,0.34943,0.34926,0.34937,119208.0,1737645201999.0,41639.97371,162.0,57660.0,20138.79196
2025-01-23 15:13:22+00:00,1737645202000.0,0.34937,0.34949,0.34937,0.34946,3318.0,1737645202999.0,1159.4188,61.0,1834.0,640.81959
2025-01-23 15:13:23+00:00,1737645203000.0,0.34945,0.34945,0.34924,0.34924,52987.0,1737645203999.0,18512.95182,171.0,3286.0,1147.77984
2025-01-23 15:13:24+00:00,1737645204000.0,0.34924,0.34928,0.34924,0.34925,16739.0,1737645204999.0,5846.24547,33.0,3589.0,1253.56552
2025-01-23 15:13:25+00:00,1737645205000.0,0.34924,0.3493,0.3492,0.34928,120347.0,1737645205999.0,42032.60272,109.0,7695.0,2687.66783
2025-01-23 15:13:26+00:00,1737645206000.0,0.34929,0.34944,0.34929,0.34933,76690.0,1737645206999.0,26793.32047,140.0,51828.0,18106.90112
2025-01-23 15:13:27+00:00,1737645207000.0,0.34933,0.34937,0.3493,0.34937,16107.0,1737645207999.0,5626.73329,94.0,13440.0,4695.1001
2025-01-23 15:13:28+00:00,1737645208000.0,0.34936,0.34958,0.34933,0.34958,24028.0,1737645208999.0,8395.98422,193.0,23831.0,8327.15281
2025-01-23 15:13:29+00:00,1737645209000.0,0.34959,0.34966,0.34926,0.34926,24769.0,1737645209999.0,8657.16557,321.0,5126.0,1792.34393
2025-01-23 15:13:30+00:00,1737645210000.0,0.34925,0.34943,0.34925,0.34943,81103.0,1737645210999.0,28329.85616,144.0,21358.0,7460.30951
2025-01-23 15:13:31+00:00,1737645211000.0,0.34944,0.34945,0.34926,0.34926,11090.0,1737645211999.0,3874.81693,140.0,6372.0,2226.39935
2025-01-23 15:13:32+00:00,1737645212000.0,0.34926,0.34947,0.34926,0.34935,27313.0,1737645212999.0,9540.36841,149.0,24872.0,8687.36071
2025-01-23 15:13:33+00:00,1737645213000.0,0.34934,0.34934,0.34926,0.3493,30811.0,1737645213999.0,10761.14255,89.0,27941.0,9758.68164
2025-01-23 15:13:34+00:00,1737645214000.0,0.3493,0.34956,0.3493,0.34956,15894.0,1737645214999.0,5553.65209,156.0,15894.0,5553.65209
2025-01-23 15:13:35+00:00,1737645215000.0,0.34957,0.34962,0.34946,0.34952,26155.0,1737645215999.0,9141.39523,189.0,20241.0,7074.43734
2025-01-23 15:13:36+00:00,1737645216000.0,0.34951,0.34951,0.34941,0.34941,3911.0,1737645216999.0,1366.65703,74.0,1434.0,501.11821
2025-01-23 15:13:37+00:00,1737645217000.0,0.34941,0.34966,0.34941,0.34966,12589.0,1737645217999.0,4399.62118,167.0,12589.0,4399.62118
2025-01-23 15:13:38+00:00,1737645218000.0,0.34967,0.34996,0.34967,0.34996,69721.0,1737645218999.0,24390.2299,199.0,69706.0,24384.9805
2025-01-23 15:13:39+00:00,1737645219000.0,0.34996,0.35012,0.34996,0.35011,276092.0,1737645219999.0,96632.00893,179.0,275871.0,96554.65005
2025-01-23 15:13:40+00:00,1737645220000.0,0.35011,0.35041,0.35011,0.3504,9043.0,1737645220999.0,3167.19502,188.0,8823.0,3090.15264
2025-01-23 15:13:41+00:00,1737645221000.0,0.35041,0.35049,0.35037,0.35037,30273.0,1737645221999.0,10608.68939,138.0,2669.0,935.4366
2025-01-23 15:13:42+00:00,1737645222000.0,0.35037,0.35045,0.35037,0.35037,45238.0,1737645222999.0,15850.7812,111.0,38236.0,13397.20207
2025-01-23 15:13:43+00:00,1737645223000.0,0.35038,0.35041,0.35028,0.35028,18632.0,1737645223999.0,6527.55294,129.0,695.0,243.51233
2025-01-23 15:13:44+00:00,1737645224000.0,0.35027,0.35034,0.35024,0.35026,11197.0,1737645224999.0,3921.83339,123.0,8104.0,2838.42818
2025-01-23 15:13:45+00:00,1737645225000.0,0.35026,0.35042,0.35026,0.35042,10407.0,1737645225999.0,3645.42162,116.0,10359.0,3628.60194
2025-01-23 15:13:46+00:00,1737645226000.0,0.35042,0.35048,0.35042,0.35048,20141.0,1737645226999.0,7058.49003,71.0,14496.0,5080.25623
2025-01-23 15:13:47+00:00,1737645227000.0,0.35048,0.35052,0.35046,0.35046,15368.0,1737645227999.0,5386.26747,71.0,2418.0,847.49004
2025-01-23 15:13:48+00:00,1737645228000.0,0.35046,0.35055,0.35045,0.35055,7296.0,1737645228999.0,2557.04504,89.0,1770.0,620.40353
2025-01-23 15:13:49+00:00,1737645229000.0,0.35055,0.35061,0.35046,0.35056,63966.0,1737645229999.0,22420.62375,350.0,35372.0,12397.85674
2025-01-23 15:13:50+00:00,1737645230000.0,0.35055,0.35055,0.35046,0.3505,15711.0,1737645230999.0,5506.40942,126.0,9894.0,3467.63351
2025-01-23 15:13:51+00:00,1737645231000.0,0.3505,0.35051,0.35028,0.35028,34826.0,1737645231999.0,12202.9694,261.0,2316.0,811.56336
2025-01-23 15:13:52+00:00,1737645232000.0,0.35029,0.35037,0.35029,0.3503,38609.0,1737645232999.0,13526.16736,108.0,34558.0,12107.00254
2025-01-23 15:13:53+00:00,1737645233000.0,0.3503,0.3503,0.35023,0.35023,35470.0,1737645233999.0,12423.21228,51.0,2842.0,995.49778
2025-01-23 15:13:54+00:00,1737645234000.0,0.35023,0.35023,0.34992,0.34992,27027.0,1737645234999.0,9463.59312,138.0,5113.0,1789.14172
2025-01-23 15:13:55+00:00,1737645235000.0,0.34992,0.35,0.3499,0.3499,12145.0,1737645235999.0,4250.06173,89.0,8443.0,2954.54735
2025-01-23 15:13:56+00:00,1737645236000.0,0.3499,0.35016,0.3499,0.35016,17046.0,1737645236999.0,5965.36812,185.0,14943.0,5229.35606
2025-01-23 15:13:57+00:00,1737645237000.0,0.35016,0.3504,0.35016,0.3504,15953.0,1737645237999.0,5587.68511,177.0,13748.0,4815.37774
2025-01-23 15:13:58+00:00,1737645238000.0,0.35039,0.35043,0.35039,0.35042,5388.0,1737645238999.0,1888.04688,35.0,4824.0,1690.42602
2025-01-23 15:13:59+00:00,1737645239000.0,0.35041,0.35041,0.35018,0.35038,123514.0,1737645239999.0,43259.89015,160.0,5152.0,1804.8096
2025-01-23 15:14:00+00:00,1737645240000.0,0.35038,0.35072,0.35038,0.35072,42323.0,1737645240999.0,14838.146,270.0,42293.0,14827.6346
2025-01-23 15:14:01+00:00,1737645241000.0,0.35073,0.35086,0.35072,0.35085,123365.0,1737645241999.0,43277.46131,304.0,66909.0,23472.03968
2025-01-23 15:14:02+00:00,1737645242000.0,0.35086,0.35095,0.35086,0.35089,42686.0,1737645242999.0,14979.47885,145.0,16261.0,5706.2246
2025-01-23 15:14:03+00:00,1737645243000.0,0.35088,0.3509,0.35073,0.35073,101474.0,1737645243999.0,35601.40002,210.0,57145.0,20050.70366
2025-01-23 15:14:04+00:00,1737645244000.0,0.35072,0.35072,0.35058,0.35059,20738.0,1737645244999.0,7271.51323,61.0,176.0,61.70384
2025-01-23 15:14:05+00:00,1737645245000.0,0.35058,0.35063,0.35058,0.35063,25233.0,1737645245999.0,8846.96172,42.0,23700.0,8309.51974
2025-01-23 15:14:06+00:00,1737645246000.0,0.35062,0.35083,0.35057,0.35079,24883.0,1737645246999.0,8724.16807,182.0,7530.0,2640.57425
2025-01-23 15:14:07+00:00,1737645247000.0,0.35078,0.35086,0.35075,0.35075,54839.0,1737645247999.0,19238.73884,135.0,36364.0,12757.76971
2025-01-23 15:14:08+00:00,1737645248000.0,0.35075,0.3508,0.35072,0.35076,6173.0,1737645248999.0,2165.13145,96.0,894.0,313.58265
2025-01-23 15:14:09+00:00,1737645249000.0,0.35077,0.35092,0.35077,0.35092,14467.0,1737645249999.0,5076.46419,100.0,14467.0,5076.46419
2025-01-23 15:14:10+00:00,1737645250000.0,0.35091,0.35094,0.35075,0.35083,74642.0,1737645250999.0,26188.64208,179.0,18252.0,6402.09011
2025-01-23 15:14:11+00:00,1737645251000.0,0.35082,0.35084,0.35077,0.35077,20693.0,1737645251999.0,7259.69046,75.0,1479.0,518.87296
2025-01-23 15:14:12+00:00,1737645252000.0,0.35076,0.35076,0.35069,0.35076,46790.0,1737645252999.0,16409.73667,100.0,34891.0,12236.43358
2025-01-23 15:14:13+00:00,1737645253000.0,0.35075,0.35075,0.35057,0.35057,25697.0,1737645253999.0,9009.41607,64.0,17437.0,6113.08859
2025-01-23 15:14:14+00:00,1737645254000.0,0.35056,0.35067,0.35056,0.35067,37680.0,1737645254999.0,13209.59787,92.0,37208.0,13044.13355
2025-01-23 15:14:15+00:00,1737645255000.0,0.35067,0.35083,0.35067,0.35083,34511.0,1737645255999.0,12105.24915,132.0,28352.0,9945.34944
2025-01-23 15:14:16+00:00,1737645256000.0,0.35084,0.35092,0.35084,0.35089,1400.0,1737645256999.0,491.26017,70.0,715.0,250.89632
2025-01-23 15:14:17+00:00,1737645257000.0,0.35089,0.35089,0.35083,0.35087,8513.0,1737645257999.0,2986.92845,53.0,4519.0,1585.65516
2025-01-23 15:14:18+00:00,1737645258000.0,0.35088,0.35105,0.35087,0.35105,58976.0,1737645258999.0,20695.70071,167.0,18963.0,6655.95458
2025-01-23 15:14:19+00:00,1737645259000.0,0.35106,0.35106,0.35102,0.35103,7170.0,1737645259999.0,2516.84303,48.0,815.0,286.09311
2025-01-23 15:14:20+00:00,1737645260000.0,0.35102,0.35102,0.35083,0.35084,50558.0,1737645260999.0,17739.14998,192.0,20008.0,7019.6169
2025-01-23 15:14:21+00:00,1737645261000.0,0.35085,0.35085,0.35067,0.35071,38835.0,1737645261999.0,13619.96703,115.0,23171.0,8125.99149
2025-01-23 15:14:22+00:00,1737645262000.0,0.3507,0.35081,0.3507,0.35081,40868.0,1737645262999.0,14333.12537,122.0,40216.0,14104.46161
2025-01-23 15:14:23+00:00,1737645263000.0,0.35082,0.35093,0.35082,0.35093,69485.0,1737645263999.0,24381.18017,139.0,12902.0,4526.81277
2025-01-23 15:14:24+00:00,1737645264000.0,0.35093,0.351,0.35093,0.351,5769.0,1737645264999.0,2024.75852,61.0,5769.0,2024.75852
2025-01-23 15:14:25+00:00,1737645265000.0,0.35101,0.35102,0.35095,0.35095,27805.0,1737645265999.0,9759.97436,74.0,10487.0,3681.04227
2025-01-23 15:14:26+00:00,1737645266000.0,0.35094,0.35094,0.3506,0.35065,72856.0,1737645266999.0,25548.85637,233.0,18092.0,6343.6602
2025-01-23 15:14:27+00:00,1737645267000.0,0.35066,0.3507,0.35062,0.35068,1967.0,1737645267999.0,689.76015,56.0,1817.0,637.16079
2025-01-23 15:14:28+00:00,1737645268000.0,0.35069,0.35069,0.35065,0.35065,1854.0,1737645268999.0,650.15057,33.0,604.0,211.81676
2025-01-23 15:14:29+00:00,1737645269000.0,0.35065,0.35081,0.35065,0.35081,15385.0,1737645269999.0,5395.16458,107.0,15385.0,5395.16458
2025-01-23 15:14:30+00:00,1737645270000.0,0.35081,0.35082,0.35079,0.35082,10502.0,1737645270999.0,3684.11724,40.0,976.0,342.39594
2025-01-23 15:14:31+00:00,1737645271000.0,0.35081,0.35081,0.35061,0.35061,15796.0,1737645271999.0,5539.49591,139.0,940.0,329.6016
2025-01-23 15:14:32+00:00,1737645272000.0,0.3506,0.3506,0.35029,0.35029,28452.0,1737645272999.0,9968.85945,235.0,19201.0,6726.8446
2025-01-23 15:14:33+00:00,1737645273000.0,0.35029,0.35044,0.35029,0.35044,4874.0,1737645273999.0,1707.8098,105.0,4874.0,1707.8098
2025-01-23 15:14:34+00:00,1737645274000.0,0.35045,0.35054,0.35045,0.35054,609.0,1737645274999.0,213.45432,53.0,609.0,213.45432
2025-01-23 15:14:35+00:00,1737645275000.0,0.35055,0.35072,0.35054,0.35072,32372.0,1737645275999.0,11349.784,158.0,32352.0,11342.7732
2025-01-23 15:14:36+00:00,1737645276000.0,0.35072,0.351,0.35072,0.35099,50768.0,1737645276999.0,17811.18482,196.0,50543.0,17732.21207
2025-01-23 15:14:37+00:00,1737645277000.0,0.351,0.35113,0.351,0.35113,7349.0,1737645277999.0,2579.75643,107.0,7349.0,2579.75643
2025-01-23 15:14:38+00:00,1737645278000.0,0.35113,0.35114,0.3511,0.3511,8367.0,1737645278999.0,2937.84513,36.0,2237.0,785.47953
2025-01-23 15:14:39+00:00,1737645279000.0,0.3511,0.35112,0.35101,0.35101,39684.0,1737645279999.0,13933.20503,33.0,27940.0,9809.82403
2025-01-23 15:14:40+00:00,1737645280000.0,0.35101,0.35101,0.35099,0.35099,6150.0,1737645280999.0,2158.65109,9.0,571.0,200.42387
2025-01-23 15:14:41+00:00,1737645281000.0,0.35095,0.35098,0.35095,0.35098,8117.0,1737645281999.0,2848.69839,32.0,8089.0,2838.87179
2025-01-23 15:14:42+00:00,1737645282000.0,0.35097,0.35098,0.35091,0.35096,9182.0,1737645282999.0,3222.27889,38.0,8561.0,3004.35555
2025-01-23 15:14:43+00:00,1737645283000.0,0.35096,0.35096,0.35091,0.35095,2917.0,1737645283999.0,1023.73018,29.0,2019.0,708.57565
2025-01-23 15:14:44+00:00,1737645284000.0,0.35095,0.3511,0.35095,0.35109,16374.0,1737645284999.0,5747.95663,90.0,16177.0,5678.79428
2025-01-23 15:14:45+00:00,1737645285000.0,0.35108,0.35108,0.35102,0.35107,892.0,1737645285999.0,313.13123,39.0,87.0,30.5409
2025-01-23 15:14:46+00:00,1737645286000.0,0.35108,0.3511,0.35108,0.3511,15702.0,1737645286999.0,5512.97132,24.0,14281.0,5014.05822
2025-01-23 15:14:47+00:00,1737645287000.0,0.3511,0.3511,0.35091,0.35091,41294.0,1737645287999.0,14495.50864,31.0,0.0,0.0
2025-01-23 15:14:48+00:00,1737645288000.0,0.35091,0.35109,0.35091,0.35109,5291.0,1737645288999.0,1857.156,126.0,5291.0,1857.156
2025-01-23 15:14:49+00:00,1737645289000.0,0.35108,0.35113,0.35108,0.35112,3377.0,1737645289999.0,1185.71604,33.0,2533.0,889.37312
2025-01-23 15:14:50+00:00,1737645290000.0,0.3511,0.3511,0.35105,0.35105,3076.0,1737645290999.0,1079.90261,12.0,2178.0,764.6295
2025-01-23 15:14:51+00:00,1737645291000.0,0.35105,0.35117,0.35105,0.35117,11586.0,1737645291999.0,4068.10095,95.0,2910.0,1021.78446
2025-01-23 15:14:52+00:00,1737645292000.0,0.35115,0.35135,0.35115,0.35134,52218.0,1737645292999.0,18342.90467,195.0,14586.0,5123.02419
2025-01-23 15:14:53+00:00,1737645293000.0,0.35135,0.35135,0.35129,0.35131,32253.0,1737645293999.0,11330.7384,77.0,26929.0,9460.16628
2025-01-23 15:14:54+00:00,1737645294000.0,0.35131,0.35131,0.35121,0.35121,58385.0,1737645294999.0,20507.38107,133.0,21459.0,7537.28468
2025-01-23 15:14:55+00:00,1737645295000.0,0.3512,0.35123,0.35113,0.35121,62136.0,1737645295999.0,21821.64336,181.0,22195.0,7793.63329
2025-01-23 15:14:56+00:00,1737645296000.0,0.35122,0.35126,0.35118,0.35123,56887.0,1737645296999.0,19980.72391,111.0,862.0,302.74606
2025-01-23 15:14:57+00:00,1737645297000.0,0.35124,0.35128,0.35117,0.35117,1580.0,1737645297999.0,554.88812,88.0,287.0,100.79164
2025-01-23 15:14:58+00:00,1737645298000.0,0.35116,0.35116,0.35097,0.35097,32675.0,1737645298999.0,11469.84314,123.0,177.0,62.127
2025-01-23 15:14:59+00:00,1737645299000.0,0.35096,0.35107,0.35096,0.35107,12580.0,1737645299999.0,4416.38743,94.0,6510.0,2285.39759
2025-01-23 15:15:00+00:00,1737645300000.0,0.35108,0.35108,0.35089,0.35089,46242.0,1737645300999.0,16228.60145,182.0,6840.0,2400.98887
2025-01-23 15:15:01+00:00,1737645301000.0,0.3509,0.3509,0.35073,0.35073,64533.0,1737645301999.0,22640.58444,130.0,28210.0,9896.4074
2025-01-23 15:15:02+00:00,1737645302000.0,0.35072,0.35072,0.3505,0.3505,43399.0,1737645302999.0,15216.6025,158.0,17719.0,6212.28024
2025-01-23 15:15:03+00:00,1737645303000.0,0.35051,0.35067,0.35051,0.35067,8527.0,1737645303999.0,2989.19875,109.0,8509.0,2982.88669
2025-01-23 15:15:04+00:00,1737645304000.0,0.35066,0.35066,0.35061,0.35061,4511.0,1737645304999.0,1581.61783,34.0,4433.0,1554.26863
2025-01-23 15:15:05+00:00,1737645305000.0,0.35061,0.35081,0.35061,0.35066,45943.0,1737645305999.0,16110.91735,213.0,45267.0,15873.82828
2025-01-23 15:15:06+00:00,1737645306000.0,0.35066,0.35066,0.3505,0.3505,4992.0,1737645306999.0,1749.95539,98.0,615.0,215.619
2025-01-23 15:15:07+00:00,1737645307000.0,0.35051,0.35066,0.35051,0.35066,22570.0,1737645307999.0,7911.70848,118.0,21245.0,7447.11135
2025-01-23 15:15:08+00:00,1737645308000.0,0.35067,0.35067,0.35054,0.35057,17100.0,1737645308999.0,5995.37823,110.0,1383.0,484.84745
2025-01-23 15:15:09+00:00,1737645309000.0,0.35056,0.35062,0.35053,0.35053,22189.0,1737645309999.0,7778.88949,119.0,21808.0,7645.32782
2025-01-23 15:15:10+00:00,1737645310000.0,0.35053,0.35063,0.35052,0.35063,16493.0,1737645310999.0,5782.20134,74.0,6023.0,2111.53531
2025-01-23 15:15:11+00:00,1737645311000.0,0.35064,0.35075,0.35055,0.35055,42604.0,1737645311999.0,14937.01416,204.0,1890.0,662.87032
2025-01-23 15:15:12+00:00,1737645312000.0,0.35055,0.35055,0.3505,0.3505,18589.0,1737645312999.0,6515.87997,94.0,11680.0,4094.05941
2025-01-23 15:15:13+00:00,1737645313000.0,0.35051,0.35051,0.35025,0.35026,44948.0,1737645313999.0,15746.70702,164.0,30975.0,10852.02923
2025-01-23 15:15:14+00:00,1737645314000.0,0.35026,0.35026,0.35022,0.35022,1015.0,1737645314999.0,355.49453,28.0,305.0,106.8293
2025-01-23 15:15:15+00:00,1737645315000.0,0.35022,0.35022,0.3501,0.35016,10389.0,1737645315999.0,3637.48518,111.0,6474.0,2266.55516
2025-01-23 15:15:16+00:00,1737645316000.0,0.35017,0.35032,0.35017,0.35025,32704.0,1737645316999.0,11455.45683,165.0,28942.0,10137.61619
2025-01-23 15:15:17+00:00,1737645317000.0,0.35023,0.35027,0.3502,0.35024,3520.0,1737645317999.0,1232.92689,71.0,3289.0,1152.02534
2025-01-23 15:15:18+00:00,1737645318000.0,0.35024,0.35026,0.35024,0.35025,5362.0,1737645318999.0,1877.9975,19.0,4342.0,1520.7425
2025-01-23 15:15:19+00:00,1737645319000.0,0.35026,0.35026,0.35016,0.35016,55285.0,1737645319999.0,19361.63229,79.0,1272.0,445.5208
2025-01-23 15:15:20+00:00,1737645320000.0,0.35015,0.35015,0.35002,0.35003,11273.0,1737645320999.0,3946.2922,124.0,485.0,169.76455
2025-01-23 15:15:21+00:00,1737645321000.0,0.35002,0.35018,0.35002,0.35018,59044.0,1737645321999.0,20672.1906,117.0,7733.0,2707.07719
2025-01-23 15:15:22+00:00,1737645322000.0,0.35017,0.35026,0.35011,0.35026,28394.0,1737645322999.0,9941.92432,178.0,26990.0,9450.32453
2025-01-23 15:15:23+00:00,1737645323000.0,0.35027,0.35056,0.35027,0.35056,40232.0,1737645323999.0,14099.13474,200.0,40232.0,14099.13474
2025-01-23 15:15:24+00:00,1737645324000.0,0.35056,0.35085,0.35056,0.35085,50457.0,1737645324999.0,17694.39386,237.0,50428.0,17684.22501
2025-01-23 15:15:25+00:00,1737645325000.0,0.35086,0.35086,0.3508,0.35081,9127.0,1737645325999.0,3202.08684,40.0,3221.0,1129.97504
2025-01-23 15:15:26+00:00,1737645326000.0,0.35081,0.35081,0.35061,0.35061,5305.0,1737645326999.0,1860.58752,105.0,2285.0,801.40137
2025-01-23 15:15:27+00:00,1737645327000.0,0.35061,0.35063,0.35046,0.35046,4040.0,1737645327999.0,1416.21087,67.0,345.0,120.96652
2025-01-23 15:15:28+00:00,1737645328000.0,0.35045,0.35045,0.35024,0.35024,5795.0,1737645328999.0,2030.2574,87.0,320.0,112.105
2025-01-23 15:15:29+00:00,1737645329000.0,0.35023,0.35023,0.35019,0.35022,1835.0,1737645329999.0,642.64543,38.0,1671.0,585.21093
2025-01-23 15:15:30+00:00,1737645330000.0,0.35022,0.35034,0.35019,0.35019,40708.0,1737645330999.0,14258.77292,130.0,30340.0,10627.40926
2025-01-23 15:15:31+00:00,1737645331000.0,0.35018,0.35021,0.35013,0.3502,2169.0,1737645331999.0,759.53129,74.0,686.0,240.22361
2025-01-23 15:15:32+00:00,1737645332000.0,0.35019,0.35029,0.35015,0.35029,1967.0,1737645332999.0,688.88587,100.0,1875.0,656.6711
2025-01-23 15:15:33+00:00,1737645333000.0,0.35029,0.35035,0.35024,0.35024,39339.0,1737645333999.0,13778.92384,79.0,280.0,98.09137
2025-01-23 15:15:34+00:00,1737645334000.0,0.35023,0.3503,0.3502,0.35023,79101.0,1737645334999.0,27703.87729,84.0,77516.0,27148.74609
2025-01-23 15:15:35+00:00,1737645335000.0,0.35022,0.35027,0.35019,0.35022,2477.0,1737645335999.0,867.47945,67.0,1045.0,365.98669
2025-01-23 15:15:36+00:00,1737645336000.0,0.35022,0.35022,0.35009,0.35015,13464.0,1737645336999.0,4714.29302,87.0,1434.0,502.06998
2025-01-23 15:15:37+00:00,1737645337000.0,0.35016,0.35019,0.35006,0.35006,13209.0,1737645337999.0,4624.58564,70.0,4465.0,1563.594
2025-01-23 15:15:38+00:00,1737645338000.0,0.35007,0.35008,0.35006,0.35008,11136.0,1737645338999.0,3898.33001,25.0,6165.0,2158.18167
2025-01-23 15:15:39+00:00,1737645339000.0,0.35008,0.35022,0.34997,0.35021,59414.0,1737645339999.0,20799.45749,299.0,28224.0,9882.73174
2025-01-23 15:15:40+00:00,1737645340000.0,0.35022,0.35028,0.35022,0.35027,2660.0,1737645340999.0,931.69305,67.0,2181.0,763.91372
2025-01-23 15:15:41+00:00,1737645341000.0,0.35028,0.35035,0.35028,0.35034,26302.0,1737645341999.0,9214.24059,67.0,24767.0,8676.5109
2025-01-23 15:15:42+00:00,1737645342000.0,0.35034,0.35034,0.35024,0.35024,42756.0,1737645342999.0,14976.11727,33.0,2426.0,849.7065
2025-01-23 15:15:43+00:00,1737645343000.0,0.35024,0.35024,0.35022,0.35022,2420.0,1737645343999.0,847.53536,8.0,0.0,0.0
2025-01-23 15:15:44+00:00,1737645344000.0,0.35021,0.35055,0.35021,0.35055,51466.0,1737645344999.0,18031.72999,244.0,51101.0,17903.77924
2025-01-23 15:15:45+00:00,1737645345000.0,0.35056,0.35058,0.35033,0.35033,7567.0,1737645345999.0,2652.40946,47.0,4132.0,1448.55425
2025-01-23 15:15:46+00:00,1737645346000.0,0.35034,0.35053,0.35034,0.35053,4864.0,1737645346999.0,1704.42826,118.0,4826.0,1691.10812
2025-01-23 15:15:47+00:00,1737645347000.0,0.35054,0.35094,0.35054,0.35094,27825.0,1737645347999.0,9758.72269,342.0,27825.0,9758.72269
2025-01-23 15:15:48+00:00,1737645348000.0,0.35095,0.35109,0.35095,0.35109,27886.0,1737645348999.0,9789.09426,117.0,27832.0,9770.1381
2025-01-23 15:15:49+00:00,1737645349000.0,0.3511,0.35115,0.3511,0.35114,21108.0,1737645349999.0,7411.43629,77.0,13775.0,4836.52685
2025-01-23 15:15:50+00:00,1737645350000.0,0.35114,0.35124,0.35114,0.35124,21800.0,1737645350999.0,7654.95779,55.0,1403.0,492.75521
2025-01-23 15:15:51+00:00,1737645351000.0,0.35124,0.35124,0.35115,0.35115,13967.0,1737645351999.0,4904.9445,23.0,4158.0,1460.29108
2025-01-23 15:15:52+00:00,1737645352000.0,0.35115,0.35115,0.35092,0.35092,7889.0,1737645352999.0,2769.18173,72.0,259.0,90.94361
2025-01-23 15:15:53+00:00,1737645353000.0,0.35091,0.3511,0.35091,0.35106,39227.0,1737645353999.0,13768.83528,111.0,34057.0,11953.83834
2025-01-23 15:15:54+00:00,1737645354000.0,0.35106,0.35123,0.35104,0.35123,52922.0,1737645354999.0,18580.93108,171.0,33590.0,11794.16983
2025-01-23 15:15:55+00:00,1737645355000.0,0.35124,0.35129,0.35124,0.35124,6604.0,1737645355999.0,2319.77751,74.0,4667.0,1639.39013
2025-01-23 15:15:56+00:00,1737645356000.0,0.35123,0.35132,0.35123,0.35132,2282.0,1737645356999.0,801.62099,65.0,1168.0,410.27694
2025-01-23 15:15:57+00:00,1737645357000.0,0.35132,0.35132,0.35125,0.35125,17143.0,1737645357999.0,6022.62438,64.0,568.0,199.52704
2025-01-23 15:15:58+00:00,1737645358000.0,0.35125,0.35129,0.35125,0.35129,9897.0,1737645358999.0,3476.45211,34.0,9897.0,3476.45211
2025-01-23 15:15:59+00:00,1737645359000.0,0.35129,0.35135,0.35128,0.35135,5113.0,1737645359999.0,1796.19333,71.0,647.0,227.30144
2025-01-23 15:16:00+00:00,1737645360000.0,0.35136,0.35148,0.35136,0.35148,28399.0,1737645360999.0,9978.97227,196.0,28289.0,9940.32255
2025-01-23 15:16:01+00:00,1737645361000.0,0.35147,0.35148,0.3513,0.3513,32239.0,1737645361999.0,11328.34517,141.0,3727.0,1309.96596
2025-01-23 15:16:02+00:00,1737645362000.0,0.35129,0.35151,0.3512,0.35151,189752.0,1737645362999.0,66660.69409,295.0,170588.0,59928.85357
2025-01-23 15:16:03+00:00,1737645363000.0,0.35152,0.35161,0.35151,0.35161,75683.0,1737645363999.0,26605.89253,269.0,38667.0,13593.79144
2025-01-23 15:16:04+00:00,1737645364000.0,0.35161,0.35172,0.35161,0.35168,84330.0,1737645364999.0,29655.66738,193.0,23333.0,8204.64513
2025-01-23 15:16:05+00:00,1737645365000.0,0.35167,0.35167,0.35134,0.35134,45474.0,1737645365999.0,15986.49464,206.0,0.0,0.0
2025-01-23 15:16:06+00:00,1737645366000.0,0.35134,0.35138,0.35128,0.3513,91712.0,1737645366999.0,32222.71257,102.0,28153.0,9891.27494
2025-01-23 15:16:07+00:00,1737645367000.0,0.35131,0.35141,0.35131,0.3514,5377.0,1737645367999.0,1889.24254,54.0,5344.0,1877.64613
2025-01-23 15:16:08+00:00,1737645368000.0,0.35139,0.35155,0.35137,0.35155,21024.0,1737645368999.0,7387.74327,64.0,4657.0,1636.64703
2025-01-23 15:16:09+00:00,1737645369000.0,0.35156,0.35157,0.35138,0.35144,10441.0,1737645369999.0,3669.81408,141.0,4841.0,1701.80736
2025-01-23 15:16:10+00:00,1737645370000.0,0.35145,0.35157,0.35145,0.35157,7602.0,1737645370999.0,2672.50111,48.0,5835.0,2051.33748
2025-01-23 15:16:11+00:00,1737645371000.0,0.35158,0.35158,0.35153,0.35153,930.0,1737645371999.0,326.93506,38.0,175.0,61.5265
2025-01-23 15:16:12+00:00,1737645372000.0,0.35154,0.35154,0.35149,0.35153,35272.0,1737645372999.0,12398.40407,92.0,27963.0,9829.08701
2025-01-23 15:16:13+00:00,1737645373000.0,0.35152,0.35152,0.35142,0.35142,4479.0,1737645373999.0,1574.16397,79.0,471.0,165.54406
2025-01-23 15:16:14+00:00,1737645374000.0,0.35143,0.35148,0.35129,0.35129,55669.0,1737645374999.0,19559.72315,124.0,28299.0,9943.1098
2025-01-23 15:16:15+00:00,1737645375000.0,0.35128,0.35135,0.35127,0.35131,3740.0,1737645375999.0,1313.99558,58.0,3549.0,1246.89725
2025-01-23 15:16:16+00:00,1737645376000.0,0.35131,0.35131,0.35102,0.35102,32222.0,1737645376999.0,11318.22532,144.0,4273.0,1499.95119
2025-01-23 15:16:17+00:00,1737645377000.0,0.35103,0.35119,0.35103,0.35119,3382.0,1737645377999.0,1187.54753,107.0,3155.0,1107.84329
2025-01-23 15:16:18+00:00,1737645378000.0,0.35116,0.35116,0.35106,0.35113,68488.0,1737645378999.0,24047.13226,80.0,20904.0,7338.88601
2025-01-23 15:16:19+00:00,1737645379000.0,0.35114,0.35125,0.35114,0.35125,1319.0,1737645379999.0,463.21789,76.0,1319.0,463.21789
2025-01-23 15:16:20+00:00,1737645380000.0,0.35126,0.35136,0.35122,0.35135,39316.0,1737645380999.0,13810.87985,66.0,19665.0,6908.45659
2025-01-23 15:16:21+00:00,1737645381000.0,0.35135,0.35135,0.35118,0.35118,3054.0,1737645381999.0,1072.78216,56.0,3.0,1.05375
2025-01-23 15:16:22+00:00,1737645382000.0,0.35118,0.3513,0.35118,0.3513,7286.0,1737645382999.0,2559.07248,93.0,7286.0,2559.07248
2025-01-23 15:16:23+00:00,1737645383000.0,0.3513,0.3513,0.35122,0.35122,1742.0,1737645383999.0,611.89461,29.0,579.0,203.35704
2025-01-23 15:16:24+00:00,1737645384000.0,0.35122,0.3513,0.35122,0.3513,5711.0,1737645384999.0,2006.01083,69.0,5711.0,2006.01083
2025-01-23 15:16:25+00:00,1737645385000.0,0.3513,0.3513,0.35118,0.35118,17818.0,1737645385999.0,6258.20085,57.0,906.0,318.20532
2025-01-23 15:16:26+00:00,1737645386000.0,0.35117,0.35129,0.35115,0.35129,10178.0,1737645386999.0,3574.96822,108.0,8437.0,2963.47696
2025-01-23 15:16:27+00:00,1737645387000.0,0.35129,0.35129,0.35125,0.35125,1586.0,1737645387999.0,557.10456,32.0,0.0,0.0
2025-01-23 15:16:28+00:00,1737645388000.0,0.35126,0.3513,0.35116,0.35116,5907.0,1737645388999.0,2074.4473,84.0,100.0,35.1285
2025-01-23 15:16:29+00:00,1737645389000.0,0.35115,0.35115,0.35099,0.35099,22142.0,1737645389999.0,7773.64321,76.0,4938.0,1733.60049
2025-01-23 15:16:30+00:00,1737645390000.0,0.35098,0.35098,0.3508,0.35081,11750.0,1737645390999.0,4122.94366,77.0,321.0,112.61965
2025-01-23 15:16:31+00:00,1737645391000.0,0.3508,0.35096,0.35078,0.35096,4985.0,1737645391999.0,1749.02834,140.0,3313.0,1162.39094
2025-01-23 15:16:32+00:00,1737645392000.0,0.35097,0.351,0.35087,0.35088,17967.0,1737645392999.0,6305.48077,103.0,4492.0,1576.22012
2025-01-23 15:16:33+00:00,1737645393000.0,0.35087,0.35087,0.35078,0.35083,5410.0,1737645393999.0,1898.08281,79.0,1061.0,372.20593
2025-01-23 15:16:34+00:00,1737645394000.0,0.35083,0.35085,0.35072,0.35072,7045.0,1737645394999.0,2471.45013,163.0,379.0,132.93569
2025-01-23 15:16:35+00:00,1737645395000.0,0.35071,0.3508,0.35067,0.35074,3440.0,1737645395999.0,1206.58105,118.0,1608.0,564.05675
2025-01-23 15:16:36+00:00,1737645396000.0,0.35074,0.35075,0.35073,0.35073,7056.0,1737645396999.0,2474.88035,18.0,5895.0,2067.67125
2025-01-23 15:16:37+00:00,1737645397000.0,0.35074,0.35099,0.35074,0.35099,22606.0,1737645397999.0,7931.70633,171.0,20751.0,7280.67553
2025-01-23 15:16:38+00:00,1737645398000.0,0.35099,0.35118,0.35098,0.35118,5396.0,1737645398999.0,1894.21939,140.0,4270.0,1498.79422
2025-01-23 15:16:39+00:00,1737645399000.0,0.35118,0.35121,0.35115,0.35121,17714.0,1737645399999.0,6220.34782,67.0,17670.0,6204.89644
2025-01-23 15:16:40+00:00,1737645400000.0,0.35122,0.35123,0.35122,0.35122,28843.0,1737645400999.0,10130.52039,28.0,92.0,32.3127
2025-01-23 15:16:41+00:00,1737645401000.0,0.35122,0.35122,0.35105,0.35111,24904.0,1737645401999.0,8742.92988,73.0,18391.0,6456.16763
2025-01-23 15:16:42+00:00,1737645402000.0,0.3511,0.35123,0.35108,0.35115,52719.0,1737645402999.0,18509.6312,70.0,50005.0,17556.59453
2025-01-23 15:16:43+00:00,1737645403000.0,0.35114,0.35114,0.35105,0.35105,27003.0,1737645403999.0,9480.31755,15.0,0.0,0.0
2025-01-23 15:16:44+00:00,1737645404000.0,0.35101,0.35101,0.35098,0.35099,31744.0,1737645404999.0,11141.89651,29.0,486.0,170.58114
2025-01-23 15:16:45+00:00,1737645405000.0,0.351,0.351,0.35096,0.35096,125.0,1737645405999.0,43.87226,23.0,21.0,7.371
2025-01-23 15:16:46+00:00,1737645406000.0,0.35097,0.35097,0.35081,0.35081,11630.0,1737645406999.0,4080.73968,118.0,582.0,204.18852
2025-01-23 15:16:47+00:00,1737645407000.0,0.35081,0.35088,0.35078,0.35078,8159.0,1737645407999.0,2862.4764,114.0,7855.0,2755.82734
2025-01-23 15:16:48+00:00,1737645408000.0,0.35077,0.35094,0.35075,0.35094,5779.0,1737645408999.0,2027.1488,145.0,5641.0,1978.74392
2025-01-23 15:16:49+00:00,1737645409000.0,0.35094,0.35096,0.35093,0.35096,2053.0,1737645409999.0,720.51678,23.0,1949.0,684.01928
2025-01-23 15:16:50+00:00,1737645410000.0,0.35096,0.35096,0.35086,0.35089,9150.0,1737645410999.0,3210.61657,58.0,6620.0,2322.80381
2025-01-23 15:16:51+00:00,1737645411000.0,0.3509,0.35092,0.35072,0.35072,18017.0,1737645411999.0,6322.07619,98.0,910.0,319.30328
2025-01-23 15:16:52+00:00,1737645412000.0,0.35073,0.3509,0.35073,0.35073,41833.0,1737645412999.0,14675.76527,117.0,41366.0,14511.94314
2025-01-23 15:16:53+00:00,1737645413000.0,0.35073,0.35073,0.35062,0.35062,9067.0,1737645413999.0,3179.1733,46.0,463.0,162.35609
2025-01-23 15:16:54+00:00,1737645414000.0,0.35061,0.35072,0.35055,0.35068,56438.0,1737645414999.0,19789.26126,94.0,51888.0,18193.86036
2025-01-23 15:16:55+00:00,1737645415000.0,0.35068,0.35068,0.35064,0.35064,16771.0,1737645415999.0,5880.61304,20.0,16000.0,5610.24
2025-01-23 15:16:56+00:00,1737645416000.0,0.35063,0.35081,0.35063,0.35081,14572.0,1737645416999.0,5110.85097,138.0,12248.0,4295.77823
2025-01-23 15:16:57+00:00,1737645417000.0,0.35082,0.35089,0.35081,0.35081,35662.0,1737645417999.0,12510.91378,105.0,35251.0,12366.72151
2025-01-23 15:16:58+00:00,1737645418000.0,0.3508,0.3508,0.35068,0.35069,13838.0,1737645418999.0,4852.76356,64.0,1045.0,366.47105
2025-01-23 15:16:59+00:00,1737645419000.0,0.35068,0.35068,0.35063,0.35063,5338.0,1737645419999.0,1871.74645,19.0,330.0,115.7112
2025-01-23 15:17:00+00:00,1737645420000.0,0.35063,0.35063,0.35042,0.35042,51523.0,1737645420999.0,18059.99428,112.0,1353.0,474.33162
2025-01-23 15:17:01+00:00,1737645421000.0,0.35041,0.35041,0.3502,0.3502,28293.0,1737645421999.0,9910.43161,107.0,226.0,79.14585
2025-01-23 15:17:02+00:00,1737645422000.0,0.35019,0.35019,0.3501,0.3501,1736.0,1737645422999.0,607.89312,58.0,0.0,0.0
2025-01-23 15:17:03+00:00,1737645423000.0,0.3501,0.35011,0.35007,0.35011,19596.0,1737645423999.0,6860.20266,47.0,19319.0,6763.22844
2025-01-23 15:17:04+00:00,1737645424000.0,0.35012,0.35032,0.35012,0.35022,81543.0,1737645424999.0,28561.21224,234.0,49354.0,17285.12303
2025-01-23 15:17:05+00:00,1737645425000.0,0.35021,0.35021,0.35004,0.35004,44963.0,1737645425999.0,15741.40798,112.0,11674.0,4088.02403
2025-01-23 15:17:06+00:00,1737645426000.0,0.35004,0.35013,0.35004,0.35013,1171.0,1737645426999.0,409.9149,46.0,534.0,186.93942
2025-01-23 15:17:07+00:00,1737645427000.0,0.35013,0.35022,0.35012,0.35017,90870.0,1737645427999.0,31819.6442,125.0,43204.0,15128.57754
2025-01-23 15:17:08+00:00,1737645428000.0,0.35016,0.35016,0.35003,0.35003,47776.0,1737645428999.0,16727.5938,94.0,4566.0,1598.68551
2025-01-23 15:17:09+00:00,1737645429000.0,0.35002,0.3501,0.35001,0.3501,9182.0,1737645429999.0,3213.95461,74.0,4749.0,1662.28855
2025-01-23 15:17:10+00:00,1737645430000.0,0.3501,0.35016,0.35008,0.3501,51492.0,1737645430999.0,18027.62502,166.0,23608.0,8265.18618
2025-01-23 15:17:11+00:00,1737645431000.0,0.35009,0.35009,0.35007,0.35007,150.0,1737645431999.0,52.51185,25.0,3.0,1.05024
2025-01-23 15:17:12+00:00,1737645432000.0,0.35006,0.35006,0.35,0.35001,88224.0,1737645432999.0,30878.42121,177.0,800.0,280.0024
2025-01-23 15:17:13+00:00,1737645433000.0,0.35001,0.35005,0.34998,0.34999,45883.0,1737645433999.0,16060.05035,89.0,16854.0,5899.0306
2025-01-23 15:17:14+00:00,1737645434000.0,0.34998,0.34998,0.34984,0.34985,14374.0,1737645434999.0,5029.07406,184.0,3415.0,1194.82275
2025-01-23 15:17:15+00:00,1737645435000.0,0.34985,0.34996,0.34985,0.34995,30644.0,1737645435999.0,10721.81325,72.0,17868.0,6251.55003
2025-01-23 15:17:16+00:00,1737645436000.0,0.34996,0.34996,0.34987,0.34994,9953.0,1737645436999.0,3482.6864,92.0,9580.0,3352.17555
2025-01-23 15:17:17+00:00,1737645437000.0,0.34995,0.35001,0.34995,0.35,32087.0,1737645437999.0,11230.1255,71.0,31006.0,10851.77029
2025-01-23 15:17:18+00:00,1737645438000.0,0.34999,0.35021,0.34999,0.35004,91067.0,1737645438999.0,31881.1536,242.0,77705.0,27202.8797
2025-01-23 15:17:19+00:00,1737645439000.0,0.35003,0.35003,0.34999,0.34999,5697.0,1737645439999.0,1994.09712,46.0,234.0,81.90646
2025-01-23 15:17:20+00:00,1737645440000.0,0.34998,0.35004,0.34998,0.35002,140896.0,1737645440999.0,49314.9365,76.0,127295.0,44554.28757
2025-01-23 15:17:21+00:00,1737645441000.0,0.35001,0.35002,0.35001,0.35001,743.0,1737645441999.0,260.06063,10.0,320.0,112.0064
2025-01-23 15:17:22+00:00,1737645442000.0,0.35001,0.35001,0.3498,0.3498,60355.0,1737645442999.0,21122.46153,177.0,286.0,100.04852
2025-01-23 15:17:23+00:00,1737645443000.0,0.3498,0.3498,0.34973,0.34973,8071.0,1737645443999.0,2823.00238,67.0,428.0,149.69726
2025-01-23 15:17:24+00:00,1737645444000.0,0.34973,0.34986,0.34973,0.34976,248373.0,1737645444999.0,86871.82484,159.0,241008.0,84295.19167
2025-01-23 15:17:25+00:00,1737645445000.0,0.34976,0.34986,0.34976,0.34986,55607.0,1737645445999.0,19453.20846,95.0,55607.0,19453.20846
2025-01-23 15:17:26+00:00,1737645446000.0,0.34987,0.34994,0.34987,0.34994,4177.0,1737645446999.0,1461.51872,54.0,4106.0,1436.67369
2025-01-23 15:17:27+00:00,1737645447000.0,0.34994,0.34994,0.34976,0.34978,66424.0,1737645447999.0,23237.30235,57.0,14141.0,4946.38749
2025-01-23 15:17:28+00:00,1737645448000.0,0.34978,0.34985,0.34978,0.3498,31566.0,1737645448999.0,11042.56709,71.0,16371.0,5727.04644
2025-01-23 15:17:29+00:00,1737645449000.0,0.3498,0.3498,0.3497,0.34975,2284.0,1737645449999.0,798.80048,84.0,928.0,324.56371
2025-01-23 15:17:30+00:00,1737645450000.0,0.34976,0.34987,0.34976,0.34982,37223.0,1737645450999.0,13021.32067,105.0,36014.0,12598.39904
2025-01-23 15:17:31+00:00,1737645451000.0,0.34981,0.34981,0.34952,0.34952,29495.0,1737645451999.0,10312.92456,169.0,1385.0,484.37452
2025-01-23 15:17:32+00:00,1737645452000.0,0.34952,0.34954,0.34943,0.34947,100562.0,1737645452999.0,35144.44177,219.0,28615.0,9999.99744
2025-01-23 15:17:33+00:00,1737645453000.0,0.34946,0.34957,0.34942,0.34957,40915.0,1737645453999.0,14299.32515,134.0,36047.0,12598.23098
2025-01-23 15:17:34+00:00,1737645454000.0,0.34957,0.34959,0.34956,0.34959,4857.0,1737645454999.0,1697.84446,31.0,2306.0,806.1169
2025-01-23 15:17:35+00:00,1737645455000.0,0.3496,0.34971,0.34957,0.34971,49421.0,1737645455999.0,17279.29702,169.0,26379.0,9222.91509
2025-01-23 15:17:36+00:00,1737645456000.0,0.34971,0.34971,0.34956,0.34956,4285.0,1737645456999.0,1498.2906,20.0,899.0,314.38077
2025-01-23 15:17:37+00:00,1737645457000.0,0.34955,0.34955,0.3495,0.34951,14389.0,1737645457999.0,5028.97063,20.0,36.0,12.58215
2025-01-23 15:17:38+00:00,1737645458000.0,0.34952,0.34952,0.34943,0.34943,1882.0,1737645458999.0,657.65189,20.0,11.0,3.84472
2025-01-23 15:17:39+00:00,1737645459000.0,0.34944,0.34958,0.34944,0.34958,7473.0,1737645459999.0,2612.13018,93.0,7340.0,2565.64801
2025-01-23 15:17:40+00:00,1737645460000.0,0.34959,0.34959,0.34943,0.34943,11565.0,1737645460999.0,4042.05747,32.0,6562.0,2293.66632
2025-01-23 15:17:41+00:00,1737645461000.0,0.34941,0.34941,0.34937,0.34937,8346.0,1737645461999.0,2915.90467,56.0,1618.0,565.28431
2025-01-23 15:17:42+00:00,1737645462000.0,0.34936,0.34939,0.34936,0.34939,1229.0,1737645462999.0,429.37294,23.0,792.0,276.70262
2025-01-23 15:17:43+00:00,1737645463000.0,0.34939,0.34939,0.34933,0.34933,2121.0,1737645463999.0,741.02636,15.0,176.0,61.48778
2025-01-23 15:17:44+00:00,1737645464000.0,0.34933,0.34933,0.34926,0.34926,35317.0,1737645464999.0,12337.07224,83.0,20.0,6.9854
2025-01-23 15:17:45+00:00,1737645465000.0,0.34926,0.34933,0.34926,0.34928,2255.0,1737645465999.0,787.64147,50.0,1254.0,438.02447
2025-01-23 15:17:46+00:00,1737645466000.0,0.34928,0.34928,0.34919,0.3492,14298.0,1737645466999.0,4993.5215,113.0,3342.0,1167.19879
2025-01-23 15:17:47+00:00,1737645467000.0,0.34919,0.3493,0.34919,0.34927,29118.0,1737645467999.0,10169.27893,133.0,23582.0,8235.74702
2025-01-23 15:17:48+00:00,1737645468000.0,0.34926,0.34926,0.34911,0.34911,50550.0,1737645468999.0,17650.4996,233.0,31461.0,10984.99261
2025-01-23 15:17:49+00:00,1737645469000.0,0.3491,0.34911,0.34901,0.34902,7616.0,1737645469999.0,2658.55785,87.0,3449.0,1204.05078
2025-01-23 15:17:50+00:00,1737645470000.0,0.34903,0.34903,0.34902,0.34902,163.0,1737645470999.0,56.89053,10.0,27.0,9.42381
2025-01-23 15:17:51+00:00,1737645471000.0,0.34902,0.34902,0.34891,0.34893,50856.0,1737645471999.0,17745.79377,153.0,28973.0,10109.26043
2025-01-23 15:17:52+00:00,1737645472000.0,0.34892,0.34892,0.34869,0.34886,116646.0,1737645472999.0,40686.98747,273.0,30409.0,10606.62886
2025-01-23 15:17:53+00:00,1737645473000.0,0.34887,0.34889,0.34886,0.34887,8086.0,1737645473999.0,2820.9716,35.0,6553.0,2286.14656
2025-01-23 15:17:54+00:00,1737645474000.0,0.34883,0.34883,0.34868,0.34876,73364.0,1737645474999.0,25584.39162,64.0,10786.0,3761.94108
2025-01-23 15:17:55+00:00,1737645475000.0,0.34877,0.34892,0.34877,0.34889,38087.0,1737645475999.0,13287.22907,146.0,26666.0,9302.2391
2025-01-23 15:17:56+00:00,1737645476000.0,0.3489,0.34893,0.34889,0.34889,17616.0,1737645476999.0,6146.71305,57.0,2619.0,913.84353
2025-01-23 15:17:57+00:00,1737645477000.0,0.34889,0.34908,0.34886,0.34908,69803.0,1737645477999.0,24356.8339,191.0,64734.0,22588.34033
2025-01-23 15:17:58+00:00,1737645478000.0,0.34909,0.34928,0.34909,0.34911,103983.0,1737645478999.0,36310.55493,235.0,46979.0,16405.01314
2025-01-23 15:17:59+00:00,1737645479000.0,0.34911,0.34911,0.34898,0.34898,15139.0,1737645479999.0,5284.17344,116.0,584.0,203.82027
2025-01-23 15:18:00+00:00,1737645480000.0,0.34899,0.34909,0.34899,0.34905,33259.0,1737645480999.0,11609.78154,114.0,2382.0,831.41467
2025-01-23 15:18:01+00:00,1737645481000.0,0.34906,0.34921,0.34906,0.3492,72834.0,1737645481999.0,25433.22097,149.0,31993.0,11171.14439
2025-01-23 15:18:02+00:00,1737645482000.0,0.34919,0.34919,0.34896,0.34896,62226.0,1737645482999.0,21724.94012,189.0,1251.0,436.6225
2025-01-23 15:18:03+00:00,1737645483000.0,0.34896,0.34903,0.34886,0.34886,45885.0,1737645483999.0,16011.8527,171.0,1446.0,504.64892
2025-01-23 15:18:04+00:00,1737645484000.0,0.34886,0.34893,0.3488,0.3489,22394.0,1737645484999.0,7812.50205,137.0,18020.0,6286.74463
2025-01-23 15:18:05+00:00,1737645485000.0,0.34889,0.34895,0.3488,0.34895,15260.0,1737645485999.0,5323.56159,163.0,2949.0,1028.80136
2025-01-23 15:18:06+00:00,1737645486000.0,0.34896,0.34897,0.34884,0.34884,44724.0,1737645486999.0,15607.10436,116.0,2349.0,819.63964
2025-01-23 15:18:07+00:00,1737645487000.0,0.34884,0.34884,0.3488,0.3488,1517.0,1737645487999.0,529.15853,33.0,88.0,30.69792
2025-01-23 15:18:08+00:00,1737645488000.0,0.34881,0.34886,0.34878,0.34878,13495.0,1737645488999.0,4707.69014,80.0,8784.0,3064.3055
2025-01-23 15:18:09+00:00,1737645489000.0,0.34877,0.3488,0.3487,0.3487,26680.0,1737645489999.0,9305.72754,107.0,21418.0,7470.4564
2025-01-23 15:18:10+00:00,1737645490000.0,0.3487,0.34882,0.3487,0.34878,4778.0,1737645490999.0,1666.49003,53.0,1729.0,603.02613
2025-01-23 15:18:11+00:00,1737645491000.0,0.34879,0.34887,0.34873,0.34887,145025.0,1737645491999.0,50582.9348,144.0,133793.0,46665.79826
2025-01-23 15:18:12+00:00,1737645492000.0,0.3488,0.34881,0.34867,0.34867,7319.0,1737645492999.0,2552.3479,100.0,28.0,9.76647
2025-01-23 15:18:13+00:00,1737645493000.0,0.34866,0.34867,0.3486,0.3486,9692.0,1737645493999.0,3379.18645,102.0,3147.0,1097.23733
2025-01-23 15:18:14+00:00,1737645494000.0,0.3486,0.34873,0.3486,0.34873,23663.0,1737645494999.0,8249.21374,88.0,12189.0,4249.2626
2025-01-23 15:18:15+00:00,1737645495000.0,0.34873,0.34873,0.34856,0.34856,14286.0,1737645495999.0,4980.59978,135.0,2732.0,952.56317
2025-01-23 15:18:16+00:00,1737645496000.0,0.34857,0.34857,0.3485,0.34853,24184.0,1737645496999.0,8428.9515,142.0,1961.0,683.526
2025-01-23 15:18:17+00:00,1737645497000.0,0.34854,0.34854,0.34842,0.34844,20549.0,1737645497999.0,7161.24403,153.0,9505.0,3312.7213
2025-01-23 15:18:18+00:00,1737645498000.0,0.34843,0.34846,0.34837,0.34846,24162.0,1737645498999.0,8418.11858,147.0,10053.0,3502.47431
2025-01-23 15:18:19+00:00,1737645499000.0,0.34846,0.34848,0.34817,0.34844,385370.0,1737645499999.0,134219.89045,403.0,1968.0,685.76492
2025-01-23 15:18:20+00:00,1737645500000.0,0.34844,0.34844,0.34832,0.34836,27121.0,1737645500999.0,9447.78155,89.0,18642.0,6493.83027
2025-01-23 15:18:21+00:00,1737645501000.0,0.34835,0.34848,0.34835,0.34848,33530.0,1737645501999.0,11681.81216,107.0,32940.0,11476.25836
2025-01-23 15:18:22+00:00,1737645502000.0,0.34847,0.34859,0.34844,0.34859,52528.0,1737645502999.0,18307.14068,129.0,49160.0,17133.58208
2025-01-23 15:18:23+00:00,1737645503000.0,0.34859,0.34859,0.34852,0.34852,25907.0,1737645503999.0,9030.15115,55.0,119.0,41.47864
2025-01-23 15:18:24+00:00,1737645504000.0,0.34852,0.34852,0.34844,0.34845,35012.0,1737645504999.0,12200.855,67.0,6311.0,2199.13158
2025-01-23 15:18:25+00:00,1737645505000.0,0.34845,0.34851,0.3483,0.34848,137574.0,1737645505999.0,47927.47229,167.0,24934.0,8687.89006
2025-01-23 15:18:26+00:00,1737645506000.0,0.34848,0.34862,0.34831,0.34856,167638.0,1737645506999.0,58412.1188,202.0,17028.0,5934.42457
2025-01-23 15:18:27+00:00,1737645507000.0,0.34857,0.34865,0.34852,0.34865,18216.0,1737645507999.0,6349.93746,113.0,15740.0,5486.91179
2025-01-23 15:18:28+00:00,1737645508000.0,0.34866,0.3487,0.34866,0.3487,14234.0,1737645508999.0,4963.08648,64.0,4520.0,1576.02692
2025-01-23 15:18:29+00:00,1737645509000.0,0.3487,0.34877,0.3487,0.3487,4794.0,1737645509999.0,1671.84886,70.0,3459.0,1206.28898
2025-01-23 15:18:30+00:00,1737645510000.0,0.34869,0.34869,0.34853,0.34853,35604.0,1737645510999.0,12411.46715,94.0,6353.0,2214.52585
2025-01-23 15:18:31+00:00,1737645511000.0,0.34853,0.34853,0.34835,0.34836,26895.0,1737645511999.0,9372.91163,63.0,308.0,107.30907
2025-01-23 15:18:32+00:00,1737645512000.0,0.34836,0.34867,0.34836,0.34867,55425.0,1737645512999.0,19320.7295,219.0,55381.0,19305.39154
2025-01-23 15:18:33+00:00,1737645513000.0,0.34867,0.34885,0.34867,0.34871,114377.0,1737645513999.0,39890.40978,181.0,90289.0,31489.52102
2025-01-23 15:18:34+00:00,1737645514000.0,0.34867,0.34867,0.34862,0.34863,13999.0,1737645514999.0,4880.59635,28.0,4712.0,1642.74456
2025-01-23 15:18:35+00:00,1737645515000.0,0.34863,0.34863,0.34844,0.34844,13802.0,1737645515999.0,4810.69068,39.0,347.0,120.92008
2025-01-23 15:18:36+00:00,1737645516000.0,0.34843,0.34844,0.34831,0.34843,22189.0,1737645516999.0,7730.82373,173.0,5741.0,2000.34315
2025-01-23 15:18:37+00:00,1737645517000.0,0.34843,0.34849,0.34843,0.34847,17711.0,1737645517999.0,6171.81585,100.0,8894.0,3099.31614
2025-01-23 15:18:38+00:00,1737645518000.0,0.34847,0.34847,0.34829,0.34831,50875.0,1737645518999.0,17723.95391,171.0,7413.0,2582.30532
2025-01-23 15:18:39+00:00,1737645519000.0,0.34831,0.34837,0.34831,0.34837,5103.0,1737645519999.0,1777.50194,69.0,2102.0,732.19362
2025-01-23 15:18:40+00:00,1737645520000.0,0.34837,0.34837,0.34824,0.34831,65780.0,1737645520999.0,22908.91327,144.0,57564.0,20047.37574
2025-01-23 15:18:41+00:00,1737645521000.0,0.34831,0.34841,0.34824,0.34828,30562.0,1737645521999.0,10646.37145,82.0,13487.0,4697.79486
2025-01-23 15:18:42+00:00,1737645522000.0,0.34828,0.3484,0.34828,0.3484,13449.0,1737645522999.0,4684.44545,110.0,13449.0,4684.44545
2025-01-23 15:18:43+00:00,1737645523000.0,0.34841,0.34849,0.34841,0.34848,143250.0,1737645523999.0,49915.48296,82.0,142467.0,49642.62352
2025-01-23 15:18:44+00:00,1737645524000.0,0.34849,0.34858,0.34849,0.34858,12812.0,1737645524999.0,4465.28493,88.0,12548.0,4373.27301
2025-01-23 15:18:45+00:00,1737645525000.0,0.34857,0.3486,0.34848,0.3486,21130.0,1737645525999.0,7364.63046,92.0,16079.0,5604.10775
2025-01-23 15:18:46+00:00,1737645526000.0,0.3486,0.34863,0.34846,0.34846,9873.0,1737645526999.0,3441.61682,54.0,6300.0,2196.26586
2025-01-23 15:18:47+00:00,1737645527000.0,0.34845,0.34845,0.34834,0.34834,6238.0,1737645527999.0,2173.37204,24.0,4206.0,1465.49658
2025-01-23 15:18:48+00:00,1737645528000.0,0.34835,0.3484,0.34834,0.3484,8689.0,1737645528999.0,3026.93287,88.0,6880.0,2396.78581
2025-01-23 15:18:49+00:00,1737645529000.0,0.3484,0.34843,0.3484,0.34843,4982.0,1737645529999.0,1735.73531,41.0,4982.0,1735.73531
2025-01-23 15:18:50+00:00,1737645530000.0,0.34844,0.34861,0.34843,0.3486,8698.0,1737645530999.0,3030.99286,116.0,6787.0,2364.9614
2025-01-23 15:18:51+00:00,1737645531000.0,0.34861,0.34861,0.34851,0.34851,11200.0,1737645531999.0,3903.56604,21.0,142.0,49.50262
2025-01-23 15:18:52+00:00,1737645532000.0,0.34851,0.34851,0.34851,0.34851,1043.0,1737645532999.0,363.49593,5.0,0.0,0.0
2025-01-23 15:18:53+00:00,1737645533000.0,0.34852,0.34855,0.34852,0.34855,15034.0,1737645533999.0,5239.78144,44.0,15034.0,5239.78144
2025-01-23 15:18:54+00:00,1737645534000.0,0.34855,0.34871,0.34855,0.34868,23739.0,1737645534999.0,8276.80617,140.0,14845.0,5175.78911
2025-01-23 15:18:55+00:00,1737645535000.0,0.34868,0.34871,0.34868,0.34869,12594.0,1737645535999.0,4391.54139,39.0,12358.0,4309.24835
2025-01-23 15:18:56+00:00,1737645536000.0,0.34868,0.34868,0.34863,0.34863,11595.0,1737645536999.0,4042.65446,25.0,3576.0,1246.82721
2025-01-23 15:18:57+00:00,1737645537000.0,0.34864,0.34881,0.34864,0.34881,38340.0,1737645537999.0,13367.42975,124.0,38340.0,13367.42975
2025-01-23 15:18:58+00:00,1737645538000.0,0.34881,0.34889,0.34869,0.34869,5573.0,1737645538999.0,1943.80953,93.0,999.0,348.52338
2025-01-23 15:18:59+00:00,1737645539000.0,0.34869,0.34872,0.34869,0.34872,3672.0,1737645539999.0,1280.49321,37.0,403.0,140.52833
2025-01-23 15:19:00+00:00,1737645540000.0,0.34872,0.34872,0.34854,0.34854,27798.0,1737645540999.0,9691.61964,102.0,1166.0,406.4093
2025-01-23 15:19:01+00:00,1737645541000.0,0.34855,0.34858,0.34855,0.34855,7307.0,1737645541999.0,2546.88582,47.0,6928.0,2414.78501
2025-01-23 15:19:02+00:00,1737645542000.0,0.34856,0.34856,0.34848,0.34856,8961.0,1737645542999.0,3123.1938,88.0,2041.0,711.35158
2025-01-23 15:19:03+00:00,1737645543000.0,0.34856,0.34864,0.34856,0.34856,4876.0,1737645543999.0,1699.80816,94.0,3112.0,1084.88164
2025-01-23 15:19:04+00:00,1737645544000.0,0.34856,0.34867,0.34856,0.34862,64871.0,1737645544999.0,22615.24657,128.0,39673.0,13830.02662
2025-01-23 15:19:05+00:00,1737645545000.0,0.34861,0.34861,0.34848,0.34851,4299.0,1737645545999.0,1498.3069,90.0,1594.0,555.48325
2025-01-23 15:19:06+00:00,1737645546000.0,0.34852,0.34865,0.34852,0.34865,19979.0,1737645546999.0,6964.09221,112.0,19080.0,6650.70081
2025-01-23 15:19:07+00:00,1737645547000.0,0.34866,0.34888,0.34866,0.34879,77090.0,1737645547999.0,26889.84535,224.0,27323.0,9528.82669
2025-01-23 15:19:08+00:00,1737645548000.0,0.34878,0.34878,0.34871,0.34875,97941.0,1737645548999.0,34155.83729,104.0,91504.0,31910.86427
2025-01-23 15:19:09+00:00,1737645549000.0,0.34874,0.34875,0.34866,0.34874,28286.0,1737645549999.0,9863.53042,143.0,24344.0,8488.95517
2025-01-23 15:19:10+00:00,1737645550000.0,0.34875,0.34875,0.34861,0.34861,13563.0,1737645550999.0,4729.52794,90.0,321.0,111.91157
2025-01-23 15:19:11+00:00,1737645551000.0,0.34862,0.34862,0.3486,0.34861,11388.0,1737645551999.0,3970.00108,42.0,3359.0,1171.01425
2025-01-23 15:19:12+00:00,1737645552000.0,0.34862,0.3488,0.34862,0.3488,75275.0,1737645552999.0,26243.97669,147.0,3750.0,1307.62478
2025-01-23 15:19:13+00:00,1737645553000.0,0.34879,0.3488,0.34871,0.3488,13638.0,1737645553999.0,4756.26308,131.0,7630.0,2660.97838
2025-01-23 15:19:14+00:00,1737645554000.0,0.34881,0.34888,0.34879,0.3488,10097.0,1737645554999.0,3522.42257,116.0,2546.0,888.19175
2025-01-23 15:19:15+00:00,1737645555000.0,0.3488,0.34882,0.3488,0.3488,11413.0,1737645555999.0,3980.87814,38.0,3918.0,1366.59873
2025-01-23 15:19:16+00:00,1737645556000.0,0.34881,0.34881,0.34879,0.34881,4450.0,1737645556999.0,1552.15631,24.0,134.0,46.74041
2025-01-23 15:19:17+00:00,1737645557000.0,0.34882,0.34882,0.34862,0.34862,156305.0,1737645557999.0,54499.31941,211.0,91529.0,31911.58366
2025-01-23 15:19:18+00:00,1737645558000.0,0.34862,0.34865,0.34859,0.34859,28348.0,1737645558999.0,9883.31542,74.0,838.0,292.12166
2025-01-23 15:19:19+00:00,1737645559000.0,0.34859,0.34879,0.34859,0.34879,15875.0,1737645559999.0,5534.70899,78.0,15813.0,5513.08649
2025-01-23 15:19:20+00:00,1737645560000.0,0.34879,0.34905,0.34879,0.34894,365030.0,1737645560999.0,127369.59783,226.0,40404.0,14096.40561
2025-01-23 15:19:21+00:00,1737645561000.0,0.34894,0.34917,0.34894,0.34904,31362.0,1737645561999.0,10947.88247,216.0,28215.0,9849.20007
2025-01-23 15:19:22+00:00,1737645562000.0,0.34903,0.34903,0.34889,0.34889,7381.0,1737645562999.0,2575.71226,101.0,0.0,0.0
2025-01-23 15:19:23+00:00,1737645563000.0,0.34888,0.3489,0.34885,0.34889,3307.0,1737645563999.0,1153.75586,50.0,2931.0,1022.57942
2025-01-23 15:19:24+00:00,1737645564000.0,0.3489,0.3489,0.34881,0.34881,5110.0,1737645564999.0,1782.50487,56.0,56.0,19.5384
2025-01-23 15:19:25+00:00,1737645565000.0,0.3488,0.3488,0.34856,0.3487,364753.0,1737645565999.0,127161.28503,211.0,32066.0,11181.09981
2025-01-23 15:19:26+00:00,1737645566000.0,0.34871,0.34882,0.34871,0.34872,6996.0,1737645566999.0,2439.82553,146.0,1106.0,385.71808
2025-01-23 15:19:27+00:00,1737645567000.0,0.34871,0.34871,0.34865,0.34866,4745.0,1737645567999.0,1654.57697,73.0,828.0,288.72987
2025-01-23 15:19:28+00:00,1737645568000.0,0.34867,0.34869,0.34863,0.34863,56821.0,1737645568999.0,19811.55704,61.0,7419.0,2586.77784
2025-01-23 15:19:29+00:00,1737645569000.0,0.34863,0.34869,0.34861,0.34861,42008.0,1737645569999.0,14644.74173,131.0,37289.0,12999.4991
2025-01-23 15:19:30+00:00,1737645570000.0,0.34861,0.3487,0.34861,0.3487,3794.0,1737645570999.0,1322.72659,69.0,3765.0,1312.61632
2025-01-23 15:19:31+00:00,1737645571000.0,0.3487,0.34875,0.34858,0.34858,12837.0,1737645571999.0,4475.97167,146.0,4194.0,1462.21643
2025-01-23 15:19:32+00:00,1737645572000.0,0.34858,0.34868,0.34858,0.34868,12947.0,1737645572999.0,4513.30104,72.0,12845.0,4477.7418
2025-01-23 15:19:33+00:00,1737645573000.0,0.34869,0.34892,0.34869,0.34892,33233.0,1737645573999.0,11589.91973,174.0,30856.0,10760.87629
2025-01-23 15:19:34+00:00,1737645574000.0,0.34893,0.34912,0.34892,0.34912,117948.0,1737645574999.0,41155.73659,129.0,117937.0,41151.89847
2025-01-23 15:19:35+00:00,1737645575000.0,0.34912,0.34912,0.34894,0.34894,48103.0,1737645575999.0,16792.73711,148.0,49.0,17.10492
2025-01-23 15:19:36+00:00,1737645576000.0,0.34893,0.34893,0.34873,0.34874,5741.0,1737645576999.0,2002.95435,139.0,26.0,9.06724
2025-01-23 15:19:37+00:00,1737645577000.0,0.34874,0.34874,0.34862,0.34862,7899.0,1737645577999.0,2754.28935,91.0,2854.0,995.11475
2025-01-23 15:19:38+00:00,1737645578000.0,0.34862,0.34866,0.34862,0.34866,8222.0,1737645578999.0,2866.43857,35.0,8222.0,2866.43857
2025-01-23 15:19:39+00:00,1737645579000.0,0.34865,0.34867,0.34865,0.34866,2340.0,1737645579999.0,815.84472,13.0,74.0,25.8013
2025-01-23 15:19:40+00:00,1737645580000.0,0.34866,0.34868,0.34864,0.34864,32099.0,1737645580999.0,11191.76038,50.0,7220.0,2517.41745
2025-01-23 15:19:41+00:00,1737645581000.0,0.34863,0.34865,0.34859,0.34865,1935.0,1737645581999.0,674.54787,65.0,1576.0,549.40073
2025-01-23 15:19:42+00:00,1737645582000.0,0.34865,0.34865,0.3486,0.34861,33144.0,1737645582999.0,11554.57424,29.0,14982.0,5222.87502
2025-01-23 15:19:43+00:00,1737645583000.0,0.34861,0.34869,0.34861,0.34862,11729.0,1737645583999.0,4089.53097,81.0,6867.0,2394.34545
2025-01-23 15:19:44+00:00,1737645584000.0,0.34861,0.34861,0.34857,0.34857,11456.0,1737645584999.0,3993.34567,28.0,5120.0,1784.69562
2025-01-23 15:19:45+00:00,1737645585000.0,0.34857,0.34877,0.34857,0.34873,9109.0,1737645585999.0,3176.55897,132.0,6993.0,2438.58367
2025-01-23 15:19:46+00:00,1737645586000.0,0.34873,0.34875,0.34873,0.34873,7916.0,1737645586999.0,2760.64484,21.0,3768.0,1314.08928
2025-01-23 15:19:47+00:00,1737645587000.0,0.34873,0.34873,0.34873,0.34873,0.0,1737645587999.0,0.0,0.0,0.0,0.0
2025-01-23 15:19:48+00:00,1737645588000.0,0.34873,0.34878,0.34872,0.34872,16646.0,1737645588999.0,5804.98651,60.0,12408.0,4327.05663
2025-01-23 15:19:49+00:00,1737645589000.0,0.34872,0.34879,0.34872,0.34879,11298.0,1737645589999.0,3940.15341,80.0,7695.0,2683.62506
2025-01-23 15:19:50+00:00,1737645590000.0,0.3488,0.34903,0.3488,0.34903,46144.0,1737645590999.0,16098.72348,195.0,40406.0,14095.98934
2025-01-23 15:19:51+00:00,1737645591000.0,0.34903,0.34915,0.34903,0.34911,23204.0,1737645591999.0,8099.86371,116.0,14496.0,5060.4049
2025-01-23 15:19:52+00:00,1737645592000.0,0.34911,0.34911,0.34898,0.34898,12205.0,1737645592999.0,4260.03461,97.0,289.0,100.8927
2025-01-23 15:19:53+00:00,1737645593000.0,0.34898,0.34904,0.34898,0.349,27432.0,1737645593999.0,9573.64862,75.0,9415.0,3285.84335
2025-01-23 15:19:54+00:00,1737645594000.0,0.349,0.34908,0.349,0.34908,10901.0,1737645594999.0,3804.88149,70.0,10901.0,3804.88149
2025-01-23 15:19:55+00:00,1737645595000.0,0.34907,0.34909,0.34897,0.34897,74999.0,1737645595999.0,26177.61936,113.0,15998.0,5584.04633
2025-01-23 15:19:56+00:00,1737645596000.0,0.34897,0.34898,0.34897,0.34898,1500.0,1737645596999.0,523.46688,20.0,1183.0,412.84334
2025-01-23 15:19:57+00:00,1737645597000.0,0.34899,0.34907,0.34899,0.34907,2183.0,1737645597999.0,761.92642,70.0,1521.0,530.86594
2025-01-23 15:19:58+00:00,1737645598000.0,0.34906,0.34907,0.34896,0.34896,50435.0,1737645598999.0,17603.66323,110.0,32073.0,11195.71936
2025-01-23 15:19:59+00:00,1737645599000.0,0.34896,0.34896,0.34895,0.34895,158.0,1737645599999.0,55.13541,8.0,131.0,45.71376
2025-01-23 15:20:00+00:00,1737645600000.0,0.34896,0.34906,0.34896,0.34906,26697.0,1737645600999.0,9317.01617,116.0,7836.0,2735.00415
2025-01-23 15:20:01+00:00,1737645601000.0,0.34905,0.34905,0.34894,0.34894,5996.0,1737645601999.0,2092.66683,76.0,0.0,0.0
2025-01-23 15:20:02+00:00,1737645602000.0,0.34893,0.34915,0.34893,0.34914,28673.0,1737645602999.0,10007.83403,142.0,28387.0,9908.03585
2025-01-23 15:20:03+00:00,1737645603000.0,0.34915,0.34922,0.34914,0.34914,27164.0,1737645603999.0,9484.40349,113.0,4108.0,1434.55599
2025-01-23 15:20:04+00:00,1737645604000.0,0.34913,0.34914,0.34904,0.34904,13563.0,1737645604999.0,4735.25308,78.0,12398.0,4328.55772
2025-01-23 15:20:05+00:00,1737645605000.0,0.34903,0.34904,0.34893,0.34904,11593.0,1737645605999.0,4045.69412,126.0,3519.0,1228.15578
2025-01-23 15:20:06+00:00,1737645606000.0,0.34904,0.34909,0.34899,0.34909,12788.0,1737645606999.0,4463.56199,100.0,3540.0,1235.64633
2025-01-23 15:20:07+00:00,1737645607000.0,0.34909,0.34914,0.34904,0.34904,4505.0,1737645607999.0,1572.68692,104.0,927.0,323.6196
2025-01-23 15:20:08+00:00,1737645608000.0,0.34903,0.34903,0.34896,0.34896,2312.0,1737645608999.0,806.86244,58.0,257.0,89.68272
2025-01-23 15:20:09+00:00,1737645609000.0,0.34896,0.34899,0.34886,0.34886,73209.0,1737645609999.0,25546.80855,123.0,2396.0,836.1204
2025-01-23 15:20:10+00:00,1737645610000.0,0.34886,0.34895,0.34886,0.34893,14022.0,1737645610999.0,4892.36574,57.0,13986.0,4879.80405
2025-01-23 15:20:11+00:00,1737645611000.0,0.34893,0.34893,0.34888,0.34888,10494.0,1737645611999.0,3661.44816,37.0,10145.0,3539.68444
2025-01-23 15:20:12+00:00,1737645612000.0,0.34888,0.34893,0.34885,0.34885,11584.0,1737645612999.0,4041.67259,85.0,9752.0,3402.4695
2025-01-23 15:20:13+00:00,1737645613000.0,0.34885,0.34886,0.34868,0.34868,52538.0,1737645613999.0,18324.63091,148.0,361.0,125.89192
2025-01-23 15:20:14+00:00,1737645614000.0,0.34868,0.34869,0.3486,0.3486,32221.0,1737645614999.0,11234.71125,88.0,29545.0,10301.76236
2025-01-23 15:20:15+00:00,1737645615000.0,0.3486,0.34862,0.34859,0.34862,30050.0,1737645615999.0,10475.43226,52.0,29625.0,10327.28151
2025-01-23 15:20:16+00:00,1737645616000.0,0.34863,0.34872,0.34863,0.34872,9837.0,1737645616999.0,3429.68006,76.0,9837.0,3429.68006
2025-01-23 15:20:17+00:00,1737645617000.0,0.34872,0.34881,0.34872,0.34872,9438.0,1737645617999.0,3291.69811,104.0,5729.0,1998.20356
2025-01-23 15:20:18+00:00,1737645618000.0,0.34872,0.34885,0.34872,0.34885,1224.0,1737645618999.0,426.91068,85.0,874.0,304.85818
2025-01-23 15:20:19+00:00,1737645619000.0,0.34884,0.34884,0.34874,0.34874,12004.0,1737645619999.0,4186.6616,126.0,1158.0,403.88097
2025-01-23 15:20:20+00:00,1737645620000.0,0.34874,0.34884,0.3487,0.3487,41818.0,1737645620999.0,14584.56052,123.0,5856.0,2042.2938
2025-01-23 15:20:21+00:00,1737645621000.0,0.34871,0.34879,0.34866,0.34866,11686.0,1737645621999.0,4075.3286,125.0,4602.0,1605.01527
2025-01-23 15:20:22+00:00,1737645622000.0,0.34867,0.34867,0.34848,0.34848,16691.0,1737645622999.0,5819.26282,133.0,13935.0,4858.69287
2025-01-23 15:20:23+00:00,1737645623000.0,0.34848,0.34854,0.34847,0.34853,9488.0,1737645623999.0,3306.68682,71.0,1779.0,619.95947
2025-01-23 15:20:24+00:00,1737645624000.0,0.34853,0.34856,0.34853,0.34853,10445.0,1737645624999.0,3640.42226,53.0,7508.0,2616.77672
2025-01-23 15:20:25+00:00,1737645625000.0,0.34852,0.34856,0.34852,0.34856,15748.0,1737645625999.0,5488.56425,40.0,7027.0,2449.12133
2025-01-23 15:20:26+00:00,1737645626000.0,0.34857,0.34864,0.34857,0.34859,5882.0,1737645626999.0,2050.44129,79.0,5253.0,1831.15535
2025-01-23 15:20:27+00:00,1737645627000.0,0.34859,0.3486,0.34856,0.3486,1397.0,1737645627999.0,486.94393,48.0,840.0,292.79524
2025-01-23 15:20:28+00:00,1737645628000.0,0.34861,0.34861,0.34851,0.34851,1856.0,1737645628999.0,646.88437,43.0,14.0,4.88054
2025-01-23 15:20:29+00:00,1737645629000.0,0.34851,0.34851,0.34842,0.34842,76862.0,1737645629999.0,26786.62682,53.0,287.0,100.00515
2025-01-23 15:20:30+00:00,1737645630000.0,0.34841,0.34851,0.34836,0.34851,24600.0,1737645630999.0,8570.06556,134.0,23464.0,8174.28846
2025-01-23 15:20:31+00:00,1737645631000.0,0.34851,0.34883,0.34851,0.34883,99725.0,1737645631999.0,34776.9537,272.0,90566.0,31584.49269
2025-01-23 15:20:32+00:00,1737645632000.0,0.34884,0.34903,0.34884,0.34903,75774.0,1737645632999.0,26440.37527,150.0,75709.0,26417.68832
2025-01-23 15:20:33+00:00,1737645633000.0,0.34904,0.34934,0.34904,0.34934,27918.0,1737645633999.0,9746.44004,264.0,27388.0,9561.39584
2025-01-23 15:20:34+00:00,1737645634000.0,0.34935,0.34951,0.34935,0.34951,97983.0,1737645634999.0,34234.46092,188.0,97983.0,34234.46092
2025-01-23 15:20:35+00:00,1737645635000.0,0.3495,0.3495,0.3494,0.34944,56443.0,1737645635999.0,19722.89331,90.0,29758.0,10397.87089
2025-01-23 15:20:36+00:00,1737645636000.0,0.34944,0.34969,0.34944,0.34969,40298.0,1737645636999.0,14088.18417,249.0,39865.0,13936.82863
2025-01-23 15:20:37+00:00,1737645637000.0,0.3497,0.34987,0.3497,0.34983,109421.0,1737645637999.0,38275.05914,215.0,87995.0,30779.28452
2025-01-23 15:20:38+00:00,1737645638000.0,0.34982,0.34992,0.34977,0.34987,85323.0,1737645638999.0,29849.30052,204.0,73808.0,25820.19398
2025-01-23 15:20:39+00:00,1737645639000.0,0.34987,0.35008,0.34987,0.35008,139464.0,1737645639999.0,48815.15575,385.0,116971.0,40942.10066
2025-01-23 15:20:40+00:00,1737645640000.0,0.35009,0.35037,0.35009,0.35037,86485.0,1737645640999.0,30294.28548,348.0,83759.0,29339.34725
2025-01-23 15:20:41+00:00,1737645641000.0,0.35037,0.3504,0.35019,0.35022,221470.0,1737645641999.0,77580.26742,346.0,69946.0,24501.92095
2025-01-23 15:20:42+00:00,1737645642000.0,0.35022,0.35043,0.35022,0.35043,149663.0,1737645642999.0,52427.42925,336.0,100677.0,35268.53843
2025-01-23 15:20:43+00:00,1737645643000.0,0.35042,0.35042,0.35028,0.35038,158227.0,1737645643999.0,55435.02053,185.0,65750.0,23034.78309
2025-01-23 15:20:44+00:00,1737645644000.0,0.35036,0.35045,0.35035,0.35045,48125.0,1737645644999.0,16861.79648,91.0,22785.0,7983.35036
2025-01-23 15:20:45+00:00,1737645645000.0,0.35045,0.35062,0.35043,0.35044,127215.0,1737645645999.0,44589.0567,308.0,68068.0,23856.36422
2025-01-23 15:20:46+00:00,1737645646000.0,0.35045,0.35076,0.35045,0.35069,88361.0,1737645646999.0,30981.80151,391.0,84153.0,29506.1083
2025-01-23 15:20:47+00:00,1737645647000.0,0.35068,0.35074,0.35056,0.35059,60242.0,1737645647999.0,21122.97832,205.0,20335.0,7128.83781
2025-01-23 15:20:48+00:00,1737645648000.0,0.3506,0.35089,0.3506,0.35089,76193.0,1737645648999.0,26728.56528,310.0,69565.0,24403.84913
2025-01-23 15:20:49+00:00,1737645649000.0,0.3509,0.35092,0.35077,0.35092,117939.0,1737645649999.0,41377.06964,268.0,38499.0,13505.69194
2025-01-23 15:20:50+00:00,1737645650000.0,0.35092,0.35092,0.35083,0.3509,29854.0,1737645650999.0,10474.74379,118.0,22497.0,7893.12444
2025-01-23 15:20:51+00:00,1737645651000.0,0.3509,0.3509,0.35074,0.35078,53362.0,1737645651999.0,18719.15385,182.0,22226.0,7795.56463
2025-01-23 15:20:52+00:00,1737645652000.0,0.35079,0.35104,0.35079,0.35082,78132.0,1737645652999.0,27418.76239,370.0,25330.0,8889.65049
2025-01-23 15:20:53+00:00,1737645653000.0,0.35081,0.35081,0.35065,0.35066,93181.0,1737645653999.0,32679.35165,181.0,54167.0,18994.99046
2025-01-23 15:20:54+00:00,1737645654000.0,0.35067,0.35077,0.35066,0.35075,34586.0,1737645654999.0,12129.88967,109.0,14731.0,5165.95814
2025-01-23 15:20:55+00:00,1737645655000.0,0.35075,0.35075,0.35045,0.35046,13645.0,1737645655999.0,4783.20298,99.0,3720.0,1303.7112
2025-01-23 15:20:56+00:00,1737645656000.0,0.35046,0.35052,0.35035,0.35041,85394.0,1737645656999.0,29924.05396,250.0,21317.0,7469.79293
2025-01-23 15:20:57+00:00,1737645657000.0,0.35042,0.35046,0.3504,0.35046,33735.0,1737645657999.0,11822.0317,61.0,30553.0,10706.93345
2025-01-23 15:20:58+00:00,1737645658000.0,0.35046,0.35046,0.35023,0.35026,20367.0,1737645658999.0,7136.70787,123.0,8102.0,2838.89732
2025-01-23 15:20:59+00:00,1737645659000.0,0.35025,0.35025,0.34994,0.35021,351596.0,1737645659999.0,123084.79947,367.0,122154.0,42762.12368
2025-01-23 15:21:00+00:00,1737645660000.0,0.35022,0.3503,0.35016,0.35026,122421.0,1737645660999.0,42875.66742,224.0,32402.0,11347.30029
2025-01-23 15:21:01+00:00,1737645661000.0,0.35027,0.35035,0.35017,0.3502,54844.0,1737645661999.0,19212.44058,163.0,3082.0,1079.60746
2025-01-23 15:21:02+00:00,1737645662000.0,0.3502,0.35034,0.3502,0.35034,11970.0,1737645662999.0,4192.7138,73.0,11798.0,4132.45876
2025-01-23 15:21:03+00:00,1737645663000.0,0.35033,0.35033,0.35016,0.35024,56369.0,1737645663999.0,19742.21532,131.0,14760.0,5168.47963
2025-01-23 15:21:04+00:00,1737645664000.0,0.35025,0.35029,0.35025,0.35025,18794.0,1737645664999.0,6582.79975,74.0,16957.0,5939.33992
2025-01-23 15:21:05+00:00,1737645665000.0,0.35024,0.35035,0.35019,0.35024,122809.0,1737645665999.0,43013.38677,228.0,86129.0,30166.42857
2025-01-23 15:21:06+00:00,1737645666000.0,0.35024,0.35069,0.35024,0.35069,20195.0,1737645666999.0,7079.12354,282.0,15148.0,5309.7179
2025-01-23 15:21:07+00:00,1737645667000.0,0.35069,0.35081,0.35069,0.35081,56327.0,1737645667999.0,19756.21204,145.0,17278.0,6059.89014
2025-01-23 15:21:08+00:00,1737645668000.0,0.35081,0.35109,0.35081,0.35109,40356.0,1737645668999.0,14163.08243,310.0,39269.0,13781.49839
2025-01-23 15:21:09+00:00,1737645669000.0,0.3511,0.3513,0.35104,0.3513,91807.0,1737645669999.0,32235.90746,327.0,89523.0,31434.11117
2025-01-23 15:21:10+00:00,1737645670000.0,0.3513,0.35149,0.3513,0.35149,36104.0,1737645670999.0,12686.02709,307.0,34343.0,12067.38779
2025-01-23 15:21:11+00:00,1737645671000.0,0.3515,0.35174,0.3515,0.35163,63580.0,1737645671999.0,22359.83574,495.0,38752.0,13627.677
2025-01-23 15:21:12+00:00,1737645672000.0,0.35164,0.35191,0.35161,0.3519,252401.0,1737645672999.0,88788.79384,405.0,202825.0,71351.43851
2025-01-23 15:21:13+00:00,1737645673000.0,0.35191,0.35193,0.35172,0.35183,202235.0,1737645673999.0,71148.98278,256.0,81212.0,28573.06588
2025-01-23 15:21:14+00:00,1737645674000.0,0.3518,0.35189,0.35163,0.35165,141925.0,1737645674999.0,49920.14937,170.0,67136.0,23613.19405
2025-01-23 15:21:15+00:00,1737645675000.0,0.35166,0.35166,0.35141,0.35142,245297.0,1737645675999.0,86240.80016,239.0,132817.0,46695.00323
2025-01-23 15:21:16+00:00,1737645676000.0,0.35141,0.35193,0.35139,0.35187,532697.0,1737645676999.0,187370.11594,385.0,413380.0,145394.93205
2025-01-23 15:21:17+00:00,1737645677000.0,0.3518,0.35203,0.35175,0.35182,236661.0,1737645677999.0,83277.92937,425.0,136329.0,47970.71546
2025-01-23 15:21:18+00:00,1737645678000.0,0.35181,0.35182,0.35155,0.35155,342532.0,1737645678999.0,120470.90349,329.0,114934.0,40423.05493
2025-01-23 15:21:19+00:00,1737645679000.0,0.35154,0.35154,0.35133,0.3514,213776.0,1737645679999.0,75124.92925,381.0,155675.0,54707.35039
2025-01-23 15:21:20+00:00,1737645680000.0,0.35141,0.35153,0.35121,0.35121,252741.0,1737645680999.0,88824.73389,295.0,156862.0,55132.65651
2025-01-23 15:21:21+00:00,1737645681000.0,0.3512,0.35122,0.35105,0.35106,142300.0,1737645681999.0,49971.1658,210.0,67895.0,23843.40267
2025-01-23 15:21:22+00:00,1737645682000.0,0.35106,0.3511,0.35074,0.35077,74621.0,1737645682999.0,26187.66485,285.0,28778.0,10102.85272
2025-01-23 15:21:23+00:00,1737645683000.0,0.35077,0.35085,0.35057,0.35057,197906.0,1737645683999.0,69417.07819,317.0,105617.0,37048.44134
2025-01-23 15:21:24+00:00,1737645684000.0,0.35057,0.35057,0.35037,0.35037,42996.0,1737645684999.0,15069.20795,116.0,6292.0,2205.28303
2025-01-23 15:21:25+00:00,1737645685000.0,0.35036,0.35036,0.35015,0.35015,22004.0,1737645685999.0,7707.12521,146.0,2883.0,1009.77075
2025-01-23 15:21:26+00:00,1737645686000.0,0.35016,0.35027,0.35015,0.35027,59550.0,1737645686999.0,20855.18084,123.0,54237.0,18994.40879
2025-01-23 15:21:27+00:00,1737645687000.0,0.35027,0.35029,0.34997,0.35029,220367.0,1737645687999.0,77151.59129,582.0,124073.0,43436.32361
2025-01-23 15:21:28+00:00,1737645688000.0,0.35023,0.35039,0.35015,0.35015,202631.0,1737645688999.0,70980.64369,317.0,58932.0,20642.075
2025-01-23 15:21:29+00:00,1737645689000.0,0.35022,0.35022,0.34994,0.34994,87032.0,1737645689999.0,30470.59975,207.0,19175.0,6713.551
2025-01-23 15:21:30+00:00,1737645690000.0,0.34993,0.35003,0.3499,0.34992,103947.0,1737645690999.0,36376.16214,219.0,43706.0,15294.24149
2025-01-23 15:21:31+00:00,1737645691000.0,0.34992,0.35014,0.34992,0.35012,90344.0,1737645691999.0,31619.3003,230.0,38577.0,13500.49208
2025-01-23 15:21:32+00:00,1737645692000.0,0.35012,0.35032,0.35012,0.35023,56359.0,1737645692999.0,19739.73498,169.0,29975.0,10499.17033
2025-01-23 15:21:33+00:00,1737645693000.0,0.35023,0.35039,0.35023,0.35035,32368.0,1737645693999.0,11340.40866,172.0,21110.0,7395.73833
2025-01-23 15:21:34+00:00,1737645694000.0,0.35034,0.3506,0.35032,0.3506,76225.0,1737645694999.0,26714.07886,199.0,65661.0,23012.02268
2025-01-23 15:21:35+00:00,1737645695000.0,0.35059,0.35059,0.35046,0.35054,40740.0,1737645695999.0,14280.82879,174.0,9854.0,3453.92655
2025-01-23 15:21:36+00:00,1737645696000.0,0.35054,0.35054,0.35043,0.35043,27426.0,1737645696999.0,9612.99745,102.0,3756.0,1316.54778
2025-01-23 15:21:37+00:00,1737645697000.0,0.35042,0.35042,0.35019,0.35028,28460.0,1737645697999.0,9971.09723,185.0,4605.0,1613.08513
2025-01-23 15:21:38+00:00,1737645698000.0,0.35029,0.3504,0.35029,0.35036,69010.0,1737645698999.0,24175.79963,128.0,33225.0,11638.6427
2025-01-23 15:21:39+00:00,1737645699000.0,0.35036,0.35061,0.35036,0.35061,48885.0,1737645699999.0,17132.43511,188.0,48860.0,17123.66986
2025-01-23 15:21:40+00:00,1737645700000.0,0.35062,0.35076,0.3506,0.35076,28168.0,1737645700999.0,9877.17548,184.0,19839.0,6956.76661
2025-01-23 15:21:41+00:00,1737645701000.0,0.35075,0.35078,0.35059,0.3506,122044.0,1737645701999.0,42795.86736,206.0,84094.0,29484.78848
2025-01-23 15:21:42+00:00,1737645702000.0,0.3506,0.35061,0.35049,0.35049,101970.0,1737645702999.0,35747.03795,186.0,31499.0,11042.86743
2025-01-23 15:21:43+00:00,1737645703000.0,0.35049,0.35049,0.35024,0.35024,33822.0,1737645703999.0,11850.41823,174.0,16382.0,5740.1979
2025-01-23 15:21:44+00:00,1737645704000.0,0.35024,0.35036,0.35021,0.35021,45886.0,1737645704999.0,16073.16929,139.0,43717.0,15313.53291
2025-01-23 15:21:45+00:00,1737645705000.0,0.35021,0.35021,0.35005,0.35009,62852.0,1737645705999.0,22005.99921,117.0,4623.0,1618.32822
2025-01-23 15:21:46+00:00,1737645706000.0,0.35008,0.35012,0.35004,0.35012,65533.0,1737645706999.0,22940.69201,125.0,46315.0,16213.01577
2025-01-23 15:21:47+00:00,1737645707000.0,0.35013,0.35013,0.35007,0.35007,647.0,1737645707999.0,226.49943,29.0,228.0,79.81926
2025-01-23 15:21:48+00:00,1737645708000.0,0.35007,0.35009,0.35005,0.35009,58677.0,1737645708999.0,20540.41921,74.0,42097.0,14736.27696
2025-01-23 15:21:49+00:00,1737645709000.0,0.35009,0.35019,0.34999,0.35015,101225.0,1737645709999.0,35437.05455,292.0,52440.0,18355.26334
2025-01-23 15:21:50+00:00,1737645710000.0,0.35015,0.35029,0.35015,0.3502,8151.0,1737645710999.0,2854.62931,137.0,5001.0,1751.3005
2025-01-23 15:21:51+00:00,1737645711000.0,0.3502,0.3504,0.3502,0.3504,23460.0,1737645711999.0,8218.74609,120.0,22054.0,7726.36489
2025-01-23 15:21:52+00:00,1737645712000.0,0.3504,0.3504,0.35032,0.35032,17536.0,1737645712999.0,6143.78431,139.0,6186.0,2167.54332
2025-01-23 15:21:53+00:00,1737645713000.0,0.35031,0.35045,0.35031,0.35041,26562.0,1737645713999.0,9307.4159,116.0,12181.0,4267.83634
2025-01-23 15:21:54+00:00,1737645714000.0,0.35042,0.35049,0.35042,0.35049,12084.0,1737645714999.0,4234.59982,50.0,12084.0,4234.59982
2025-01-23 15:21:55+00:00,1737645715000.0,0.3505,0.35053,0.35049,0.35053,4536.0,1737645715999.0,1589.84069,40.0,1501.0,526.10354
2025-01-23 15:21:56+00:00,1737645716000.0,0.35053,0.35056,0.35048,0.35056,6927.0,1737645716999.0,2427.8783,73.0,1091.0,382.41196
2025-01-23 15:21:57+00:00,1737645717000.0,0.35056,0.35081,0.35056,0.35081,137886.0,1737645717999.0,48356.62975,284.0,134235.0,47075.95117
2025-01-23 15:21:58+00:00,1737645718000.0,0.35082,0.35082,0.3506,0.3506,21574.0,1737645718999.0,7564.72698,76.0,3519.0,1234.05321
2025-01-23 15:21:59+00:00,1737645719000.0,0.35061,0.35063,0.35057,0.35057,16574.0,1737645719999.0,5810.97612,50.0,11299.0,3961.55677
2025-01-23 15:22:00+00:00,1737645720000.0,0.35057,0.35057,0.3505,0.35056,17750.0,1737645720999.0,6222.06001,88.0,6863.0,2405.75836
2025-01-23 15:22:01+00:00,1737645721000.0,0.35056,0.35067,0.35056,0.35063,45433.0,1737645721999.0,15931.68812,120.0,2597.0,910.57779
2025-01-23 15:22:02+00:00,1737645722000.0,0.35064,0.35099,0.35064,0.35097,50091.0,1737645722999.0,17577.70661,319.0,25392.0,8910.38562
2025-01-23 15:22:03+00:00,1737645723000.0,0.35097,0.35101,0.35089,0.35089,21495.0,1737645723999.0,7544.24253,130.0,5240.0,1839.23797
2025-01-23 15:22:04+00:00,1737645724000.0,0.35088,0.35089,0.35081,0.35086,47205.0,1737645724999.0,16560.91106,132.0,29978.0,10516.82173
2025-01-23 15:22:05+00:00,1737645725000.0,0.35085,0.35093,0.35083,0.35093,2320.0,1737645725999.0,814.13116,82.0,2244.0,787.46754
2025-01-23 15:22:06+00:00,1737645726000.0,0.35092,0.35092,0.35073,0.35073,53686.0,1737645726999.0,18833.34274,144.0,21949.0,7699.78708
2025-01-23 15:22:07+00:00,1737645727000.0,0.35072,0.35076,0.3506,0.3506,107820.0,1737645727999.0,37814.20345,187.0,44340.0,15550.84452
2025-01-23 15:22:08+00:00,1737645728000.0,0.35059,0.35059,0.35049,0.35049,14069.0,1737645728999.0,4931.70071,61.0,4668.0,1636.11021
2025-01-23 15:22:09+00:00,1737645729000.0,0.35048,0.35048,0.35025,0.35025,29558.0,1737645729999.0,10354.31214,104.0,0.0,0.0
2025-01-23 15:22:10+00:00,1737645730000.0,0.35024,0.35024,0.3501,0.35011,25454.0,1737645730999.0,8912.59334,71.0,10887.0,3811.57482
2025-01-23 15:22:11+00:00,1737645731000.0,0.35012,0.35036,0.35012,0.35036,91036.0,1737645731999.0,31884.92122,214.0,49968.0,17501.43893
2025-01-23 15:22:12+00:00,1737645732000.0,0.3503,0.35036,0.35026,0.35026,6959.0,1737645732999.0,2437.88816,46.0,3597.0,1260.06995
2025-01-23 15:22:13+00:00,1737645733000.0,0.35028,0.35031,0.34999,0.35004,1070406.0,1737645733999.0,374680.1141,230.0,724594.0,253612.55416
2025-01-23 15:22:14+00:00,1737645734000.0,0.35004,0.35008,0.34999,0.35002,58811.0,1737645734999.0,20586.11003,99.0,14688.0,5140.81097
2025-01-23 15:22:15+00:00,1737645735000.0,0.35003,0.35013,0.35003,0.35011,52640.0,1737645735999.0,18428.76912,90.0,21863.0,7653.28581
2025-01-23 15:22:16+00:00,1737645736000.0,0.35011,0.35017,0.35005,0.35017,29005.0,1737645736999.0,10153.66031,137.0,25818.0,9038.047
2025-01-23 15:22:17+00:00,1737645737000.0,0.35016,0.35022,0.35013,0.35017,60268.0,1737645737999.0,21103.82782,93.0,54671.0,19143.98469
2025-01-23 15:22:18+00:00,1737645738000.0,0.35015,0.35015,0.35008,0.35008,8232.0,1737645738999.0,2881.99792,14.0,597.0,209.03783
2025-01-23 15:22:19+00:00,1737645739000.0,0.35007,0.35014,0.35006,0.35006,15628.0,1737645739999.0,5471.70495,65.0,272.0,95.23046
2025-01-23 15:22:20+00:00,1737645740000.0,0.35005,0.35005,0.34981,0.34981,41159.0,1737645740999.0,14402.2998,161.0,5710.0,1998.21422
2025-01-23 15:22:21+00:00,1737645741000.0,0.34981,0.34981,0.34958,0.34958,16993.0,1737645741999.0,5941.35319,164.0,10273.0,3591.60992
2025-01-23 15:22:22+00:00,1737645742000.0,0.34958,0.34958,0.34922,0.34922,153859.0,1737645742999.0,53746.06462,403.0,33469.0,11690.4058
2025-01-23 15:22:23+00:00,1737645743000.0,0.34922,0.34942,0.34921,0.34936,82905.0,1737645743999.0,28959.26575,201.0,80768.0,28212.70977
2025-01-23 15:22:24+00:00,1737645744000.0,0.34935,0.3495,0.34931,0.3495,85848.0,1737645744999.0,29997.18072,186.0,44516.0,15555.27278
2025-01-23 15:22:25+00:00,1737645745000.0,0.34951,0.34954,0.34947,0.34952,19433.0,1737645745999.0,6791.8622,93.0,4238.0,1481.24201
2025-01-23 15:22:26+00:00,1737645746000.0,0.34953,0.34976,0.34953,0.34976,133551.0,1737645746999.0,46703.37877,267.0,80227.0,28054.63588
2025-01-23 15:22:27+00:00,1737645747000.0,0.34976,0.34978,0.34969,0.34975,16552.0,1737645747999.0,5788.64147,97.0,3805.0,1330.76367
2025-01-23 15:22:28+00:00,1737645748000.0,0.34976,0.34976,0.34958,0.34961,21143.0,1737645748999.0,7393.95565,71.0,2641.0,923.66226
2025-01-23 15:22:29+00:00,1737645749000.0,0.34961,0.34968,0.34961,0.34964,16852.0,1737645749999.0,5891.93584,77.0,14842.0,5189.11835
2025-01-23 15:22:30+00:00,1737645750000.0,0.34964,0.34972,0.34964,0.34968,11494.0,1737645750999.0,4019.58926,77.0,10681.0,3735.3036
2025-01-23 15:22:31+00:00,1737645751000.0,0.34967,0.34967,0.34955,0.34965,20129.0,1737645751999.0,7036.59085,137.0,8566.0,2994.37404
2025-01-23 15:22:32+00:00,1737645752000.0,0.34966,0.34979,0.34965,0.34976,76511.0,1737645752999.0,26755.04718,177.0,40210.0,14061.55776
2025-01-23 15:22:33+00:00,1737645753000.0,0.34978,0.34978,0.34969,0.34978,25472.0,1737645753999.0,8907.58656,123.0,18012.0,6298.62964
2025-01-23 15:22:34+00:00,1737645754000.0,0.34979,0.34999,0.34979,0.34996,43345.0,1737645754999.0,15164.4977,161.0,37167.0,13002.32171
2025-01-23 15:22:35+00:00,1737645755000.0,0.34995,0.34995,0.34978,0.34987,47412.0,1737645755999.0,16585.57797,204.0,38145.0,13342.96383
2025-01-23 15:22:36+00:00,1737645756000.0,0.34988,0.34992,0.34988,0.34992,1196.0,1737645756999.0,418.47554,48.0,1196.0,418.47554
2025-01-23 15:22:37+00:00,1737645757000.0,0.34993,0.34999,0.3499,0.34998,60738.0,1737645757999.0,21253.05373,99.0,59469.0,20809.02089
2025-01-23 15:22:38+00:00,1737645758000.0,0.34993,0.3501,0.34993,0.3501,14779.0,1737645758999.0,5173.03489,169.0,14779.0,5173.03489
2025-01-23 15:22:39+00:00,1737645759000.0,0.3501,0.35016,0.35008,0.35008,32915.0,1737645759999.0,11523.53429,109.0,19659.0,6882.56806
2025-01-23 15:22:40+00:00,1737645760000.0,0.35009,0.35017,0.35008,0.35015,10257.0,1737645760999.0,3590.87621,108.0,8245.0,2886.45444
2025-01-23 15:22:41+00:00,1737645761000.0,0.35014,0.35014,0.35001,0.35001,17501.0,1737645761999.0,6126.07801,19.0,114.0,39.90798
2025-01-23 15:22:42+00:00,1737645762000.0,0.35002,0.35027,0.35002,0.35027,7136.0,1737645762999.0,2498.74496,169.0,7106.0,2488.24286
2025-01-23 15:22:43+00:00,1737645763000.0,0.35026,0.35026,0.35014,0.35025,28979.0,1737645763999.0,10147.84685,98.0,24160.0,8460.3295
2025-01-23 15:22:44+00:00,1737645764000.0,0.35025,0.35027,0.35023,0.35027,5958.0,1737645764999.0,2086.84824,55.0,1153.0,403.85439
2025-01-23 15:22:45+00:00,1737645765000.0,0.35026,0.35026,0.35008,0.35021,51920.0,1737645765999.0,18182.16927,178.0,3850.0,1348.19694
2025-01-23 15:22:46+00:00,1737645766000.0,0.35021,0.35034,0.35021,0.35034,44409.0,1737645766999.0,15556.12316,144.0,16337.0,5722.58009
2025-01-23 15:22:47+00:00,1737645767000.0,0.35034,0.35043,0.35032,0.35043,34631.0,1737645767999.0,12135.12573,107.0,30102.0,10548.49707
2025-01-23 15:22:48+00:00,1737645768000.0,0.35044,0.35048,0.35042,0.35042,21912.0,1737645768999.0,7679.39758,121.0,8715.0,3054.40165
2025-01-23 15:22:49+00:00,1737645769000.0,0.35043,0.35049,0.35043,0.35044,6749.0,1737645769999.0,2365.27484,72.0,4660.0,1633.12804
2025-01-23 15:22:50+00:00,1737645770000.0,0.35043,0.35043,0.35032,0.35032,20023.0,1737645770999.0,7015.55629,83.0,4549.0,1593.94141
2025-01-23 15:22:51+00:00,1737645771000.0,0.35032,0.35044,0.35032,0.35044,7967.0,1737645771999.0,2791.44686,87.0,7917.0,2773.92836
2025-01-23 15:22:52+00:00,1737645772000.0,0.35044,0.35045,0.35044,0.35044,11788.0,1737645772999.0,4131.02181,25.0,1695.0,594.01275
2025-01-23 15:22:53+00:00,1737645773000.0,0.35044,0.35069,0.35044,0.35069,12913.0,1737645773999.0,4526.47979,220.0,12913.0,4526.47979
2025-01-23 15:22:54+00:00,1737645774000.0,0.35069,0.35079,0.35069,0.35074,23633.0,1737645774999.0,8289.29621,199.0,7634.0,2677.57635
2025-01-23 15:22:55+00:00,1737645775000.0,0.35073,0.35079,0.35066,0.35066,41485.0,1737645775999.0,14549.26971,151.0,29894.0,10484.08927
2025-01-23 15:22:56+00:00,1737645776000.0,0.35065,0.35078,0.35064,0.35078,10032.0,1737645776999.0,3518.23396,106.0,8162.0,2862.51886
2025-01-23 15:22:57+00:00,1737645777000.0,0.35078,0.35092,0.35078,0.35091,84401.0,1737645777999.0,29610.00717,185.0,79671.0,27950.46816
2025-01-23 15:22:58+00:00,1737645778000.0,0.35091,0.35091,0.35076,0.35076,17093.0,1737645778999.0,5996.26071,105.0,0.0,0.0
2025-01-23 15:22:59+00:00,1737645779000.0,0.35075,0.35079,0.35071,0.35071,12712.0,1737645779999.0,4458.83821,111.0,7450.0,2613.08909
2025-01-23 15:23:00+00:00,1737645780000.0,0.35071,0.35071,0.35046,0.35046,61336.0,1737645780999.0,21501.54343,212.0,16941.0,5939.25856
2025-01-23 15:23:01+00:00,1737645781000.0,0.35045,0.35053,0.35027,0.35053,141521.0,1737645781999.0,49585.84203,254.0,84848.0,29731.79591
2025-01-23 15:23:02+00:00,1737645782000.0,0.35054,0.35063,0.35054,0.35063,26274.0,1737645782999.0,9212.22084,83.0,3699.0,1296.7488
2025-01-23 15:23:03+00:00,1737645783000.0,0.35063,0.35083,0.35063,0.35083,22565.0,1737645783999.0,7913.35578,143.0,21771.0,7634.94416
2025-01-23 15:23:04+00:00,1737645784000.0,0.35084,0.351,0.35084,0.35094,45054.0,1737645784999.0,15811.90156,217.0,14441.0,5068.10551
2025-01-23 15:23:05+00:00,1737645785000.0,0.35094,0.35094,0.35089,0.35089,32126.0,1737645785999.0,11273.54789,63.0,126.0,44.21592
2025-01-23 15:23:06+00:00,1737645786000.0,0.35089,0.35103,0.35085,0.35103,152439.0,1737645786999.0,53493.66676,193.0,124221.0,43591.26736
2025-01-23 15:23:07+00:00,1737645787000.0,0.35103,0.35111,0.35101,0.35101,172733.0,1737645787999.0,60641.65179,277.0,60366.0,21192.92212
2025-01-23 15:23:08+00:00,1737645788000.0,0.35101,0.35115,0.35099,0.35115,86678.0,1737645788999.0,30425.02701,117.0,72416.0,25419.18854
2025-01-23 15:23:09+00:00,1737645789000.0,0.35116,0.35116,0.35099,0.351,59951.0,1737645789999.0,21044.75852,104.0,14437.0,5067.40924
2025-01-23 15:23:10+00:00,1737645790000.0,0.35099,0.35111,0.35093,0.35093,17638.0,1737645790999.0,6191.8332,139.0,10000.0,3510.81895
2025-01-23 15:23:11+00:00,1737645791000.0,0.35093,0.35095,0.35091,0.35091,6042.0,1737645791999.0,2120.36014,46.0,3405.0,1194.92754
2025-01-23 15:23:12+00:00,1737645792000.0,0.35091,0.35091,0.35087,0.35087,4484.0,1737645792999.0,1573.38028,31.0,0.0,0.0
2025-01-23 15:23:13+00:00,1737645793000.0,0.35088,0.35093,0.35088,0.35092,49347.0,1737645793999.0,17315.16012,26.0,48347.0,16964.24012
2025-01-23 15:23:14+00:00,1737645794000.0,0.35092,0.35092,0.35051,0.35051,39275.0,1737645794999.0,13771.79528,228.0,3639.0,1275.69039
2025-01-23 15:23:15+00:00,1737645795000.0,0.3505,0.35059,0.3505,0.35059,5869.0,1737645795999.0,2057.18195,80.0,5772.0,2023.18345
2025-01-23 15:23:16+00:00,1737645796000.0,0.35059,0.35062,0.35054,0.35062,13660.0,1737645796999.0,4789.0476,52.0,1016.0,356.19169
2025-01-23 15:23:17+00:00,1737645797000.0,0.35062,0.35062,0.35054,0.35054,2239.0,1737645797999.0,784.90664,57.0,55.0,19.28245
2025-01-23 15:23:18+00:00,1737645798000.0,0.35053,0.35053,0.35034,0.35035,13544.0,1737645798999.0,4745.77667,148.0,8647.0,3029.4856
2025-01-23 15:23:19+00:00,1737645799000.0,0.35035,0.35065,0.35035,0.35065,28796.0,1737645799999.0,10095.04932,194.0,28787.0,10091.89392
2025-01-23 15:23:20+00:00,1737645800000.0,0.35066,0.35077,0.35066,0.3507,39502.0,1737645800999.0,13855.29757,122.0,16015.0,5616.9106
2025-01-23 15:23:21+00:00,1737645801000.0,0.35071,0.35078,0.35071,0.35078,12614.0,1737645801999.0,4424.18184,54.0,12614.0,4424.18184
2025-01-23 15:23:22+00:00,1737645802000.0,0.35078,0.35078,0.35063,0.35063,6597.0,1737645802999.0,2313.56002,99.0,367.0,128.71057
2025-01-23 15:23:23+00:00,1737645803000.0,0.35064,0.35064,0.35049,0.35049,5105.0,1737645803999.0,1789.77914,101.0,43.0,15.07257
2025-01-23 15:23:24+00:00,1737645804000.0,0.35048,0.35054,0.35045,0.35054,16297.0,1737645804999.0,5711.52842,90.0,15205.0,5328.82944
2025-01-23 15:23:25+00:00,1737645805000.0,0.35054,0.35056,0.3505,0.3505,1263.0,1737645805999.0,442.71184,62.0,431.0,151.08064
2025-01-23 15:23:26+00:00,1737645806000.0,0.3505,0.35051,0.3505,0.35051,3485.0,1737645806999.0,1221.52693,29.0,3461.0,1213.11493
2025-01-23 15:23:27+00:00,1737645807000.0,0.35052,0.35061,0.3505,0.3505,13541.0,1737645807999.0,4746.82461,131.0,9764.0,3422.78905
2025-01-23 15:23:28+00:00,1737645808000.0,0.35049,0.35049,0.35029,0.35029,10134.0,1737645808999.0,3551.05234,145.0,0.0,0.0
2025-01-23 15:23:29+00:00,1737645809000.0,0.35028,0.35029,0.35022,0.35029,44586.0,1737645809999.0,15615.55516,109.0,22380.0,7838.03222
2025-01-23 15:23:30+00:00,1737645810000.0,0.35029,0.35029,0.35019,0.35028,4542.0,1737645810999.0,1590.6623,85.0,3916.0,1371.4277
2025-01-23 15:23:31+00:00,1737645811000.0,0.35028,0.3504,0.35028,0.35039,48216.0,1737645811999.0,16894.12875,122.0,14156.0,4959.65259
2025-01-23 15:23:32+00:00,1737645812000.0,0.35038,0.35039,0.35024,0.35039,20125.0,1737645812999.0,7049.84672,184.0,17346.0,6076.3355
2025-01-23 15:23:33+00:00,1737645813000.0,0.35039,0.35056,0.35039,0.35052,3004.0,1737645813999.0,1052.98608,124.0,2953.0,1035.10866
2025-01-23 15:23:34+00:00,1737645814000.0,0.35052,0.35052,0.35045,0.35052,201748.0,1737645814999.0,70712.31168,129.0,17424.0,6106.43699
2025-01-23 15:23:35+00:00,1737645815000.0,0.35052,0.35052,0.35022,0.35046,193139.0,1737645815999.0,67673.40964,294.0,77885.0,27287.3096
2025-01-23 15:23:36+00:00,1737645816000.0,0.35045,0.35045,0.35038,0.35038,12360.0,1737645816999.0,4331.0133,49.0,8442.0,2958.16578
2025-01-23 15:23:37+00:00,1737645817000.0,0.35037,0.35037,0.35029,0.35029,23385.0,1737645817999.0,8191.55458,33.0,5937.0,2079.67173
2025-01-23 15:23:38+00:00,1737645818000.0,0.35029,0.35029,0.35024,0.35025,1558.0,1737645818999.0,545.69553,25.0,405.0,141.85457
2025-01-23 15:23:39+00:00,1737645819000.0,0.35024,0.35024,0.35009,0.35009,9993.0,1737645819999.0,3499.51331,51.0,7063.0,2473.55114
2025-01-23 15:23:40+00:00,1737645820000.0,0.35008,0.35008,0.35004,0.35008,3749.0,1737645820999.0,1312.3138,54.0,66.0,23.1042
2025-01-23 15:23:41+00:00,1737645821000.0,0.35008,0.35016,0.35004,0.35016,22023.0,1737645821999.0,7709.89334,75.0,6688.0,2341.52595
2025-01-23 15:23:42+00:00,1737645822000.0,0.35015,0.3502,0.35011,0.3502,25415.0,1737645822999.0,8898.80038,80.0,22635.0,7925.42118
2025-01-23 15:23:43+00:00,1737645823000.0,0.35019,0.35019,0.35017,0.35017,51.0,1737645823999.0,17.85918,16.0,0.0,0.0
2025-01-23 15:23:44+00:00,1737645824000.0,0.35017,0.35021,0.35013,0.35021,13295.0,1737645824999.0,4655.49585,89.0,12200.0,4272.087
2025-01-23 15:23:45+00:00,1737645825000.0,0.35021,0.35035,0.35016,0.35016,75425.0,1737645825999.0,26418.21805,242.0,20956.0,7340.49365
2025-01-23 15:23:46+00:00,1737645826000.0,0.35015,0.35015,0.3501,0.35011,10101.0,1737645826999.0,3536.48212,44.0,9133.0,3197.55463
2025-01-23 15:23:47+00:00,1737645827000.0,0.35011,0.35015,0.35011,0.35015,12534.0,1737645827999.0,4388.44601,39.0,12534.0,4388.44601
2025-01-23 15:23:48+00:00,1737645828000.0,0.35015,0.35017,0.35008,0.35008,5045.0,1737645828999.0,1766.34818,91.0,4213.0,1475.05401
2025-01-23 15:23:49+00:00,1737645829000.0,0.35007,0.3501,0.35003,0.35004,54553.0,1737645829999.0,19097.22746,126.0,14495.0,5073.83896
2025-01-23 15:23:50+00:00,1737645830000.0,0.35003,0.35003,0.35002,0.35002,709.0,1737645830999.0,248.16433,18.0,321.0,112.35642
2025-01-23 15:23:51+00:00,1737645831000.0,0.35002,0.35002,0.34984,0.34984,17915.0,1737645831999.0,6269.7282,232.0,7849.0,2747.29102
2025-01-23 15:23:52+00:00,1737645832000.0,0.34984,0.35,0.34984,0.34998,42080.0,1737645832999.0,14725.17455,123.0,25638.0,8970.50294
2025-01-23 15:23:53+00:00,1737645833000.0,0.34998,0.35012,0.34998,0.35011,14410.0,1737645833999.0,5044.62021,100.0,14155.0,4955.34216
2025-01-23 15:23:54+00:00,1737645834000.0,0.35011,0.35011,0.35001,0.35001,48318.0,1737645834999.0,16913.78433,64.0,0.0,0.0
2025-01-23 15:23:55+00:00,1737645835000.0,0.35002,0.35016,0.35002,0.35016,14893.0,1737645835999.0,5213.98415,90.0,14893.0,5213.98415
2025-01-23 15:23:56+00:00,1737645836000.0,0.35016,0.35021,0.35016,0.35021,12311.0,1737645836999.0,4310.85579,45.0,3849.0,1347.80187
2025-01-23 15:23:57+00:00,1737645837000.0,0.35022,0.35028,0.35022,0.35028,15101.0,1737645837999.0,5288.9635,62.0,14598.0,5112.79781
2025-01-23 15:23:58+00:00,1737645838000.0,0.35027,0.35029,0.35015,0.35029,91108.0,1737645838999.0,31905.12093,212.0,87107.0,30503.78217
2025-01-23 15:23:59+00:00,1737645839000.0,0.3503,0.35034,0.3503,0.35032,1811.0,1737645839999.0,634.45043,35.0,1228.0,430.20813
2025-01-23 15:24:00+00:00,1737645840000.0,0.35031,0.35031,0.35021,0.35021,12463.0,1737645840999.0,4365.09139,53.0,4026.0,1410.04368
2025-01-23 15:24:01+00:00,1737645841000.0,0.3502,0.3502,0.35014,0.35014,27994.0,1737645841999.0,9802.33286,50.0,5376.0,1882.353
2025-01-23 15:24:02+00:00,1737645842000.0,0.35014,0.35016,0.35009,0.3501,41198.0,1737645842999.0,14424.25711,107.0,22390.0,7839.17862
2025-01-23 15:24:03+00:00,1737645843000.0,0.3501,0.35017,0.3501,0.35017,36211.0,1737645843999.0,12677.71129,77.0,36124.0,12647.25259
2025-01-23 15:24:04+00:00,1737645844000.0,0.35017,0.35026,0.35009,0.35026,27562.0,1737645844999.0,9649.91962,126.0,27512.0,9632.4133
2025-01-23 15:24:05+00:00,1737645845000.0,0.35026,0.35056,0.35026,0.35056,20243.0,1737645845999.0,7093.91055,211.0,19483.0,6827.56855
2025-01-23 15:24:06+00:00,1737645846000.0,0.35056,0.35056,0.35043,0.35043,12497.0,1737645846999.0,4380.89446,50.0,2828.0,991.38368
2025-01-23 15:24:07+00:00,1737645847000.0,0.35042,0.35062,0.35039,0.35062,39215.0,1737645847999.0,13744.68412,180.0,33856.0,11866.88828
2025-01-23 15:24:08+00:00,1737645848000.0,0.35063,0.35075,0.35063,0.35074,2584.0,1737645848999.0,906.25631,147.0,2568.0,900.64489
2025-01-23 15:24:09+00:00,1737645849000.0,0.35073,0.35073,0.35059,0.35059,66806.0,1737645849999.0,23429.47768,50.0,324.0,113.61708
2025-01-23 15:24:10+00:00,1737645850000.0,0.35058,0.35085,0.35057,0.35085,106598.0,1737645850999.0,37387.63268,199.0,106314.0,37288.06595
2025-01-23 15:24:11+00:00,1737645851000.0,0.35085,0.35085,0.35084,0.35085,167211.0,1737645851999.0,58665.97752,42.0,167028.0,58601.7738
2025-01-23 15:24:12+00:00,1737645852000.0,0.35084,0.35084,0.35073,0.35073,57828.0,1737645852999.0,20288.02324,51.0,495.0,173.65838
2025-01-23 15:24:13+00:00,1737645853000.0,0.35072,0.35076,0.35072,0.35075,94593.0,1737645853999.0,33176.07072,46.0,85833.0,30103.76103
2025-01-23 15:24:14+00:00,1737645854000.0,0.35072,0.35072,0.35068,0.35068,7335.0,1737645854999.0,2572.41987,8.0,3630.0,1273.0047
2025-01-23 15:24:15+00:00,1737645855000.0,0.35068,0.35079,0.35068,0.35079,64176.0,1737645855999.0,22510.34823,89.0,64013.0,22453.18739
2025-01-23 15:24:16+00:00,1737645856000.0,0.35078,0.35084,0.35078,0.35084,442.0,1737645856999.0,155.06179,40.0,409.0,143.48605
2025-01-23 15:24:17+00:00,1737645857000.0,0.35085,0.35098,0.35085,0.35098,11189.0,1737645857999.0,3926.49828,104.0,6189.0,2171.79828
2025-01-23 15:24:18+00:00,1737645858000.0,0.35098,0.35098,0.35087,0.35087,34104.0,1737645858999.0,11967.34215,109.0,2855.0,1001.98852
2025-01-23 15:24:19+00:00,1737645859000.0,0.35086,0.35086,0.35069,0.35083,39236.0,1737645859999.0,13763.56665,184.0,35486.0,12448.0069
2025-01-23 15:24:20+00:00,1737645860000.0,0.35085,0.35091,0.35085,0.35088,3261.0,1737645860999.0,1144.26054,60.0,2892.0,1014.78867
2025-01-23 15:24:21+00:00,1737645861000.0,0.35087,0.35102,0.35085,0.35101,17545.0,1737645861999.0,6158.03057,158.0,17360.0,6093.10182
2025-01-23 15:24:22+00:00,1737645862000.0,0.35102,0.35105,0.35101,0.35101,2943.0,1737645862999.0,1033.11185,43.0,2266.0,795.47724
2025-01-23 15:24:23+00:00,1737645863000.0,0.35101,0.35101,0.35085,0.35086,63559.0,1737645863999.0,22304.5972,102.0,2416.0,847.66914
2025-01-23 15:24:24+00:00,1737645864000.0,0.35087,0.35091,0.35087,0.35091,11155.0,1737645864999.0,3913.96415,35.0,669.0,234.74133
2025-01-23 15:24:25+00:00,1737645865000.0,0.3509,0.3509,0.35077,0.35082,14065.0,1737645865999.0,4935.32883,118.0,262.0,91.91348
2025-01-23 15:24:26+00:00,1737645866000.0,0.35083,0.35101,0.35083,0.35101,5651.0,1737645866999.0,1982.98687,101.0,5633.0,1976.66869
2025-01-23 15:24:27+00:00,1737645867000.0,0.35101,0.35101,0.35095,0.35095,24312.0,1737645867999.0,8532.59702,45.0,4376.0,1535.80096
2025-01-23 15:24:28+00:00,1737645868000.0,0.35095,0.35096,0.35095,0.35095,375.0,1737645868999.0,131.60631,4.0,6.0,2.10576
2025-01-23 15:24:29+00:00,1737645869000.0,0.35095,0.35112,0.35095,0.35112,3156.0,1737645869999.0,1107.99239,100.0,3067.0,1076.75784
2025-01-23 15:24:30+00:00,1737645870000.0,0.35112,0.35112,0.35111,0.35111,341.0,1737645870999.0,119.73135,6.0,284.0,99.71808
2025-01-23 15:24:31+00:00,1737645871000.0,0.35111,0.35111,0.35086,0.35086,28990.0,1737645871999.0,10174.27155,166.0,0.0,0.0
2025-01-23 15:24:32+00:00,1737645872000.0,0.35087,0.35101,0.35087,0.3509,54551.0,1737645872999.0,19144.42561,142.0,22503.0,7896.88763
2025-01-23 15:24:33+00:00,1737645873000.0,0.3509,0.351,0.35089,0.35089,34690.0,1737645873999.0,12173.60919,135.0,15946.0,5596.38823
2025-01-23 15:24:34+00:00,1737645874000.0,0.35088,0.35098,0.35083,0.35098,2094.0,1737645874999.0,734.7606,114.0,1281.0,449.51536
2025-01-23 15:24:35+00:00,1737645875000.0,0.35097,0.35104,0.35093,0.35104,28788.0,1737645875999.0,10103.2897,76.0,4274.0,1500.06692
2025-01-23 15:24:36+00:00,1737645876000.0,0.35105,0.35105,0.35095,0.35095,16265.0,1737645876999.0,5709.58496,27.0,70.0,24.57314
2025-01-23 15:24:37+00:00,1737645877000.0,0.35095,0.35096,0.35095,0.35096,625.0,1737645877999.0,219.34945,11.0,570.0,200.0472
2025-01-23 15:24:38+00:00,1737645878000.0,0.35095,0.35102,0.35092,0.35102,42945.0,1737645878999.0,15073.12947,124.0,8701.0,3053.79368
2025-01-23 15:24:39+00:00,1737645879000.0,0.35102,0.35117,0.35102,0.35117,1731.0,1737645879999.0,607.75802,117.0,1731.0,607.75802
2025-01-23 15:24:40+00:00,1737645880000.0,0.35118,0.35118,0.35102,0.35114,97821.0,1737645880999.0,34342.24472,124.0,49349.0,17324.039
2025-01-23 15:24:41+00:00,1737645881000.0,0.35113,0.35129,0.35113,0.35113,116221.0,1737645881999.0,40820.39715,91.0,115891.0,40704.52425
2025-01-23 15:24:42+00:00,1737645882000.0,0.35113,0.35113,0.35105,0.35107,7737.0,1737645882999.0,2716.18214,30.0,7334.0,2574.70182
2025-01-23 15:24:43+00:00,1737645883000.0,0.35108,0.35108,0.35101,0.35101,2175.0,1737645883999.0,763.53414,16.0,1195.0,419.52667
2025-01-23 15:24:44+00:00,1737645884000.0,0.351,0.351,0.35094,0.35094,2502.0,1737645884999.0,878.07833,11.0,0.0,0.0
2025-01-23 15:24:45+00:00,1737645885000.0,0.35095,0.35109,0.35095,0.35109,14830.0,1737645885999.0,5206.22694,102.0,14830.0,5206.22694
2025-01-23 15:24:46+00:00,1737645886000.0,0.35106,0.35106,0.35103,0.35105,4900.0,1737645886999.0,1720.1096,16.0,3200.0,1123.33683
2025-01-23 15:24:47+00:00,1737645887000.0,0.35105,0.35109,0.35103,0.35109,1118.0,1737645887999.0,392.47148,43.0,666.0,233.79688
2025-01-23 15:24:48+00:00,1737645888000.0,0.35109,0.35114,0.35107,0.35107,35116.0,1737645888999.0,12330.51393,97.0,900.0,315.99501
2025-01-23 15:24:49+00:00,1737645889000.0,0.35107,0.35115,0.35104,0.35113,5498.0,1737645889999.0,1930.46896,74.0,4709.0,1653.43834
2025-01-23 15:24:50+00:00,1737645890000.0,0.35113,0.35114,0.35106,0.35114,6452.0,1737645890999.0,2265.42621,110.0,5397.0,1895.00605
2025-01-23 15:24:51+00:00,1737645891000.0,0.35114,0.35119,0.35113,0.35119,47840.0,1737645891999.0,16798.58755,60.0,22067.0,7748.75798
2025-01-23 15:24:52+00:00,1737645892000.0,0.3512,0.35135,0.3512,0.35135,18718.0,1737645892999.0,6574.8749,136.0,6600.0,2318.44094
2025-01-23 15:24:53+00:00,1737645893000.0,0.35134,0.3514,0.35134,0.3514,4538.0,1737645893999.0,1594.46217,59.0,4525.0,1589.89475
2025-01-23 15:24:54+00:00,1737645894000.0,0.3514,0.3514,0.35134,0.35134,20024.0,1737645894999.0,7035.30986,54.0,306.0,107.52228
2025-01-23 15:24:55+00:00,1737645895000.0,0.35133,0.35133,0.35121,0.35121,1363.0,1737645895999.0,478.79114,78.0,45.0,15.80805
2025-01-23 15:24:56+00:00,1737645896000.0,0.35121,0.35121,0.35114,0.35115,39759.0,1737645896999.0,13962.26685,93.0,23310.0,8185.89152
2025-01-23 15:24:57+00:00,1737645897000.0,0.35115,0.35115,0.35109,0.35109,1548.0,1737645897999.0,543.49256,38.0,0.0,0.0
2025-01-23 15:24:58+00:00,1737645898000.0,0.35109,0.35109,0.35099,0.35099,36038.0,1737645898999.0,12649.66127,79.0,3376.0,1184.94224
2025-01-23 15:24:59+00:00,1737645899000.0,0.35098,0.35098,0.35089,0.35089,7132.0,1737645899999.0,2502.8271,72.0,2027.0,711.25403
2025-01-23 15:25:00+00:00,1737645900000.0,0.35088,0.35091,0.35088,0.35088,55572.0,1737645900999.0,19500.51706,71.0,851.0,298.61595
2025-01-23 15:25:01+00:00,1737645901000.0,0.35087,0.35087,0.35074,0.35074,55566.0,1737645901999.0,19493.93656,123.0,7000.0,2455.48506
2025-01-23 15:25:02+00:00,1737645902000.0,0.35074,0.3509,0.35074,0.3509,26124.0,1737645902999.0,9163.86924,92.0,26067.0,9143.87706
2025-01-23 15:25:03+00:00,1737645903000.0,0.35091,0.35098,0.35091,0.35098,112743.0,1737645903999.0,39566.00687,51.0,112743.0,39566.00687
2025-01-23 15:25:04+00:00,1737645904000.0,0.35099,0.35108,0.35099,0.35104,40905.0,1737645904999.0,14360.00256,92.0,16425.0,5765.79165
2025-01-23 15:25:05+00:00,1737645905000.0,0.35103,0.35104,0.35093,0.35104,30935.0,1737645905999.0,10858.30962,153.0,29069.0,10203.41017
2025-01-23 15:25:06+00:00,1737645906000.0,0.35105,0.35105,0.35097,0.35098,9746.0,1737645906999.0,3421.29512,62.0,8795.0,3087.47075
2025-01-23 15:25:07+00:00,1737645907000.0,0.35097,0.35097,0.35077,0.35083,57339.0,1737645907999.0,20116.19633,188.0,25474.0,8935.97943
2025-01-23 15:25:08+00:00,1737645908000.0,0.35083,0.35119,0.35083,0.35119,55588.0,1737645908999.0,19513.61176,277.0,55588.0,19513.61176
2025-01-23 15:25:09+00:00,1737645909000.0,0.3512,0.35138,0.3512,0.35138,14081.0,1737645909999.0,4947.01018,135.0,13065.0,4590.0081
2025-01-23 15:25:10+00:00,1737645910000.0,0.35138,0.35138,0.35123,0.35123,30393.0,1737645910999.0,10679.11318,126.0,0.0,0.0
2025-01-23 15:25:11+00:00,1737645911000.0,0.35122,0.35132,0.35121,0.35132,2728.0,1737645911999.0,958.24878,96.0,2068.0,726.44404
2025-01-23 15:25:12+00:00,1737645912000.0,0.35132,0.35133,0.35131,0.35132,7227.0,1737645912999.0,2538.98931,26.0,3223.0,1132.30724
2025-01-23 15:25:13+00:00,1737645913000.0,0.35131,0.35131,0.35117,0.35117,15633.0,1737645913999.0,5491.48254,89.0,0.0,0.0
2025-01-23 15:25:14+00:00,1737645914000.0,0.35117,0.35129,0.35108,0.35124,9695.0,1737645914999.0,3404.79646,228.0,6864.0,2410.63574
2025-01-23 15:25:15+00:00,1737645915000.0,0.35123,0.35123,0.3511,0.35114,16050.0,1737645915999.0,5636.00471,138.0,176.0,61.80162
2025-01-23 15:25:16+00:00,1737645916000.0,0.35115,0.35121,0.35115,0.35121,7005.0,1737645916999.0,2459.82281,61.0,7000.0,2458.06701
2025-01-23 15:25:17+00:00,1737645917000.0,0.35122,0.35143,0.35122,0.35143,70522.0,1737645917999.0,24775.40289,177.0,65564.0,23033.16967
2025-01-23 15:25:18+00:00,1737645918000.0,0.35144,0.35148,0.35139,0.35139,22571.0,1737645918999.0,7931.91303,102.0,7090.0,2491.65695
2025-01-23 15:25:19+00:00,1737645919000.0,0.35139,0.35139,0.35133,0.35133,1024.0,1737645919999.0,359.80478,49.0,109.0,38.29824
2025-01-23 15:25:20+00:00,1737645920000.0,0.35132,0.35132,0.35117,0.35117,6263.0,1737645920999.0,2199.95503,102.0,3097.0,1087.90826
2025-01-23 15:25:21+00:00,1737645921000.0,0.35117,0.35117,0.35109,0.35109,462.0,1737645921999.0,162.2261,54.0,0.0,0.0
2025-01-23 15:25:22+00:00,1737645922000.0,0.35109,0.35114,0.35109,0.35114,3370.0,1737645922999.0,1183.31842,40.0,3370.0,1183.31842
2025-01-23 15:25:23+00:00,1737645923000.0,0.35114,0.35131,0.35114,0.35131,25634.0,1737645923999.0,9003.17163,110.0,9814.0,3447.37088
2025-01-23 15:25:24+00:00,1737645924000.0,0.35132,0.35137,0.35132,0.35137,5998.0,1737645924999.0,2107.38338,27.0,4577.0,1608.12924
2025-01-23 15:25:25+00:00,1737645925000.0,0.35137,0.35143,0.35137,0.35143,4099.0,1737645925999.0,1440.38763,35.0,4017.0,1411.57451
2025-01-23 15:25:26+00:00,1737645926000.0,0.35143,0.35149,0.35143,0.35148,1230.0,1737645926999.0,432.32071,41.0,1123.0,394.71416
2025-01-23 15:25:27+00:00,1737645927000.0,0.35148,0.35157,0.35148,0.35157,5581.0,1737645927999.0,1961.8524,133.0,5581.0,1961.8524
2025-01-23 15:25:28+00:00,1737645928000.0,0.35156,0.35156,0.35135,0.35135,2704.0,1737645928999.0,950.28384,134.0,284.0,99.80328
2025-01-23 15:25:29+00:00,1737645929000.0,0.35134,0.35134,0.35114,0.35115,56921.0,1737645929999.0,19990.60598,146.0,76.0,26.69046
2025-01-23 15:25:30+00:00,1737645930000.0,0.35115,0.35119,0.35115,0.35119,6787.0,1737645930999.0,2383.26847,22.0,6514.0,2287.3936
2025-01-23 15:25:31+00:00,1737645931000.0,0.3512,0.35127,0.3512,0.35127,5906.0,1737645931999.0,2074.43493,76.0,3983.0,1399.01239
2025-01-23 15:25:32+00:00,1737645932000.0,0.35126,0.35126,0.35121,0.35121,21998.0,1737645932999.0,7726.4967,46.0,270.0,94.82715
2025-01-23 15:25:33+00:00,1737645933000.0,0.3512,0.35135,0.35117,0.35135,23569.0,1737645933999.0,8279.47064,103.0,22429.0,7879.132
2025-01-23 15:25:34+00:00,1737645934000.0,0.35135,0.35135,0.35127,0.35131,4418.0,1737645934999.0,1552.01787,69.0,2965.0,1041.56571
2025-01-23 15:25:35+00:00,1737645935000.0,0.35131,0.35131,0.35125,0.35125,7884.0,1737645935999.0,2769.71575,72.0,124.0,43.55929
2025-01-23 15:25:36+00:00,1737645936000.0,0.35125,0.3513,0.35124,0.35129,2535.0,1737645936999.0,890.42263,48.0,2308.0,810.68962
2025-01-23 15:25:37+00:00,1737645937000.0,0.35128,0.35128,0.35119,0.35119,67616.0,1737645937999.0,23749.48011,90.0,64889.0,22791.65607
2025-01-23 15:25:38+00:00,1737645938000.0,0.35119,0.35123,0.35119,0.35123,14409.0,1737645938999.0,5060.65983,53.0,14391.0,5054.33805
2025-01-23 15:25:39+00:00,1737645939000.0,0.35124,0.35152,0.35124,0.35148,33591.0,1737645939999.0,11803.3979,205.0,22010.0,7732.54505
2025-01-23 15:25:40+00:00,1737645940000.0,0.35148,0.35148,0.35139,0.35139,24288.0,1737645940999.0,8535.0691,80.0,18529.0,6511.27617
2025-01-23 15:25:41+00:00,1737645941000.0,0.35138,0.35138,0.35134,0.35135,1943.0,1737645941999.0,682.67558,32.0,1298.0,456.0523
2025-01-23 15:25:42+00:00,1737645942000.0,0.35134,0.3514,0.35134,0.3514,1056.0,1737645942999.0,371.04978,55.0,947.0,332.75372
2025-01-23 15:25:43+00:00,1737645943000.0,0.35141,0.35144,0.35134,0.35134,6804.0,1737645943999.0,2391.12104,91.0,704.0,247.39516
2025-01-23 15:25:44+00:00,1737645944000.0,0.35133,0.35133,0.35119,0.35119,8003.0,1737645944999.0,2810.80975,104.0,729.0,256.04581
2025-01-23 15:25:45+00:00,1737645945000.0,0.35118,0.35118,0.3509,0.3509,16711.0,1737645945999.0,5866.75846,221.0,1472.0,516.73936
2025-01-23 15:25:46+00:00,1737645946000.0,0.35089,0.35089,0.35053,0.35053,32567.0,1737645946999.0,11424.62391,357.0,0.0,0.0
2025-01-23 15:25:47+00:00,1737645947000.0,0.35054,0.35059,0.35054,0.35059,2931.0,1737645947999.0,1027.46585,39.0,2877.0,1008.53399
2025-01-23 15:25:48+00:00,1737645948000.0,0.3506,0.35082,0.3506,0.35082,276673.0,1737645948999.0,97007.46421,166.0,276673.0,97007.46421
2025-01-23 15:25:49+00:00,1737645949000.0,0.35082,0.35084,0.35082,0.35084,454.0,1737645949999.0,159.27541,28.0,454.0,159.27541
2025-01-23 15:25:50+00:00,1737645950000.0,0.35085,0.35094,0.35082,0.35082,11390.0,1737645950999.0,3996.53658,132.0,10312.0,3618.3342
2025-01-23 15:25:51+00:00,1737645951000.0,0.35081,0.35087,0.3508,0.35087,4266.0,1737645951999.0,1496.56402,65.0,4174.0,1464.28981
2025-01-23 15:25:52+00:00,1737645952000.0,0.35088,0.35092,0.35086,0.35086,62697.0,1737645952999.0,22000.36206,86.0,13910.0,4880.62352
2025-01-23 15:25:53+00:00,1737645953000.0,0.35086,0.35093,0.35085,0.35093,648.0,1737645953999.0,227.36839,50.0,532.0,186.6697
2025-01-23 15:25:54+00:00,1737645954000.0,0.35094,0.35099,0.35086,0.35086,6645.0,1737645954999.0,2331.95325,92.0,870.0,305.33744
2025-01-23 15:25:55+00:00,1737645955000.0,0.35086,0.35086,0.35081,0.35084,11546.0,1737645955999.0,4050.54062,44.0,1533.0,537.82498
2025-01-23 15:25:56+00:00,1737645956000.0,0.35084,0.35084,0.35079,0.35079,183.0,1737645956999.0,64.19682,16.0,0.0,0.0
2025-01-23 15:25:57+00:00,1737645957000.0,0.35079,0.3509,0.35079,0.3509,1678.0,1737645957999.0,588.73992,77.0,1674.0,587.3366
2025-01-23 15:25:58+00:00,1737645958000.0,0.35091,0.351,0.35091,0.351,11008.0,1737645958999.0,3862.95333,70.0,11008.0,3862.95333
2025-01-23 15:25:59+00:00,1737645959000.0,0.35101,0.3511,0.35101,0.3511,855.0,1737645959999.0,300.15304,61.0,855.0,300.15304
2025-01-23 15:26:00+00:00,1737645960000.0,0.35111,0.35117,0.35111,0.35115,7721.0,1737645960999.0,2711.15071,63.0,6087.0,2137.38956
2025-01-23 15:26:01+00:00,1737645961000.0,0.35116,0.35134,0.35116,0.35128,24279.0,1737645961999.0,8528.22223,146.0,22061.0,7749.05954
2025-01-23 15:26:02+00:00,1737645962000.0,0.35127,0.35127,0.35097,0.35101,19291.0,1737645962999.0,6773.32351,170.0,1975.0,693.1863
2025-01-23 15:26:03+00:00,1737645963000.0,0.35102,0.35112,0.35102,0.35107,8115.0,1737645963999.0,2849.15708,97.0,3572.0,1254.02246
2025-01-23 15:26:04+00:00,1737645964000.0,0.35107,0.35112,0.35107,0.3511,5110.0,1737645964999.0,1794.06773,50.0,4412.0,1549.00661
2025-01-23 15:26:05+00:00,1737645965000.0,0.3511,0.35122,0.35099,0.35122,19770.0,1737645965999.0,6940.25857,161.0,18626.0,6538.65552
2025-01-23 15:26:06+00:00,1737645966000.0,0.35123,0.35134,0.35123,0.35127,58668.0,1737645966999.0,20610.3186,112.0,10150.0,3565.90294
2025-01-23 15:26:07+00:00,1737645967000.0,0.35126,0.35128,0.35117,0.35128,68344.0,1737645967999.0,24003.07455,110.0,36859.0,12945.30283
2025-01-23 15:26:08+00:00,1737645968000.0,0.35129,0.35135,0.35127,0.35127,38277.0,1737645968999.0,13446.65227,56.0,455.0,159.84819
2025-01-23 15:26:09+00:00,1737645969000.0,0.35126,0.35126,0.35117,0.3512,4915.0,1737645969999.0,1726.18055,34.0,4482.0,1574.10172
2025-01-23 15:26:10+00:00,1737645970000.0,0.35121,0.35122,0.35112,0.35112,22894.0,1737645970999.0,8040.51497,76.0,4943.0,1736.03732
2025-01-23 15:26:11+00:00,1737645971000.0,0.35111,0.35121,0.3511,0.35121,34717.0,1737645971999.0,12192.06855,94.0,34639.0,12164.68203
2025-01-23 15:26:12+00:00,1737645972000.0,0.35122,0.35124,0.35122,0.35124,15351.0,1737645972999.0,5391.87334,23.0,15351.0,5391.87334
2025-01-23 15:26:13+00:00,1737645973000.0,0.35125,0.35134,0.35125,0.35134,498.0,1737645973999.0,174.95099,62.0,486.0,170.73491
2025-01-23 15:26:14+00:00,1737645974000.0,0.35133,0.35133,0.35129,0.35129,1135.0,1737645974999.0,398.74065,24.0,2.0,0.70258
2025-01-23 15:26:15+00:00,1737645975000.0,0.35128,0.35128,0.35121,0.35125,7942.0,1737645975999.0,2789.37488,55.0,667.0,234.26998
2025-01-23 15:26:16+00:00,1737645976000.0,0.35126,0.35127,0.3512,0.35123,1963.0,1737645976999.0,689.46786,65.0,847.0,297.52059
2025-01-23 15:26:17+00:00,1737645977000.0,0.35124,0.35132,0.35106,0.35106,16458.0,1737645977999.0,5780.5466,167.0,5554.0,1951.06538
2025-01-23 15:26:18+00:00,1737645978000.0,0.35105,0.35112,0.351,0.35111,25387.0,1737645978999.0,8911.32855,95.0,23250.0,8161.13935
2025-01-23 15:26:19+00:00,1737645979000.0,0.35106,0.35112,0.35106,0.35112,1448.0,1737645979999.0,508.39432,38.0,1395.0,489.78814
2025-01-23 15:26:20+00:00,1737645980000.0,0.35112,0.3512,0.35112,0.35117,45786.0,1737645980999.0,16079.01695,106.0,16683.0,5858.08318
2025-01-23 15:26:21+00:00,1737645981000.0,0.35116,0.35131,0.35112,0.35131,11972.0,1737645981999.0,4204.37687,147.0,9801.0,3442.08169
2025-01-23 15:26:22+00:00,1737645982000.0,0.3513,0.35131,0.3513,0.35131,2948.0,1737645982999.0,1035.63854,9.0,614.0,215.70434
2025-01-23 15:26:23+00:00,1737645983000.0,0.35131,0.35135,0.35126,0.35126,11848.0,1737645983999.0,4162.05568,96.0,1863.0,654.54039
2025-01-23 15:26:24+00:00,1737645984000.0,0.35127,0.35135,0.35127,0.35132,20226.0,1737645984999.0,7105.94169,75.0,8053.0,2829.0804
2025-01-23 15:26:25+00:00,1737645985000.0,0.35131,0.35131,0.351,0.351,31971.0,1737645985999.0,11228.58439,226.0,484.0,169.9566
2025-01-23 15:26:26+00:00,1737645986000.0,0.35099,0.35099,0.35087,0.35087,9474.0,1737645986999.0,3324.47031,86.0,4726.0,1658.3534
2025-01-23 15:26:27+00:00,1737645987000.0,0.35088,0.35095,0.35074,0.35074,15513.0,1737645987999.0,5442.5603,183.0,7184.0,2520.5185
2025-01-23 15:26:28+00:00,1737645988000.0,0.35073,0.35077,0.35072,0.35077,37644.0,1737645988999.0,13203.22324,58.0,33074.0,11600.43159
2025-01-23 15:26:29+00:00,1737645989000.0,0.35077,0.35079,0.35077,0.35079,4597.0,1737645989999.0,1612.50933,29.0,4535.0,1590.76159
2025-01-23 15:26:30+00:00,1737645990000.0,0.35079,0.35079,0.35065,0.35065,15620.0,1737645990999.0,5478.19667,47.0,3131.0,1097.95974
2025-01-23 15:26:31+00:00,1737645991000.0,0.35065,0.35068,0.35065,0.35067,408.0,1737645991999.0,143.07174,30.0,240.0,84.15918
2025-01-23 15:26:32+00:00,1737645992000.0,0.35068,0.35075,0.35068,0.35075,6181.0,1737645992999.0,2167.62159,68.0,6181.0,2167.62159
2025-01-23 15:26:33+00:00,1737645993000.0,0.35076,0.3508,0.35075,0.35075,11440.0,1737645993999.0,4012.81031,52.0,454.0,159.25887
2025-01-23 15:26:34+00:00,1737645994000.0,0.35074,0.35074,0.35065,0.35065,2434.0,1737645994999.0,853.66162,41.0,65.0,22.79225
2025-01-23 15:26:35+00:00,1737645995000.0,0.35064,0.35064,0.3505,0.3505,28457.0,1737645995999.0,9976.6124,76.0,34.0,11.92108
2025-01-23 15:26:36+00:00,1737645996000.0,0.35051,0.35056,0.35051,0.35052,41642.0,1737645996999.0,14596.15505,59.0,25505.0,8939.80292
2025-01-23 15:26:37+00:00,1737645997000.0,0.35052,0.35054,0.35051,0.35051,14193.0,1737645997999.0,4975.19104,40.0,13345.0,4677.95564
2025-01-23 15:26:38+00:00,1737645998000.0,0.35051,0.35051,0.3505,0.35051,11974.0,1737645998999.0,4196.8875,22.0,733.0,256.91662
2025-01-23 15:26:39+00:00,1737645999000.0,0.35052,0.35069,0.35052,0.35069,12386.0,1737645999999.0,4342.52188,109.0,12386.0,4342.52188
2025-01-23 15:26:40+00:00,1737646000000.0,0.35069,0.35074,0.35069,0.35071,14905.0,1737646000999.0,5227.57883,54.0,11128.0,3902.87654
2025-01-23 15:26:41+00:00,1737646001000.0,0.3507,0.3507,0.35068,0.35068,1527.0,1737646001999.0,535.50369,16.0,0.0,0.0
2025-01-23 15:26:42+00:00,1737646002000.0,0.35067,0.35067,0.35067,0.35067,14.0,1737646002999.0,4.90938,1.0,0.0,0.0
2025-01-23 15:26:43+00:00,1737646003000.0,0.35068,0.35085,0.35068,0.35085,36992.0,1737646003999.0,12973.37393,128.0,36117.0,12666.42393
2025-01-23 15:26:44+00:00,1737646004000.0,0.35086,0.35092,0.35085,0.35085,84898.0,1737646004999.0,29790.32216,106.0,4036.0,1416.17801
2025-01-23 15:26:45+00:00,1737646005000.0,0.35085,0.35085,0.35072,0.35072,5129.0,1737646005999.0,1799.31073,86.0,2902.0,1018.0914
2025-01-23 15:26:46+00:00,1737646006000.0,0.35071,0.35071,0.35071,0.35071,520.0,1737646006999.0,182.3692,15.0,474.0,166.23654
2025-01-23 15:26:47+00:00,1737646007000.0,0.35071,0.35073,0.35066,0.35073,60764.0,1737646007999.0,21308.19626,122.0,57518.0,20169.89764
2025-01-23 15:26:48+00:00,1737646008000.0,0.35073,0.35073,0.35055,0.35055,36155.0,1737646008999.0,12677.05566,63.0,11241.0,3942.01078
2025-01-23 15:26:49+00:00,1737646009000.0,0.35054,0.35054,0.35051,0.35051,586.0,1737646009999.0,205.40056,15.0,381.0,133.54559
2025-01-23 15:26:50+00:00,1737646010000.0,0.35051,0.35053,0.35051,0.35053,18901.0,1737646010999.0,6625.15371,26.0,18901.0,6625.15371
2025-01-23 15:26:51+00:00,1737646011000.0,0.35052,0.35052,0.35034,0.35034,7040.0,1737646011999.0,2466.54724,37.0,0.0,0.0
2025-01-23 15:26:52+00:00,1737646012000.0,0.35033,0.35033,0.35028,0.3503,12704.0,1737646012999.0,4450.20651,32.0,11545.0,4044.19665
2025-01-23 15:26:53+00:00,1737646013000.0,0.3503,0.35034,0.3503,0.35034,10464.0,1737646013999.0,3665.75018,30.0,10464.0,3665.75018
2025-01-23 15:26:54+00:00,1737646014000.0,0.35029,0.35033,0.35028,0.35033,2651.0,1737646014999.0,928.6204,50.0,2581.0,904.10052
2025-01-23 15:26:55+00:00,1737646015000.0,0.35034,0.35045,0.35034,0.35045,10109.0,1737646015999.0,3542.26914,99.0,10030.0,3514.59149
2025-01-23 15:26:56+00:00,1737646016000.0,0.35041,0.35041,0.35025,0.35029,8204.0,1737646016999.0,2873.75197,41.0,208.0,72.85722
2025-01-23 15:26:57+00:00,1737646017000.0,0.35031,0.35031,0.3503,0.35031,9858.0,1737646017999.0,3453.35013,17.0,9273.0,3248.42463
2025-01-23 15:26:58+00:00,1737646018000.0,0.35031,0.35033,0.35031,0.35033,660.0,1737646018999.0,231.21114,20.0,561.0,196.52946
2025-01-23 15:26:59+00:00,1737646019000.0,0.35033,0.35042,0.35033,0.35036,10416.0,1737646019999.0,3649.4974,71.0,3847.0,1347.95204
2025-01-23 15:27:00+00:00,1737646020000.0,0.35036,0.35039,0.35035,0.35039,9287.0,1737646020999.0,3253.89679,40.0,9259.0,3244.08699
2025-01-23 15:27:01+00:00,1737646021000.0,0.35035,0.35035,0.35016,0.35016,34378.0,1737646021999.0,12040.08245,74.0,0.0,0.0
2025-01-23 15:27:02+00:00,1737646022000.0,0.35016,0.3502,0.35016,0.3502,1971.0,1737646022999.0,690.22045,31.0,1971.0,690.22045
2025-01-23 15:27:03+00:00,1737646023000.0,0.35019,0.35019,0.35013,0.35013,5222.0,1737646023999.0,1828.68999,19.0,0.0,0.0
2025-01-23 15:27:04+00:00,1737646024000.0,0.35013,0.35026,0.35013,0.35026,18440.0,1737646024999.0,6456.88525,92.0,18440.0,6456.88525
2025-01-23 15:27:05+00:00,1737646025000.0,0.35027,0.3503,0.35027,0.35027,40928.0,1737646025999.0,14336.66014,62.0,2195.0,768.88149
2025-01-23 15:27:06+00:00,1737646026000.0,0.35028,0.35035,0.35028,0.35034,9702.0,1737646026999.0,3398.84247,68.0,9666.0,3386.23023
2025-01-23 15:27:07+00:00,1737646027000.0,0.35033,0.35033,0.35018,0.35018,5463.0,1737646027999.0,1913.38351,106.0,347.0,121.55211
2025-01-23 15:27:08+00:00,1737646028000.0,0.35018,0.35023,0.35018,0.35023,875.0,1737646028999.0,306.41921,35.0,875.0,306.41921
2025-01-23 15:27:09+00:00,1737646029000.0,0.35023,0.35036,0.35023,0.35036,7449.0,1737646029999.0,2609.41119,93.0,7449.0,2609.41119
2025-01-23 15:27:10+00:00,1737646030000.0,0.35037,0.35039,0.35031,0.35031,36447.0,1737646030999.0,12768.43106,92.0,3600.0,1261.32751
2025-01-23 15:27:11+00:00,1737646031000.0,0.35031,0.35046,0.35031,0.35042,12440.0,1737646031999.0,4358.52147,127.0,10424.0,3651.99586
2025-01-23 15:27:12+00:00,1737646032000.0,0.35043,0.35043,0.35032,0.35032,7801.0,1737646032999.0,2733.48911,71.0,406.0,142.27173
2025-01-23 15:27:13+00:00,1737646033000.0,0.35032,0.35032,0.35021,0.35021,33720.0,1737646033999.0,11812.03046,117.0,30118.0,10550.36675
2025-01-23 15:27:14+00:00,1737646034000.0,0.35021,0.35021,0.35016,0.35017,6377.0,1737646034999.0,2233.18863,51.0,4988.0,1746.79274
2025-01-23 15:27:15+00:00,1737646035000.0,0.35016,0.35016,0.35008,0.35008,5195.0,1737646035999.0,1818.77598,35.0,245.0,85.7696
2025-01-23 15:27:16+00:00,1737646036000.0,0.35008,0.35021,0.35007,0.35021,26881.0,1737646036999.0,9411.32952,83.0,25527.0,8937.3276
2025-01-23 15:27:17+00:00,1737646037000.0,0.35021,0.35026,0.35021,0.35025,1034.0,1737646037999.0,362.15739,45.0,465.0,162.8655
2025-01-23 15:27:18+00:00,1737646038000.0,0.35023,0.35025,0.35023,0.35025,136.0,1737646038999.0,47.63244,20.0,104.0,36.42508
2025-01-23 15:27:19+00:00,1737646039000.0,0.35026,0.35026,0.35022,0.35022,28987.0,1737646039999.0,10152.97288,27.0,28351.0,9930.22126
2025-01-23 15:27:20+00:00,1737646040000.0,0.35022,0.35036,0.35022,0.35036,23586.0,1737646040999.0,8260.5873,83.0,4970.0,1740.89178
2025-01-23 15:27:21+00:00,1737646041000.0,0.35035,0.35035,0.35013,0.35014,12450.0,1737646041999.0,4359.94352,89.0,7162.0,2507.94278
2025-01-23 15:27:22+00:00,1737646042000.0,0.35014,0.35017,0.35011,0.35011,65650.0,1737646042999.0,22987.22332,80.0,17120.0,5994.3765
2025-01-23 15:27:23+00:00,1737646043000.0,0.3501,0.3501,0.35006,0.35006,13000.0,1737646043999.0,4551.13276,23.0,0.0,0.0
2025-01-23 15:27:24+00:00,1737646044000.0,0.35005,0.35011,0.35005,0.35005,17989.0,1737646044999.0,6297.69082,70.0,13725.0,4805.01259
2025-01-23 15:27:25+00:00,1737646045000.0,0.35005,0.35008,0.35005,0.35008,7513.0,1737646045999.0,2630.03094,32.0,7513.0,2630.03094
2025-01-23 15:27:26+00:00,1737646046000.0,0.35008,0.35008,0.35008,0.35008,15.0,1737646046999.0,5.2512,5.0,15.0,5.2512
2025-01-23 15:27:27+00:00,1737646047000.0,0.35007,0.35007,0.35007,0.35007,2451.0,1737646047999.0,858.02157,8.0,91.0,31.85637
2025-01-23 15:27:28+00:00,1737646048000.0,0.35007,0.35012,0.35007,0.3501,3467.0,1737646048999.0,1213.79589,43.0,705.0,246.80918
2025-01-23 15:27:29+00:00,1737646049000.0,0.35011,0.35018,0.35009,0.35018,9326.0,1737646049999.0,3265.19789,70.0,8868.0,3104.8566
2025-01-23 15:27:30+00:00,1737646050000.0,0.35018,0.35019,0.35008,0.35008,1070.0,1737646050999.0,374.63294,19.0,29.0,10.15533
2025-01-23 15:27:31+00:00,1737646051000.0,0.35007,0.35012,0.35007,0.35012,1158.0,1737646051999.0,405.41477,31.0,1158.0,405.41477
2025-01-23 15:27:32+00:00,1737646052000.0,0.35013,0.35013,0.35012,0.35012,1853.0,1737646052999.0,648.77522,14.0,286.0,100.13718
2025-01-23 15:27:33+00:00,1737646053000.0,0.3501,0.3501,0.35007,0.35007,33161.0,1737646053999.0,11609.05025,15.0,33108.0,11590.49654
2025-01-23 15:27:34+00:00,1737646054000.0,0.35007,0.35014,0.35007,0.35014,2837.0,1737646054999.0,993.2071,53.0,2837.0,993.2071
2025-01-23 15:27:35+00:00,1737646055000.0,0.35015,0.35024,0.35013,0.35024,28237.0,1737646055999.0,9887.15961,81.0,26062.0,9125.53621
2025-01-23 15:27:36+00:00,1737646056000.0,0.35023,0.35023,0.35,0.35,168611.0,1737646056999.0,59023.79701,89.0,2421.0,847.8342
2025-01-23 15:27:37+00:00,1737646057000.0,0.35,0.35,0.34993,0.34994,221385.0,1737646057999.0,77484.60455,179.0,996.0,348.53506
2025-01-23 15:27:38+00:00,1737646058000.0,0.34994,0.34999,0.34994,0.34999,1415.0,1737646058999.0,495.21014,51.0,1415.0,495.21014
2025-01-23 15:27:39+00:00,1737646059000.0,0.34999,0.35015,0.34999,0.35015,1607.0,1737646059999.0,562.52381,108.0,1607.0,562.52381
2025-01-23 15:27:40+00:00,1737646060000.0,0.35015,0.35025,0.35015,0.35025,2623.0,1737646060999.0,918.55547,71.0,2623.0,918.55547
2025-01-23 15:27:41+00:00,1737646061000.0,0.35024,0.35025,0.35013,0.35013,27662.0,1737646061999.0,9687.41634,25.0,29.0,10.15725
2025-01-23 15:27:42+00:00,1737646062000.0,0.35013,0.35026,0.35013,0.35026,2222.0,1737646062999.0,778.13943,99.0,2150.0,752.92863
2025-01-23 15:27:43+00:00,1737646063000.0,0.35027,0.35047,0.35027,0.35047,34129.0,1737646063999.0,11955.94289,160.0,30230.0,10589.9755
2025-01-23 15:27:44+00:00,1737646064000.0,0.35048,0.35068,0.35048,0.35067,87892.0,1737646064999.0,30817.11476,164.0,31712.0,11115.98436
2025-01-23 15:27:45+00:00,1737646065000.0,0.35067,0.3507,0.35064,0.3507,3944.0,1737646065999.0,1383.0229,62.0,2897.0,1015.89238
2025-01-23 15:27:46+00:00,1737646066000.0,0.35071,0.35092,0.35071,0.35092,51642.0,1737646066999.0,18116.15184,267.0,47844.0,16783.77546
2025-01-23 15:27:47+00:00,1737646067000.0,0.35093,0.35098,0.35093,0.35097,14732.0,1737646067999.0,5170.49522,43.0,5106.0,1792.058
2025-01-23 15:27:48+00:00,1737646068000.0,0.35097,0.35097,0.35096,0.35096,146.0,1737646068999.0,51.24072,13.0,80.0,28.07736
2025-01-23 15:27:49+00:00,1737646069000.0,0.35095,0.35095,0.35094,0.35094,654.0,1737646069999.0,229.51925,13.0,0.0,0.0
2025-01-23 15:27:50+00:00,1737646070000.0,0.35095,0.35098,0.35095,0.35097,1317.0,1737646070999.0,462.22122,24.0,1299.0,455.90376
2025-01-23 15:27:51+00:00,1737646071000.0,0.35097,0.35105,0.35097,0.35105,9535.0,1737646071999.0,3346.7556,79.0,9535.0,3346.7556
2025-01-23 15:27:52+00:00,1737646072000.0,0.35105,0.35105,0.35098,0.35099,9799.0,1737646072999.0,3439.85601,54.0,2561.0,899.03431
2025-01-23 15:27:53+00:00,1737646073000.0,0.35099,0.35099,0.35094,0.35094,6096.0,1737646073999.0,2139.59519,36.0,4307.0,1511.69948
2025-01-23 15:27:54+00:00,1737646074000.0,0.35093,0.35093,0.35088,0.35088,3443.0,1737646074999.0,1208.24185,42.0,0.0,0.0
2025-01-23 15:27:55+00:00,1737646075000.0,0.35087,0.35089,0.35077,0.35077,118777.0,1737646075999.0,41675.26247,130.0,86672.0,30410.29703
2025-01-23 15:27:56+00:00,1737646076000.0,0.35077,0.3508,0.35077,0.3508,624.0,1737646076999.0,218.88132,23.0,615.0,215.72412
2025-01-23 15:27:57+00:00,1737646077000.0,0.35081,0.35084,0.35081,0.35083,667.0,1737646077999.0,234.00633,40.0,211.0,74.02357
2025-01-23 15:27:58+00:00,1737646078000.0,0.35083,0.35085,0.35083,0.35085,1624.0,1737646078999.0,569.74972,21.0,1624.0,569.74972
2025-01-23 15:27:59+00:00,1737646079000.0,0.35085,0.35085,0.35071,0.35071,740.0,1737646079999.0,259.56682,94.0,0.0,0.0
2025-01-23 15:28:00+00:00,1737646080000.0,0.35071,0.35071,0.35064,0.35066,32667.0,1737646080999.0,11456.1541,72.0,1216.0,426.46119
2025-01-23 15:28:01+00:00,1737646081000.0,0.35065,0.35069,0.35061,0.35069,89795.0,1737646081999.0,31485.5869,108.0,26147.0,9167.63576
2025-01-23 15:28:02+00:00,1737646082000.0,0.35068,0.35069,0.35066,0.35069,28637.0,1737646082999.0,10041.85462,55.0,17907.0,6279.27237
2025-01-23 15:28:03+00:00,1737646083000.0,0.3507,0.35082,0.3507,0.35082,1347.0,1737646083999.0,472.50812,94.0,749.0,262.71776
2025-01-23 15:28:04+00:00,1737646084000.0,0.35081,0.35086,0.35069,0.35086,6437.0,1737646084999.0,2257.92284,160.0,3336.0,1170.23195
2025-01-23 15:28:05+00:00,1737646085000.0,0.35087,0.35091,0.35087,0.35091,16712.0,1737646085999.0,5864.19896,50.0,16700.0,5859.98828
2025-01-23 15:28:06+00:00,1737646086000.0,0.35091,0.35098,0.35091,0.35098,30646.0,1737646086999.0,10755.1358,58.0,30071.0,10553.36255
2025-01-23 15:28:07+00:00,1737646087000.0,0.35099,0.35109,0.35099,0.35109,15129.0,1737646087999.0,5311.02431,78.0,15122.0,5308.56738
2025-01-23 15:28:08+00:00,1737646088000.0,0.35109,0.3511,0.35106,0.35106,631.0,1737646088999.0,221.53825,25.0,122.0,42.8338
2025-01-23 15:28:09+00:00,1737646089000.0,0.35105,0.35105,0.35092,0.35093,4168.0,1737646089999.0,1462.76919,61.0,18.0,6.31674
2025-01-23 15:28:10+00:00,1737646090000.0,0.35093,0.35094,0.35093,0.35093,585.0,1737646090999.0,205.29976,11.0,571.0,200.38674
2025-01-23 15:28:11+00:00,1737646091000.0,0.35093,0.35095,0.35091,0.35095,609.0,1737646091999.0,213.71102,38.0,489.0,171.60096
2025-01-23 15:28:12+00:00,1737646092000.0,0.35095,0.35095,0.35092,0.35092,33.0,1737646092999.0,11.58096,11.0,0.0,0.0
2025-01-23 15:28:13+00:00,1737646093000.0,0.35092,0.35093,0.35089,0.35089,15961.0,1737646093999.0,5600.98791,53.0,10125.0,3553.13489
2025-01-23 15:28:14+00:00,1737646094000.0,0.35089,0.35089,0.35064,0.35064,11723.0,1737646094999.0,4112.36356,118.0,0.0,0.0
2025-01-23 15:28:15+00:00,1737646095000.0,0.35065,0.35079,0.35065,0.35077,21839.0,1737646095999.0,7660.58208,99.0,21809.0,7650.05862
2025-01-23 15:28:16+00:00,1737646096000.0,0.35077,0.35077,0.35063,0.3507,135822.0,1737646096999.0,47629.85713,120.0,50056.0,17552.20889
2025-01-23 15:28:17+00:00,1737646097000.0,0.35071,0.35072,0.35068,0.35068,7793.0,1737646097999.0,2733.02165,16.0,63.0,22.0949
2025-01-23 15:28:18+00:00,1737646098000.0,0.35068,0.35071,0.35068,0.35069,15003.0,1737646098999.0,5261.69907,33.0,14813.0,5195.06618
2025-01-23 15:28:19+00:00,1737646099000.0,0.35069,0.35073,0.35069,0.35073,5595.0,1737646099999.0,1962.31713,40.0,5595.0,1962.31713
2025-01-23 15:28:20+00:00,1737646100000.0,0.35074,0.35074,0.35071,0.35071,9928.0,1737646100999.0,3482.142,12.0,9468.0,3320.80632
2025-01-23 15:28:21+00:00,1737646101000.0,0.3507,0.3507,0.35051,0.35051,31065.0,1737646101999.0,10892.62412,63.0,615.0,215.62515
2025-01-23 15:28:22+00:00,1737646102000.0,0.3505,0.3505,0.35044,0.35046,564.0,1737646102999.0,197.66079,32.0,42.0,14.71884
2025-01-23 15:28:23+00:00,1737646103000.0,0.35047,0.35067,0.35047,0.35067,28409.0,1737646103999.0,9958.89187,122.0,12562.0,4404.3599
2025-01-23 15:28:24+00:00,1737646104000.0,0.35066,0.35074,0.35066,0.35073,3134.0,1737646104999.0,1099.18994,60.0,2228.0,781.43738
2025-01-23 15:28:25+00:00,1737646105000.0,0.35074,0.35074,0.35074,0.35074,13.0,1737646105999.0,4.55962,1.0,13.0,4.55962
2025-01-23 15:28:26+00:00,1737646106000.0,0.35073,0.35073,0.35059,0.35061,3071.0,1737646106999.0,1076.86111,103.0,30.0,10.51812
2025-01-23 15:28:27+00:00,1737646107000.0,0.35062,0.35068,0.35062,0.35064,29499.0,1737646107999.0,10344.53678,86.0,9931.0,3482.56364
2025-01-23 15:28:28+00:00,1737646108000.0,0.35063,0.35063,0.35051,0.35052,36868.0,1737646108999.0,12923.64621,82.0,26099.0,9148.22148
2025-01-23 15:28:29+00:00,1737646109000.0,0.35052,0.35056,0.35051,0.35056,728.0,1737646109999.0,255.17925,37.0,716.0,250.97313
2025-01-23 15:28:30+00:00,1737646110000.0,0.35055,0.35055,0.35048,0.3505,25053.0,1737646110999.0,8781.37431,58.0,594.0,208.19577
2025-01-23 15:28:31+00:00,1737646111000.0,0.35051,0.35053,0.35051,0.35053,12563.0,1737646111999.0,4403.70791,23.0,109.0,38.20729
2025-01-23 15:28:32+00:00,1737646112000.0,0.35053,0.35054,0.35052,0.35053,10927.0,1737646112999.0,3830.25663,35.0,5917.0,2074.10166
2025-01-23 15:28:33+00:00,1737646113000.0,0.35054,0.35054,0.35046,0.35046,4661.0,1737646113999.0,1633.70887,38.0,18.0,6.30972
2025-01-23 15:28:34+00:00,1737646114000.0,0.35045,0.35045,0.3504,0.3504,7409.0,1737646114999.0,2596.19504,37.0,72.0,25.23024
2025-01-23 15:28:35+00:00,1737646115000.0,0.35039,0.3504,0.35035,0.35035,5432.0,1737646115999.0,1903.1949,25.0,5038.0,1765.14616
2025-01-23 15:28:36+00:00,1737646116000.0,0.35035,0.35035,0.35031,0.35034,3037.0,1737646116999.0,1063.92882,29.0,2800.0,980.89747
2025-01-23 15:28:37+00:00,1737646117000.0,0.35034,0.35041,0.35034,0.35038,8967.0,1737646117999.0,3141.92066,69.0,3438.0,1204.66178
2025-01-23 15:28:38+00:00,1737646118000.0,0.35037,0.3505,0.35035,0.3505,25630.0,1737646118999.0,8982.55977,83.0,25412.0,8906.17885
2025-01-23 15:28:39+00:00,1737646119000.0,0.35051,0.35055,0.35051,0.35051,17704.0,1737646119999.0,6205.76764,52.0,14260.0,4998.5767
2025-01-23 15:28:40+00:00,1737646120000.0,0.3505,0.3505,0.3504,0.35041,79578.0,1737646120999.0,27890.34449,52.0,14.0,4.90574
2025-01-23 15:28:41+00:00,1737646121000.0,0.3504,0.3504,0.35038,0.35039,1503.0,1737646121999.0,526.62214,16.0,51.0,17.86989
2025-01-23 15:28:42+00:00,1737646122000.0,0.35039,0.35048,0.35039,0.35048,48178.0,1737646122999.0,16884.18875,54.0,48178.0,16884.18875
2025-01-23 15:28:43+00:00,1737646123000.0,0.35048,0.35048,0.3504,0.35043,9646.0,1737646123999.0,3380.45849,50.0,2385.0,835.80244
2025-01-23 15:28:44+00:00,1737646124000.0,0.35044,0.35056,0.35044,0.35056,1946.0,1737646124999.0,682.08299,88.0,1946.0,682.08299
2025-01-23 15:28:45+00:00,1737646125000.0,0.35056,0.35059,0.35056,0.35058,4683.0,1737646125999.0,1641.76657,43.0,4643.0,1627.743
2025-01-23 15:28:46+00:00,1737646126000.0,0.35057,0.35057,0.35049,0.35049,2916.0,1737646126999.0,1022.16196,21.0,15.0,5.25825
2025-01-23 15:28:47+00:00,1737646127000.0,0.35048,0.35048,0.35046,0.35047,10460.0,1737646127999.0,3665.81798,26.0,10358.0,3630.07004
2025-01-23 15:28:48+00:00,1737646128000.0,0.35045,0.35045,0.3504,0.35041,380.0,1737646128999.0,133.1591,6.0,6.0,2.10246
2025-01-23 15:28:49+00:00,1737646129000.0,0.35041,0.35041,0.35035,0.35037,1007.0,1737646129999.0,352.83067,21.0,657.0,230.20166
2025-01-23 15:28:50+00:00,1737646130000.0,0.35037,0.35042,0.35037,0.3504,4333.0,1737646130999.0,1518.3295,29.0,4333.0,1518.3295
2025-01-23 15:28:51+00:00,1737646131000.0,0.35038,0.35038,0.35037,0.35037,2037.0,1737646131999.0,713.70674,4.0,305.0,106.8659
2025-01-23 15:28:52+00:00,1737646132000.0,0.35036,0.35039,0.35036,0.35039,1289.0,1737646132999.0,451.6235,24.0,762.0,266.98378
2025-01-23 15:28:53+00:00,1737646133000.0,0.35037,0.35037,0.35026,0.35026,31914.0,1737646133999.0,11179.97533,33.0,16861.0,5906.23969
2025-01-23 15:28:54+00:00,1737646134000.0,0.35025,0.35025,0.35016,0.35016,4716.0,1737646134999.0,1651.5131,25.0,2006.0,702.4309
2025-01-23 15:28:55+00:00,1737646135000.0,0.35015,0.35015,0.35009,0.3501,15063.0,1737646135999.0,5274.17624,50.0,254.0,88.92594
2025-01-23 15:28:56+00:00,1737646136000.0,0.35009,0.35012,0.35009,0.35012,5775.0,1737646136999.0,2021.79806,23.0,5748.0,2012.34563
2025-01-23 15:28:57+00:00,1737646137000.0,0.35012,0.35012,0.35011,0.35011,10861.0,1737646137999.0,3802.6302,22.0,9720.0,3403.15469
2025-01-23 15:28:58+00:00,1737646138000.0,0.35012,0.35012,0.35007,0.35007,5179.0,1737646138999.0,1813.25189,19.0,4554.0,1594.44648
2025-01-23 15:28:59+00:00,1737646139000.0,0.35006,0.35006,0.35006,0.35006,10334.0,1737646139999.0,3617.52004,7.0,10334.0,3617.52004
2025-01-23 15:29:00+00:00,1737646140000.0,0.35005,0.35006,0.35004,0.35006,22575.0,1737646140999.0,7902.3557,56.0,19275.0,6747.2237
2025-01-23 15:29:01+00:00,1737646141000.0,0.35007,0.3502,0.35006,0.35018,14943.0,1737646141999.0,5232.73992,98.0,1356.0,474.77188
2025-01-23 15:29:02+00:00,1737646142000.0,0.35017,0.35017,0.35006,0.35006,2235.0,1737646142999.0,782.49639,49.0,0.0,0.0
2025-01-23 15:29:03+00:00,1737646143000.0,0.35006,0.3501,0.35006,0.3501,1980.0,1737646143999.0,693.1589,35.0,1726.0,604.238
2025-01-23 15:29:04+00:00,1737646144000.0,0.35011,0.35025,0.35011,0.35024,10604.0,1737646144999.0,3713.85711,107.0,9939.0,3480.94751
2025-01-23 15:29:05+00:00,1737646145000.0,0.35024,0.35035,0.35023,0.35035,27524.0,1737646145999.0,9641.77901,102.0,25515.0,8938.16436
2025-01-23 15:29:06+00:00,1737646146000.0,0.35036,0.35036,0.35035,0.35035,4133.0,1737646146999.0,1448.03731,11.0,4076.0,1428.06736
2025-01-23 15:29:07+00:00,1737646147000.0,0.35035,0.35039,0.35035,0.35039,3651.0,1737646147999.0,1279.19953,27.0,3651.0,1279.19953
2025-01-23 15:29:08+00:00,1737646148000.0,0.35039,0.35039,0.3503,0.3503,6290.0,1737646148999.0,2203.46693,36.0,75.0,26.27538
2025-01-23 15:29:09+00:00,1737646149000.0,0.35029,0.35029,0.35014,0.35014,9781.0,1737646149999.0,3425.33767,69.0,0.0,0.0
2025-01-23 15:29:10+00:00,1737646150000.0,0.35013,0.35013,0.35007,0.35007,15487.0,1737646150999.0,5421.84914,33.0,65.0,22.7565
2025-01-23 15:29:11+00:00,1737646151000.0,0.35007,0.35012,0.35007,0.35012,14265.0,1737646151999.0,4994.03711,48.0,2369.0,829.34871
2025-01-23 15:29:12+00:00,1737646152000.0,0.35012,0.35012,0.35006,0.35006,1141.0,1737646152999.0,399.45783,22.0,0.0,0.0
2025-01-23 15:29:13+00:00,1737646153000.0,0.35007,0.35009,0.35003,0.35003,23292.0,1737646153999.0,8153.8637,38.0,17459.0,6111.87333
2025-01-23 15:29:14+00:00,1737646154000.0,0.35004,0.35007,0.35004,0.35007,18698.0,1737646154999.0,6545.23771,32.0,18698.0,6545.23771
2025-01-23 15:29:15+00:00,1737646155000.0,0.35004,0.35004,0.35,0.35002,2395.0,1737646155999.0,838.26995,49.0,235.0,82.2537
2025-01-23 15:29:16+00:00,1737646156000.0,0.35002,0.35018,0.35002,0.35018,30524.0,1737646156999.0,10686.92101,119.0,30224.0,10581.89401
2025-01-23 15:29:17+00:00,1737646157000.0,0.35019,0.35022,0.35014,0.35014,27852.0,1737646157999.0,9752.91509,44.0,3952.0,1383.91181
2025-01-23 15:29:18+00:00,1737646158000.0,0.35014,0.35014,0.35009,0.35009,1639.0,1737646158999.0,573.82097,13.0,609.0,213.21114
2025-01-23 15:29:19+00:00,1737646159000.0,0.35008,0.3501,0.35008,0.3501,6436.0,1737646159999.0,2253.17912,15.0,6139.0,2149.20536
2025-01-23 15:29:20+00:00,1737646160000.0,0.35009,0.35011,0.35007,0.35011,1323.0,1737646160999.0,463.17631,33.0,867.0,303.53527
2025-01-23 15:29:21+00:00,1737646161000.0,0.35012,0.35017,0.35012,0.35017,925.0,1737646161999.0,323.89472,40.0,921.0,322.49412
2025-01-23 15:29:22+00:00,1737646162000.0,0.35017,0.35021,0.35017,0.35021,3372.0,1737646162999.0,1180.82511,45.0,2598.0,909.78579
2025-01-23 15:29:23+00:00,1737646163000.0,0.35021,0.35041,0.35021,0.35041,89657.0,1737646163999.0,31412.21938,167.0,89440.0,31336.22381
2025-01-23 15:29:24+00:00,1737646164000.0,0.35041,0.35042,0.35041,0.35042,7971.0,1737646164999.0,2793.15339,24.0,3528.0,1236.28176
2025-01-23 15:29:25+00:00,1737646165000.0,0.35041,0.35047,0.35041,0.35047,1924.0,1737646165999.0,674.24539,40.0,1874.0,656.72489
2025-01-23 15:29:26+00:00,1737646166000.0,0.35047,0.35054,0.35047,0.35054,5181.0,1737646166999.0,1815.91195,55.0,3076.0,1078.1726
2025-01-23 15:29:27+00:00,1737646167000.0,0.35054,0.35055,0.35054,0.35055,2060.0,1737646167999.0,722.13282,13.0,61.0,21.38337
2025-01-23 15:29:28+00:00,1737646168000.0,0.35055,0.35055,0.35048,0.35048,12528.0,1737646168999.0,4391.37887,35.0,0.0,0.0
2025-01-23 15:29:29+00:00,1737646169000.0,0.35048,0.35048,0.35048,0.35048,1755.0,1737646169999.0,615.0924,6.0,0.0,0.0
2025-01-23 15:29:30+00:00,1737646170000.0,0.35048,0.35048,0.35044,0.35044,1413.0,1737646170999.0,495.21036,24.0,0.0,0.0
2025-01-23 15:29:31+00:00,1737646171000.0,0.35044,0.35044,0.3504,0.35041,8163.0,1737646171999.0,2860.41042,43.0,5838.0,2045.68784
2025-01-23 15:29:32+00:00,1737646172000.0,0.35041,0.35054,0.35041,0.35054,42785.0,1737646172999.0,14996.29018,74.0,42785.0,14996.29018
2025-01-23 15:29:33+00:00,1737646173000.0,0.35055,0.35055,0.35046,0.35048,67433.0,1737646173999.0,23637.31411,98.0,2524.0,884.60939
2025-01-23 15:29:34+00:00,1737646174000.0,0.35048,0.3505,0.35048,0.3505,836.0,1737646174999.0,293.00812,21.0,670.0,234.82844
2025-01-23 15:29:35+00:00,1737646175000.0,0.3505,0.35063,0.3505,0.35063,12052.0,1737646175999.0,4225.52126,97.0,7418.0,2600.74818
2025-01-23 15:29:36+00:00,1737646176000.0,0.35063,0.35069,0.35063,0.35069,7968.0,1737646176999.0,2793.98674,52.0,7968.0,2793.98674
2025-01-23 15:29:37+00:00,1737646177000.0,0.35069,0.3507,0.35058,0.35058,4571.0,1737646177999.0,1602.90712,102.0,65.0,22.79532
2025-01-23 15:29:38+00:00,1737646178000.0,0.35058,0.35058,0.35053,0.35053,302.0,1737646178999.0,105.86619,43.0,48.0,16.82544
2025-01-23 15:29:39+00:00,1737646179000.0,0.35053,0.35059,0.35053,0.35058,788.0,1737646179999.0,276.23699,55.0,757.0,265.36883
2025-01-23 15:29:40+00:00,1737646180000.0,0.35057,0.35057,0.35055,0.35057,11590.0,1737646180999.0,4063.10537,33.0,177.0,62.05038
2025-01-23 15:29:41+00:00,1737646181000.0,0.35056,0.35057,0.35044,0.35044,30329.0,1737646181999.0,10630.59949,81.0,9763.0,3422.61491
2025-01-23 15:29:42+00:00,1737646182000.0,0.35046,0.35049,0.3504,0.35049,31826.0,1737646182999.0,11152.54647,127.0,17746.0,6218.53679
2025-01-23 15:29:43+00:00,1737646183000.0,0.3505,0.35057,0.3505,0.35057,26107.0,1737646183999.0,9151.07313,64.0,26071.0,9138.45477
2025-01-23 15:29:44+00:00,1737646184000.0,0.35057,0.35057,0.35054,0.35054,7215.0,1737646184999.0,2529.21006,16.0,0.0,0.0
2025-01-23 15:29:45+00:00,1737646185000.0,0.35055,0.35058,0.35055,0.35058,2355.0,1737646185999.0,825.61493,17.0,2355.0,825.61493
2025-01-23 15:29:46+00:00,1737646186000.0,0.35058,0.35067,0.35058,0.35067,7415.0,1737646186999.0,2599.86986,79.0,7415.0,2599.86986
2025-01-23 15:29:47+00:00,1737646187000.0,0.35067,0.35068,0.35064,0.35068,12248.0,1737646187999.0,4294.76197,38.0,11630.0,4078.06183
2025-01-23 15:29:48+00:00,1737646188000.0,0.35068,0.35068,0.35064,0.35064,3015.0,1737646188999.0,1057.24205,14.0,0.0,0.0
2025-01-23 15:29:49+00:00,1737646189000.0,0.35065,0.35066,0.35064,0.35064,197.0,1737646189999.0,69.07731,18.0,96.0,33.66249
2025-01-23 15:29:50+00:00,1737646190000.0,0.35064,0.35065,0.35059,0.35064,2387.0,1737646190999.0,836.91189,58.0,847.0,296.98161
2025-01-23 15:29:51+00:00,1737646191000.0,0.35065,0.35065,0.35063,0.35063,2096.0,1737646191999.0,734.96186,4.0,2045.0,717.07925
2025-01-23 15:29:52+00:00,1737646192000.0,0.35061,0.35065,0.35061,0.35065,1333.0,1737646192999.0,467.37919,34.0,431.0,151.11995
2025-01-23 15:29:53+00:00,1737646193000.0,0.35066,0.35069,0.35059,0.35059,1514.0,1737646193999.0,530.86717,46.0,211.0,73.99231
2025-01-23 15:29:54+00:00,1737646194000.0,0.3506,0.3506,0.35051,0.35051,12913.0,1737646194999.0,4526.38717,22.0,994.0,348.42847
2025-01-23 15:29:55+00:00,1737646195000.0,0.35051,0.35062,0.35051,0.35062,71695.0,1737646195999.0,25136.05137,68.0,71695.0,25136.05137
2025-01-23 15:29:56+00:00,1737646196000.0,0.35063,0.35066,0.35063,0.35066,51.0,1737646196999.0,17.88279,17.0,51.0,17.88279
2025-01-23 15:29:57+00:00,1737646197000.0,0.35067,0.35067,0.35066,0.35066,186.0,1737646197999.0,65.22306,3.0,30.0,10.5201
2025-01-23 15:29:58+00:00,1737646198000.0,0.35064,0.35064,0.35062,0.35062,321.0,1737646198999.0,112.55209,5.0,15.0,5.25945
2025-01-23 15:29:59+00:00,1737646199000.0,0.35063,0.35063,0.3505,0.3505,6225.0,1737646199999.0,2182.23015,34.0,1272.0,445.9875
2025-01-23 15:30:00+00:00,1737646200000.0,0.35051,0.35054,0.3505,0.3505,52717.0,1737646200999.0,18478.27265,48.0,33985.0,11912.11222
2025-01-23 15:30:01+00:00,1737646201000.0,0.35049,0.35049,0.35038,0.35038,5887.0,1737646201999.0,2063.10017,28.0,57.0,19.97736
2025-01-23 15:30:02+00:00,1737646202000.0,0.35038,0.3505,0.35038,0.3505,5110.0,1737646202999.0,1790.60407,89.0,5056.0,1771.68139
2025-01-23 15:30:03+00:00,1737646203000.0,0.35049,0.35049,0.35047,0.35049,7727.0,1737646203999.0,2708.09169,23.0,7254.0,2542.30992
2025-01-23 15:30:04+00:00,1737646204000.0,0.3505,0.3505,0.35048,0.35048,2924.0,1737646204999.0,1024.83001,6.0,2619.0,917.93361
2025-01-23 15:30:05+00:00,1737646205000.0,0.35048,0.35048,0.3504,0.35041,1789.0,1737646205999.0,626.92954,26.0,57.0,19.97298
2025-01-23 15:30:06+00:00,1737646206000.0,0.35042,0.35049,0.35042,0.35049,6290.0,1737646206999.0,2204.47662,54.0,1290.0,452.07662
2025-01-23 15:30:07+00:00,1737646207000.0,0.35049,0.3507,0.35049,0.3507,13690.0,1737646207999.0,4800.12038,158.0,13582.0,4762.2545
2025-01-23 15:30:08+00:00,1737646208000.0,0.3507,0.35077,0.35068,0.35077,13153.0,1737646208999.0,4612.94496,93.0,13132.0,4605.58056
2025-01-23 15:30:09+00:00,1737646209000.0,0.35078,0.35078,0.35078,0.35078,18.0,1737646209999.0,6.31404,6.0,18.0,6.31404
2025-01-23 15:30:10+00:00,1737646210000.0,0.35079,0.35087,0.35079,0.35086,3184.0,1737646210999.0,1117.00272,87.0,3105.0,1089.28478
2025-01-23 15:30:11+00:00,1737646211000.0,0.35086,0.35087,0.35082,0.35087,13239.0,1737646211999.0,4644.87204,47.0,135.0,47.36364
2025-01-23 15:30:12+00:00,1737646212000.0,0.35086,0.35086,0.35082,0.35082,8337.0,1737646212999.0,2924.8822,25.0,70.0,24.5574
2025-01-23 15:30:13+00:00,1737646213000.0,0.35081,0.35109,0.35078,0.35109,259527.0,1737646213999.0,91073.9409,189.0,257739.0,90446.71887
2025-01-23 15:30:14+00:00,1737646214000.0,0.35105,0.35106,0.351,0.351,32062.0,1737646214999.0,11255.18753,54.0,653.0,229.23633
2025-01-23 15:30:15+00:00,1737646215000.0,0.35099,0.35101,0.35093,0.35101,63953.0,1737646215999.0,22444.02153,103.0,309.0,108.45431
2025-01-23 15:30:16+00:00,1737646216000.0,0.35101,0.35101,0.351,0.35101,29903.0,1737646216999.0,10496.24918,19.0,284.0,99.68684
2025-01-23 15:30:17+00:00,1737646217000.0,0.35101,0.35111,0.351,0.35111,2186.0,1737646217999.0,767.38077,75.0,2090.0,733.68477
2025-01-23 15:30:18+00:00,1737646218000.0,0.35111,0.35112,0.35105,0.35105,10037.0,1737646218999.0,3523.93992,41.0,570.0,200.13808
2025-01-23 15:30:19+00:00,1737646219000.0,0.35106,0.35113,0.35105,0.35106,29519.0,1737646219999.0,10364.44667,86.0,6683.0,2346.29807
2025-01-23 15:30:20+00:00,1737646220000.0,0.35106,0.35106,0.35099,0.35104,5063.0,1737646220999.0,1777.33135,68.0,1359.0,477.06541
2025-01-23 15:30:21+00:00,1737646221000.0,0.35105,0.3511,0.35105,0.3511,3286.0,1737646221999.0,1153.62612,48.0,3210.0,1126.94252
2025-01-23 15:30:22+00:00,1737646222000.0,0.35111,0.3512,0.35111,0.3512,12110.0,1737646222999.0,4252.30026,85.0,12048.0,4230.52958
2025-01-23 15:30:23+00:00,1737646223000.0,0.3512,0.35125,0.3512,0.35125,13826.0,1737646223999.0,4856.27234,57.0,3826.0,1343.87234
2025-01-23 15:30:24+00:00,1737646224000.0,0.35125,0.35127,0.35121,0.35121,7648.0,1737646224999.0,2686.33958,62.0,653.0,229.37835
2025-01-23 15:30:25+00:00,1737646225000.0,0.35121,0.35121,0.35104,0.35109,48362.0,1737646225999.0,16978.88346,165.0,39896.0,14006.51478
2025-01-23 15:30:26+00:00,1737646226000.0,0.35108,0.35108,0.35105,0.35105,5302.0,1737646226999.0,1861.29954,18.0,3214.0,1128.30684
2025-01-23 15:30:27+00:00,1737646227000.0,0.35106,0.35121,0.35105,0.35121,4345.0,1737646227999.0,1525.516,107.0,4002.0,1405.10585
2025-01-23 15:30:28+00:00,1737646228000.0,0.3512,0.35124,0.3512,0.35124,4275.0,1737646228999.0,1501.39856,32.0,537.0,188.6117
2025-01-23 15:30:29+00:00,1737646229000.0,0.35123,0.35128,0.35118,0.35128,63853.0,1737646229999.0,22426.24717,92.0,29338.0,10303.5532
2025-01-23 15:30:30+00:00,1737646230000.0,0.35128,0.35135,0.35127,0.35134,22384.0,1737646230999.0,7863.38692,75.0,20762.0,7293.51484
2025-01-23 15:30:31+00:00,1737646231000.0,0.35134,0.35134,0.35125,0.35127,79193.0,1737646231999.0,27818.00887,52.0,21069.0,7400.81383
2025-01-23 15:30:32+00:00,1737646232000.0,0.35127,0.35143,0.35127,0.35143,5719.0,1737646232999.0,2009.34028,125.0,5719.0,2009.34028
2025-01-23 15:30:33+00:00,1737646233000.0,0.35144,0.35151,0.35143,0.35148,12115.0,1737646233999.0,4258.16274,86.0,9029.0,3173.48696
2025-01-23 15:30:34+00:00,1737646234000.0,0.35148,0.35148,0.35145,0.35145,33877.0,1737646234999.0,11906.6996,29.0,153.0,53.77644
2025-01-23 15:30:35+00:00,1737646235000.0,0.35145,0.35147,0.35143,0.35143,18210.0,1737646235999.0,6399.80584,58.0,17598.0,6184.71955
2025-01-23 15:30:36+00:00,1737646236000.0,0.35142,0.35148,0.3514,0.35146,23480.0,1737646236999.0,8251.52823,51.0,23347.0,8204.78621
2025-01-23 15:30:37+00:00,1737646237000.0,0.35147,0.3515,0.35147,0.3515,2392.0,1737646237999.0,840.72082,38.0,2245.0,789.05473
2025-01-23 15:30:38+00:00,1737646238000.0,0.35151,0.35152,0.35147,0.35147,4250.0,1737646238999.0,1493.88699,84.0,3522.0,1237.99201
2025-01-23 15:30:39+00:00,1737646239000.0,0.35147,0.35148,0.35146,0.35146,1241.0,1737646239999.0,436.17014,12.0,284.0,99.82014
2025-01-23 15:30:40+00:00,1737646240000.0,0.35146,0.3515,0.35146,0.35149,9325.0,1737646240999.0,3277.60799,42.0,9242.0,3248.43603
2025-01-23 15:30:41+00:00,1737646241000.0,0.35148,0.35148,0.35134,0.35134,15846.0,1737646241999.0,5568.5592,28.0,735.0,258.2349
2025-01-23 15:30:42+00:00,1737646242000.0,0.35133,0.35138,0.35133,0.35138,4410.0,1737646242999.0,1549.56005,34.0,4246.0,1491.94085
2025-01-23 15:30:43+00:00,1737646243000.0,0.35138,0.35145,0.35138,0.35141,8076.0,1737646243999.0,2837.95251,63.0,7292.0,2562.43079
2025-01-23 15:30:44+00:00,1737646244000.0,0.35142,0.35153,0.35142,0.35153,884.0,1737646244999.0,310.71039,80.0,768.0,269.93639
2025-01-23 15:30:45+00:00,1737646245000.0,0.35153,0.35159,0.35153,0.35159,6462.0,1737646245999.0,2271.66296,92.0,6462.0,2271.66296
2025-01-23 15:30:46+00:00,1737646246000.0,0.3516,0.35163,0.3516,0.35163,5546.0,1737646246999.0,1949.97456,46.0,5546.0,1949.97456
2025-01-23 15:30:47+00:00,1737646247000.0,0.35162,0.35162,0.35157,0.35158,26284.0,1737646247999.0,9240.83719,21.0,732.0,257.36864
2025-01-23 15:30:48+00:00,1737646248000.0,0.35158,0.35158,0.35147,0.35156,100051.0,1737646248999.0,35171.18382,84.0,16987.0,5971.73383
2025-01-23 15:30:49+00:00,1737646249000.0,0.35155,0.35157,0.35146,0.35148,18238.0,1737646249999.0,6410.62802,25.0,15158.0,5327.87594
2025-01-23 15:30:50+00:00,1737646250000.0,0.35146,0.35147,0.35132,0.35143,102800.0,1737646250999.0,36119.93484,69.0,2023.0,710.97653
2025-01-23 15:30:51+00:00,1737646251000.0,0.35143,0.35158,0.35143,0.35158,4995.0,1737646251999.0,1755.69191,102.0,4860.0,1708.23671
2025-01-23 15:30:52+00:00,1737646252000.0,0.35159,0.35165,0.35159,0.35165,2498.0,1737646252999.0,878.36579,62.0,2498.0,878.36579
2025-01-23 15:30:53+00:00,1737646253000.0,0.35163,0.35163,0.3516,0.3516,2607.0,1737646253999.0,916.65671,7.0,0.0,0.0
2025-01-23 15:30:54+00:00,1737646254000.0,0.3516,0.3516,0.3516,0.3516,213.0,1737646254999.0,74.8908,15.0,213.0,74.8908
2025-01-23 15:30:55+00:00,1737646255000.0,0.3516,0.3516,0.35159,0.35159,3142.0,1737646255999.0,1104.72668,9.0,3090.0,1086.444
2025-01-23 15:30:56+00:00,1737646256000.0,0.3516,0.35177,0.35159,0.35177,24585.0,1737646256999.0,8647.10766,219.0,14463.0,5086.55616
2025-01-23 15:30:57+00:00,1737646257000.0,0.35178,0.35178,0.35177,0.35177,564.0,1737646257999.0,198.39893,10.0,65.0,22.8657
2025-01-23 15:30:58+00:00,1737646258000.0,0.35178,0.35178,0.35176,0.35176,9574.0,1737646258999.0,3367.94157,12.0,9562.0,3363.72036
2025-01-23 15:30:59+00:00,1737646259000.0,0.35175,0.35175,0.35171,0.35175,20327.0,1737646259999.0,7149.42533,58.0,14150.0,4976.73394
2025-01-23 15:31:00+00:00,1737646260000.0,0.35174,0.35174,0.35172,0.35172,1552.0,1737646260999.0,545.90021,17.0,0.0,0.0
2025-01-23 15:31:01+00:00,1737646261000.0,0.35171,0.35172,0.35169,0.35172,1365.0,1737646261999.0,480.07105,37.0,822.0,289.10283
2025-01-23 15:31:02+00:00,1737646262000.0,0.35173,0.35173,0.35169,0.35169,467.0,1737646262999.0,164.25243,17.0,86.0,30.24858
2025-01-23 15:31:03+00:00,1737646263000.0,0.35169,0.35172,0.35169,0.35172,559.0,1737646263999.0,196.60547,21.0,559.0,196.60547
2025-01-23 15:31:04+00:00,1737646264000.0,0.35172,0.35172,0.35171,0.35172,27008.0,1737646264999.0,9499.23955,20.0,25587.0,8999.45964
2025-01-23 15:31:05+00:00,1737646265000.0,0.35172,0.35175,0.35172,0.35173,36178.0,1737646265999.0,12725.28481,50.0,667.0,234.60057
2025-01-23 15:31:06+00:00,1737646266000.0,0.35174,0.35174,0.35151,0.35151,870253.0,1737646266999.0,306054.19486,169.0,1067.0,375.30366
2025-01-23 15:31:07+00:00,1737646267000.0,0.35157,0.3516,0.35127,0.35127,199561.0,1737646267999.0,70135.27257,283.0,25179.0,8849.28477
2025-01-23 15:31:08+00:00,1737646268000.0,0.35126,0.35126,0.35111,0.35112,146559.0,1737646268999.0,51465.63512,109.0,5261.0,1847.24232
2025-01-23 15:31:09+00:00,1737646269000.0,0.35111,0.35111,0.35089,0.3509,107435.0,1737646269999.0,37710.67663,133.0,4363.0,1531.56932
2025-01-23 15:31:10+00:00,1737646270000.0,0.3509,0.35102,0.3509,0.35102,6406.0,1737646270999.0,2248.17657,89.0,6102.0,2141.46649
2025-01-23 15:31:11+00:00,1737646271000.0,0.35103,0.35121,0.35103,0.35121,15522.0,1737646271999.0,5450.40212,147.0,15522.0,5450.40212
2025-01-23 15:31:12+00:00,1737646272000.0,0.35121,0.3513,0.35121,0.3513,32847.0,1737646272999.0,11537.81351,83.0,8167.0,2868.78143
2025-01-23 15:31:13+00:00,1737646273000.0,0.3513,0.3513,0.35114,0.35122,109871.0,1737646273999.0,38590.84059,142.0,6421.0,2255.00032
2025-01-23 15:31:14+00:00,1737646274000.0,0.35121,0.35122,0.3511,0.35116,45738.0,1737646274999.0,16062.89068,89.0,6950.0,2440.97438
2025-01-23 15:31:15+00:00,1737646275000.0,0.35117,0.35125,0.35117,0.35125,6062.0,1737646275999.0,2129.04733,72.0,6062.0,2129.04733
2025-01-23 15:31:16+00:00,1737646276000.0,0.35126,0.35126,0.35125,0.35125,11364.0,1737646276999.0,3991.60965,18.0,465.0,163.3359
2025-01-23 15:31:17+00:00,1737646277000.0,0.35126,0.35142,0.35126,0.35142,6389.0,1737646277999.0,2244.85926,112.0,6293.0,2211.13333
2025-01-23 15:31:18+00:00,1737646278000.0,0.35143,0.35144,0.35143,0.35144,49.0,1737646278999.0,17.22038,11.0,49.0,17.22038
2025-01-23 15:31:19+00:00,1737646279000.0,0.35143,0.35143,0.35138,0.35138,3260.0,1737646279999.0,1145.64166,38.0,1477.0,519.04734
2025-01-23 15:31:20+00:00,1737646280000.0,0.35137,0.35141,0.3513,0.35141,34807.0,1737646280999.0,12229.4763,109.0,10269.0,3607.86538
2025-01-23 15:31:21+00:00,1737646281000.0,0.35142,0.35145,0.35134,0.35134,47551.0,1737646281999.0,16708.51258,105.0,920.0,323.32924
2025-01-23 15:31:22+00:00,1737646282000.0,0.35135,0.35135,0.35135,0.35135,18.0,1737646282999.0,6.3243,6.0,18.0,6.3243
2025-01-23 15:31:23+00:00,1737646283000.0,0.35135,0.35135,0.35131,0.35131,692.0,1737646283999.0,243.11966,31.0,284.0,99.78056
2025-01-23 15:31:24+00:00,1737646284000.0,0.35131,0.35134,0.35127,0.35127,9441.0,1737646284999.0,3316.76509,54.0,3370.0,1184.01484
2025-01-23 15:31:25+00:00,1737646285000.0,0.35128,0.35132,0.35128,0.35132,465.0,1737646285999.0,163.3603,40.0,206.0,72.36842
2025-01-23 15:31:26+00:00,1737646286000.0,0.35133,0.35145,0.35133,0.35141,25167.0,1737646286999.0,8843.34089,120.0,24914.0,8754.44089
2025-01-23 15:31:27+00:00,1737646287000.0,0.3514,0.35142,0.35134,0.35142,5598.0,1737646287999.0,1966.93399,96.0,4284.0,1505.23103
2025-01-23 15:31:28+00:00,1737646288000.0,0.35142,0.35142,0.35138,0.35138,42592.0,1737646288999.0,14967.33116,41.0,46.0,16.1644
2025-01-23 15:31:29+00:00,1737646289000.0,0.35138,0.35142,0.35138,0.35139,280.0,1737646289999.0,98.39234,55.0,151.0,53.06156
2025-01-23 15:31:30+00:00,1737646290000.0,0.35138,0.35138,0.35128,0.35128,18160.0,1737646290999.0,6379.88038,81.0,73.0,25.64709
2025-01-23 15:31:31+00:00,1737646291000.0,0.35128,0.35129,0.35128,0.35129,369.0,1737646291999.0,129.62312,10.0,80.0,28.1032
2025-01-23 15:31:32+00:00,1737646292000.0,0.35128,0.35128,0.35118,0.35118,6635.0,1737646292999.0,2330.36904,82.0,0.0,0.0
2025-01-23 15:31:33+00:00,1737646293000.0,0.35118,0.35126,0.35118,0.35126,267890.0,1737646293999.0,94089.67048,110.0,267860.0,94079.1343
2025-01-23 15:31:34+00:00,1737646294000.0,0.35126,0.35132,0.35126,0.35132,105389.0,1737646294999.0,37018.96544,53.0,105389.0,37018.96544
2025-01-23 15:31:35+00:00,1737646295000.0,0.35132,0.35135,0.35132,0.35135,96365.0,1737646295999.0,33854.9545,46.0,96365.0,33854.9545
2025-01-23 15:31:36+00:00,1737646296000.0,0.35135,0.35136,0.35127,0.35127,37829.0,1737646296999.0,13289.7169,63.0,64.0,22.48704
2025-01-23 15:31:37+00:00,1737646297000.0,0.35127,0.35132,0.35127,0.35128,15418.0,1737646297999.0,5416.56916,67.0,302.0,106.08877
2025-01-23 15:31:38+00:00,1737646298000.0,0.35127,0.35127,0.35126,0.35127,559.0,1737646298999.0,196.35767,27.0,358.0,125.75392
2025-01-23 15:31:39+00:00,1737646299000.0,0.35127,0.35135,0.35127,0.35128,35236.0,1737646299999.0,12379.03858,99.0,306.0,107.50353
2025-01-23 15:31:40+00:00,1737646300000.0,0.35128,0.35128,0.35119,0.35119,49907.0,1737646300999.0,17528.91965,63.0,1113.0,390.95412
2025-01-23 15:31:41+00:00,1737646301000.0,0.35119,0.35127,0.35119,0.35127,5568.0,1737646301999.0,1955.56866,52.0,5553.0,1950.29961
2025-01-23 15:31:42+00:00,1737646302000.0,0.35128,0.3513,0.35128,0.3513,6478.0,1737646302999.0,2275.60234,35.0,6478.0,2275.60234
2025-01-23 15:31:43+00:00,1737646303000.0,0.3513,0.35143,0.3513,0.35143,42354.0,1737646303999.0,14882.2127,97.0,42262.0,14849.88114
2025-01-23 15:31:44+00:00,1737646304000.0,0.35144,0.35148,0.35136,0.35136,11366.0,1737646304999.0,3994.4596,121.0,1173.0,412.18081
2025-01-23 15:31:45+00:00,1737646305000.0,0.35135,0.35135,0.35133,0.35134,37786.0,1737646305999.0,13276.06523,23.0,4501.0,1581.38134
2025-01-23 15:31:46+00:00,1737646306000.0,0.35134,0.35135,0.35133,0.35135,1168.0,1737646306999.0,410.36736,21.0,1108.0,389.28756
2025-01-23 15:31:47+00:00,1737646307000.0,0.35134,0.35135,0.35134,0.35135,29353.0,1737646307999.0,10313.17646,20.0,18.0,6.3243
2025-01-23 15:31:48+00:00,1737646308000.0,0.35135,0.35135,0.35121,0.35121,30332.0,1737646308999.0,10654.26211,90.0,339.0,119.08053
2025-01-23 15:31:49+00:00,1737646309000.0,0.35121,0.35121,0.35088,0.35088,100994.0,1737646309999.0,35454.66193,295.0,0.0,0.0
2025-01-23 15:31:50+00:00,1737646310000.0,0.35087,0.35087,0.35078,0.35078,15202.0,1737646310999.0,5333.81439,100.0,284.0,99.62436
2025-01-23 15:31:51+00:00,1737646311000.0,0.35078,0.35091,0.35078,0.35091,11291.0,1737646311999.0,3961.77091,92.0,11291.0,3961.77091
2025-01-23 15:31:52+00:00,1737646312000.0,0.3509,0.3509,0.35089,0.35089,1899.0,1737646312999.0,666.35445,14.0,0.0,0.0
2025-01-23 15:31:53+00:00,1737646313000.0,0.35088,0.3509,0.35088,0.3509,335.0,1737646313999.0,117.54556,16.0,50.0,17.54476
2025-01-23 15:31:54+00:00,1737646314000.0,0.3509,0.3509,0.35089,0.3509,3233.0,1737646314999.0,1134.42989,27.0,2984.0,1047.056
2025-01-23 15:31:55+00:00,1737646315000.0,0.35091,0.35096,0.35091,0.35096,3014.0,1737646315999.0,1057.73697,38.0,2686.0,942.63521
2025-01-23 15:31:56+00:00,1737646316000.0,0.35096,0.351,0.35094,0.35094,34879.0,1737646316999.0,12241.9387,100.0,2468.0,866.22183
2025-01-23 15:31:57+00:00,1737646317000.0,0.35094,0.35096,0.35094,0.35096,286.0,1737646317999.0,100.36938,20.0,286.0,100.36938
2025-01-23 15:31:58+00:00,1737646318000.0,0.35096,0.35096,0.35096,0.35096,439.0,1737646318999.0,154.07144,9.0,0.0,0.0
2025-01-23 15:31:59+00:00,1737646319000.0,0.35097,0.35111,0.35097,0.35111,5009.0,1737646319999.0,1758.4314,113.0,4950.0,1737.72299
2025-01-23 15:32:00+00:00,1737646320000.0,0.35112,0.3512,0.35112,0.35113,35379.0,1737646320999.0,12424.15904,126.0,6008.0,2109.96693
2025-01-23 15:32:01+00:00,1737646321000.0,0.35112,0.3513,0.35112,0.3513,19271.0,1737646321999.0,6768.58356,133.0,18910.0,6641.77056
2025-01-23 15:32:02+00:00,1737646322000.0,0.3513,0.3513,0.35129,0.35129,6695.0,1737646322999.0,2351.95332,20.0,0.0,0.0
2025-01-23 15:32:03+00:00,1737646323000.0,0.35128,0.35128,0.35111,0.35111,52686.0,1737646323999.0,18503.13209,126.0,0.0,0.0
2025-01-23 15:32:04+00:00,1737646324000.0,0.35111,0.35112,0.35111,0.35112,721.0,1737646324999.0,253.15036,3.0,5.0,1.7556
2025-01-23 15:32:05+00:00,1737646325000.0,0.35111,0.35113,0.35111,0.35113,56121.0,1737646325999.0,19704.71513,23.0,3803.0,1335.34215
2025-01-23 15:32:06+00:00,1737646326000.0,0.35114,0.35114,0.351,0.35104,46527.0,1737646326999.0,16334.98715,114.0,7665.0,2690.57437
2025-01-23 15:32:07+00:00,1737646327000.0,0.35105,0.35105,0.35104,0.35105,9196.0,1737646327999.0,3228.20987,18.0,4603.0,1615.88315
2025-01-23 15:32:08+00:00,1737646328000.0,0.35104,0.35108,0.35097,0.35108,32495.0,1737646328999.0,11406.85741,103.0,5024.0,1763.65153
2025-01-23 15:32:09+00:00,1737646329000.0,0.35107,0.35107,0.35099,0.35099,14417.0,1737646329999.0,5060.37126,56.0,0.0,0.0
2025-01-23 15:32:10+00:00,1737646330000.0,0.35098,0.35101,0.35098,0.35101,14633.0,1737646330999.0,5136.23634,19.0,2375.0,833.64576
2025-01-23 15:32:11+00:00,1737646331000.0,0.35101,0.35103,0.351,0.351,9136.0,1737646331999.0,3206.91892,37.0,617.0,216.58024
2025-01-23 15:32:12+00:00,1737646332000.0,0.35099,0.35099,0.35096,0.35097,1213.0,1737646332999.0,425.73336,33.0,21.0,7.37028
2025-01-23 15:32:13+00:00,1737646333000.0,0.35097,0.35097,0.35097,0.35097,49.0,1737646333999.0,17.19753,12.0,0.0,0.0
2025-01-23 15:32:14+00:00,1737646334000.0,0.35096,0.35096,0.35074,0.35074,14941.0,1737646334999.0,5242.09399,171.0,821.0,288.00576
2025-01-23 15:32:15+00:00,1737646335000.0,0.35074,0.35074,0.35058,0.3506,57956.0,1737646335999.0,20322.13017,187.0,315.0,110.44252
2025-01-23 15:32:16+00:00,1737646336000.0,0.35059,0.35059,0.35051,0.35051,12582.0,1737646336999.0,4410.81433,61.0,6184.0,2167.93536
2025-01-23 15:32:17+00:00,1737646337000.0,0.35051,0.35069,0.35048,0.35069,72908.0,1737646337999.0,25564.32903,173.0,67508.0,23671.71288
2025-01-23 15:32:18+00:00,1737646338000.0,0.35068,0.35072,0.35065,0.3507,116731.0,1737646338999.0,40935.46772,93.0,114108.0,40015.65971
2025-01-23 15:32:19+00:00,1737646339000.0,0.35071,0.35071,0.35062,0.35062,58785.0,1737646339999.0,20614.99037,61.0,20795.0,7292.80197
2025-01-23 15:32:20+00:00,1737646340000.0,0.35063,0.35063,0.35054,0.35054,17255.0,1737646340999.0,6049.65072,57.0,1051.0,368.51213
2025-01-23 15:32:21+00:00,1737646341000.0,0.35055,0.35058,0.35051,0.35058,5909.0,1737646341999.0,2071.47674,83.0,5674.0,1989.10275
2025-01-23 15:32:22+00:00,1737646342000.0,0.35058,0.35065,0.35058,0.35065,826.0,1737646342999.0,289.60968,48.0,798.0,279.79344
2025-01-23 15:32:23+00:00,1737646343000.0,0.35066,0.35071,0.35066,0.35066,29448.0,1737646343999.0,10326.51123,84.0,11343.0,3977.6179
2025-01-23 15:32:24+00:00,1737646344000.0,0.35066,0.35066,0.35064,0.35065,13367.0,1737646344999.0,4687.02467,35.0,60.0,21.039
2025-01-23 15:32:25+00:00,1737646345000.0,0.35064,0.35064,0.35058,0.35059,4693.0,1737646345999.0,1645.34031,51.0,158.0,55.39322
2025-01-23 15:32:26+00:00,1737646346000.0,0.35058,0.35058,0.35051,0.35051,997.0,1737646346999.0,349.49804,56.0,0.0,0.0
2025-01-23 15:32:27+00:00,1737646347000.0,0.35051,0.35051,0.35048,0.3505,9693.0,1737646347999.0,3397.32505,37.0,9381.0,3287.96826
2025-01-23 15:32:28+00:00,1737646348000.0,0.3505,0.35055,0.3505,0.35055,659.0,1737646348999.0,231.00164,37.0,659.0,231.00164
2025-01-23 15:32:29+00:00,1737646349000.0,0.35055,0.35055,0.35055,0.35055,0.0,1737646349999.0,0.0,0.0,0.0,0.0
2025-01-23 15:32:30+00:00,1737646350000.0,0.35055,0.35068,0.35055,0.35067,6524.0,1737646350999.0,2287.21502,81.0,6505.0,2280.55229
2025-01-23 15:32:31+00:00,1737646351000.0,0.35067,0.35067,0.35062,0.35064,63102.0,1737646351999.0,22125.51367,92.0,50160.0,17587.41954
2025-01-23 15:32:32+00:00,1737646352000.0,0.35063,0.35064,0.35061,0.35063,333.0,1737646352999.0,116.7586,32.0,108.0,37.86733
2025-01-23 15:32:33+00:00,1737646353000.0,0.35064,0.35069,0.35062,0.35069,1959.0,1737646353999.0,686.92538,61.0,1484.0,520.38064
2025-01-23 15:32:34+00:00,1737646354000.0,0.3507,0.35094,0.3507,0.35094,26515.0,1737646354999.0,9301.39056,185.0,26452.0,9279.28397
2025-01-23 15:32:35+00:00,1737646355000.0,0.35094,0.35108,0.35094,0.35108,24589.0,1737646355999.0,8630.67177,107.0,24502.0,8600.13518
2025-01-23 15:32:36+00:00,1737646356000.0,0.35108,0.3511,0.35108,0.3511,3515.0,1737646356999.0,1234.04892,29.0,3515.0,1234.04892
2025-01-23 15:32:37+00:00,1737646357000.0,0.35109,0.35112,0.35109,0.35112,417.0,1737646357999.0,146.40801,23.0,160.0,56.17788
2025-01-23 15:32:38+00:00,1737646358000.0,0.35113,0.35119,0.35113,0.35119,4726.0,1737646358999.0,1659.66067,44.0,4726.0,1659.66067
2025-01-23 15:32:39+00:00,1737646359000.0,0.35119,0.35123,0.35118,0.35123,10935.0,1737646359999.0,3840.41286,47.0,8370.0,2939.55012
2025-01-23 15:32:40+00:00,1737646360000.0,0.35124,0.35136,0.35124,0.35136,45044.0,1737646360999.0,15825.10454,105.0,44996.0,15808.23974
2025-01-23 15:32:41+00:00,1737646361000.0,0.35136,0.35143,0.35136,0.35143,7508.0,1737646361999.0,2638.21406,72.0,7508.0,2638.21406
2025-01-23 15:32:42+00:00,1737646362000.0,0.35144,0.35144,0.35143,0.35144,10064.0,1737646362999.0,3536.8659,26.0,7438.0,2614.01072
2025-01-23 15:32:43+00:00,1737646363000.0,0.35145,0.35145,0.3514,0.3514,61793.0,1737646363999.0,21716.04675,59.0,26799.0,9418.24908
2025-01-23 15:32:44+00:00,1737646364000.0,0.35141,0.3515,0.35141,0.3515,882.0,1737646364999.0,309.99405,53.0,597.0,209.8194
2025-01-23 15:32:45+00:00,1737646365000.0,0.35149,0.35149,0.35144,0.35144,24270.0,1737646365999.0,8530.41213,21.0,0.0,0.0
2025-01-23 15:32:46+00:00,1737646366000.0,0.35143,0.35143,0.35132,0.35132,15131.0,1737646366999.0,5316.85136,61.0,8.0,2.81064
2025-01-23 15:32:47+00:00,1737646367000.0,0.35133,0.35133,0.35132,0.35133,8880.0,1737646367999.0,3119.81028,15.0,8868.0,3115.59444
2025-01-23 15:32:48+00:00,1737646368000.0,0.35132,0.35138,0.35132,0.35138,18761.0,1737646368999.0,6591.95999,40.0,18482.0,6493.94171
2025-01-23 15:32:49+00:00,1737646369000.0,0.35137,0.35143,0.35135,0.3514,89579.0,1737646369999.0,31476.75019,87.0,77750.0,27320.42051
2025-01-23 15:32:50+00:00,1737646370000.0,0.35141,0.35143,0.35139,0.35139,97911.0,1737646370999.0,34408.3636,67.0,58.0,20.38246
2025-01-23 15:32:51+00:00,1737646371000.0,0.35138,0.35139,0.35137,0.35137,16647.0,1737646371999.0,5849.4254,26.0,845.0,296.92455
2025-01-23 15:32:52+00:00,1737646372000.0,0.35136,0.35136,0.35136,0.35136,8.0,1737646372999.0,2.81088,1.0,0.0,0.0
2025-01-23 15:32:53+00:00,1737646373000.0,0.35136,0.35136,0.35133,0.35133,4718.0,1737646373999.0,1657.61976,27.0,0.0,0.0
2025-01-23 15:32:54+00:00,1737646374000.0,0.35133,0.35133,0.35128,0.35131,13331.0,1737646374999.0,4683.24942,53.0,6497.0,2282.26673
2025-01-23 15:32:55+00:00,1737646375000.0,0.35131,0.35135,0.35131,0.35135,3999.0,1737646375999.0,1404.89692,37.0,3981.0,1398.57334
2025-01-23 15:32:56+00:00,1737646376000.0,0.35136,0.35137,0.35136,0.35137,662.0,1737646376999.0,232.60648,18.0,647.0,227.33593
2025-01-23 15:32:57+00:00,1737646377000.0,0.35138,0.3514,0.35138,0.3514,323.0,1737646377999.0,113.49872,20.0,323.0,113.49872
2025-01-23 15:32:58+00:00,1737646378000.0,0.3514,0.3514,0.3514,0.3514,0.0,1737646378999.0,0.0,0.0,0.0,0.0
2025-01-23 15:32:59+00:00,1737646379000.0,0.35141,0.35148,0.35141,0.35148,5184.0,1737646379999.0,1821.79311,59.0,5184.0,1821.79311
2025-01-23 15:33:00+00:00,1737646380000.0,0.35149,0.35163,0.35149,0.35162,55572.0,1737646380999.0,19539.69308,210.0,24869.0,8743.90422
2025-01-23 15:33:01+00:00,1737646381000.0,0.35163,0.35163,0.35157,0.35162,6402.0,1737646381999.0,2251.06828,65.0,916.0,322.08433
2025-01-23 15:33:02+00:00,1737646382000.0,0.35163,0.35166,0.35159,0.35159,1054.0,1737646382999.0,370.63743,73.0,829.0,291.5232
2025-01-23 15:33:03+00:00,1737646383000.0,0.3516,0.35161,0.3516,0.3516,800.0,1737646383999.0,281.28331,34.0,339.0,119.19553
2025-01-23 15:33:04+00:00,1737646384000.0,0.3516,0.3516,0.3515,0.3515,22275.0,1737646384999.0,7830.92055,81.0,7374.0,2592.47718
2025-01-23 15:33:05+00:00,1737646385000.0,0.3515,0.35155,0.3515,0.35155,829.0,1737646385999.0,291.40336,46.0,829.0,291.40336
2025-01-23 15:33:06+00:00,1737646386000.0,0.35156,0.35156,0.35148,0.35148,28551.0,1737646386999.0,10036.78702,67.0,1644.0,577.96464
2025-01-23 15:33:07+00:00,1737646387000.0,0.35148,0.35151,0.35136,0.35151,17891.0,1737646387999.0,6287.31878,176.0,10048.0,3531.162
2025-01-23 15:33:08+00:00,1737646388000.0,0.35151,0.35151,0.35148,0.35149,12562.0,1737646388999.0,4415.41687,31.0,7330.0,2576.4217
2025-01-23 15:33:09+00:00,1737646389000.0,0.35149,0.35153,0.35149,0.35153,2029.0,1737646389999.0,713.17822,35.0,2029.0,713.17822
2025-01-23 15:33:10+00:00,1737646390000.0,0.35153,0.35154,0.35153,0.35153,14357.0,1737646390999.0,5046.93085,36.0,12918.0,4541.06494
2025-01-23 15:33:11+00:00,1737646391000.0,0.35153,0.35156,0.35153,0.35156,360.0,1737646391999.0,126.55776,30.0,360.0,126.55776
2025-01-23 15:33:12+00:00,1737646392000.0,0.35157,0.35161,0.35157,0.35161,21753.0,1737646392999.0,7647.96957,38.0,21753.0,7647.96957
2025-01-23 15:33:13+00:00,1737646393000.0,0.35162,0.35162,0.35158,0.35158,19188.0,1737646393999.0,6746.67041,41.0,284.0,99.86008
2025-01-23 15:33:14+00:00,1737646394000.0,0.35159,0.35169,0.35159,0.35169,83505.0,1737646394999.0,29360.8979,101.0,82226.0,28911.14019
2025-01-23 15:33:15+00:00,1737646395000.0,0.35169,0.3517,0.35169,0.3517,2036.0,1737646395999.0,716.04487,14.0,302.0,106.2134
2025-01-23 15:33:16+00:00,1737646396000.0,0.35171,0.35171,0.3517,0.35171,367.0,1737646396999.0,129.07669,9.0,279.0,98.12709
2025-01-23 15:33:17+00:00,1737646397000.0,0.35171,0.35175,0.35171,0.35174,12972.0,1737646397999.0,4562.7591,50.0,3127.0,1099.87883
2025-01-23 15:33:18+00:00,1737646398000.0,0.35173,0.35173,0.35167,0.35167,23768.0,1737646398999.0,8359.66346,32.0,142.0,49.94566
2025-01-23 15:33:19+00:00,1737646399000.0,0.35167,0.35167,0.35164,0.35165,1738.0,1737646399999.0,611.16946,33.0,326.0,114.63916
2025-01-23 15:33:20+00:00,1737646400000.0,0.35165,0.35167,0.35165,0.35167,1589.0,1737646400999.0,558.77891,24.0,688.0,241.94226
2025-01-23 15:33:21+00:00,1737646401000.0,0.35168,0.35174,0.35167,0.35174,6384.0,1737646401999.0,2245.43587,72.0,6264.0,2203.23529
2025-01-23 15:33:22+00:00,1737646402000.0,0.35174,0.35174,0.35173,0.35173,2249.0,1737646402999.0,791.04083,17.0,1786.0,628.18984
2025-01-23 15:33:23+00:00,1737646403000.0,0.35174,0.35174,0.35171,0.35171,4340.0,1737646403999.0,1526.43847,13.0,382.0,134.36468
2025-01-23 15:33:24+00:00,1737646404000.0,0.35172,0.35173,0.35172,0.35173,6329.0,1737646404999.0,2226.09409,17.0,5853.0,2058.67537
2025-01-23 15:33:25+00:00,1737646405000.0,0.35173,0.35173,0.35163,0.35163,17799.0,1737646405999.0,6259.67869,44.0,227.0,79.83817
2025-01-23 15:33:26+00:00,1737646406000.0,0.35164,0.35171,0.35164,0.35171,20304.0,1737646406999.0,7140.21861,60.0,18024.0,6338.31981
2025-01-23 15:33:27+00:00,1737646407000.0,0.35172,0.35173,0.35172,0.35173,501.0,1737646407999.0,176.21212,18.0,501.0,176.21212
2025-01-23 15:33:28+00:00,1737646408000.0,0.35173,0.35173,0.35166,0.35166,17602.0,1737646408999.0,6190.74946,31.0,0.0,0.0
2025-01-23 15:33:29+00:00,1737646409000.0,0.35166,0.35166,0.35157,0.35157,856.0,1737646409999.0,300.9981,34.0,122.0,42.90252
2025-01-23 15:33:30+00:00,1737646410000.0,0.35157,0.35171,0.35155,0.35171,9633.0,1737646410999.0,3387.41265,129.0,9381.0,3298.82138
2025-01-23 15:33:31+00:00,1737646411000.0,0.35171,0.35174,0.35171,0.35174,796.0,1737646411999.0,279.96525,18.0,301.0,105.8688
2025-01-23 15:33:32+00:00,1737646412000.0,0.35174,0.35174,0.35174,0.35174,0.0,1737646412999.0,0.0,0.0,0.0,0.0
2025-01-23 15:33:33+00:00,1737646413000.0,0.35174,0.35177,0.35174,0.35175,14962.0,1737646413999.0,5262.86316,64.0,14448.0,5082.05359
2025-01-23 15:33:34+00:00,1737646414000.0,0.35174,0.35174,0.35164,0.35171,47964.0,1737646414999.0,16869.05432,80.0,9223.0,3243.63112
2025-01-23 15:33:35+00:00,1737646415000.0,0.3517,0.3517,0.3517,0.3517,228.0,1737646415999.0,80.1876,1.0,0.0,0.0
2025-01-23 15:33:36+00:00,1737646416000.0,0.35171,0.35178,0.35171,0.35178,34666.0,1737646416999.0,12193.91041,57.0,34666.0,12193.91041
2025-01-23 15:33:37+00:00,1737646417000.0,0.35178,0.35178,0.35178,0.35178,0.0,1737646417999.0,0.0,0.0,0.0,0.0
2025-01-23 15:33:38+00:00,1737646418000.0,0.35179,0.35182,0.35179,0.35182,4964.0,1737646418999.0,1746.34016,76.0,4914.0,1728.75066
2025-01-23 15:33:39+00:00,1737646419000.0,0.35182,0.35183,0.35182,0.35182,3161.0,1737646419999.0,1112.13352,19.0,3050.0,1073.0815
2025-01-23 15:33:40+00:00,1737646420000.0,0.35182,0.35183,0.35182,0.35183,655.0,1737646420999.0,230.44364,7.0,154.0,54.18182
2025-01-23 15:33:41+00:00,1737646421000.0,0.35183,0.35189,0.35183,0.35189,3577.0,1737646421999.0,1258.61922,88.0,1872.0,658.69792
2025-01-23 15:33:42+00:00,1737646422000.0,0.35189,0.35199,0.35189,0.35192,91944.0,1737646422999.0,32361.17405,184.0,31660.0,11143.11258
2025-01-23 15:33:43+00:00,1737646423000.0,0.35191,0.35191,0.35187,0.35188,5370.0,1737646423999.0,1889.6252,33.0,18.0,6.33384
2025-01-23 15:33:44+00:00,1737646424000.0,0.35189,0.35189,0.35174,0.35174,13491.0,1737646424999.0,4746.17533,111.0,174.0,61.22337
2025-01-23 15:33:45+00:00,1737646425000.0,0.35174,0.35174,0.35172,0.35173,641.0,1737646425999.0,225.46076,26.0,332.0,116.77436
2025-01-23 15:33:46+00:00,1737646426000.0,0.35173,0.35177,0.35173,0.35177,1645.0,1737646426999.0,578.6162,30.0,845.0,297.2242
2025-01-23 15:33:47+00:00,1737646427000.0,0.35176,0.35176,0.35169,0.3517,25852.0,1737646427999.0,9093.29918,67.0,1756.0,617.64408
2025-01-23 15:33:48+00:00,1737646428000.0,0.35169,0.35174,0.35163,0.35167,113837.0,1737646428999.0,40036.87658,105.0,68848.0,24214.1648
2025-01-23 15:33:49+00:00,1737646429000.0,0.35168,0.35171,0.35168,0.3517,40538.0,1737646429999.0,14257.00402,41.0,35305.0,12416.55792
2025-01-23 15:33:50+00:00,1737646430000.0,0.3517,0.35171,0.35168,0.35169,8560.0,1737646430999.0,3010.56664,44.0,3473.0,1221.47267
2025-01-23 15:33:51+00:00,1737646431000.0,0.35169,0.35174,0.35169,0.35174,5245.0,1737646431999.0,1844.68808,42.0,5245.0,1844.68808
2025-01-23 15:33:52+00:00,1737646432000.0,0.35175,0.35179,0.35175,0.35179,429.0,1737646432999.0,150.9132,33.0,401.0,141.06308
2025-01-23 15:33:53+00:00,1737646433000.0,0.3518,0.35182,0.3518,0.35181,64709.0,1737646433999.0,22765.81576,50.0,712.0,250.49449
2025-01-23 15:33:54+00:00,1737646434000.0,0.3518,0.3518,0.35176,0.35176,15494.0,1737646434999.0,5450.4746,31.0,14688.0,5166.94464
2025-01-23 15:33:55+00:00,1737646435000.0,0.35177,0.35184,0.35177,0.35184,786.0,1737646435999.0,276.5226,32.0,744.0,261.74784
2025-01-23 15:33:56+00:00,1737646436000.0,0.35184,0.35184,0.35184,0.35184,43.0,1737646436999.0,15.12912,6.0,0.0,0.0
2025-01-23 15:33:57+00:00,1737646437000.0,0.35184,0.35184,0.35184,0.35184,523.0,1737646437999.0,184.01232,8.0,0.0,0.0
2025-01-23 15:33:58+00:00,1737646438000.0,0.35185,0.35186,0.35184,0.35186,230506.0,1737646438999.0,81103.53076,59.0,229906.0,80892.42676
2025-01-23 15:33:59+00:00,1737646439000.0,0.35186,0.35186,0.35186,0.35186,163.0,1737646439999.0,57.35318,6.0,64.0,22.51904
2025-01-23 15:34:00+00:00,1737646440000.0,0.35187,0.35187,0.35186,0.35187,185880.0,1737646440999.0,65405.59535,20.0,185855.0,65396.79885
2025-01-23 15:34:01+00:00,1737646441000.0,0.35186,0.35186,0.3518,0.35181,66561.0,1737646441999.0,23418.97373,48.0,319.0,112.22739
2025-01-23 15:34:02+00:00,1737646442000.0,0.35181,0.35192,0.35181,0.35192,528783.0,1737646442999.0,186062.80121,88.0,528783.0,186062.80121
2025-01-23 15:34:03+00:00,1737646443000.0,0.35192,0.35194,0.35185,0.35185,31362.0,1737646443999.0,11035.82592,74.0,18060.0,6354.45218
2025-01-23 15:34:04+00:00,1737646444000.0,0.35185,0.35188,0.35185,0.35188,1859.0,1737646444999.0,654.09032,24.0,1859.0,654.09032
2025-01-23 15:34:05+00:00,1737646445000.0,0.35188,0.35188,0.35181,0.35181,11616.0,1737646445999.0,4087.39523,26.0,0.0,0.0
2025-01-23 15:34:06+00:00,1737646446000.0,0.35181,0.35183,0.35181,0.35183,471.0,1737646446999.0,165.70553,14.0,471.0,165.70553
2025-01-23 15:34:07+00:00,1737646447000.0,0.35184,0.35184,0.3517,0.3517,33043.0,1737646447999.0,11622.63259,56.0,142.0,49.96128
2025-01-23 15:34:08+00:00,1737646448000.0,0.35169,0.35169,0.35168,0.35169,22290.0,1737646448999.0,7839.16945,22.0,20606.0,7246.92386
2025-01-23 15:34:09+00:00,1737646449000.0,0.35169,0.3517,0.35169,0.3517,30.0,1737646449999.0,10.55091,6.0,30.0,10.55091
2025-01-23 15:34:10+00:00,1737646450000.0,0.3517,0.3517,0.35165,0.35165,1110.0,1737646450999.0,390.35867,19.0,177.0,62.24315
2025-01-23 15:34:11+00:00,1737646451000.0,0.35165,0.35166,0.35165,0.35166,1505.0,1737646451999.0,529.24492,10.0,1505.0,529.24492
2025-01-23 15:34:12+00:00,1737646452000.0,0.35166,0.35168,0.35166,0.35166,15007.0,1737646452999.0,5277.3621,23.0,30.0,10.5501
2025-01-23 15:34:13+00:00,1737646453000.0,0.35165,0.35165,0.35163,0.35164,2897.0,1737646453999.0,1018.67269,11.0,9.0,3.16476
2025-01-23 15:34:14+00:00,1737646454000.0,0.35165,0.35165,0.35164,0.35165,775.0,1737646454999.0,272.52366,13.0,266.0,93.5389
2025-01-23 15:34:15+00:00,1737646455000.0,0.35166,0.35177,0.35166,0.35177,64803.0,1737646455999.0,22791.09,103.0,64680.0,22747.82529
2025-01-23 15:34:16+00:00,1737646456000.0,0.35177,0.35184,0.35177,0.3518,3905.0,1737646456999.0,1373.90534,41.0,3774.0,1327.82218
2025-01-23 15:34:17+00:00,1737646457000.0,0.35181,0.35182,0.35181,0.35182,66.0,1737646457999.0,23.21958,11.0,66.0,23.21958
2025-01-23 15:34:18+00:00,1737646458000.0,0.35183,0.35194,0.35183,0.35194,24758.0,1737646458999.0,8713.08975,60.0,24329.0,8562.15444
2025-01-23 15:34:19+00:00,1737646459000.0,0.35194,0.35194,0.35193,0.35193,3418.0,1737646459999.0,1202.92946,3.0,3272.0,1151.54768
2025-01-23 15:34:20+00:00,1737646460000.0,0.35193,0.352,0.35193,0.35199,25398.0,1737646460999.0,8939.33332,42.0,13226.0,4654.91759
2025-01-23 15:34:21+00:00,1737646461000.0,0.35199,0.35199,0.35195,0.35195,41015.0,1737646461999.0,14435.70372,68.0,389.0,136.91244
2025-01-23 15:34:22+00:00,1737646462000.0,0.35194,0.35194,0.35186,0.35186,15344.0,1737646462999.0,5399.21448,52.0,0.0,0.0
2025-01-23 15:34:23+00:00,1737646463000.0,0.35187,0.35196,0.35187,0.35188,58095.0,1737646463999.0,20445.46994,105.0,45807.0,16121.39245
2025-01-23 15:34:24+00:00,1737646464000.0,0.35188,0.3519,0.35188,0.3519,5186.0,1737646464999.0,1824.85771,11.0,5186.0,1824.85771
2025-01-23 15:34:25+00:00,1737646465000.0,0.35189,0.35193,0.35187,0.35193,454.0,1737646465999.0,159.75526,30.0,213.0,74.95441
2025-01-23 15:34:26+00:00,1737646466000.0,0.35192,0.352,0.35192,0.35199,4314.0,1737646466999.0,1518.37548,40.0,4241.0,1492.68112
2025-01-23 15:34:27+00:00,1737646467000.0,0.352,0.352,0.35195,0.35195,174085.0,1737646467999.0,61277.48901,100.0,160934.0,56648.65248
2025-01-23 15:34:28+00:00,1737646468000.0,0.35195,0.35195,0.3519,0.3519,5774.0,1737646468999.0,2031.89802,28.0,0.0,0.0
2025-01-23 15:34:29+00:00,1737646469000.0,0.3519,0.3519,0.35187,0.35187,6421.0,1737646469999.0,2259.53427,26.0,284.0,99.9396
2025-01-23 15:34:30+00:00,1737646470000.0,0.35188,0.352,0.35188,0.352,2171.0,1737646470999.0,764.05222,90.0,2171.0,764.05222
2025-01-23 15:34:31+00:00,1737646471000.0,0.352,0.352,0.35196,0.35196,8658.0,1737646471999.0,3047.40957,21.0,2943.0,1035.84813
2025-01-23 15:34:32+00:00,1737646472000.0,0.35196,0.35196,0.35191,0.35192,10249.0,1737646472999.0,3607.158,34.0,127.0,44.69384
2025-01-23 15:34:33+00:00,1737646473000.0,0.35191,0.35191,0.35183,0.35183,17162.0,1737646473999.0,6038.70622,30.0,346.0,121.7467
2025-01-23 15:34:34+00:00,1737646474000.0,0.35183,0.35183,0.35176,0.35176,8022.0,1737646474999.0,2822.00365,43.0,3179.0,1118.27779
2025-01-23 15:34:35+00:00,1737646475000.0,0.35177,0.35193,0.35177,0.35193,4572.0,1737646475999.0,1608.84069,99.0,4572.0,1608.84069
2025-01-23 15:34:36+00:00,1737646476000.0,0.35192,0.35192,0.3519,0.35192,1598.0,1737646476999.0,562.35761,25.0,1076.0,378.65545
2025-01-23 15:34:37+00:00,1737646477000.0,0.35192,0.35192,0.35189,0.35189,3512.0,1737646477999.0,1235.93159,18.0,0.0,0.0
2025-01-23 15:34:38+00:00,1737646478000.0,0.35189,0.35189,0.35178,0.35178,101495.0,1737646478999.0,35709.24889,52.0,22595.0,7948.4691
2025-01-23 15:34:39+00:00,1737646479000.0,0.35178,0.35185,0.35178,0.35185,3400.0,1737646479999.0,1196.25883,45.0,769.0,270.5458
2025-01-23 15:34:40+00:00,1737646480000.0,0.35186,0.35189,0.35173,0.35174,15609.0,1737646480999.0,5491.48546,94.0,3476.0,1222.72307
2025-01-23 15:34:41+00:00,1737646481000.0,0.35174,0.35178,0.35174,0.35178,716.0,1737646481999.0,251.85987,35.0,716.0,251.85987
2025-01-23 15:34:42+00:00,1737646482000.0,0.35179,0.35183,0.35179,0.35183,5199.0,1737646482999.0,1828.99398,42.0,4874.0,1714.65248
2025-01-23 15:34:43+00:00,1737646483000.0,0.35183,0.35186,0.35182,0.35184,11457.0,1737646483999.0,4031.01783,46.0,345.0,121.38384
2025-01-23 15:34:44+00:00,1737646484000.0,0.35185,0.35185,0.35182,0.35182,1100.0,1737646484999.0,387.02839,14.0,488.0,171.7028
2025-01-23 15:34:45+00:00,1737646485000.0,0.35181,0.35183,0.35181,0.35183,346.0,1737646485999.0,121.72875,20.0,231.0,81.2706
2025-01-23 15:34:46+00:00,1737646486000.0,0.35184,0.35189,0.35184,0.35189,952.0,1737646486999.0,334.98616,36.0,940.0,330.76348
2025-01-23 15:34:47+00:00,1737646487000.0,0.3519,0.35191,0.3519,0.3519,7329.0,1737646487999.0,2579.10609,24.0,4210.0,1481.52999
2025-01-23 15:34:48+00:00,1737646488000.0,0.3519,0.35193,0.3519,0.35193,2120.0,1737646488999.0,746.03534,35.0,1813.0,638.00204
2025-01-23 15:34:49+00:00,1737646489000.0,0.35192,0.35199,0.35191,0.35199,45552.0,1737646489999.0,16030.62352,78.0,38372.0,13503.89045
2025-01-23 15:34:50+00:00,1737646490000.0,0.35199,0.35199,0.35191,0.35191,23859.0,1737646490999.0,8398.06447,39.0,256.0,90.10832
2025-01-23 15:34:51+00:00,1737646491000.0,0.35191,0.35191,0.35189,0.35189,1841.0,1737646491999.0,647.8523,18.0,1194.0,420.1791
2025-01-23 15:34:52+00:00,1737646492000.0,0.35188,0.35189,0.35188,0.35189,60.0,1737646492999.0,21.11298,11.0,18.0,6.33402
2025-01-23 15:34:53+00:00,1737646493000.0,0.35189,0.35189,0.35188,0.35188,680.0,1737646493999.0,239.27849,8.0,0.0,0.0
2025-01-23 15:34:54+00:00,1737646494000.0,0.35188,0.3519,0.35188,0.3519,13514.0,1737646494999.0,4755.56619,22.0,13171.0,4634.86792
2025-01-23 15:34:55+00:00,1737646495000.0,0.3519,0.35192,0.3519,0.35192,892.0,1737646495999.0,313.90144,22.0,770.0,270.9672
2025-01-23 15:34:56+00:00,1737646496000.0,0.35192,0.35193,0.35192,0.35193,512.0,1737646496999.0,180.18532,8.0,228.0,80.24004
2025-01-23 15:34:57+00:00,1737646497000.0,0.35193,0.35193,0.35193,0.35193,1243.0,1737646497999.0,437.44899,1.0,1243.0,437.44899
2025-01-23 15:34:58+00:00,1737646498000.0,0.35192,0.35192,0.35188,0.35188,2192.0,1737646498999.0,771.35031,23.0,318.0,111.90738
2025-01-23 15:34:59+00:00,1737646499000.0,0.35188,0.35189,0.35187,0.35188,542.0,1737646499999.0,190.71557,14.0,152.0,53.48584
2025-01-23 15:35:00+00:00,1737646500000.0,0.35188,0.35189,0.35181,0.35181,13166.0,1737646500999.0,4632.51081,61.0,3703.0,1303.00726
2025-01-23 15:35:01+00:00,1737646501000.0,0.35181,0.352,0.35181,0.352,64560.0,1737646501999.0,22724.59414,165.0,64560.0,22724.59414
2025-01-23 15:35:02+00:00,1737646502000.0,0.35199,0.35199,0.35197,0.35197,1579.0,1737646502999.0,555.76192,18.0,68.0,23.93464
2025-01-23 15:35:03+00:00,1737646503000.0,0.35198,0.35199,0.35198,0.35199,30.0,1737646503999.0,10.55952,10.0,30.0,10.55952
2025-01-23 15:35:04+00:00,1737646504000.0,0.35199,0.35199,0.35198,0.35199,797.0,1737646504999.0,280.53599,10.0,765.0,269.27235
2025-01-23 15:35:05+00:00,1737646505000.0,0.35199,0.35202,0.35199,0.35202,24089.0,1737646505999.0,8479.33423,50.0,24089.0,8479.33423
2025-01-23 15:35:06+00:00,1737646506000.0,0.35202,0.35202,0.35193,0.35193,2109.0,1737646506999.0,742.2763,42.0,568.0,199.89624
2025-01-23 15:35:07+00:00,1737646507000.0,0.35192,0.35198,0.35192,0.35198,834.0,1737646507999.0,293.50929,34.0,546.0,192.15579
2025-01-23 15:35:08+00:00,1737646508000.0,0.35199,0.352,0.35199,0.35199,321.0,1737646508999.0,112.98905,22.0,311.0,109.46915
2025-01-23 15:35:09+00:00,1737646509000.0,0.35199,0.35205,0.35199,0.35204,33422.0,1737646509999.0,11765.74217,65.0,2818.0,992.02091
2025-01-23 15:35:10+00:00,1737646510000.0,0.35203,0.35205,0.352,0.35205,3805.0,1737646510999.0,1339.40451,45.0,984.0,346.40093
2025-01-23 15:35:11+00:00,1737646511000.0,0.35204,0.35205,0.35204,0.35205,69.0,1737646511999.0,24.29124,2.0,48.0,16.8984
2025-01-23 15:35:12+00:00,1737646512000.0,0.35205,0.35207,0.35205,0.35207,151051.0,1737646512999.0,53177.7115,27.0,151051.0,53177.7115
2025-01-23 15:35:13+00:00,1737646513000.0,0.35207,0.35213,0.35206,0.35213,308525.0,1737646513999.0,108622.60787,120.0,308502.0,108614.51049
2025-01-23 15:35:14+00:00,1737646514000.0,0.35213,0.35217,0.35212,0.35217,4949.0,1737646514999.0,1742.73844,68.0,4893.0,1723.01972
2025-01-23 15:35:15+00:00,1737646515000.0,0.35218,0.35228,0.35218,0.35224,70883.0,1737646515999.0,24967.93598,179.0,63942.0,22523.03814
2025-01-23 15:35:16+00:00,1737646516000.0,0.35224,0.35225,0.35224,0.35225,56.0,1737646516999.0,19.72565,8.0,21.0,7.39725
2025-01-23 15:35:17+00:00,1737646517000.0,0.35224,0.35224,0.35219,0.35219,4581.0,1737646517999.0,1613.46816,28.0,109.0,38.3898
2025-01-23 15:35:18+00:00,1737646518000.0,0.3522,0.35227,0.3522,0.35227,11217.0,1737646518999.0,3951.36971,53.0,11067.0,3898.53521
2025-01-23 15:35:19+00:00,1737646519000.0,0.35226,0.35235,0.35226,0.35235,11232.0,1737646519999.0,3956.89065,157.0,5612.0,1977.1841
2025-01-23 15:35:20+00:00,1737646520000.0,0.35235,0.35242,0.35234,0.35242,20456.0,1737646520999.0,7207.91129,146.0,20372.0,7178.31473
2025-01-23 15:35:21+00:00,1737646521000.0,0.35243,0.35244,0.35242,0.35244,1303.0,1737646521999.0,459.21558,45.0,1095.0,385.91222
2025-01-23 15:35:22+00:00,1737646522000.0,0.35245,0.35245,0.35244,0.35245,1569.0,1737646522999.0,552.98784,21.0,948.0,334.1226
2025-01-23 15:35:23+00:00,1737646523000.0,0.35245,0.35248,0.35245,0.35248,4271.0,1737646523999.0,1505.40428,51.0,2535.0,893.50089
2025-01-23 15:35:24+00:00,1737646524000.0,0.35249,0.35254,0.35249,0.35253,15216.0,1737646524999.0,5363.73345,133.0,15165.0,5345.7557
2025-01-23 15:35:25+00:00,1737646525000.0,0.35254,0.35262,0.35254,0.35261,9145.0,1737646525999.0,3224.48279,96.0,8660.0,3053.46694
2025-01-23 15:35:26+00:00,1737646526000.0,0.35261,0.3527,0.35261,0.3527,34107.0,1737646526999.0,12028.82836,144.0,33486.0,11809.81973
2025-01-23 15:35:27+00:00,1737646527000.0,0.3527,0.3527,0.35268,0.35269,46935.0,1737646527999.0,16553.58463,31.0,12356.0,4357.95965
2025-01-23 15:35:28+00:00,1737646528000.0,0.35268,0.35268,0.35253,0.35257,70132.0,1737646528999.0,24728.24669,91.0,17531.0,6180.66992
2025-01-23 15:35:29+00:00,1737646529000.0,0.35256,0.35256,0.35252,0.35255,819.0,1737646529999.0,288.72257,32.0,733.0,258.40485
2025-01-23 15:35:30+00:00,1737646530000.0,0.35256,0.35262,0.35256,0.35262,8478.0,1737646530999.0,2989.10348,44.0,8473.0,2987.34043
2025-01-23 15:35:31+00:00,1737646531000.0,0.35263,0.35279,0.35263,0.35279,2545.0,1737646531999.0,897.65798,140.0,2545.0,897.65798
2025-01-23 15:35:32+00:00,1737646532000.0,0.35279,0.3528,0.35278,0.3528,477.0,1737646532999.0,168.28503,28.0,459.0,161.93499
2025-01-23 15:35:33+00:00,1737646533000.0,0.35281,0.35291,0.35281,0.35291,11655.0,1737646533999.0,4112.27852,146.0,11655.0,4112.27852
2025-01-23 15:35:34+00:00,1737646534000.0,0.35291,0.35291,0.35289,0.3529,7292.0,1737646534999.0,2573.35195,23.0,598.0,211.03986
2025-01-23 15:35:35+00:00,1737646535000.0,0.3529,0.35291,0.35289,0.3529,43057.0,1737646535999.0,15194.81788,57.0,28577.0,10084.83033
2025-01-23 15:35:36+00:00,1737646536000.0,0.35291,0.35302,0.35291,0.35302,55937.0,1737646536999.0,19744.75758,204.0,55054.0,19433.068
2025-01-23 15:35:37+00:00,1737646537000.0,0.35303,0.35309,0.35303,0.35308,30452.0,1737646537999.0,10751.35728,131.0,24812.0,8759.94701
2025-01-23 15:35:38+00:00,1737646538000.0,0.35307,0.35307,0.35301,0.35301,3632.0,1737646538999.0,1282.21951,58.0,816.0,288.08796
2025-01-23 15:35:39+00:00,1737646539000.0,0.35301,0.35301,0.35294,0.35294,8596.0,1737646539999.0,3034.22042,74.0,0.0,0.0
2025-01-23 15:35:40+00:00,1737646540000.0,0.35294,0.35294,0.35286,0.35286,32994.0,1737646540999.0,11644.36569,71.0,0.0,0.0
2025-01-23 15:35:41+00:00,1737646541000.0,0.35286,0.35286,0.35282,0.35282,3680.0,1737646541999.0,1298.45623,37.0,424.0,149.60416
2025-01-23 15:35:42+00:00,1737646542000.0,0.35283,0.35299,0.35283,0.35291,127695.0,1737646542999.0,45068.50915,110.0,67572.0,23848.15224
2025-01-23 15:35:43+00:00,1737646543000.0,0.35292,0.35292,0.35289,0.35289,2271.0,1737646543999.0,801.43141,18.0,300.0,105.876
2025-01-23 15:35:44+00:00,1737646544000.0,0.35289,0.35294,0.35289,0.35294,31428.0,1737646544999.0,11090.91325,57.0,31376.0,11072.56185
2025-01-23 15:35:45+00:00,1737646545000.0,0.35294,0.35304,0.35294,0.35304,15400.0,1737646545999.0,5435.55432,63.0,15366.0,5423.55436
2025-01-23 15:35:46+00:00,1737646546000.0,0.35304,0.35305,0.35304,0.35305,529.0,1737646546999.0,186.76327,13.0,61.0,21.53587
2025-01-23 15:35:47+00:00,1737646547000.0,0.35305,0.3531,0.35305,0.3531,2345.0,1737646547999.0,827.95536,40.0,1928.0,680.7326
2025-01-23 15:35:48+00:00,1737646548000.0,0.35309,0.35309,0.35307,0.35307,25093.0,1737646548999.0,8859.93911,30.0,0.0,0.0
2025-01-23 15:35:49+00:00,1737646549000.0,0.35307,0.35307,0.353,0.353,10796.0,1737646549999.0,3811.26916,72.0,473.0,166.97846
2025-01-23 15:35:50+00:00,1737646550000.0,0.35301,0.35301,0.35291,0.35293,4543.0,1737646550999.0,1603.31598,87.0,45.0,15.88239
2025-01-23 15:35:51+00:00,1737646551000.0,0.35294,0.35309,0.35294,0.35309,1980.0,1737646551999.0,698.97126,95.0,1945.0,686.61311
2025-01-23 15:35:52+00:00,1737646552000.0,0.35309,0.35309,0.35303,0.35303,386.0,1737646552999.0,136.27845,58.0,66.0,23.30196
2025-01-23 15:35:53+00:00,1737646553000.0,0.35302,0.3531,0.35302,0.3531,6696.0,1737646553999.0,2364.13005,54.0,5456.0,1926.31478
2025-01-23 15:35:54+00:00,1737646554000.0,0.35309,0.3531,0.35308,0.35308,1828.0,1737646554999.0,645.45611,18.0,774.0,273.2994
2025-01-23 15:35:55+00:00,1737646555000.0,0.35307,0.35307,0.35301,0.35301,1600.0,1737646555999.0,564.84968,64.0,385.0,135.92425
2025-01-23 15:35:56+00:00,1737646556000.0,0.35301,0.35312,0.35301,0.35312,110594.0,1737646556999.0,39050.52421,152.0,109871.0,38795.26279
2025-01-23 15:35:57+00:00,1737646557000.0,0.35312,0.35312,0.35306,0.35306,6500.0,1737646557999.0,2295.21617,88.0,5787.0,2043.46296
2025-01-23 15:35:58+00:00,1737646558000.0,0.35306,0.35308,0.35306,0.35306,3746.0,1737646558999.0,1322.6047,32.0,508.0,179.36416
2025-01-23 15:35:59+00:00,1737646559000.0,0.35305,0.3531,0.35305,0.3531,10991.0,1737646559999.0,3880.49546,33.0,10971.0,3873.4343
2025-01-23 15:36:00+00:00,1737646560000.0,0.35311,0.35326,0.35308,0.35326,23772.0,1737646560999.0,8394.96797,296.0,23173.0,8183.47252
2025-01-23 15:36:01+00:00,1737646561000.0,0.35327,0.3533,0.35327,0.35329,25820.0,1737646561999.0,9122.12142,81.0,25466.0,8997.05676
2025-01-23 15:36:02+00:00,1737646562000.0,0.35329,0.35342,0.35329,0.35342,51205.0,1737646562999.0,18094.7494,268.0,51013.0,18026.90157
2025-01-23 15:36:03+00:00,1737646563000.0,0.35343,0.35346,0.35329,0.35329,74831.0,1737646563999.0,26445.80757,208.0,9547.0,3373.86694
2025-01-23 15:36:04+00:00,1737646564000.0,0.35329,0.35329,0.35326,0.35327,6587.0,1737646564999.0,2327.03899,32.0,66.0,23.31582
2025-01-23 15:36:05+00:00,1737646565000.0,0.35326,0.35326,0.35312,0.35316,7973.0,1737646565999.0,2815.82347,109.0,194.0,68.51244
2025-01-23 15:36:06+00:00,1737646566000.0,0.35316,0.35321,0.35315,0.35321,6484.0,1737646566999.0,2289.92481,45.0,6007.0,2121.46455
2025-01-23 15:36:07+00:00,1737646567000.0,0.35321,0.35325,0.35321,0.35321,13218.0,1737646567999.0,4669.03809,63.0,4643.0,1640.04702
2025-01-23 15:36:08+00:00,1737646568000.0,0.35321,0.35321,0.35314,0.35314,36804.0,1737646568999.0,12998.0725,78.0,2424.0,856.08408
2025-01-23 15:36:09+00:00,1737646569000.0,0.35313,0.35316,0.3531,0.35316,4864.0,1737646569999.0,1717.65883,29.0,3440.0,1214.84002
2025-01-23 15:36:10+00:00,1737646570000.0,0.35316,0.35316,0.35311,0.35311,700.0,1737646570999.0,247.19636,36.0,0.0,0.0
2025-01-23 15:36:11+00:00,1737646571000.0,0.3531,0.3531,0.35301,0.35301,15668.0,1737646571999.0,5531.65822,74.0,281.0,99.19862
2025-01-23 15:36:12+00:00,1737646572000.0,0.35301,0.35301,0.35297,0.35297,852.0,1737646572999.0,300.75165,48.0,0.0,0.0
2025-01-23 15:36:13+00:00,1737646573000.0,0.35297,0.35298,0.3529,0.3529,19983.0,1737646573999.0,7052.43701,93.0,3503.0,1236.39517
2025-01-23 15:36:14+00:00,1737646574000.0,0.3529,0.3529,0.35281,0.35281,17900.0,1737646574999.0,6316.12547,63.0,5954.0,2100.69028
2025-01-23 15:36:15+00:00,1737646575000.0,0.35281,0.35281,0.35268,0.35268,33861.0,1737646575999.0,11944.3867,125.0,1897.0,669.12893
2025-01-23 15:36:16+00:00,1737646576000.0,0.35268,0.35271,0.35266,0.35271,1124.0,1737646576999.0,396.42526,41.0,817.0,288.15551
2025-01-23 15:36:17+00:00,1737646577000.0,0.35271,0.35277,0.35271,0.35277,7976.0,1737646577999.0,2813.64618,34.0,7039.0,2483.1288
2025-01-23 15:36:18+00:00,1737646578000.0,0.35277,0.35281,0.35277,0.35281,13202.0,1737646578999.0,4657.50045,22.0,13202.0,4657.50045
2025-01-23 15:36:19+00:00,1737646579000.0,0.35281,0.35281,0.3528,0.35281,144.0,1737646579999.0,50.80428,10.0,108.0,38.10348
2025-01-23 15:36:20+00:00,1737646580000.0,0.35281,0.35289,0.35281,0.35284,21725.0,1737646580999.0,7665.51043,101.0,18513.0,6532.21086
2025-01-23 15:36:21+00:00,1737646581000.0,0.35285,0.3529,0.35285,0.3529,5973.0,1737646581999.0,2107.76387,45.0,5773.0,2037.18587
2025-01-23 15:36:22+00:00,1737646582000.0,0.3529,0.35304,0.3529,0.35304,8062.0,1737646582999.0,2845.73908,104.0,7162.0,2528.10208
2025-01-23 15:36:23+00:00,1737646583000.0,0.35304,0.35304,0.35295,0.35295,12839.0,1737646583999.0,4532.17146,66.0,240.0,84.7224
2025-01-23 15:36:24+00:00,1737646584000.0,0.35295,0.35295,0.35286,0.35286,1692.0,1737646584999.0,597.10932,70.0,146.0,51.5307
2025-01-23 15:36:25+00:00,1737646585000.0,0.35286,0.35286,0.35283,0.35284,2585.0,1737646585999.0,912.07214,33.0,481.0,169.71604
2025-01-23 15:36:26+00:00,1737646586000.0,0.35284,0.35284,0.35268,0.35271,53819.0,1737646586999.0,18988.71824,134.0,6749.0,2380.97677
2025-01-23 15:36:27+00:00,1737646587000.0,0.35271,0.35272,0.35271,0.35272,854.0,1737646587999.0,301.21586,21.0,854.0,301.21586
2025-01-23 15:36:28+00:00,1737646588000.0,0.35272,0.35272,0.35272,0.35272,1629.0,1737646588999.0,574.58088,1.0,1629.0,574.58088
2025-01-23 15:36:29+00:00,1737646589000.0,0.35271,0.35271,0.35267,0.35268,24830.0,1737646589999.0,8757.39052,32.0,14499.0,5113.64909
2025-01-23 15:36:30+00:00,1737646590000.0,0.35267,0.35274,0.35267,0.35272,14183.0,1737646590999.0,5002.6195,52.0,14067.0,4961.7081
2025-01-23 15:36:31+00:00,1737646591000.0,0.35272,0.35272,0.35263,0.35263,24205.0,1737646591999.0,8535.74145,87.0,6899.0,2432.93368
2025-01-23 15:36:32+00:00,1737646592000.0,0.35263,0.35267,0.35262,0.35267,8566.0,1737646592999.0,3020.62782,35.0,8373.0,2952.57216
2025-01-23 15:36:33+00:00,1737646593000.0,0.35267,0.35268,0.35267,0.35267,382.0,1737646593999.0,134.72228,11.0,234.0,82.52712
2025-01-23 15:36:34+00:00,1737646594000.0,0.35268,0.35268,0.35267,0.35268,7975.0,1737646594999.0,2812.54529,9.0,204.0,71.94672
2025-01-23 15:36:35+00:00,1737646595000.0,0.35268,0.35286,0.35268,0.35286,9010.0,1737646595999.0,3178.21579,130.0,8951.0,3157.39823
2025-01-23 15:36:36+00:00,1737646596000.0,0.35287,0.3529,0.35287,0.35288,25014.0,1737646596999.0,8827.36387,50.0,3586.0,1265.42776
2025-01-23 15:36:37+00:00,1737646597000.0,0.35287,0.35288,0.35283,0.35283,3647.0,1737646597999.0,1286.92848,43.0,2868.0,1012.05984
2025-01-23 15:36:38+00:00,1737646598000.0,0.35282,0.35282,0.35274,0.35275,1818.0,1737646598999.0,641.3598,56.0,569.0,200.73173
2025-01-23 15:36:39+00:00,1737646599000.0,0.35274,0.35274,0.35263,0.35264,4897.0,1737646599999.0,1727.03612,72.0,871.0,307.15024
2025-01-23 15:36:40+00:00,1737646600000.0,0.35263,0.35263,0.35256,0.35258,4330.0,1737646600999.0,1526.72407,58.0,1802.0,635.37245
2025-01-23 15:36:41+00:00,1737646601000.0,0.35259,0.35273,0.35259,0.35273,10613.0,1737646601999.0,3742.71233,103.0,10501.0,3703.21329
2025-01-23 15:36:42+00:00,1737646602000.0,0.35272,0.35275,0.35272,0.35275,164.0,1737646602999.0,57.8489,14.0,111.0,39.15474
2025-01-23 15:36:43+00:00,1737646603000.0,0.35275,0.3528,0.35275,0.3528,900.0,1737646603999.0,317.49029,35.0,900.0,317.49029
2025-01-23 15:36:44+00:00,1737646604000.0,0.35279,0.35279,0.35276,0.35276,6389.0,1737646604999.0,2253.78454,24.0,5885.0,2075.9926
2025-01-23 15:36:45+00:00,1737646605000.0,0.35275,0.35275,0.35275,0.35275,3976.0,1737646605999.0,1402.534,19.0,0.0,0.0
2025-01-23 15:36:46+00:00,1737646606000.0,0.35274,0.35274,0.35268,0.35268,2491.0,1737646606999.0,878.55086,50.0,86.0,30.33134
2025-01-23 15:36:47+00:00,1737646607000.0,0.35268,0.35268,0.35265,0.35265,12631.0,1737646607999.0,4454.32757,27.0,12309.0,4340.76885
2025-01-23 15:36:48+00:00,1737646608000.0,0.35265,0.35265,0.3526,0.3526,385.0,1737646608999.0,135.76188,39.0,85.0,29.97525
2025-01-23 15:36:49+00:00,1737646609000.0,0.3526,0.35272,0.3526,0.35271,20566.0,1737646609999.0,7253.5521,88.0,20520.0,7237.32744
2025-01-23 15:36:50+00:00,1737646610000.0,0.35271,0.35271,0.35267,0.35267,91.0,1737646610999.0,32.0945,22.0,0.0,0.0
2025-01-23 15:36:51+00:00,1737646611000.0,0.35267,0.35272,0.35267,0.35272,5200.0,1737646611999.0,1834.02874,30.0,5200.0,1834.02874
2025-01-23 15:36:52+00:00,1737646612000.0,0.35271,0.35275,0.35271,0.35275,6382.0,1737646612999.0,2251.17018,37.0,6151.0,2169.69417
2025-01-23 15:36:53+00:00,1737646613000.0,0.35276,0.35277,0.35275,0.35277,3683.0,1737646613999.0,1299.24853,24.0,3597.0,1268.91148
2025-01-23 15:36:54+00:00,1737646614000.0,0.35277,0.35282,0.35277,0.35282,348.0,1737646614999.0,122.77295,32.0,348.0,122.77295
2025-01-23 15:36:55+00:00,1737646615000.0,0.35282,0.35299,0.35282,0.35299,21609.0,1737646615999.0,7626.74279,122.0,21609.0,7626.74279
2025-01-23 15:36:56+00:00,1737646616000.0,0.35299,0.35299,0.35296,0.35296,462.0,1737646616999.0,163.08001,31.0,382.0,134.842
2025-01-23 15:36:57+00:00,1737646617000.0,0.35296,0.35296,0.35296,0.35296,50.0,1737646617999.0,17.648,6.0,50.0,17.648
2025-01-23 15:36:58+00:00,1737646618000.0,0.35296,0.35297,0.35295,0.35295,1199.0,1737646618999.0,423.19945,14.0,44.0,15.53068
2025-01-23 15:36:59+00:00,1737646619000.0,0.35296,0.35302,0.35296,0.35301,10819.0,1737646619999.0,3818.70632,35.0,10815.0,3817.29428
2025-01-23 15:37:00+00:00,1737646620000.0,0.35301,0.35302,0.35298,0.35298,266.0,1737646620999.0,93.8999,27.0,14.0,4.94228
2025-01-23 15:37:01+00:00,1737646621000.0,0.35298,0.35313,0.35298,0.35313,63349.0,1737646621999.0,22367.42819,117.0,61900.0,21855.89751
2025-01-23 15:37:02+00:00,1737646622000.0,0.35313,0.35313,0.35309,0.35309,2516.0,1737646622999.0,888.44836,27.0,2413.0,852.07856
2025-01-23 15:37:03+00:00,1737646623000.0,0.35308,0.35308,0.35302,0.35302,1247.0,1737646623999.0,440.28242,41.0,0.0,0.0
2025-01-23 15:37:04+00:00,1737646624000.0,0.35303,0.35316,0.35303,0.35316,18583.0,1737646624999.0,6561.09469,71.0,18583.0,6561.09469
2025-01-23 15:37:05+00:00,1737646625000.0,0.35316,0.35316,0.35315,0.35315,2520.0,1737646625999.0,889.96235,14.0,2435.0,859.9446
2025-01-23 15:37:06+00:00,1737646626000.0,0.35316,0.3532,0.35316,0.3532,1374.0,1737646626999.0,485.28315,44.0,330.0,116.55279
2025-01-23 15:37:07+00:00,1737646627000.0,0.35321,0.35321,0.35308,0.35308,37658.0,1737646627999.0,13297.16436,108.0,353.0,124.68313
2025-01-23 15:37:08+00:00,1737646628000.0,0.35307,0.35307,0.35286,0.35286,15665.0,1737646628999.0,5529.87762,175.0,4.0,1.41168
2025-01-23 15:37:09+00:00,1737646629000.0,0.35286,0.35291,0.35282,0.35291,6306.0,1737646629999.0,2225.01183,108.0,5944.0,2097.286
2025-01-23 15:37:10+00:00,1737646630000.0,0.35292,0.35298,0.35292,0.35296,8529.0,1737646630999.0,3010.37978,73.0,8502.0,3000.84968
2025-01-23 15:37:11+00:00,1737646631000.0,0.35296,0.3531,0.35295,0.3531,17347.0,1737646631999.0,6123.03742,100.0,17325.0,6115.27252
2025-01-23 15:37:12+00:00,1737646632000.0,0.3531,0.3531,0.35295,0.35295,71039.0,1737646632999.0,25076.86001,81.0,55.0,19.4139
2025-01-23 15:37:13+00:00,1737646633000.0,0.35294,0.35294,0.35286,0.3529,3009.0,1737646633999.0,1061.84871,62.0,86.0,30.34766
2025-01-23 15:37:14+00:00,1737646634000.0,0.35291,0.35295,0.35291,0.35295,5773.0,1737646634999.0,2037.52359,44.0,5773.0,2037.52359
2025-01-23 15:37:15+00:00,1737646635000.0,0.35295,0.35299,0.35295,0.35299,13795.0,1737646635999.0,4869.27091,41.0,13795.0,4869.27091
2025-01-23 15:37:16+00:00,1737646636000.0,0.353,0.35305,0.353,0.35305,9656.0,1737646636999.0,3408.89998,39.0,9656.0,3408.89998
2025-01-23 15:37:17+00:00,1737646637000.0,0.35305,0.35309,0.35303,0.35309,747.0,1737646637999.0,263.731,43.0,526.0,185.71128
2025-01-23 15:37:18+00:00,1737646638000.0,0.3531,0.35312,0.3531,0.3531,527.0,1737646638999.0,186.09253,34.0,276.0,97.45974
2025-01-23 15:37:19+00:00,1737646639000.0,0.3531,0.35314,0.35301,0.35301,11126.0,1737646639999.0,3928.06575,80.0,552.0,194.9089
2025-01-23 15:37:20+00:00,1737646640000.0,0.35301,0.35301,0.353,0.35301,702.0,1737646640999.0,247.8098,11.0,380.0,134.1438
2025-01-23 15:37:21+00:00,1737646641000.0,0.35301,0.35303,0.35301,0.35303,574.0,1737646641999.0,202.62933,18.0,574.0,202.62933
2025-01-23 15:37:22+00:00,1737646642000.0,0.35303,0.35303,0.35292,0.35292,35521.0,1737646642999.0,12536.82872,70.0,23733.0,8376.09849
2025-01-23 15:37:23+00:00,1737646643000.0,0.35293,0.35296,0.35286,0.35287,36937.0,1737646643999.0,13034.55304,64.0,22753.0,8028.97099
2025-01-23 15:37:24+00:00,1737646644000.0,0.35286,0.35296,0.3528,0.35296,201546.0,1737646644999.0,71123.59482,114.0,198857.0,70174.81746
2025-01-23 15:37:25+00:00,1737646645000.0,0.35288,0.35291,0.35281,0.35281,30059.0,1737646645999.0,10606.48289,38.0,8260.0,2914.49894
2025-01-23 15:37:26+00:00,1737646646000.0,0.35281,0.35281,0.35281,0.35281,0.0,1737646646999.0,0.0,0.0,0.0,0.0
2025-01-23 15:37:27+00:00,1737646647000.0,0.3528,0.3528,0.35279,0.35279,1503.0,1737646647999.0,530.24946,9.0,866.0,305.51614
2025-01-23 15:37:28+00:00,1737646648000.0,0.35278,0.35278,0.35278,0.35278,138.0,1737646648999.0,48.68364,2.0,0.0,0.0
2025-01-23 15:37:29+00:00,1737646649000.0,0.35279,0.3528,0.35267,0.35267,17980.0,1737646649999.0,6341.80932,51.0,4211.0,1485.59881
2025-01-23 15:37:30+00:00,1737646650000.0,0.35268,0.35271,0.35268,0.3527,4277.0,1737646650999.0,1508.46427,29.0,2739.0,965.99746
2025-01-23 15:37:31+00:00,1737646651000.0,0.3527,0.3528,0.3527,0.3528,6417.0,1737646651999.0,2263.4349,70.0,6417.0,2263.4349
2025-01-23 15:37:32+00:00,1737646652000.0,0.3528,0.3528,0.35272,0.35278,14517.0,1737646652999.0,5121.12919,52.0,12620.0,4451.96992
2025-01-23 15:37:33+00:00,1737646653000.0,0.35278,0.35299,0.35278,0.35299,4783.0,1737646653999.0,1687.7325,138.0,4783.0,1687.7325
2025-01-23 15:37:34+00:00,1737646654000.0,0.35299,0.35302,0.35299,0.35301,7029.0,1737646654999.0,2481.33256,22.0,6888.0,2431.55853
2025-01-23 15:37:35+00:00,1737646655000.0,0.353,0.353,0.35296,0.35298,622.0,1737646655999.0,219.55661,21.0,161.0,56.82822
2025-01-23 15:37:36+00:00,1737646656000.0,0.35299,0.35315,0.35299,0.35315,24090.0,1737646656999.0,8506.76479,124.0,24086.0,8505.35247
2025-01-23 15:37:37+00:00,1737646657000.0,0.35313,0.35315,0.35313,0.35315,53.0,1737646657999.0,18.71637,12.0,33.0,11.65377
2025-01-23 15:37:38+00:00,1737646658000.0,0.35315,0.35319,0.35314,0.35319,3157.0,1737646658999.0,1114.94204,43.0,2394.0,845.49275
2025-01-23 15:37:39+00:00,1737646659000.0,0.35319,0.3532,0.35319,0.35319,9424.0,1737646659999.0,3328.46621,15.0,365.0,128.918
2025-01-23 15:37:40+00:00,1737646660000.0,0.35318,0.35318,0.35317,0.35318,3909.0,1737646660999.0,1380.54344,12.0,82.0,28.96076
2025-01-23 15:37:41+00:00,1737646661000.0,0.35317,0.35317,0.35311,0.35311,3791.0,1737646661999.0,1338.70094,72.0,2099.0,741.19888
2025-01-23 15:37:42+00:00,1737646662000.0,0.35311,0.35311,0.3531,0.35311,5019.0,1737646662999.0,1772.22847,16.0,1957.0,691.03627
2025-01-23 15:37:43+00:00,1737646663000.0,0.35312,0.35312,0.35311,0.35312,592.0,1737646663999.0,209.04527,10.0,415.0,146.5448
2025-01-23 15:37:44+00:00,1737646664000.0,0.35312,0.35312,0.35303,0.3531,35018.0,1737646664999.0,12364.60853,130.0,6387.0,2254.89285
2025-01-23 15:37:45+00:00,1737646665000.0,0.3531,0.3531,0.35309,0.3531,15355.0,1737646665999.0,5421.84,21.0,14305.0,5051.0955
2025-01-23 15:37:46+00:00,1737646666000.0,0.35309,0.3531,0.35309,0.35309,1471.0,1737646666999.0,519.39914,21.0,380.0,134.17795
2025-01-23 15:37:47+00:00,1737646667000.0,0.35309,0.35311,0.35309,0.35311,5085.0,1737646667999.0,1795.50793,25.0,5085.0,1795.50793
2025-01-23 15:37:48+00:00,1737646668000.0,0.35312,0.35329,0.35312,0.35329,15420.0,1737646668999.0,5447.17883,130.0,15274.0,5395.60433
2025-01-23 15:37:49+00:00,1737646669000.0,0.35329,0.35329,0.35328,0.35328,4496.0,1737646669999.0,1588.37133,7.0,2445.0,863.79405
2025-01-23 15:37:50+00:00,1737646670000.0,0.35327,0.35327,0.35322,0.35322,3052.0,1737646670999.0,1078.03846,12.0,0.0,0.0
2025-01-23 15:37:51+00:00,1737646671000.0,0.35323,0.35331,0.35323,0.35331,3645.0,1737646671999.0,1287.72968,64.0,2327.0,822.09382
2025-01-23 15:37:52+00:00,1737646672000.0,0.35331,0.35331,0.35327,0.35327,2952.0,1737646672999.0,1042.91546,11.0,0.0,0.0
2025-01-23 15:37:53+00:00,1737646673000.0,0.35328,0.35328,0.35327,0.35328,66.0,1737646673999.0,23.31645,3.0,63.0,22.25664
2025-01-23 15:37:54+00:00,1737646674000.0,0.35328,0.35328,0.35328,0.35328,28.0,1737646674999.0,9.89184,6.0,28.0,9.89184
2025-01-23 15:37:55+00:00,1737646675000.0,0.35328,0.35328,0.35317,0.35317,2783.0,1737646675999.0,983.0918,30.0,951.0,335.96928
2025-01-23 15:37:56+00:00,1737646676000.0,0.35317,0.35328,0.35317,0.35326,95778.0,1737646676999.0,33830.958,91.0,84596.0,29880.71946
2025-01-23 15:37:57+00:00,1737646677000.0,0.35326,0.3534,0.35326,0.35339,68017.0,1737646677999.0,24034.2889,96.0,67985.0,24022.98393
2025-01-23 15:37:58+00:00,1737646678000.0,0.3534,0.35342,0.35339,0.3534,1336.0,1737646678999.0,472.15753,26.0,558.0,197.20476
2025-01-23 15:37:59+00:00,1737646679000.0,0.35339,0.35345,0.35338,0.35345,1017.0,1737646679999.0,359.40107,47.0,546.0,192.95447
2025-01-23 15:38:00+00:00,1737646680000.0,0.35344,0.35344,0.35341,0.35341,732.0,1737646680999.0,258.69936,12.0,705.0,249.15687
2025-01-23 15:38:01+00:00,1737646681000.0,0.35341,0.35341,0.35338,0.35338,1169.0,1737646681999.0,413.11552,17.0,975.0,344.5578
2025-01-23 15:38:02+00:00,1737646682000.0,0.35337,0.35337,0.35328,0.35328,6265.0,1737646682999.0,2213.37865,23.0,43.0,15.19362
2025-01-23 15:38:03+00:00,1737646683000.0,0.35329,0.35332,0.35329,0.35329,16405.0,1737646683999.0,5796.16668,30.0,16405.0,5796.16668
2025-01-23 15:38:04+00:00,1737646684000.0,0.35328,0.35339,0.35327,0.35339,96868.0,1737646684999.0,34222.21686,123.0,89045.0,31458.5077
2025-01-23 15:38:05+00:00,1737646685000.0,0.3534,0.35344,0.3534,0.35343,5641.0,1737646685999.0,1993.73494,30.0,3905.0,1380.18046
2025-01-23 15:38:06+00:00,1737646686000.0,0.35341,0.35341,0.35326,0.35326,49114.0,1737646686999.0,17355.15165,31.0,0.0,0.0
2025-01-23 15:38:07+00:00,1737646687000.0,0.35326,0.35326,0.35324,0.35324,10171.0,1737646687999.0,3592.90596,8.0,10010.0,3536.0325
2025-01-23 15:38:08+00:00,1737646688000.0,0.35325,0.35325,0.35325,0.35325,1816.0,1737646688999.0,641.502,6.0,1816.0,641.502
2025-01-23 15:38:09+00:00,1737646689000.0,0.35325,0.3534,0.35325,0.35339,13271.0,1737646689999.0,4689.12947,76.0,13271.0,4689.12947
2025-01-23 15:38:10+00:00,1737646690000.0,0.35332,0.35335,0.35332,0.35335,384.0,1737646690999.0,135.68199,26.0,384.0,135.68199
2025-01-23 15:38:11+00:00,1737646691000.0,0.35336,0.3534,0.35336,0.3534,6137.0,1737646691999.0,2168.81098,39.0,6127.0,2165.27738
2025-01-23 15:38:12+00:00,1737646692000.0,0.3534,0.35341,0.3534,0.35341,15071.0,1737646692999.0,5326.24182,23.0,65.0,22.97136
2025-01-23 15:38:13+00:00,1737646693000.0,0.35341,0.35341,0.35341,0.35341,10622.0,1737646693999.0,3753.92102,7.0,0.0,0.0
2025-01-23 15:38:14+00:00,1737646694000.0,0.35342,0.35342,0.35338,0.35338,7466.0,1737646694999.0,2638.41169,27.0,268.0,94.71656
2025-01-23 15:38:15+00:00,1737646695000.0,0.35338,0.35342,0.35338,0.35338,16554.0,1737646695999.0,5850.18621,35.0,135.0,47.70957
2025-01-23 15:38:16+00:00,1737646696000.0,0.35339,0.35339,0.35332,0.35332,3133.0,1737646696999.0,1107.06426,39.0,1484.0,524.40248
2025-01-23 15:38:17+00:00,1737646697000.0,0.35332,0.35332,0.35332,0.35332,0.0,1737646697999.0,0.0,0.0,0.0,0.0
2025-01-23 15:38:18+00:00,1737646698000.0,0.35333,0.35339,0.35329,0.35329,39055.0,1737646698999.0,13800.77565,107.0,11386.0,4023.56025
2025-01-23 15:38:19+00:00,1737646699000.0,0.35329,0.35332,0.35329,0.35332,1232.0,1737646699999.0,435.27443,26.0,1198.0,423.26155
2025-01-23 15:38:20+00:00,1737646700000.0,0.35332,0.35334,0.35332,0.35334,853.0,1737646700999.0,301.38841,17.0,853.0,301.38841
2025-01-23 15:38:21+00:00,1737646701000.0,0.35335,0.35335,0.35335,0.35335,320.0,1737646701999.0,113.072,2.0,320.0,113.072
2025-01-23 15:38:22+00:00,1737646702000.0,0.35335,0.3534,0.35335,0.3534,1100.0,1737646702999.0,388.70699,27.0,913.0,322.62119
2025-01-23 15:38:23+00:00,1737646703000.0,0.35341,0.35341,0.3534,0.35341,10560.0,1737646703999.0,3731.93037,12.0,2637.0,931.94217
2025-01-23 15:38:24+00:00,1737646704000.0,0.3534,0.35342,0.35339,0.35341,269.0,1737646704999.0,95.06409,28.0,34.0,12.01594
2025-01-23 15:38:25+00:00,1737646705000.0,0.35342,0.35342,0.35338,0.35338,1703.0,1737646705999.0,601.83512,22.0,282.0,99.66444
2025-01-23 15:38:26+00:00,1737646706000.0,0.35339,0.35339,0.35339,0.35339,182.0,1737646706999.0,64.31698,4.0,182.0,64.31698
2025-01-23 15:38:27+00:00,1737646707000.0,0.35339,0.35344,0.35339,0.35344,683.0,1737646707999.0,241.38647,26.0,683.0,241.38647
2025-01-23 15:38:28+00:00,1737646708000.0,0.35345,0.35347,0.35345,0.35347,610.0,1737646708999.0,215.6109,13.0,60.0,21.2079
2025-01-23 15:38:29+00:00,1737646709000.0,0.35347,0.35348,0.35347,0.35348,3066.0,1737646709999.0,1083.73952,20.0,1381.0,488.14257
2025-01-23 15:38:30+00:00,1737646710000.0,0.35347,0.35348,0.35341,0.35341,5002.0,1737646710999.0,1767.85821,46.0,2874.0,1015.72962
2025-01-23 15:38:31+00:00,1737646711000.0,0.35341,0.35341,0.35328,0.35328,75286.0,1737646711999.0,26603.40842,105.0,48290.0,17064.07572
2025-01-23 15:38:32+00:00,1737646712000.0,0.35328,0.35328,0.3531,0.3531,36263.0,1737646712999.0,12808.80655,78.0,9039.0,3192.75199
2025-01-23 15:38:33+00:00,1737646713000.0,0.35309,0.35309,0.35303,0.35303,541.0,1737646713999.0,191.00878,34.0,0.0,0.0
2025-01-23 15:38:34+00:00,1737646714000.0,0.35302,0.35302,0.3529,0.3529,42480.0,1737646714999.0,14991.97936,65.0,15797.0,5574.92117
2025-01-23 15:38:35+00:00,1737646715000.0,0.3529,0.35297,0.3529,0.35297,4656.0,1737646715999.0,1643.40817,59.0,4656.0,1643.40817
2025-01-23 15:38:36+00:00,1737646716000.0,0.35297,0.35302,0.35297,0.35301,2290.0,1737646716999.0,808.37579,43.0,2237.0,789.66626
2025-01-23 15:38:37+00:00,1737646717000.0,0.35302,0.35304,0.35302,0.35302,12388.0,1737646717999.0,4373.23112,27.0,8539.0,3014.43876
2025-01-23 15:38:38+00:00,1737646718000.0,0.35301,0.35302,0.35301,0.35302,8810.0,1737646718999.0,3110.09483,19.0,7673.0,2708.72246
2025-01-23 15:38:39+00:00,1737646719000.0,0.35302,0.35302,0.35302,0.35302,74.0,1737646719999.0,26.12348,7.0,74.0,26.12348
2025-01-23 15:38:40+00:00,1737646720000.0,0.35302,0.35305,0.35302,0.35304,380.0,1737646720999.0,134.14969,33.0,371.0,130.97233
2025-01-23 15:38:41+00:00,1737646721000.0,0.35303,0.35303,0.35298,0.35298,16382.0,1737646721999.0,5782.64875,29.0,13400.0,4729.95743
2025-01-23 15:38:42+00:00,1737646722000.0,0.35297,0.35297,0.35296,0.35296,3432.0,1737646722999.0,1211.37561,16.0,1700.0,600.032
2025-01-23 15:38:43+00:00,1737646723000.0,0.35296,0.35313,0.35296,0.35312,56299.0,1737646723999.0,19874.07192,123.0,55783.0,19691.862
2025-01-23 15:38:44+00:00,1737646724000.0,0.35309,0.35309,0.35306,0.35306,6000.0,1737646724999.0,2118.3777,5.0,5409.0,1909.70154
2025-01-23 15:38:45+00:00,1737646725000.0,0.35306,0.35306,0.35304,0.35305,5137.0,1737646725999.0,1813.65027,9.0,5053.0,1783.9944
2025-01-23 15:38:46+00:00,1737646726000.0,0.35304,0.35312,0.35303,0.35312,14296.0,1737646726999.0,5046.98695,77.0,11798.0,4165.10857
2025-01-23 15:38:47+00:00,1737646727000.0,0.35312,0.35312,0.35305,0.35305,4870.0,1737646727999.0,1719.60852,11.0,311.0,109.8141
2025-01-23 15:38:48+00:00,1737646728000.0,0.35305,0.35307,0.35305,0.35305,846.0,1737646728999.0,298.68657,23.0,797.0,281.38663
2025-01-23 15:38:49+00:00,1737646729000.0,0.35305,0.35308,0.35305,0.35308,2483.0,1737646729999.0,876.63544,35.0,2483.0,876.63544
2025-01-23 15:38:50+00:00,1737646730000.0,0.35307,0.35307,0.35304,0.35304,2631.0,1737646730999.0,928.91223,2.0,2133.0,753.09831
2025-01-23 15:38:51+00:00,1737646731000.0,0.35301,0.3531,0.35301,0.3531,3090.0,1737646731999.0,1090.8783,66.0,1441.0,508.75953
2025-01-23 15:38:52+00:00,1737646732000.0,0.3531,0.35314,0.3531,0.35314,5587.0,1737646732999.0,1972.98202,29.0,178.0,62.85616
2025-01-23 15:38:53+00:00,1737646733000.0,0.35312,0.35312,0.35312,0.35312,1015.0,1737646733999.0,358.4168,16.0,745.0,263.0744
2025-01-23 15:38:54+00:00,1737646734000.0,0.35312,0.35312,0.35311,0.35311,312.0,1737646734999.0,110.17216,2.0,0.0,0.0
2025-01-23 15:38:55+00:00,1737646735000.0,0.35312,0.35313,0.3531,0.35313,2002.0,1737646735999.0,706.93996,26.0,1511.0,533.56187
2025-01-23 15:38:56+00:00,1737646736000.0,0.35314,0.35315,0.35314,0.35315,2801.0,1737646736999.0,989.1457,10.0,2801.0,989.1457
2025-01-23 15:38:57+00:00,1737646737000.0,0.35313,0.35314,0.35313,0.35313,261.0,1737646737999.0,92.16924,8.0,231.0,81.57534
2025-01-23 15:38:58+00:00,1737646738000.0,0.35313,0.35314,0.35311,0.35314,13362.0,1737646738999.0,4718.52358,23.0,166.0,58.6201
2025-01-23 15:38:59+00:00,1737646739000.0,0.35314,0.35316,0.35314,0.35316,2863.0,1737646739999.0,1011.05206,22.0,2372.0,837.6505
2025-01-23 15:39:00+00:00,1737646740000.0,0.35317,0.35319,0.35317,0.35319,632.0,1737646740999.0,223.20898,20.0,590.0,208.375
2025-01-23 15:39:01+00:00,1737646741000.0,0.35319,0.35319,0.35315,0.35317,9604.0,1737646741999.0,3391.7497,20.0,1539.0,543.52818
2025-01-23 15:39:02+00:00,1737646742000.0,0.35318,0.3532,0.35318,0.3532,3615.0,1737646742999.0,1276.81236,30.0,3615.0,1276.81236
2025-01-23 15:39:03+00:00,1737646743000.0,0.3532,0.35321,0.35316,0.35317,1300.0,1737646743999.0,459.14587,18.0,477.0,168.47341
2025-01-23 15:39:04+00:00,1737646744000.0,0.35318,0.35328,0.35318,0.35327,11660.0,1737646744999.0,4118.71915,87.0,11092.0,3918.06747
2025-01-23 15:39:05+00:00,1737646745000.0,0.35326,0.35326,0.35324,0.35325,4218.0,1737646745999.0,1490.03918,14.0,30.0,10.59732
2025-01-23 15:39:06+00:00,1737646746000.0,0.35325,0.35325,0.35325,0.35325,0.0,1737646746999.0,0.0,0.0,0.0,0.0
2025-01-23 15:39:07+00:00,1737646747000.0,0.35323,0.35323,0.35317,0.35317,1663.0,1737646747999.0,587.34448,15.0,917.0,323.85689
2025-01-23 15:39:08+00:00,1737646748000.0,0.35316,0.35329,0.35316,0.35328,12150.0,1737646748999.0,4291.01818,76.0,12127.0,4282.89274
2025-01-23 15:39:09+00:00,1737646749000.0,0.35328,0.35328,0.35325,0.35326,38128.0,1737646749999.0,13469.85094,24.0,424.0,149.78224
2025-01-23 15:39:10+00:00,1737646750000.0,0.35325,0.35329,0.35321,0.35329,10451.0,1737646750999.0,3692.15958,67.0,9852.0,3480.56644
2025-01-23 15:39:11+00:00,1737646751000.0,0.3533,0.3533,0.3533,0.3533,2869.0,1737646751999.0,1013.6177,9.0,2869.0,1013.6177
2025-01-23 15:39:12+00:00,1737646752000.0,0.35329,0.35331,0.35325,0.3533,29196.0,1737646752999.0,10314.57844,51.0,21706.0,7668.43222
2025-01-23 15:39:13+00:00,1737646753000.0,0.35329,0.3533,0.35329,0.3533,177.0,1737646753999.0,62.5336,8.0,127.0,44.8691
2025-01-23 15:39:14+00:00,1737646754000.0,0.3533,0.3534,0.3533,0.3534,2858.0,1737646754999.0,1009.88387,82.0,2244.0,792.95118
2025-01-23 15:39:15+00:00,1737646755000.0,0.3534,0.35344,0.3534,0.35343,1898.0,1737646755999.0,670.77954,29.0,785.0,277.44483
2025-01-23 15:39:16+00:00,1737646756000.0,0.35343,0.35343,0.35342,0.35342,232.0,1737646756999.0,81.9957,7.0,0.0,0.0
2025-01-23 15:39:17+00:00,1737646757000.0,0.35341,0.35342,0.35337,0.35338,1891.0,1737646757999.0,668.25981,21.0,588.0,207.80532
2025-01-23 15:39:18+00:00,1737646758000.0,0.35338,0.3534,0.35336,0.35336,2586.0,1737646758999.0,913.86528,34.0,1264.0,446.67274
2025-01-23 15:39:19+00:00,1737646759000.0,0.35335,0.35335,0.35332,0.35332,890.0,1737646759999.0,314.47814,19.0,42.0,14.83944
2025-01-23 15:39:20+00:00,1737646760000.0,0.35331,0.35332,0.35331,0.35332,9223.0,1737646760999.0,3258.66178,19.0,8365.0,2955.5218
2025-01-23 15:39:21+00:00,1737646761000.0,0.35333,0.35333,0.35333,0.35333,316.0,1737646761999.0,111.65228,7.0,316.0,111.65228
2025-01-23 15:39:22+00:00,1737646762000.0,0.35332,0.35333,0.35332,0.35332,7257.0,1737646762999.0,2564.09695,21.0,6910.0,2441.49491
2025-01-23 15:39:23+00:00,1737646763000.0,0.35331,0.35331,0.3533,0.3533,2941.0,1737646763999.0,1039.05539,9.0,2898.0,1023.8634
2025-01-23 15:39:24+00:00,1737646764000.0,0.35329,0.35329,0.35321,0.35321,10752.0,1737646764999.0,3798.08212,46.0,0.0,0.0
2025-01-23 15:39:25+00:00,1737646765000.0,0.35321,0.35321,0.35321,0.35321,35035.0,1737646765999.0,12374.71235,8.0,35035.0,12374.71235
2025-01-23 15:39:26+00:00,1737646766000.0,0.35321,0.35322,0.35321,0.35322,425.0,1737646766999.0,150.11629,16.0,425.0,150.11629
2025-01-23 15:39:27+00:00,1737646767000.0,0.35322,0.3533,0.35322,0.3533,13372.0,1737646767999.0,4723.78373,60.0,13372.0,4723.78373
2025-01-23 15:39:28+00:00,1737646768000.0,0.35329,0.35329,0.35327,0.35328,76.0,1737646768999.0,26.849,10.0,24.0,8.47872
2025-01-23 15:39:29+00:00,1737646769000.0,0.35327,0.35327,0.35318,0.35318,11446.0,1737646769999.0,4042.80469,45.0,1674.0,591.22332
2025-01-23 15:39:30+00:00,1737646770000.0,0.35317,0.35317,0.353,0.35302,78730.0,1737646770999.0,27797.6149,95.0,14475.0,5110.36416
2025-01-23 15:39:31+00:00,1737646771000.0,0.35302,0.35303,0.35301,0.35303,3113.0,1737646771999.0,1098.9812,20.0,3110.0,1097.92214
2025-01-23 15:39:32+00:00,1737646772000.0,0.35302,0.35302,0.35299,0.35299,8379.0,1737646772999.0,2957.81279,11.0,550.0,194.1555
2025-01-23 15:39:33+00:00,1737646773000.0,0.35298,0.35299,0.35298,0.35299,611.0,1737646773999.0,215.67421,12.0,343.0,121.07557
2025-01-23 15:39:34+00:00,1737646774000.0,0.35297,0.35297,0.35293,0.35296,1521.0,1737646774999.0,536.83584,29.0,957.0,337.76244
2025-01-23 15:39:35+00:00,1737646775000.0,0.35296,0.35296,0.35295,0.35295,1752.0,1737646775999.0,618.37182,9.0,342.0,120.71232
2025-01-23 15:39:36+00:00,1737646776000.0,0.35295,0.35299,0.35288,0.35288,155497.0,1737646776999.0,54883.29619,96.0,57852.0,20419.26373
2025-01-23 15:39:37+00:00,1737646777000.0,0.35288,0.35288,0.35271,0.35271,15525.0,1737646777999.0,5476.90296,35.0,2040.0,719.84292
2025-01-23 15:39:38+00:00,1737646778000.0,0.35272,0.35275,0.35272,0.35275,885.0,1737646778999.0,312.18252,26.0,885.0,312.18252
2025-01-23 15:39:39+00:00,1737646779000.0,0.35274,0.35274,0.35267,0.35268,18484.0,1737646779999.0,6519.7579,30.0,1167.0,411.57868
2025-01-23 15:39:40+00:00,1737646780000.0,0.35268,0.35278,0.35268,0.35278,26643.0,1737646780999.0,9398.21314,70.0,16046.0,5659.9111
2025-01-23 15:39:41+00:00,1737646781000.0,0.35278,0.35281,0.35278,0.35281,649.0,1737646781999.0,228.96185,27.0,153.0,53.97801
2025-01-23 15:39:42+00:00,1737646782000.0,0.35282,0.35284,0.35282,0.35284,3187.0,1737646782999.0,1124.44032,21.0,3187.0,1124.44032
2025-01-23 15:39:43+00:00,1737646783000.0,0.35285,0.3529,0.35285,0.35285,1969.0,1737646783999.0,694.8246,45.0,1471.0,519.09584
2025-01-23 15:39:44+00:00,1737646784000.0,0.35284,0.35285,0.35283,0.35283,2716.0,1737646784999.0,958.31385,18.0,154.0,54.33814
2025-01-23 15:39:45+00:00,1737646785000.0,0.35283,0.35283,0.35282,0.35282,380.0,1737646785999.0,134.07171,9.0,170.0,59.97951
2025-01-23 15:39:46+00:00,1737646786000.0,0.35281,0.35281,0.35271,0.35272,21166.0,1737646786999.0,7466.19755,51.0,14392.0,5076.34624
2025-01-23 15:39:47+00:00,1737646787000.0,0.35272,0.35272,0.35267,0.35267,26785.0,1737646787999.0,9447.39187,27.0,8460.0,2983.98341
2025-01-23 15:39:48+00:00,1737646788000.0,0.35267,0.35267,0.35255,0.35256,29600.0,1737646788999.0,10436.70776,48.0,5888.0,2075.8747
2025-01-23 15:39:49+00:00,1737646789000.0,0.35255,0.35255,0.35249,0.35253,38545.0,1737646789999.0,13588.21762,71.0,14724.0,5190.26939
2025-01-23 15:39:50+00:00,1737646790000.0,0.35253,0.3526,0.35253,0.3526,7437.0,1737646790999.0,2622.08442,55.0,5497.0,1938.17622
2025-01-23 15:39:51+00:00,1737646791000.0,0.3526,0.35279,0.3526,0.35279,20277.0,1737646791999.0,7153.1664,132.0,4123.0,1454.21858
2025-01-23 15:39:52+00:00,1737646792000.0,0.35279,0.35279,0.35274,0.35275,14122.0,1737646792999.0,4981.64105,37.0,3611.0,1273.87118
2025-01-23 15:39:53+00:00,1737646793000.0,0.35274,0.35274,0.35269,0.35269,1724.0,1737646793999.0,608.07741,42.0,773.0,272.65737
2025-01-23 15:39:54+00:00,1737646794000.0,0.35268,0.35268,0.35261,0.35261,7153.0,1737646794999.0,2522.3684,59.0,0.0,0.0
2025-01-23 15:39:55+00:00,1737646795000.0,0.3526,0.3526,0.35252,0.35252,5746.0,1737646795999.0,2025.81015,70.0,2805.0,988.87607
2025-01-23 15:39:56+00:00,1737646796000.0,0.35251,0.35251,0.35246,0.35246,6451.0,1737646796999.0,2273.75545,42.0,0.0,0.0
2025-01-23 15:39:57+00:00,1737646797000.0,0.35245,0.35245,0.35227,0.35236,86375.0,1737646797999.0,30435.24631,235.0,12245.0,4314.24808
2025-01-23 15:39:58+00:00,1737646798000.0,0.35237,0.35237,0.35237,0.35237,360.0,1737646798999.0,126.8532,7.0,360.0,126.8532
2025-01-23 15:39:59+00:00,1737646799000.0,0.35237,0.35243,0.35237,0.35242,28657.0,1737646799999.0,10099.26802,61.0,484.0,170.56265
2025-01-23 15:40:00+00:00,1737646800000.0,0.35242,0.35242,0.3523,0.3523,95331.0,1737646800999.0,33591.065,89.0,1000.0,352.33432
2025-01-23 15:40:01+00:00,1737646801000.0,0.35229,0.35232,0.35227,0.35232,2946.0,1737646801999.0,1037.80758,60.0,2660.0,937.05725
2025-01-23 15:40:02+00:00,1737646802000.0,0.35231,0.35231,0.35227,0.35229,1381.0,1737646802999.0,486.49257,33.0,1280.0,450.91137
2025-01-23 15:40:03+00:00,1737646803000.0,0.35229,0.35235,0.35229,0.35229,10309.0,1737646803999.0,3632.01184,70.0,9092.0,3203.24264
2025-01-23 15:40:04+00:00,1737646804000.0,0.35228,0.35228,0.35221,0.35221,8802.0,1737646804999.0,3100.38801,38.0,3100.0,1091.9176
2025-01-23 15:40:05+00:00,1737646805000.0,0.35221,0.35221,0.35214,0.35215,1606.0,1737646805999.0,565.58895,45.0,379.0,133.48291
2025-01-23 15:40:06+00:00,1737646806000.0,0.35214,0.35214,0.35212,0.35212,5746.0,1737646806999.0,2023.38692,23.0,445.0,156.6963
2025-01-23 15:40:07+00:00,1737646807000.0,0.35211,0.35211,0.35209,0.35209,390.0,1737646807999.0,137.31997,19.0,0.0,0.0
2025-01-23 15:40:08+00:00,1737646808000.0,0.35209,0.35209,0.35208,0.35208,463.0,1737646808999.0,163.01391,12.0,0.0,0.0
2025-01-23 15:40:09+00:00,1737646809000.0,0.35208,0.35218,0.35208,0.35218,3984.0,1737646809999.0,1402.92011,70.0,3829.0,1348.34102
2025-01-23 15:40:10+00:00,1737646810000.0,0.35217,0.35223,0.35217,0.35222,30673.0,1737646810999.0,10803.45319,59.0,3680.0,1296.18445
2025-01-23 15:40:11+00:00,1737646811000.0,0.35221,0.35229,0.35221,0.35222,33699.0,1737646811999.0,11870.35597,72.0,29268.0,10309.70698
2025-01-23 15:40:12+00:00,1737646812000.0,0.35221,0.35221,0.35211,0.35211,24702.0,1737646812999.0,8698.49949,48.0,0.0,0.0
2025-01-23 15:40:13+00:00,1737646813000.0,0.35212,0.35212,0.35212,0.35212,484.0,1737646813999.0,170.42608,8.0,484.0,170.42608
2025-01-23 15:40:14+00:00,1737646814000.0,0.35212,0.35212,0.35209,0.35209,2886.0,1737646814999.0,1016.1879,12.0,0.0,0.0
2025-01-23 15:40:15+00:00,1737646815000.0,0.35209,0.35209,0.35209,0.35209,4000.0,1737646815999.0,1408.36,4.0,0.0,0.0
2025-01-23 15:40:16+00:00,1737646816000.0,0.3521,0.3521,0.3521,0.3521,267.0,1737646816999.0,94.0107,5.0,267.0,94.0107
2025-01-23 15:40:17+00:00,1737646817000.0,0.35209,0.35222,0.35209,0.35222,25852.0,1737646817999.0,9103.71256,108.0,17426.0,6137.00222
2025-01-23 15:40:18+00:00,1737646818000.0,0.35223,0.35228,0.35223,0.35228,3552.0,1737646818999.0,1251.29136,40.0,3314.0,1167.4511
2025-01-23 15:40:19+00:00,1737646819000.0,0.35227,0.35228,0.35227,0.35228,801.0,1737646819999.0,282.17617,3.0,790.0,278.3012
2025-01-23 15:40:20+00:00,1737646820000.0,0.35228,0.35231,0.35223,0.35223,10625.0,1737646820999.0,3742.67506,54.0,732.0,257.88599
2025-01-23 15:40:21+00:00,1737646821000.0,0.35222,0.35233,0.35222,0.35227,54359.0,1737646821999.0,19150.69337,91.0,14272.0,5027.78501
2025-01-23 15:40:22+00:00,1737646822000.0,0.35227,0.35227,0.35224,0.35224,139.0,1737646822999.0,48.96383,16.0,56.0,19.72712
2025-01-23 15:40:23+00:00,1737646823000.0,0.35223,0.35223,0.35203,0.35203,271251.0,1737646823999.0,95512.30772,122.0,44475.0,15656.979
2025-01-23 15:40:24+00:00,1737646824000.0,0.35204,0.35204,0.35203,0.35203,2082.0,1737646824999.0,732.93071,13.0,425.0,149.617
2025-01-23 15:40:25+00:00,1737646825000.0,0.35204,0.35204,0.35204,0.35204,2049.0,1737646825999.0,721.32996,16.0,2049.0,721.32996
2025-01-23 15:40:26+00:00,1737646826000.0,0.35205,0.35214,0.35205,0.35213,5644.0,1737646826999.0,1987.24603,65.0,4613.0,1624.2
2025-01-23 15:40:27+00:00,1737646827000.0,0.35214,0.35222,0.35214,0.35222,1450.0,1737646827999.0,510.62822,64.0,1450.0,510.62822
2025-01-23 15:40:28+00:00,1737646828000.0,0.35223,0.35223,0.35223,0.35223,46.0,1737646828999.0,16.20258,8.0,46.0,16.20258
2025-01-23 15:40:29+00:00,1737646829000.0,0.35223,0.35225,0.3522,0.3522,2512.0,1737646829999.0,884.78847,36.0,176.0,61.99368
2025-01-23 15:40:30+00:00,1737646830000.0,0.35219,0.35219,0.35213,0.35213,3433.0,1737646830999.0,1208.96954,26.0,2000.0,704.3
2025-01-23 15:40:31+00:00,1737646831000.0,0.35213,0.35213,0.35209,0.35209,941.0,1737646831999.0,331.34999,9.0,733.0,258.11129
2025-01-23 15:40:32+00:00,1737646832000.0,0.3521,0.35212,0.3521,0.35212,61.0,1737646832999.0,21.47864,17.0,61.0,21.47864
2025-01-23 15:40:33+00:00,1737646833000.0,0.35213,0.35214,0.35213,0.35214,564.0,1737646833999.0,198.60176,16.0,564.0,198.60176
2025-01-23 15:40:34+00:00,1737646834000.0,0.35213,0.35216,0.35213,0.35216,3406.0,1737646834999.0,1199.40065,27.0,3395.0,1195.52722
2025-01-23 15:40:35+00:00,1737646835000.0,0.35217,0.35226,0.35217,0.35226,1146.0,1737646835999.0,403.61745,71.0,1073.0,377.90612
2025-01-23 15:40:36+00:00,1737646836000.0,0.35225,0.35226,0.35225,0.35225,3131.0,1737646836999.0,1102.89599,17.0,124.0,43.68024
2025-01-23 15:40:37+00:00,1737646837000.0,0.35226,0.35226,0.35225,0.35225,590.0,1737646837999.0,207.82915,3.0,165.0,58.1229
2025-01-23 15:40:38+00:00,1737646838000.0,0.35226,0.35226,0.35214,0.35215,31293.0,1737646838999.0,11021.3874,29.0,821.0,289.14628
2025-01-23 15:40:39+00:00,1737646839000.0,0.35214,0.35215,0.35214,0.35215,199.0,1737646839999.0,70.07669,22.0,83.0,29.22845
2025-01-23 15:40:40+00:00,1737646840000.0,0.35216,0.35218,0.35216,0.35218,587.0,1737646840999.0,206.72365,17.0,587.0,206.72365
2025-01-23 15:40:41+00:00,1737646841000.0,0.35219,0.35225,0.35219,0.35224,788.0,1737646841999.0,277.56289,43.0,689.0,242.69113
2025-01-23 15:40:42+00:00,1737646842000.0,0.35224,0.35225,0.35224,0.35225,2917.0,1737646842999.0,1027.48432,10.0,2671.0,940.83328
2025-01-23 15:40:43+00:00,1737646843000.0,0.35225,0.35225,0.35225,0.35225,13852.0,1737646843999.0,4879.367,4.0,13852.0,4879.367
2025-01-23 15:40:44+00:00,1737646844000.0,0.35225,0.35244,0.35225,0.35244,36957.0,1737646844999.0,13022.824,150.0,36932.0,13014.01325
2025-01-23 15:40:45+00:00,1737646845000.0,0.35243,0.35243,0.35235,0.35235,7040.0,1737646845999.0,2480.8166,33.0,27.0,9.51453
2025-01-23 15:40:46+00:00,1737646846000.0,0.35236,0.35242,0.35236,0.35242,1349.0,1737646846999.0,475.37075,38.0,1349.0,475.37075
2025-01-23 15:40:47+00:00,1737646847000.0,0.35242,0.35243,0.35242,0.35243,284.0,1737646847999.0,100.08966,15.0,267.0,94.09835
2025-01-23 15:40:48+00:00,1737646848000.0,0.35243,0.35243,0.35231,0.35231,15375.0,1737646848999.0,5417.77966,36.0,260.0,91.624
2025-01-23 15:40:49+00:00,1737646849000.0,0.35231,0.35233,0.35231,0.35233,7117.0,1737646849999.0,2507.47516,19.0,1423.0,501.36508
2025-01-23 15:40:50+00:00,1737646850000.0,0.35233,0.35233,0.35223,0.35223,51604.0,1737646850999.0,18177.73356,70.0,346.0,121.90222
2025-01-23 15:40:51+00:00,1737646851000.0,0.35223,0.35223,0.35208,0.35208,8209.0,1737646851999.0,2890.92612,116.0,2972.0,1046.70868
2025-01-23 15:40:52+00:00,1737646852000.0,0.35207,0.35207,0.35192,0.35192,21884.0,1737646852999.0,7702.79275,152.0,2904.0,1022.05608
2025-01-23 15:40:53+00:00,1737646853000.0,0.35193,0.35195,0.35193,0.35195,5201.0,1737646853999.0,1830.45535,27.0,1857.0,653.53455
2025-01-23 15:40:54+00:00,1737646854000.0,0.35194,0.35195,0.35193,0.35193,153.0,1737646854999.0,53.84668,16.0,109.0,38.36155
2025-01-23 15:40:55+00:00,1737646855000.0,0.35193,0.35194,0.35184,0.35184,22623.0,1737646855999.0,7960.40614,103.0,747.0,262.83475
2025-01-23 15:40:56+00:00,1737646856000.0,0.35185,0.35188,0.35185,0.35188,8180.0,1737646856999.0,2878.15926,33.0,8180.0,2878.15926
2025-01-23 15:40:57+00:00,1737646857000.0,0.35189,0.35193,0.35189,0.35193,1395.0,1737646857999.0,490.91024,36.0,1254.0,441.29093
2025-01-23 15:40:58+00:00,1737646858000.0,0.35193,0.35197,0.35193,0.35197,32329.0,1737646858999.0,11377.59054,45.0,32281.0,11360.69694
2025-01-23 15:40:59+00:00,1737646859000.0,0.35196,0.35198,0.35196,0.35198,1770.0,1737646859999.0,622.98601,25.0,1641.0,577.58317
2025-01-23 15:41:00+00:00,1737646860000.0,0.35198,0.35198,0.35196,0.35196,1869.0,1737646860999.0,657.8261,34.0,1152.0,405.46944
2025-01-23 15:41:01+00:00,1737646861000.0,0.35195,0.35195,0.3519,0.3519,23133.0,1737646861999.0,8141.62082,41.0,8.0,2.81536
2025-01-23 15:41:02+00:00,1737646862000.0,0.3519,0.35191,0.3519,0.35191,9322.0,1737646862999.0,3280.41482,29.0,9032.0,3178.36092
2025-01-23 15:41:03+00:00,1737646863000.0,0.3519,0.3519,0.35184,0.35184,4136.0,1737646863999.0,1455.35686,55.0,1420.0,499.6696
2025-01-23 15:41:04+00:00,1737646864000.0,0.35184,0.35184,0.35172,0.35173,32532.0,1737646864999.0,11444.26489,166.0,425.0,149.50279
2025-01-23 15:41:05+00:00,1737646865000.0,0.35173,0.35173,0.35163,0.35165,25304.0,1737646865999.0,8898.54587,112.0,15792.0,5553.14532
2025-01-23 15:41:06+00:00,1737646866000.0,0.35165,0.35167,0.35164,0.35164,1526.0,1737646866999.0,536.63159,34.0,1104.0,388.23318
2025-01-23 15:41:07+00:00,1737646867000.0,0.35164,0.35171,0.35164,0.35171,23895.0,1737646867999.0,8402.44683,51.0,189.0,66.46899
2025-01-23 15:41:08+00:00,1737646868000.0,0.35172,0.3518,0.35172,0.3518,5405.0,1737646868999.0,1901.36324,77.0,5294.0,1862.31665
2025-01-23 15:41:09+00:00,1737646869000.0,0.3518,0.3518,0.35173,0.35175,3746.0,1737646869999.0,1317.76848,40.0,30.0,10.55232
2025-01-23 15:41:10+00:00,1737646870000.0,0.35176,0.35181,0.35176,0.35179,44421.0,1737646870999.0,15626.99186,69.0,44115.0,15519.34691
2025-01-23 15:41:11+00:00,1737646871000.0,0.35178,0.35178,0.35178,0.35178,277.0,1737646871999.0,97.44306,5.0,0.0,0.0
2025-01-23 15:41:12+00:00,1737646872000.0,0.35178,0.35183,0.35175,0.35183,14457.0,1737646872999.0,5085.96921,57.0,14044.0,4940.68787
2025-01-23 15:41:13+00:00,1737646873000.0,0.35184,0.35192,0.35184,0.35191,2333.0,1737646873999.0,820.92885,53.0,2192.0,771.30816
2025-01-23 15:41:14+00:00,1737646874000.0,0.3519,0.35192,0.3519,0.35192,310.0,1737646874999.0,109.09017,18.0,107.0,37.65447
2025-01-23 15:41:15+00:00,1737646875000.0,0.35192,0.35207,0.35192,0.35206,4552.0,1737646875999.0,1602.48224,104.0,3148.0,1108.1902
2025-01-23 15:41:16+00:00,1737646876000.0,0.35207,0.3521,0.35207,0.3521,7451.0,1737646876999.0,2623.28197,30.0,6863.0,2416.25893
2025-01-23 15:41:17+00:00,1737646877000.0,0.35211,0.35215,0.35211,0.35214,276.0,1737646877999.0,97.18462,26.0,272.0,95.77606
2025-01-23 15:41:18+00:00,1737646878000.0,0.35214,0.35214,0.35214,0.35214,1425.0,1737646878999.0,501.7995,4.0,0.0,0.0
2025-01-23 15:41:19+00:00,1737646879000.0,0.35214,0.35214,0.35208,0.35208,6463.0,1737646879999.0,2275.81705,24.0,1625.0,572.195
2025-01-23 15:41:20+00:00,1737646880000.0,0.35209,0.35214,0.35209,0.35214,7240.0,1737646880999.0,2549.41098,43.0,7206.0,2537.43856
2025-01-23 15:41:21+00:00,1737646881000.0,0.35215,0.35224,0.35215,0.35224,3335.0,1737646881999.0,1174.53908,78.0,3306.0,1164.3262
2025-01-23 15:41:22+00:00,1737646882000.0,0.35223,0.35236,0.35223,0.35236,1172.0,1737646882999.0,412.89599,77.0,916.0,322.71269
2025-01-23 15:41:23+00:00,1737646883000.0,0.35234,0.35235,0.35234,0.35234,7524.0,1737646883999.0,2651.01344,9.0,728.0,256.5108
2025-01-23 15:41:24+00:00,1737646884000.0,0.35235,0.35242,0.35235,0.35242,3167.0,1737646884999.0,1116.03092,57.0,1915.0,674.8263
2025-01-23 15:41:25+00:00,1737646885000.0,0.35243,0.35248,0.35243,0.35244,4437.0,1737646885999.0,1563.90516,28.0,869.0,306.29232
2025-01-23 15:41:26+00:00,1737646886000.0,0.35244,0.35255,0.35238,0.35255,105288.0,1737646886999.0,37105.77152,144.0,95484.0,33650.56982
2025-01-23 15:41:27+00:00,1737646887000.0,0.35256,0.35256,0.35254,0.35254,2941.0,1737646887999.0,1036.86294,12.0,1392.0,490.76352
2025-01-23 15:41:28+00:00,1737646888000.0,0.35253,0.35253,0.35225,0.35231,283252.0,1737646888999.0,99805.75064,161.0,54447.0,19189.52091
2025-01-23 15:41:29+00:00,1737646889000.0,0.3523,0.3523,0.3523,0.3523,8970.0,1737646889999.0,3160.131,13.0,0.0,0.0
2025-01-23 15:41:30+00:00,1737646890000.0,0.35231,0.35231,0.3523,0.35231,1579.0,1737646890999.0,556.29402,11.0,1232.0,434.04592
2025-01-23 15:41:31+00:00,1737646891000.0,0.3523,0.35232,0.35228,0.35232,3541.0,1737646891999.0,1247.48778,34.0,690.0,243.08054
2025-01-23 15:41:32+00:00,1737646892000.0,0.35231,0.35231,0.35228,0.35229,2669.0,1737646892999.0,940.2379,11.0,210.0,73.9809
2025-01-23 15:41:33+00:00,1737646893000.0,0.35229,0.35229,0.35228,0.35228,2961.0,1737646893999.0,1043.11648,14.0,1540.0,542.5266
2025-01-23 15:41:34+00:00,1737646894000.0,0.35229,0.35229,0.35229,0.35229,18.0,1737646894999.0,6.34122,6.0,18.0,6.34122
2025-01-23 15:41:35+00:00,1737646895000.0,0.3523,0.3523,0.35229,0.35229,1377.0,1737646895999.0,485.10789,8.0,456.0,160.6488
2025-01-23 15:41:36+00:00,1737646896000.0,0.35229,0.35235,0.35229,0.35235,2799.0,1737646896999.0,986.09206,48.0,1389.0,489.36316
2025-01-23 15:41:37+00:00,1737646897000.0,0.35236,0.35236,0.35235,0.35235,2870.0,1737646897999.0,1011.27298,12.0,2848.0,1003.52128
2025-01-23 15:41:38+00:00,1737646898000.0,0.35235,0.35235,0.35235,0.35235,687.0,1737646898999.0,242.06445,7.0,150.0,52.8525
2025-01-23 15:41:39+00:00,1737646899000.0,0.35235,0.35237,0.35235,0.35236,485.0,1737646899999.0,170.89682,17.0,379.0,133.54666
2025-01-23 15:41:40+00:00,1737646900000.0,0.35236,0.35244,0.35236,0.35244,9655.0,1737646900999.0,3402.64396,60.0,9369.0,3301.85492
2025-01-23 15:41:41+00:00,1737646901000.0,0.35245,0.35252,0.35245,0.35251,539.0,1737646901999.0,189.99405,49.0,498.0,175.54114
2025-01-23 15:41:42+00:00,1737646902000.0,0.35251,0.35251,0.35251,0.35251,344.0,1737646902999.0,121.26344,1.0,0.0,0.0
2025-01-23 15:41:43+00:00,1737646903000.0,0.35251,0.35251,0.35245,0.35245,6341.0,1737646903999.0,2235.17583,31.0,31.0,10.92626
2025-01-23 15:41:44+00:00,1737646904000.0,0.35245,0.35245,0.35245,0.35245,539.0,1737646904999.0,189.97055,12.0,539.0,189.97055
2025-01-23 15:41:45+00:00,1737646905000.0,0.35245,0.35254,0.35245,0.35251,879.0,1737646905999.0,309.86437,66.0,809.0,285.19005
2025-01-23 15:41:46+00:00,1737646906000.0,0.35252,0.35252,0.35247,0.35247,3600.0,1737646906999.0,1269.0624,19.0,2968.0,1046.27936
2025-01-23 15:41:47+00:00,1737646907000.0,0.35247,0.3525,0.35247,0.3525,21092.0,1737646907999.0,7434.70507,32.0,21092.0,7434.70507
2025-01-23 15:41:48+00:00,1737646908000.0,0.3525,0.35251,0.3525,0.3525,3649.0,1737646908999.0,1286.27676,15.0,1162.0,409.60926
2025-01-23 15:41:49+00:00,1737646909000.0,0.35251,0.35251,0.35251,0.35251,8.0,1737646909999.0,2.82008,1.0,8.0,2.82008
2025-01-23 15:41:50+00:00,1737646910000.0,0.35251,0.35251,0.35247,0.35247,16129.0,1737646910999.0,5685.47408,38.0,584.0,205.86584
2025-01-23 15:41:51+00:00,1737646911000.0,0.35247,0.35251,0.35247,0.35251,2062.0,1737646911999.0,726.79888,33.0,223.0,78.60655
2025-01-23 15:41:52+00:00,1737646912000.0,0.35252,0.35253,0.35251,0.35253,808.0,1737646912999.0,284.83262,22.0,411.0,144.88615
2025-01-23 15:41:53+00:00,1737646913000.0,0.35254,0.35256,0.35254,0.35256,140.0,1737646913999.0,49.35705,14.0,140.0,49.35705
2025-01-23 15:41:54+00:00,1737646914000.0,0.35256,0.35256,0.35253,0.35254,2556.0,1737646914999.0,901.10242,33.0,662.0,233.38216
2025-01-23 15:41:55+00:00,1737646915000.0,0.35253,0.35254,0.35253,0.35253,2122.0,1737646915999.0,748.08823,16.0,1957.0,689.92078
2025-01-23 15:41:56+00:00,1737646916000.0,0.35254,0.35255,0.35253,0.35253,26491.0,1737646916999.0,9339.3928,37.0,151.0,53.23369
2025-01-23 15:41:57+00:00,1737646917000.0,0.35253,0.35253,0.3525,0.3525,493.0,1737646917999.0,173.79314,21.0,139.0,49.00167
2025-01-23 15:41:58+00:00,1737646918000.0,0.3525,0.35253,0.3525,0.35253,622.0,1737646918999.0,219.257,15.0,114.0,40.187
2025-01-23 15:41:59+00:00,1737646919000.0,0.35253,0.35256,0.35253,0.35256,183.0,1737646919999.0,64.51721,17.0,183.0,64.51721
2025-01-23 15:42:00+00:00,1737646920000.0,0.35255,0.35255,0.35244,0.35244,2917.0,1737646920999.0,1028.17876,78.0,108.0,38.06568
2025-01-23 15:42:01+00:00,1737646921000.0,0.35244,0.35251,0.35244,0.35251,11736.0,1737646921999.0,4136.38232,47.0,11393.0,4015.4954
2025-01-23 15:42:02+00:00,1737646922000.0,0.3525,0.3525,0.35232,0.35232,8057.0,1737646922999.0,2839.38517,143.0,119.0,41.94274
2025-01-23 15:42:03+00:00,1737646923000.0,0.35233,0.35234,0.35233,0.35234,11574.0,1737646923999.0,4077.86758,18.0,11574.0,4077.86758
2025-01-23 15:42:04+00:00,1737646924000.0,0.35235,0.35244,0.35235,0.35244,18358.0,1737646924999.0,6469.10564,79.0,18358.0,6469.10564
2025-01-23 15:42:05+00:00,1737646925000.0,0.35244,0.35246,0.35244,0.35244,946.0,1737646925999.0,333.42037,34.0,916.0,322.84699
2025-01-23 15:42:06+00:00,1737646926000.0,0.35243,0.35243,0.35236,0.35237,1828.0,1737646926999.0,644.16987,68.0,160.0,56.3792
2025-01-23 15:42:07+00:00,1737646927000.0,0.35237,0.35237,0.35236,0.35236,4283.0,1737646927999.0,1509.19936,14.0,4148.0,1461.63076
2025-01-23 15:42:08+00:00,1737646928000.0,0.35236,0.35236,0.35233,0.35234,1253.0,1737646928999.0,441.47506,27.0,12.0,4.22808
2025-01-23 15:42:09+00:00,1737646929000.0,0.35233,0.35236,0.3523,0.35235,6671.0,1737646929999.0,2350.44487,74.0,191.0,67.29657
2025-01-23 15:42:10+00:00,1737646930000.0,0.35235,0.35245,0.35234,0.35245,4510.0,1737646930999.0,1589.16022,82.0,4067.0,1433.0736
2025-01-23 15:42:11+00:00,1737646931000.0,0.35246,0.35247,0.35223,0.35223,49517.0,1737646931999.0,17445.57593,156.0,86.0,30.31196
2025-01-23 15:42:12+00:00,1737646932000.0,0.35223,0.35224,0.35222,0.35224,13994.0,1737646932999.0,4929.00436,54.0,1870.0,658.68862
2025-01-23 15:42:13+00:00,1737646933000.0,0.35224,0.35231,0.35224,0.35231,1263.0,1737646933999.0,444.94189,42.0,974.0,343.12719
2025-01-23 15:42:14+00:00,1737646934000.0,0.3523,0.3523,0.3523,0.3523,50.0,1737646934999.0,17.615,6.0,0.0,0.0
2025-01-23 15:42:15+00:00,1737646935000.0,0.3523,0.35236,0.3523,0.35236,518.0,1737646935999.0,182.50786,38.0,364.0,128.25366
2025-01-23 15:42:16+00:00,1737646936000.0,0.35237,0.35237,0.35232,0.35232,47588.0,1737646936999.0,16767.54084,22.0,8514.0,2999.85114
2025-01-23 15:42:17+00:00,1737646937000.0,0.35233,0.35233,0.35233,0.35233,2237.0,1737646937999.0,788.16221,5.0,2237.0,788.16221
2025-01-23 15:42:18+00:00,1737646938000.0,0.35233,0.35233,0.35229,0.35229,289.0,1737646938999.0,101.81863,25.0,82.0,28.89106
2025-01-23 15:42:19+00:00,1737646939000.0,0.35228,0.35229,0.35228,0.35229,625.0,1737646939999.0,220.17783,9.0,283.0,99.69807
2025-01-23 15:42:20+00:00,1737646940000.0,0.35229,0.35231,0.35227,0.35227,18056.0,1737646940999.0,6360.95098,37.0,17320.0,6101.67466
2025-01-23 15:42:21+00:00,1737646941000.0,0.35228,0.35235,0.35228,0.35235,1243.0,1737646941999.0,437.94125,24.0,1243.0,437.94125
2025-01-23 15:42:22+00:00,1737646942000.0,0.35235,0.35241,0.35235,0.35241,977.0,1737646942999.0,344.26468,28.0,907.0,319.59948
2025-01-23 15:42:23+00:00,1737646943000.0,0.35242,0.35246,0.35241,0.35241,9633.0,1737646943999.0,3395.03245,68.0,4523.0,1594.00247
2025-01-23 15:42:24+00:00,1737646944000.0,0.35241,0.35241,0.35237,0.35237,4356.0,1737646944999.0,1535.09255,41.0,0.0,0.0
2025-01-23 15:42:25+00:00,1737646945000.0,0.35238,0.35238,0.35233,0.35233,1701.0,1737646945999.0,599.36713,46.0,528.0,186.05664
2025-01-23 15:42:26+00:00,1737646946000.0,0.35233,0.35234,0.35233,0.35234,383.0,1737646946999.0,134.94322,2.0,83.0,29.24422
2025-01-23 15:42:27+00:00,1737646947000.0,0.35234,0.35235,0.35233,0.35235,2337.0,1737646947999.0,823.41819,14.0,2292.0,807.56334
2025-01-23 15:42:28+00:00,1737646948000.0,0.35235,0.35235,0.35235,0.35235,3596.0,1737646948999.0,1267.0506,3.0,0.0,0.0
2025-01-23 15:42:29+00:00,1737646949000.0,0.35236,0.35238,0.35236,0.35238,337.0,1737646949999.0,118.74597,17.0,327.0,115.22227
2025-01-23 15:42:30+00:00,1737646950000.0,0.35238,0.35238,0.35233,0.35234,3862.0,1737646950999.0,1360.7489,45.0,781.0,275.18944
2025-01-23 15:42:31+00:00,1737646951000.0,0.35234,0.35234,0.35233,0.35233,273.0,1737646951999.0,96.18709,9.0,100.0,35.234
2025-01-23 15:42:32+00:00,1737646952000.0,0.35234,0.35237,0.35234,0.35235,3955.0,1737646952999.0,1393.53597,28.0,893.0,314.65287
2025-01-23 15:42:33+00:00,1737646953000.0,0.35234,0.35234,0.35232,0.35232,130.0,1737646953999.0,45.80215,20.0,0.0,0.0
2025-01-23 15:42:34+00:00,1737646954000.0,0.35233,0.35241,0.35233,0.35241,4088.0,1737646954999.0,1440.61276,37.0,3651.0,1286.61888
2025-01-23 15:42:35+00:00,1737646955000.0,0.35241,0.35245,0.35238,0.35243,7919.0,1737646955999.0,2790.91433,56.0,2666.0,939.61848
2025-01-23 15:42:36+00:00,1737646956000.0,0.35242,0.35254,0.35242,0.35254,35868.0,1737646956999.0,12644.06617,41.0,35861.0,12641.59923
2025-01-23 15:42:37+00:00,1737646957000.0,0.35255,0.35259,0.35255,0.35259,2911.0,1737646957999.0,1026.36357,28.0,2893.0,1020.01713
2025-01-23 15:42:38+00:00,1737646958000.0,0.35258,0.35261,0.35258,0.35261,1584.0,1737646958999.0,558.5045,25.0,1565.0,551.80548
2025-01-23 15:42:39+00:00,1737646959000.0,0.35262,0.35264,0.35262,0.35262,6830.0,1737646959999.0,2408.48129,28.0,105.0,37.02609
2025-01-23 15:42:40+00:00,1737646960000.0,0.35262,0.35263,0.35262,0.35263,2137.0,1737646960999.0,753.55302,10.0,408.0,143.87304
2025-01-23 15:42:41+00:00,1737646961000.0,0.35263,0.35269,0.35263,0.35269,3980.0,1737646961999.0,1403.64928,45.0,3980.0,1403.64928
2025-01-23 15:42:42+00:00,1737646962000.0,0.3527,0.3527,0.3527,0.3527,2071.0,1737646962999.0,730.4417,6.0,2071.0,730.4417
2025-01-23 15:42:43+00:00,1737646963000.0,0.3527,0.3527,0.35266,0.35267,3585.0,1737646963999.0,1264.41968,36.0,2849.0,1004.84104
2025-01-23 15:42:44+00:00,1737646964000.0,0.35266,0.35269,0.35266,0.35269,10704.0,1737646964999.0,3774.87981,27.0,690.0,243.34257
2025-01-23 15:42:45+00:00,1737646965000.0,0.35269,0.35276,0.35269,0.35276,2054.0,1737646965999.0,724.55664,22.0,2014.0,710.44904
2025-01-23 15:42:46+00:00,1737646966000.0,0.35275,0.35275,0.35275,0.35275,335.0,1737646966999.0,118.17125,2.0,0.0,0.0
2025-01-23 15:42:47+00:00,1737646967000.0,0.35275,0.35279,0.35275,0.35279,545.0,1737646967999.0,192.26211,22.0,542.0,191.20386
2025-01-23 15:42:48+00:00,1737646968000.0,0.3528,0.3528,0.35279,0.35279,126.0,1737646968999.0,44.45247,9.0,93.0,32.8104
2025-01-23 15:42:49+00:00,1737646969000.0,0.3528,0.3528,0.3528,0.3528,11.0,1737646969999.0,3.8808,4.0,11.0,3.8808
2025-01-23 15:42:50+00:00,1737646970000.0,0.3528,0.35286,0.3528,0.35286,3295.0,1737646970999.0,1162.62228,36.0,2313.0,816.11376
2025-01-23 15:42:51+00:00,1737646971000.0,0.35286,0.35293,0.35286,0.35293,749.0,1737646971999.0,264.33025,27.0,538.0,189.86644
2025-01-23 15:42:52+00:00,1737646972000.0,0.35292,0.35293,0.35292,0.35292,4393.0,1737646972999.0,1550.42006,14.0,4250.0,1499.9525
2025-01-23 15:42:53+00:00,1737646973000.0,0.35293,0.35294,0.35293,0.35294,31435.0,1737646973999.0,11094.35535,25.0,31435.0,11094.35535
2025-01-23 15:42:54+00:00,1737646974000.0,0.35294,0.35294,0.35294,0.35294,339.0,1737646974999.0,119.64666,1.0,0.0,0.0
2025-01-23 15:42:55+00:00,1737646975000.0,0.35294,0.35294,0.35294,0.35294,0.0,1737646975999.0,0.0,0.0,0.0,0.0
2025-01-23 15:42:56+00:00,1737646976000.0,0.35295,0.35295,0.35295,0.35295,81.0,1737646976999.0,28.58895,4.0,81.0,28.58895
2025-01-23 15:42:57+00:00,1737646977000.0,0.35294,0.35294,0.35294,0.35294,17.0,1737646977999.0,5.99998,4.0,0.0,0.0
2025-01-23 15:42:58+00:00,1737646978000.0,0.35294,0.35294,0.35284,0.35284,35827.0,1737646978999.0,12641.88636,94.0,708.0,249.8178
2025-01-23 15:42:59+00:00,1737646979000.0,0.35285,0.35285,0.35284,0.35285,49.0,1737646979999.0,17.28937,8.0,21.0,7.40985
2025-01-23 15:43:00+00:00,1737646980000.0,0.35284,0.35288,0.35284,0.35288,1076.0,1737646980999.0,379.66915,17.0,1016.0,358.49875
2025-01-23 15:43:01+00:00,1737646981000.0,0.35289,0.35291,0.35289,0.35291,1497.0,1737646981999.0,528.30516,14.0,1497.0,528.30516
2025-01-23 15:43:02+00:00,1737646982000.0,0.35291,0.35298,0.35291,0.35298,1073.0,1737646982999.0,378.70307,32.0,666.0,235.06215
2025-01-23 15:43:03+00:00,1737646983000.0,0.35297,0.35306,0.35297,0.35306,23143.0,1737646983999.0,8169.50621,66.0,23012.0,8123.26293
2025-01-23 15:43:04+00:00,1737646984000.0,0.35307,0.35307,0.35306,0.35306,26.0,1737646984999.0,9.1797,2.0,14.0,4.94298
2025-01-23 15:43:05+00:00,1737646985000.0,0.35307,0.35307,0.35304,0.35304,3186.0,1737646985999.0,1124.83072,16.0,124.0,43.78068
2025-01-23 15:43:06+00:00,1737646986000.0,0.35304,0.35307,0.35304,0.35307,6800.0,1737646986999.0,2400.68919,19.0,605.0,213.60639
2025-01-23 15:43:07+00:00,1737646987000.0,0.35307,0.35312,0.35307,0.35307,43878.0,1737646987999.0,15493.67022,142.0,42686.0,15072.79145
2025-01-23 15:43:08+00:00,1737646988000.0,0.35306,0.35306,0.35295,0.35295,2292.0,1737646988999.0,809.09097,109.0,133.0,46.94368
2025-01-23 15:43:09+00:00,1737646989000.0,0.35295,0.35295,0.35293,0.35293,601.0,1737646989999.0,212.11199,22.0,0.0,0.0
2025-01-23 15:43:10+00:00,1737646990000.0,0.35292,0.35292,0.3529,0.3529,511.0,1737646990999.0,180.3365,26.0,0.0,0.0
2025-01-23 15:43:11+00:00,1737646991000.0,0.3529,0.35291,0.3529,0.35291,1564.0,1737646991999.0,551.94465,12.0,1075.0,379.37655
2025-01-23 15:43:12+00:00,1737646992000.0,0.35291,0.35291,0.35291,0.35291,2454.0,1737646992999.0,866.04114,7.0,2454.0,866.04114
2025-01-23 15:43:13+00:00,1737646993000.0,0.35291,0.353,0.3529,0.3529,298804.0,1737646993999.0,105472.73451,105.0,93117.0,32865.75274
2025-01-23 15:43:14+00:00,1737646994000.0,0.35289,0.35289,0.35286,0.35287,3129.0,1737646994999.0,1104.12708,35.0,2380.0,839.8306
2025-01-23 15:43:15+00:00,1737646995000.0,0.35287,0.35287,0.35287,0.35287,34.0,1737646995999.0,11.99758,4.0,34.0,11.99758
2025-01-23 15:43:16+00:00,1737646996000.0,0.35286,0.35287,0.35286,0.35287,2610.0,1737646996999.0,920.9647,12.0,10.0,3.5287
2025-01-23 15:43:17+00:00,1737646997000.0,0.35287,0.35292,0.35287,0.35292,1363.0,1737646997999.0,481.0122,17.0,1363.0,481.0122
2025-01-23 15:43:18+00:00,1737646998000.0,0.35291,0.35291,0.35287,0.35287,102.0,1737646998999.0,35.99418,25.0,0.0,0.0
2025-01-23 15:43:19+00:00,1737646999000.0,0.35288,0.35291,0.35288,0.35291,208.0,1737646999999.0,73.40458,13.0,180.0,63.52338
2025-01-23 15:43:20+00:00,1737647000000.0,0.35291,0.35291,0.3529,0.3529,587.0,1737647000999.0,207.15416,5.0,186.0,65.64126
2025-01-23 15:43:21+00:00,1737647001000.0,0.3529,0.3529,0.35288,0.35288,250.0,1737647001999.0,88.22461,17.0,0.0,0.0
2025-01-23 15:43:22+00:00,1737647002000.0,0.35288,0.35288,0.35287,0.35287,7448.0,1737647002999.0,2628.17882,17.0,306.0,107.98128
2025-01-23 15:43:23+00:00,1737647003000.0,0.35287,0.35288,0.35287,0.35288,142.0,1737647003999.0,50.10881,2.0,127.0,44.81576
2025-01-23 15:43:24+00:00,1737647004000.0,0.35287,0.35293,0.35287,0.35293,9316.0,1737647004999.0,3287.55339,34.0,7851.0,2770.59884
2025-01-23 15:43:25+00:00,1737647005000.0,0.35294,0.35295,0.35294,0.35295,1123.0,1737647005999.0,396.3621,11.0,1085.0,382.95038
2025-01-23 15:43:26+00:00,1737647006000.0,0.35294,0.35295,0.35294,0.35295,385.0,1737647006999.0,135.88479,4.0,289.0,102.00255
2025-01-23 15:43:27+00:00,1737647007000.0,0.35294,0.35294,0.35292,0.35293,3309.0,1737647007999.0,1167.83137,29.0,14.0,4.94102
2025-01-23 15:43:28+00:00,1737647008000.0,0.35292,0.35292,0.35284,0.35284,14458.0,1737647008999.0,5101.66994,63.0,0.0,0.0
2025-01-23 15:43:29+00:00,1737647009000.0,0.35285,0.35299,0.35285,0.35299,13029.0,1737647009999.0,4598.11862,56.0,13029.0,4598.11862
2025-01-23 15:43:30+00:00,1737647010000.0,0.353,0.353,0.353,0.353,4126.0,1737647010999.0,1456.478,10.0,4126.0,1456.478
2025-01-23 15:43:31+00:00,1737647011000.0,0.35299,0.353,0.35294,0.35297,10914.0,1737647011999.0,3852.44543,43.0,2172.0,766.67673
2025-01-23 15:43:32+00:00,1737647012000.0,0.35298,0.35298,0.35297,0.35297,308.0,1737647012999.0,108.71759,6.0,283.0,99.89334
2025-01-23 15:43:33+00:00,1737647013000.0,0.35298,0.35309,0.35298,0.35309,3628.0,1737647013999.0,1280.80558,46.0,3628.0,1280.80558
2025-01-23 15:43:34+00:00,1737647014000.0,0.35309,0.35309,0.35309,0.35309,0.0,1737647014999.0,0.0,0.0,0.0,0.0
2025-01-23 15:43:35+00:00,1737647015000.0,0.35308,0.35308,0.35308,0.35308,1458.0,1737647015999.0,514.79064,2.0,0.0,0.0
2025-01-23 15:43:36+00:00,1737647016000.0,0.35309,0.35309,0.35309,0.35309,22.0,1737647016999.0,7.76798,5.0,22.0,7.76798
2025-01-23 15:43:37+00:00,1737647017000.0,0.35308,0.35309,0.35308,0.35309,9915.0,1737647017999.0,3500.84484,8.0,5664.0,1999.90176
2025-01-23 15:43:38+00:00,1737647018000.0,0.35309,0.35309,0.35308,0.35308,839.0,1737647018999.0,296.23705,8.0,293.0,103.45537
2025-01-23 15:43:39+00:00,1737647019000.0,0.35307,0.35307,0.35307,0.35307,10.0,1737647019999.0,3.5307,4.0,0.0,0.0
2025-01-23 15:43:40+00:00,1737647020000.0,0.35308,0.35308,0.35307,0.35308,10176.0,1737647020999.0,3592.84895,16.0,863.0,304.70804
2025-01-23 15:43:41+00:00,1737647021000.0,0.35307,0.35307,0.353,0.353,2540.0,1737647021999.0,896.75094,65.0,0.0,0.0
2025-01-23 15:43:42+00:00,1737647022000.0,0.353,0.35301,0.353,0.35301,62.0,1737647022999.0,21.88655,5.0,55.0,19.41555
2025-01-23 15:43:43+00:00,1737647023000.0,0.35301,0.35301,0.35301,0.35301,248.0,1737647023999.0,87.54648,1.0,248.0,87.54648
2025-01-23 15:43:44+00:00,1737647024000.0,0.35301,0.35301,0.35301,0.35301,21.0,1737647024999.0,7.41321,1.0,21.0,7.41321
2025-01-23 15:43:45+00:00,1737647025000.0,0.35301,0.35301,0.35301,0.35301,105.0,1737647025999.0,37.06605,1.0,105.0,37.06605
2025-01-23 15:43:46+00:00,1737647026000.0,0.35301,0.35301,0.35301,0.35301,29.0,1737647026999.0,10.23729,1.0,29.0,10.23729
2025-01-23 15:43:47+00:00,1737647027000.0,0.35301,0.35301,0.35301,0.35301,103.0,1737647027999.0,36.36003,6.0,103.0,36.36003
2025-01-23 15:43:48+00:00,1737647028000.0,0.35301,0.35301,0.35301,0.35301,766.0,1737647028999.0,270.40566,5.0,766.0,270.40566
2025-01-23 15:43:49+00:00,1737647029000.0,0.353,0.35301,0.353,0.353,2218.0,1737647029999.0,782.95452,10.0,52.0,18.35652
2025-01-23 15:43:50+00:00,1737647030000.0,0.353,0.353,0.353,0.353,820.0,1737647030999.0,289.46,2.0,0.0,0.0
2025-01-23 15:43:51+00:00,1737647031000.0,0.353,0.35301,0.353,0.35301,2214.0,1737647031999.0,781.54275,5.0,75.0,26.47575
2025-01-23 15:43:52+00:00,1737647032000.0,0.35301,0.35301,0.35301,0.35301,163.0,1737647032999.0,57.54063,2.0,163.0,57.54063
2025-01-23 15:43:53+00:00,1737647033000.0,0.353,0.353,0.353,0.353,10650.0,1737647033999.0,3759.45,1.0,0.0,0.0
2025-01-23 15:43:54+00:00,1737647034000.0,0.35301,0.35301,0.353,0.353,29.0,1737647034999.0,10.2371,2.0,10.0,3.5301
2025-01-23 15:43:55+00:00,1737647035000.0,0.353,0.353,0.353,0.353,0.0,1737647035999.0,0.0,0.0,0.0,0.0
2025-01-23 15:43:56+00:00,1737647036000.0,0.353,0.353,0.35296,0.35296,109792.0,1737647036999.0,38756.42334,55.0,0.0,0.0
2025-01-23 15:43:57+00:00,1737647037000.0,0.35296,0.35296,0.35289,0.3529,25273.0,1737647037999.0,8919.47287,81.0,170.0,59.993
2025-01-23 15:43:58+00:00,1737647038000.0,0.35289,0.3529,0.35289,0.3529,2069.0,1737647038999.0,730.1401,8.0,1069.0,377.2501
2025-01-23 15:43:59+00:00,1737647039000.0,0.3529,0.35291,0.3529,0.35291,31150.0,1737647039999.0,10992.83681,16.0,31150.0,10992.83681
2025-01-23 15:44:00+00:00,1737647040000.0,0.35291,0.35302,0.35291,0.35301,5878.0,1737647040999.0,2074.59311,49.0,5423.0,1913.97356
2025-01-23 15:44:01+00:00,1737647041000.0,0.35301,0.35301,0.35301,0.35301,0.0,1737647041999.0,0.0,0.0,0.0,0.0
2025-01-23 15:44:02+00:00,1737647042000.0,0.35301,0.35302,0.35301,0.35302,241.0,1737647042999.0,85.07613,10.0,72.0,25.41744
2025-01-23 15:44:03+00:00,1737647043000.0,0.35301,0.35302,0.35301,0.35302,344.0,1737647043999.0,121.43746,3.0,202.0,71.31004
2025-01-23 15:44:04+00:00,1737647044000.0,0.35302,0.35303,0.35302,0.35303,1587.0,1737647044999.0,560.25271,8.0,1587.0,560.25271
2025-01-23 15:44:05+00:00,1737647045000.0,0.35303,0.35303,0.35303,0.35303,15734.0,1737647045999.0,5554.57402,11.0,0.0,0.0
2025-01-23 15:44:06+00:00,1737647046000.0,0.35303,0.35304,0.35303,0.35304,5477.0,1737647046999.0,1933.54663,16.0,132.0,46.60128
2025-01-23 15:44:07+00:00,1737647047000.0,0.35304,0.35306,0.35304,0.35306,1529.0,1737647047999.0,539.81739,18.0,1529.0,539.81739
2025-01-23 15:44:08+00:00,1737647048000.0,0.35305,0.35305,0.35302,0.35303,6572.0,1737647048999.0,2320.1997,24.0,109.0,38.48027
2025-01-23 15:44:09+00:00,1737647049000.0,0.35303,0.35305,0.35303,0.35305,336.0,1737647049999.0,118.62383,11.0,336.0,118.62383
2025-01-23 15:44:10+00:00,1737647050000.0,0.35305,0.35305,0.35305,0.35305,283.0,1737647050999.0,99.91315,1.0,283.0,99.91315
2025-01-23 15:44:11+00:00,1737647051000.0,0.35304,0.35305,0.35304,0.35305,446.0,1737647051999.0,157.45653,7.0,69.0,24.36045
2025-01-23 15:44:12+00:00,1737647052000.0,0.35305,0.35309,0.35305,0.35306,22866.0,1737647052999.0,8073.59168,49.0,3514.0,1240.70226
2025-01-23 15:44:13+00:00,1737647053000.0,0.35306,0.35306,0.35305,0.35306,3104.0,1737647053999.0,1095.89767,19.0,1132.0,399.66392
2025-01-23 15:44:14+00:00,1737647054000.0,0.35305,0.35307,0.35305,0.35307,13941.0,1737647054999.0,4921.91988,16.0,2512.0,886.91143
2025-01-23 15:44:15+00:00,1737647055000.0,0.35306,0.35309,0.35306,0.35309,600.0,1737647055999.0,211.85361,14.0,595.0,210.08831
2025-01-23 15:44:16+00:00,1737647056000.0,0.3531,0.3531,0.35309,0.35309,1471.0,1737647056999.0,519.40203,5.0,664.0,234.4584
2025-01-23 15:44:17+00:00,1737647057000.0,0.3531,0.3531,0.35309,0.3531,2375.0,1737647057999.0,838.61048,12.0,2173.0,767.2863
2025-01-23 15:44:18+00:00,1737647058000.0,0.3531,0.35311,0.3531,0.3531,213.0,1737647058999.0,75.21044,3.0,14.0,4.94354
2025-01-23 15:44:19+00:00,1737647059000.0,0.35311,0.35311,0.35311,0.35311,420.0,1737647059999.0,148.3062,9.0,420.0,148.3062
2025-01-23 15:44:20+00:00,1737647060000.0,0.35311,0.35311,0.35311,0.35311,1349.0,1737647060999.0,476.34539,6.0,1349.0,476.34539
2025-01-23 15:44:21+00:00,1737647061000.0,0.35311,0.35316,0.3531,0.35316,5266.0,1737647061999.0,1859.55346,37.0,5185.0,1830.95236
2025-01-23 15:44:22+00:00,1737647062000.0,0.35315,0.35316,0.35315,0.35316,1758.0,1737647062999.0,620.84107,8.0,337.0,119.01492
2025-01-23 15:44:23+00:00,1737647063000.0,0.35316,0.35316,0.35313,0.35313,2345.0,1737647063999.0,828.12079,36.0,373.0,131.72865
2025-01-23 15:44:24+00:00,1737647064000.0,0.35313,0.35313,0.35313,0.35313,1559.0,1737647064999.0,550.52967,4.0,1559.0,550.52967
2025-01-23 15:44:25+00:00,1737647065000.0,0.35313,0.35313,0.35313,0.35313,0.0,1737647065999.0,0.0,0.0,0.0,0.0
2025-01-23 15:44:26+00:00,1737647066000.0,0.35313,0.35313,0.35312,0.35312,119.0,1737647066999.0,42.02177,12.0,49.0,17.30337
2025-01-23 15:44:27+00:00,1737647067000.0,0.35313,0.35316,0.3531,0.35316,4085.0,1737647067999.0,1442.48996,31.0,3437.0,1213.68062
2025-01-23 15:44:28+00:00,1737647068000.0,0.35316,0.35318,0.35316,0.35318,1114.0,1737647068999.0,393.44128,13.0,1079.0,381.08068
2025-01-23 15:44:29+00:00,1737647069000.0,0.35319,0.35321,0.35319,0.35321,384.0,1737647069999.0,135.6311,17.0,338.0,119.38436
2025-01-23 15:44:30+00:00,1737647070000.0,0.35321,0.35326,0.3532,0.35326,15875.0,1737647070999.0,5607.512,45.0,15789.0,5577.1368
2025-01-23 15:44:31+00:00,1737647071000.0,0.35327,0.35329,0.35326,0.35327,6473.0,1737647071999.0,2286.83903,44.0,2304.0,813.97398
2025-01-23 15:44:32+00:00,1737647072000.0,0.35326,0.35327,0.35323,0.35323,5902.0,1737647072999.0,2084.88948,36.0,594.0,209.84238
2025-01-23 15:44:33+00:00,1737647073000.0,0.35323,0.35324,0.35323,0.35324,4052.0,1737647073999.0,1431.31059,14.0,2263.0,799.38212
2025-01-23 15:44:34+00:00,1737647074000.0,0.35326,0.35327,0.35325,0.35327,656.0,1737647074999.0,231.73735,11.0,526.0,185.81485
2025-01-23 15:44:35+00:00,1737647075000.0,0.35328,0.35328,0.35328,0.35328,37.0,1737647075999.0,13.07136,4.0,37.0,13.07136
2025-01-23 15:44:36+00:00,1737647076000.0,0.35329,0.35332,0.35329,0.35332,13923.0,1737647076999.0,4919.01496,21.0,13923.0,4919.01496
2025-01-23 15:44:37+00:00,1737647077000.0,0.35332,0.35332,0.35332,0.35332,60.0,1737647077999.0,21.1992,1.0,60.0,21.1992
2025-01-23 15:44:38+00:00,1737647078000.0,0.35332,0.35332,0.35332,0.35332,14370.0,1737647078999.0,5077.2084,14.0,13950.0,4928.814
2025-01-23 15:44:39+00:00,1737647079000.0,0.35332,0.35332,0.35332,0.35332,0.0,1737647079999.0,0.0,0.0,0.0,0.0
2025-01-23 15:44:40+00:00,1737647080000.0,0.35332,0.35347,0.35332,0.35347,48176.0,1737647080999.0,17024.801,154.0,47867.0,16915.60543
2025-01-23 15:44:41+00:00,1737647081000.0,0.35346,0.3535,0.35346,0.3535,118641.0,1737647081999.0,41938.18904,71.0,4399.0,1554.96111
2025-01-23 15:44:42+00:00,1737647082000.0,0.3535,0.3535,0.35349,0.35349,467.0,1737647082999.0,165.08395,4.0,412.0,145.642
2025-01-23 15:44:43+00:00,1737647083000.0,0.3535,0.3535,0.35348,0.35348,22274.0,1737647083999.0,7873.77774,44.0,13299.0,4701.1888
2025-01-23 15:44:44+00:00,1737647084000.0,0.35347,0.35351,0.35347,0.35351,413.0,1737647084999.0,145.98671,15.0,300.0,106.0446
2025-01-23 15:44:45+00:00,1737647085000.0,0.35352,0.35352,0.35351,0.35351,503.0,1737647085999.0,177.81863,16.0,310.0,109.5912
2025-01-23 15:44:46+00:00,1737647086000.0,0.35352,0.35352,0.35352,0.35352,3654.0,1737647086999.0,1291.76208,2.0,3654.0,1291.76208
2025-01-23 15:44:47+00:00,1737647087000.0,0.35352,0.35354,0.35352,0.35354,5496.0,1737647087999.0,1942.98399,26.0,5480.0,1937.32751
2025-01-23 15:44:48+00:00,1737647088000.0,0.35354,0.35354,0.35354,0.35354,0.0,1737647088999.0,0.0,0.0,0.0,0.0
2025-01-23 15:44:49+00:00,1737647089000.0,0.35354,0.35354,0.35354,0.35354,5313.0,1737647089999.0,1878.35802,28.0,5313.0,1878.35802
2025-01-23 15:44:50+00:00,1737647090000.0,0.35353,0.35354,0.35353,0.35354,13852.0,1737647090999.0,4897.23605,7.0,13849.0,4896.17546
2025-01-23 15:44:51+00:00,1737647091000.0,0.35353,0.35353,0.35351,0.35351,12585.0,1737647091999.0,4449.13648,32.0,0.0,0.0
2025-01-23 15:44:52+00:00,1737647092000.0,0.35351,0.35351,0.35349,0.35349,5440.0,1737647092999.0,1923.03746,14.0,385.0,136.09533
2025-01-23 15:44:53+00:00,1737647093000.0,0.35348,0.35348,0.35347,0.35348,725.0,1737647093999.0,256.27298,17.0,651.0,230.11548
2025-01-23 15:44:54+00:00,1737647094000.0,0.35348,0.35349,0.35348,0.35349,181.0,1737647094999.0,63.98015,5.0,157.0,55.49639
2025-01-23 15:44:55+00:00,1737647095000.0,0.3535,0.3535,0.35349,0.3535,826.0,1737647095999.0,291.98891,4.0,617.0,218.1095
2025-01-23 15:44:56+00:00,1737647096000.0,0.35349,0.35349,0.35347,0.35347,1036.0,1737647096999.0,366.20438,18.0,148.0,52.31504
2025-01-23 15:44:57+00:00,1737647097000.0,0.35348,0.35348,0.35348,0.35348,1232.0,1737647097999.0,435.48736,4.0,1232.0,435.48736
2025-01-23 15:44:58+00:00,1737647098000.0,0.35347,0.35348,0.35347,0.35348,3009.0,1737647098999.0,1063.60152,4.0,1029.0,363.73092
2025-01-23 15:44:59+00:00,1737647099000.0,0.35348,0.35348,0.35348,0.35348,2925.0,1737647099999.0,1033.929,2.0,2925.0,1033.929
2025-01-23 15:45:00+00:00,1737647100000.0,0.35348,0.35364,0.35348,0.35364,25145.0,1737647100999.0,8890.77706,158.0,25145.0,8890.77706
2025-01-23 15:45:01+00:00,1737647101000.0,0.35365,0.35373,0.35365,0.35372,14880.0,1737647101999.0,5263.22597,78.0,14756.0,5219.36555
2025-01-23 15:45:02+00:00,1737647102000.0,0.35372,0.35372,0.35347,0.35347,41433.0,1737647102999.0,14650.1379,183.0,424.0,149.96456
2025-01-23 15:45:03+00:00,1737647103000.0,0.35347,0.35347,0.35322,0.35322,126757.0,1737647103999.0,44793.73007,231.0,2018.0,712.86374
2025-01-23 15:45:04+00:00,1737647104000.0,0.35322,0.35322,0.35315,0.35321,4976.0,1737647104999.0,1757.50215,92.0,2908.0,1027.08562
2025-01-23 15:45:05+00:00,1737647105000.0,0.35321,0.35321,0.35301,0.35308,157381.0,1737647105999.0,55569.1567,203.0,100218.0,35383.68899
2025-01-23 15:45:06+00:00,1737647106000.0,0.35309,0.35309,0.35269,0.35275,353320.0,1737647106999.0,124668.03295,225.0,62713.0,22121.74384
2025-01-23 15:45:07+00:00,1737647107000.0,0.35275,0.35281,0.35275,0.35281,53854.0,1737647107999.0,18997.29499,83.0,24261.0,8558.34629
2025-01-23 15:45:08+00:00,1737647108000.0,0.35281,0.35286,0.35281,0.35286,1265.0,1737647108999.0,446.34347,37.0,865.0,305.19947
2025-01-23 15:45:09+00:00,1737647109000.0,0.35286,0.35287,0.35286,0.35286,22963.0,1737647109999.0,8102.94611,20.0,22193.0,7831.24391
2025-01-23 15:45:10+00:00,1737647110000.0,0.35287,0.35316,0.35287,0.35316,62178.0,1737647110999.0,21952.29723,202.0,62158.0,21945.23783
2025-01-23 15:45:11+00:00,1737647111000.0,0.35317,0.35331,0.35317,0.3533,41394.0,1737647111999.0,14621.99677,99.0,24528.0,8663.72374
2025-01-23 15:45:12+00:00,1737647112000.0,0.3533,0.35332,0.35326,0.35332,71104.0,1737647112999.0,25119.37214,68.0,2505.0,884.974
2025-01-23 15:45:13+00:00,1737647113000.0,0.35332,0.35338,0.35331,0.35338,34457.0,1737647113999.0,12174.17954,68.0,11090.0,3918.38477
2025-01-23 15:45:14+00:00,1737647114000.0,0.35339,0.35344,0.35339,0.35344,4734.0,1737647114999.0,1673.0818,47.0,4449.0,1572.35995
2025-01-23 15:45:15+00:00,1737647115000.0,0.35345,0.35354,0.35345,0.35354,6199.0,1737647115999.0,2191.3594,69.0,6149.0,2173.6839
2025-01-23 15:45:16+00:00,1737647116000.0,0.35354,0.35357,0.35354,0.35357,7698.0,1737647116999.0,2721.71146,30.0,7147.0,2526.90585
2025-01-23 15:45:17+00:00,1737647117000.0,0.35358,0.35359,0.35358,0.35358,26764.0,1737647117999.0,9463.22655,24.0,23929.0,8460.82725
2025-01-23 15:45:18+00:00,1737647118000.0,0.35358,0.3536,0.35358,0.3536,3729.0,1737647118999.0,1318.53605,20.0,3583.0,1266.91337
2025-01-23 15:45:19+00:00,1737647119000.0,0.35361,0.35375,0.35361,0.35375,13676.0,1737647119999.0,4837.60683,111.0,13672.0,4836.19207
2025-01-23 15:45:20+00:00,1737647120000.0,0.35375,0.35391,0.35375,0.35391,47465.0,1737647120999.0,16793.76551,308.0,47261.0,16721.57807
2025-01-23 15:45:21+00:00,1737647121000.0,0.35392,0.35395,0.35392,0.35395,32651.0,1737647121999.0,11556.67252,82.0,32514.0,11508.18274
2025-01-23 15:45:22+00:00,1737647122000.0,0.35394,0.35395,0.35392,0.35392,73433.0,1737647122999.0,25990.31641,56.0,52687.0,18647.56835
2025-01-23 15:45:23+00:00,1737647123000.0,0.35392,0.35392,0.35383,0.35383,6153.0,1737647123999.0,2177.14804,37.0,452.0,159.93116
2025-01-23 15:45:24+00:00,1737647124000.0,0.35382,0.35382,0.35375,0.35376,24352.0,1737647124999.0,8614.8288,64.0,16566.0,5860.22294
2025-01-23 15:45:25+00:00,1737647125000.0,0.35376,0.35379,0.35376,0.35378,2652.0,1737647125999.0,938.22067,26.0,865.0,306.01691
2025-01-23 15:45:26+00:00,1737647126000.0,0.35377,0.35381,0.35377,0.3538,19062.0,1737647126999.0,6744.13115,41.0,18733.0,6627.73095
2025-01-23 15:45:27+00:00,1737647127000.0,0.3538,0.3539,0.3538,0.35389,3977.0,1737647127999.0,1407.27242,92.0,2842.0,1005.70258
2025-01-23 15:45:28+00:00,1737647128000.0,0.35389,0.35391,0.35389,0.35391,86399.0,1737647128999.0,30577.34952,41.0,1138.0,402.74904
2025-01-23 15:45:29+00:00,1737647129000.0,0.35391,0.35416,0.35389,0.35414,526055.0,1737647129999.0,186226.61105,478.0,525100.0,185888.64161
2025-01-23 15:45:30+00:00,1737647130000.0,0.35408,0.35415,0.35408,0.35415,105233.0,1737647130999.0,37263.5665,94.0,26217.0,9283.66775
2025-01-23 15:45:31+00:00,1737647131000.0,0.35415,0.35415,0.35404,0.35408,46587.0,1737647131999.0,16497.11516,99.0,5377.0,1903.941
2025-01-23 15:45:32+00:00,1737647132000.0,0.35407,0.35419,0.35402,0.35419,48208.0,1737647132999.0,17070.56036,128.0,20860.0,7387.80764
2025-01-23 15:45:33+00:00,1737647133000.0,0.35419,0.35426,0.35419,0.35425,20123.0,1737647133999.0,7128.49335,83.0,8728.0,3091.92855
2025-01-23 15:45:34+00:00,1737647134000.0,0.35425,0.35425,0.35419,0.35419,3000.0,1737647134999.0,1062.73116,29.0,1411.0,499.84675
2025-01-23 15:45:35+00:00,1737647135000.0,0.35419,0.35419,0.35411,0.35412,4312.0,1737647135999.0,1526.98,62.0,405.0,143.41959
2025-01-23 15:45:36+00:00,1737647136000.0,0.35411,0.35414,0.35411,0.35413,249.0,1737647136999.0,88.17736,13.0,94.0,33.28895
2025-01-23 15:45:37+00:00,1737647137000.0,0.35414,0.35416,0.35414,0.35416,1646.0,1737647137999.0,582.91849,20.0,655.0,231.96459
2025-01-23 15:45:38+00:00,1737647138000.0,0.35417,0.35417,0.35394,0.35394,307933.0,1737647138999.0,109025.68108,114.0,13655.0,4834.15835
2025-01-23 15:45:39+00:00,1737647139000.0,0.35393,0.35404,0.35392,0.35404,51442.0,1737647139999.0,18208.69026,100.0,47405.0,16779.73315
2025-01-23 15:45:40+00:00,1737647140000.0,0.35404,0.35404,0.35394,0.35394,14863.0,1737647140999.0,5260.84833,76.0,1706.0,603.82808
2025-01-23 15:45:41+00:00,1737647141000.0,0.35394,0.35394,0.35393,0.35393,4763.0,1737647141999.0,1685.80685,14.0,3826.0,1354.17444
2025-01-23 15:45:42+00:00,1737647142000.0,0.35393,0.354,0.35391,0.35396,68221.0,1737647142999.0,24147.68632,58.0,67954.0,24053.18202
2025-01-23 15:45:43+00:00,1737647143000.0,0.35396,0.35396,0.35394,0.35394,8176.0,1737647143999.0,2893.81398,28.0,7587.0,2685.34278
2025-01-23 15:45:44+00:00,1737647144000.0,0.35394,0.35403,0.35394,0.35403,25007.0,1737647144999.0,8851.44518,63.0,25007.0,8851.44518
2025-01-23 15:45:45+00:00,1737647145000.0,0.35402,0.35403,0.35401,0.35401,243.0,1737647145999.0,86.02635,14.0,210.0,74.34378
2025-01-23 15:45:46+00:00,1737647146000.0,0.35401,0.3541,0.35401,0.3541,14568.0,1737647146999.0,5158.10413,73.0,14276.0,5054.70985
2025-01-23 15:45:47+00:00,1737647147000.0,0.3541,0.35418,0.35409,0.35418,8456.0,1737647147999.0,2994.24402,67.0,3007.0,1064.80761
2025-01-23 15:45:48+00:00,1737647148000.0,0.35418,0.35418,0.35418,0.35418,279.0,1737647148999.0,98.81622,7.0,279.0,98.81622
2025-01-23 15:45:49+00:00,1737647149000.0,0.35418,0.35418,0.35417,0.35417,211.0,1737647149999.0,74.73102,8.0,115.0,40.7307
2025-01-23 15:45:50+00:00,1737647150000.0,0.35418,0.35436,0.35418,0.35428,69214.0,1737647150999.0,24523.20069,665.0,69211.0,24522.13788
2025-01-23 15:45:51+00:00,1737647151000.0,0.35428,0.3543,0.35428,0.35429,12815.0,1737647151999.0,4540.21115,17.0,2084.0,738.32516
2025-01-23 15:45:52+00:00,1737647152000.0,0.35429,0.35429,0.35427,0.35427,58198.0,1737647152999.0,20618.476,50.0,45621.0,16162.61389
2025-01-23 15:45:53+00:00,1737647153000.0,0.35425,0.35425,0.35422,0.35422,599.0,1737647153999.0,212.19329,19.0,8.0,2.83376
2025-01-23 15:45:54+00:00,1737647154000.0,0.35421,0.35426,0.35415,0.35426,77933.0,1737647154999.0,27601.17268,104.0,26656.0,9440.60015
2025-01-23 15:45:55+00:00,1737647155000.0,0.35426,0.35427,0.35426,0.35427,811.0,1737647155999.0,287.30973,13.0,811.0,287.30973
2025-01-23 15:45:56+00:00,1737647156000.0,0.35427,0.35427,0.35424,0.35424,33542.0,1737647156999.0,11882.5453,34.0,123.0,43.5747
2025-01-23 15:45:57+00:00,1737647157000.0,0.35424,0.35424,0.35424,0.35424,58.0,1737647157999.0,20.54592,5.0,0.0,0.0
2025-01-23 15:45:58+00:00,1737647158000.0,0.35424,0.35425,0.35424,0.35425,463.0,1737647158999.0,164.01383,5.0,71.0,25.15175
2025-01-23 15:45:59+00:00,1737647159000.0,0.35424,0.35424,0.35419,0.35421,3998.0,1737647159999.0,1416.09412,53.0,1074.0,380.41089
2025-01-23 15:46:00+00:00,1737647160000.0,0.35422,0.35422,0.35421,0.35421,16685.0,1737647160999.0,5910.15928,16.0,16543.0,5859.86146
2025-01-23 15:46:01+00:00,1737647161000.0,0.35421,0.35424,0.35416,0.35424,5348.0,1737647161999.0,1894.17033,102.0,1323.0,468.6061
2025-01-23 15:46:02+00:00,1737647162000.0,0.35425,0.35432,0.35425,0.35429,37023.0,1737647162999.0,13117.29692,93.0,11687.0,4140.53524
2025-01-23 15:46:03+00:00,1737647163000.0,0.35428,0.35443,0.35428,0.35443,14359.0,1737647163999.0,5088.07521,190.0,14127.0,5005.88225
2025-01-23 15:46:04+00:00,1737647164000.0,0.35444,0.35449,0.35443,0.35443,4408.0,1737647164999.0,1562.51341,124.0,3131.0,1109.86382
2025-01-23 15:46:05+00:00,1737647165000.0,0.35443,0.35443,0.35442,0.35443,11977.0,1737647165999.0,4244.99405,23.0,10571.0,3746.67953
2025-01-23 15:46:06+00:00,1737647166000.0,0.35442,0.35449,0.35442,0.35449,41447.0,1737647166999.0,14692.072,83.0,14203.0,5034.62358
2025-01-23 15:46:07+00:00,1737647167000.0,0.35449,0.35449,0.35446,0.35447,23081.0,1737647167999.0,8181.96076,49.0,22195.0,7867.9051
2025-01-23 15:46:08+00:00,1737647168000.0,0.35447,0.35447,0.35445,0.35445,542.0,1737647168999.0,192.11244,16.0,0.0,0.0
2025-01-23 15:46:09+00:00,1737647169000.0,0.35445,0.35446,0.35445,0.35446,965.0,1737647169999.0,342.05386,16.0,961.0,340.63606
2025-01-23 15:46:10+00:00,1737647170000.0,0.35447,0.35454,0.35447,0.35453,6386.0,1737647170999.0,2263.98231,95.0,3136.0,1111.75981
2025-01-23 15:46:11+00:00,1737647171000.0,0.35454,0.35454,0.35451,0.35451,2124.0,1737647171999.0,753.01201,42.0,876.0,310.5728
2025-01-23 15:46:12+00:00,1737647172000.0,0.35451,0.35454,0.35451,0.35454,5099.0,1737647172999.0,1807.68177,40.0,2885.0,1022.79663
2025-01-23 15:46:13+00:00,1737647173000.0,0.35453,0.35454,0.35445,0.35449,46563.0,1737647173999.0,16506.76473,71.0,8224.0,2915.26628
2025-01-23 15:46:14+00:00,1737647174000.0,0.35449,0.35449,0.35435,0.35436,38152.0,1737647174999.0,13521.88782,109.0,656.0,232.50228
2025-01-23 15:46:15+00:00,1737647175000.0,0.35436,0.35436,0.35433,0.35433,6154.0,1737647175999.0,2180.62225,25.0,6047.0,2142.70812
2025-01-23 15:46:16+00:00,1737647176000.0,0.35434,0.35434,0.35428,0.35428,29007.0,1737647176999.0,10277.46973,47.0,371.0,131.45678
2025-01-23 15:46:17+00:00,1737647177000.0,0.35427,0.3544,0.35427,0.3544,27534.0,1737647177999.0,9756.87915,113.0,25645.0,9087.48996
2025-01-23 15:46:18+00:00,1737647178000.0,0.35439,0.35439,0.35437,0.35438,1937.0,1737647178999.0,686.44571,24.0,688.0,243.81344
2025-01-23 15:46:19+00:00,1737647179000.0,0.35437,0.35438,0.35437,0.35438,1046.0,1737647179999.0,370.6812,11.0,1018.0,360.75884
2025-01-23 15:46:20+00:00,1737647180000.0,0.35438,0.35438,0.35427,0.35427,15576.0,1737647180999.0,5518.46498,82.0,3297.0,1168.10836
2025-01-23 15:46:21+00:00,1737647181000.0,0.35426,0.35435,0.35422,0.35431,58490.0,1737647181999.0,20721.96362,98.0,46203.0,16369.28417
2025-01-23 15:46:22+00:00,1737647182000.0,0.35431,0.35431,0.35425,0.35425,476.0,1737647182999.0,168.63808,30.0,141.0,49.95771
2025-01-23 15:46:23+00:00,1737647183000.0,0.35426,0.3543,0.35416,0.35416,65456.0,1737647183999.0,23186.53428,122.0,21179.0,7503.08636
2025-01-23 15:46:24+00:00,1737647184000.0,0.35416,0.35416,0.35406,0.35406,35469.0,1737647184999.0,12559.59409,79.0,1610.0,570.15167
2025-01-23 15:46:25+00:00,1737647185000.0,0.35405,0.35408,0.354,0.35408,5597.0,1737647185999.0,1981.44389,69.0,4864.0,1721.9546
2025-01-23 15:46:26+00:00,1737647186000.0,0.35408,0.35417,0.35408,0.35417,4929.0,1737647186999.0,1745.52431,73.0,4822.0,1707.63775
2025-01-23 15:46:27+00:00,1737647187000.0,0.35417,0.35417,0.35416,0.35416,38.0,1737647187999.0,13.45836,11.0,0.0,0.0
2025-01-23 15:46:28+00:00,1737647188000.0,0.35417,0.35421,0.35416,0.35421,17970.0,1737647188999.0,6364.76062,46.0,14554.0,5154.92024
2025-01-23 15:46:29+00:00,1737647189000.0,0.35421,0.35424,0.35421,0.35422,7295.0,1737647189999.0,2584.09081,45.0,6719.0,2380.05462
2025-01-23 15:46:30+00:00,1737647190000.0,0.35422,0.35422,0.3541,0.3541,29311.0,1737647190999.0,10380.26028,95.0,0.0,0.0
2025-01-23 15:46:31+00:00,1737647191000.0,0.3541,0.3541,0.354,0.35401,12972.0,1737647191999.0,4592.90802,81.0,344.0,121.77944
2025-01-23 15:46:32+00:00,1737647192000.0,0.354,0.354,0.35391,0.35392,53758.0,1737647192999.0,19029.20568,70.0,77.0,27.25324
2025-01-23 15:46:33+00:00,1737647193000.0,0.35391,0.35391,0.35387,0.35388,6031.0,1737647193999.0,2134.40445,42.0,174.0,61.57512
2025-01-23 15:46:34+00:00,1737647194000.0,0.35388,0.3539,0.35379,0.3538,45090.0,1737647194999.0,15956.58996,104.0,43405.0,15360.37675
2025-01-23 15:46:35+00:00,1737647195000.0,0.3538,0.35389,0.3538,0.35389,4090.0,1737647195999.0,1447.23029,63.0,4090.0,1447.23029
2025-01-23 15:46:36+00:00,1737647196000.0,0.3539,0.3539,0.3539,0.3539,1842.0,1737647196999.0,651.8838,12.0,1830.0,647.637
2025-01-23 15:46:37+00:00,1737647197000.0,0.35389,0.35389,0.35373,0.35373,5794.0,1737647197999.0,2049.71401,87.0,2645.0,935.61613
2025-01-23 15:46:38+00:00,1737647198000.0,0.35373,0.35374,0.35373,0.35374,41133.0,1737647198999.0,14549.98175,26.0,41133.0,14549.98175
2025-01-23 15:46:39+00:00,1737647199000.0,0.35373,0.35373,0.3537,0.35371,3256.0,1737647199999.0,1151.66613,21.0,1094.0,386.95874
2025-01-23 15:46:40+00:00,1737647200000.0,0.35371,0.35372,0.35371,0.35372,1956.0,1737647200999.0,691.85817,14.0,1956.0,691.85817
2025-01-23 15:46:41+00:00,1737647201000.0,0.35372,0.3539,0.35372,0.3539,64400.0,1737647201999.0,22786.15283,131.0,40999.0,14504.77294
2025-01-23 15:46:42+00:00,1737647202000.0,0.3539,0.35397,0.3539,0.35397,3228.0,1737647202999.0,1142.54687,55.0,3228.0,1142.54687
2025-01-23 15:46:43+00:00,1737647203000.0,0.35397,0.35417,0.35397,0.35417,66469.0,1737647203999.0,23533.98156,120.0,66401.0,23509.91092
2025-01-23 15:46:44+00:00,1737647204000.0,0.35416,0.35416,0.35412,0.35412,4243.0,1737647204999.0,1502.62059,31.0,3165.0,1120.8531
2025-01-23 15:46:45+00:00,1737647205000.0,0.35413,0.35416,0.35409,0.35409,4917.0,1737647205999.0,1741.30372,40.0,282.0,99.86852
2025-01-23 15:46:46+00:00,1737647206000.0,0.35409,0.35409,0.35403,0.35404,674.0,1737647206999.0,238.62388,28.0,282.0,99.83928
2025-01-23 15:46:47+00:00,1737647207000.0,0.35403,0.35403,0.354,0.354,1726.0,1737647207999.0,611.0111,21.0,154.0,54.51754
2025-01-23 15:46:48+00:00,1737647208000.0,0.354,0.35404,0.354,0.35403,6704.0,1737647208999.0,2373.41075,31.0,269.0,95.22938
2025-01-23 15:46:49+00:00,1737647209000.0,0.35403,0.35403,0.35403,0.35403,26.0,1737647209999.0,9.20478,2.0,0.0,0.0
2025-01-23 15:46:50+00:00,1737647210000.0,0.35403,0.35403,0.35403,0.35403,0.0,1737647210999.0,0.0,0.0,0.0,0.0
2025-01-23 15:46:51+00:00,1737647211000.0,0.35403,0.35403,0.35403,0.35403,56.0,1737647211999.0,19.82568,1.0,0.0,0.0
2025-01-23 15:46:52+00:00,1737647212000.0,0.35403,0.3541,0.35403,0.3541,2421.0,1737647212999.0,857.15327,42.0,1398.0,494.97666
2025-01-23 15:46:53+00:00,1737647213000.0,0.35411,0.35411,0.35406,0.35406,6086.0,1737647213999.0,2154.97733,27.0,2692.0,953.26244
2025-01-23 15:46:54+00:00,1737647214000.0,0.35406,0.35409,0.35406,0.35408,18142.0,1737647214999.0,6423.44928,21.0,2935.0,1039.25216
2025-01-23 15:46:55+00:00,1737647215000.0,0.35409,0.35409,0.35408,0.35408,1991.0,1737647215999.0,704.9761,4.0,282.0,99.85338
2025-01-23 15:46:56+00:00,1737647216000.0,0.35408,0.35408,0.35403,0.35403,743.0,1737647216999.0,263.05312,21.0,0.0,0.0
2025-01-23 15:46:57+00:00,1737647217000.0,0.35404,0.35404,0.35404,0.35404,973.0,1737647217999.0,344.48092,2.0,973.0,344.48092
2025-01-23 15:46:58+00:00,1737647218000.0,0.35404,0.35404,0.35403,0.35403,207.0,1737647218999.0,73.28567,5.0,146.0,51.68984
2025-01-23 15:46:59+00:00,1737647219000.0,0.35404,0.35404,0.35401,0.35401,1638.0,1737647219999.0,579.90519,21.0,551.0,195.07604
2025-01-23 15:47:00+00:00,1737647220000.0,0.35401,0.35423,0.35401,0.35423,23889.0,1737647220999.0,8460.12737,155.0,23386.0,8281.94968
2025-01-23 15:47:01+00:00,1737647221000.0,0.35424,0.35442,0.35424,0.35442,27838.0,1737647221999.0,9863.87764,135.0,27393.0,9706.20524
2025-01-23 15:47:02+00:00,1737647222000.0,0.35442,0.35442,0.35436,0.35436,1301.0,1737647222999.0,461.04221,30.0,598.0,211.91924
2025-01-23 15:47:03+00:00,1737647223000.0,0.35435,0.35435,0.3542,0.3542,25543.0,1737647223999.0,9048.34809,83.0,282.0,99.9267
2025-01-23 15:47:04+00:00,1737647224000.0,0.3542,0.35421,0.35412,0.35421,6867.0,1737647224999.0,2432.04913,98.0,5469.0,1936.96287
2025-01-23 15:47:05+00:00,1737647225000.0,0.35422,0.35434,0.35422,0.35434,3967.0,1737647225999.0,1405.32752,80.0,3941.0,1396.11598
2025-01-23 15:47:06+00:00,1737647226000.0,0.35434,0.35444,0.35434,0.35444,20898.0,1737647226999.0,7405.96499,81.0,20898.0,7405.96499
2025-01-23 15:47:07+00:00,1737647227000.0,0.35445,0.3545,0.35445,0.3545,2048.0,1737647227999.0,726.00821,37.0,2034.0,721.04591
2025-01-23 15:47:08+00:00,1737647228000.0,0.35449,0.35456,0.35449,0.35456,58175.0,1737647228999.0,20625.29829,821.0,55060.0,19520.84445
2025-01-23 15:47:09+00:00,1737647229000.0,0.35455,0.35455,0.3545,0.35451,1102.0,1737647229999.0,390.68722,21.0,306.0,108.48006
2025-01-23 15:47:10+00:00,1737647230000.0,0.35451,0.35457,0.35451,0.35457,5940.0,1737647230999.0,2105.87589,53.0,5940.0,2105.87589
2025-01-23 15:47:11+00:00,1737647231000.0,0.35458,0.35463,0.35457,0.35463,9794.0,1737647231999.0,3472.8678,112.0,9660.0,3425.35542
2025-01-23 15:47:12+00:00,1737647232000.0,0.35463,0.35464,0.35461,0.35462,29213.0,1737647232999.0,10359.60632,44.0,160.0,56.74144
2025-01-23 15:47:13+00:00,1737647233000.0,0.35462,0.35467,0.35462,0.35466,6102.0,1737647233999.0,2164.10185,84.0,4681.0,1660.12999
2025-01-23 15:47:14+00:00,1737647234000.0,0.35467,0.35467,0.35467,0.35467,12769.0,1737647234999.0,4528.78123,24.0,2058.0,729.91086
2025-01-23 15:47:15+00:00,1737647235000.0,0.35468,0.35468,0.3546,0.35461,21987.0,1737647235999.0,7797.10826,70.0,16257.0,5765.02161
2025-01-23 15:47:16+00:00,1737647236000.0,0.3546,0.35461,0.35451,0.35452,18564.0,1737647236999.0,6582.46745,85.0,885.0,313.81916
2025-01-23 15:47:17+00:00,1737647237000.0,0.35452,0.35453,0.35448,0.35449,21813.0,1737647237999.0,7733.01269,52.0,14756.0,5231.29586
2025-01-23 15:47:18+00:00,1737647238000.0,0.35449,0.35449,0.35439,0.35439,37909.0,1737647238999.0,13438.12576,78.0,34758.0,12321.36342
2025-01-23 15:47:19+00:00,1737647239000.0,0.35439,0.35439,0.3543,0.3543,31475.0,1737647239999.0,11152.40779,77.0,0.0,0.0
2025-01-23 15:47:20+00:00,1737647240000.0,0.3543,0.35435,0.3543,0.35434,9270.0,1737647240999.0,3284.70718,35.0,1229.0,435.46024
2025-01-23 15:47:21+00:00,1737647241000.0,0.35434,0.35451,0.35434,0.35449,42260.0,1737647241999.0,14976.11043,93.0,42148.0,14936.42183
2025-01-23 15:47:22+00:00,1737647242000.0,0.3545,0.35451,0.35449,0.35449,9589.0,1737647242999.0,3399.31243,34.0,1829.0,648.39817
2025-01-23 15:47:23+00:00,1737647243000.0,0.35449,0.35457,0.35449,0.35457,7069.0,1737647243999.0,2506.25081,44.0,7069.0,2506.25081
2025-01-23 15:47:24+00:00,1737647244000.0,0.35457,0.35457,0.35452,0.35453,8545.0,1737647244999.0,3029.59296,51.0,4301.0,1524.89402
2025-01-23 15:47:25+00:00,1737647245000.0,0.35454,0.35458,0.35454,0.35458,18768.0,1737647245999.0,6654.68261,37.0,213.0,75.52083
2025-01-23 15:47:26+00:00,1737647246000.0,0.35459,0.35462,0.35458,0.35462,31676.0,1737647246999.0,11232.2436,42.0,31559.0,11190.75494
2025-01-23 15:47:27+00:00,1737647247000.0,0.35463,0.35469,0.35463,0.35465,7951.0,1737647247999.0,2819.92353,87.0,3474.0,1232.1251
2025-01-23 15:47:28+00:00,1737647248000.0,0.35466,0.35466,0.35465,0.35466,826.0,1737647248999.0,292.94766,9.0,676.0,239.75016
2025-01-23 15:47:29+00:00,1737647249000.0,0.35465,0.35474,0.35465,0.35471,14730.0,1737647249999.0,5224.92193,176.0,12512.0,4438.14589
2025-01-23 15:47:30+00:00,1737647250000.0,0.35471,0.35471,0.35469,0.3547,3408.0,1737647250999.0,1208.81353,55.0,1793.0,635.9771
2025-01-23 15:47:31+00:00,1737647251000.0,0.3547,0.35475,0.3547,0.35472,11169.0,1737647251999.0,3962.11513,47.0,11079.0,3930.19039
2025-01-23 15:47:32+00:00,1737647252000.0,0.35472,0.35472,0.35452,0.35459,443993.0,1737647252999.0,157434.20842,161.0,10373.0,3678.14946
2025-01-23 15:47:33+00:00,1737647253000.0,0.3546,0.35469,0.3546,0.35468,8092.0,1737647253999.0,2870.04968,31.0,5606.0,1988.3152
2025-01-23 15:47:34+00:00,1737647254000.0,0.35469,0.35469,0.35466,0.35466,4851.0,1737647254999.0,1720.54483,33.0,2864.0,1015.8314
2025-01-23 15:47:35+00:00,1737647255000.0,0.35466,0.35466,0.35456,0.35461,11841.0,1737647255999.0,4198.54431,79.0,825.0,292.52988
2025-01-23 15:47:36+00:00,1737647256000.0,0.35461,0.35463,0.35461,0.35463,691.0,1737647256999.0,245.03647,11.0,691.0,245.03647
2025-01-23 15:47:37+00:00,1737647257000.0,0.35464,0.35469,0.35464,0.35465,8986.0,1737647257999.0,3187.17397,48.0,8472.0,3004.87388
2025-01-23 15:47:38+00:00,1737647258000.0,0.35465,0.35465,0.35456,0.35459,3194.0,1737647258999.0,1132.57975,60.0,2118.0,751.02444
2025-01-23 15:47:39+00:00,1737647259000.0,0.3546,0.35465,0.3546,0.35465,11216.0,1737647259999.0,3977.66738,32.0,11137.0,3949.65246
2025-01-23 15:47:40+00:00,1737647260000.0,0.35465,0.35465,0.35465,0.35465,339.0,1737647260999.0,120.22635,6.0,293.0,103.91245
2025-01-23 15:47:41+00:00,1737647261000.0,0.35466,0.3549,0.35466,0.35483,46984.0,1737647261999.0,16671.96811,340.0,39987.0,14188.85125
2025-01-23 15:47:42+00:00,1737647262000.0,0.35483,0.35483,0.35471,0.35472,5003.0,1737647262999.0,1774.99615,89.0,298.0,105.73892
2025-01-23 15:47:43+00:00,1737647263000.0,0.35473,0.35473,0.35472,0.35472,12329.0,1737647263999.0,4373.43555,9.0,9267.0,3287.28291
2025-01-23 15:47:44+00:00,1737647264000.0,0.35472,0.35472,0.35461,0.35461,8238.0,1737647264999.0,2921.69966,106.0,0.0,0.0
2025-01-23 15:47:45+00:00,1737647265000.0,0.35461,0.35463,0.35455,0.35459,57454.0,1737647265999.0,20372.12922,75.0,2533.0,898.22385
2025-01-23 15:47:46+00:00,1737647266000.0,0.35458,0.3546,0.35458,0.3546,13491.0,1737647266999.0,4783.90754,12.0,13446.0,4767.95144
2025-01-23 15:47:47+00:00,1737647267000.0,0.35459,0.35462,0.35459,0.35462,5317.0,1737647267999.0,1885.38443,7.0,2354.0,834.73426
2025-01-23 15:47:48+00:00,1737647268000.0,0.35462,0.35466,0.35462,0.35466,3076.0,1737647268999.0,1090.85754,10.0,2690.0,953.97206
2025-01-23 15:47:49+00:00,1737647269000.0,0.35467,0.35469,0.35467,0.35469,3722.0,1737647269999.0,1320.09493,11.0,3722.0,1320.09493
2025-01-23 15:47:50+00:00,1737647270000.0,0.35469,0.35469,0.35468,0.35468,5527.0,1737647270999.0,1960.32537,21.0,901.0,319.57569
2025-01-23 15:47:51+00:00,1737647271000.0,0.35469,0.35469,0.35466,0.35466,3578.0,1737647271999.0,1269.02141,18.0,1410.0,500.1129
2025-01-23 15:47:52+00:00,1737647272000.0,0.35469,0.35473,0.35469,0.35473,326.0,1737647272999.0,115.63326,8.0,300.0,106.4108
2025-01-23 15:47:53+00:00,1737647273000.0,0.35473,0.35473,0.35471,0.35471,1983.0,1737647273999.0,703.42885,30.0,0.0,0.0
2025-01-23 15:47:54+00:00,1737647274000.0,0.35474,0.35476,0.35473,0.35476,871.0,1737647274999.0,308.98072,9.0,824.0,292.30841
2025-01-23 15:47:55+00:00,1737647275000.0,0.35477,0.35478,0.35476,0.35478,1088.0,1737647275999.0,385.99568,7.0,1083.0,384.22188
2025-01-23 15:47:56+00:00,1737647276000.0,0.35477,0.35477,0.35472,0.35473,4167.0,1737647276999.0,1478.22864,42.0,1623.0,575.78967
2025-01-23 15:47:57+00:00,1737647277000.0,0.35473,0.35473,0.35468,0.35468,496.0,1737647277999.0,175.93683,38.0,140.0,49.6622
2025-01-23 15:47:58+00:00,1737647278000.0,0.35469,0.35469,0.35462,0.35463,1421.0,1737647278999.0,503.97012,48.0,730.0,258.90532
2025-01-23 15:47:59+00:00,1737647279000.0,0.35462,0.35462,0.35456,0.35456,5038.0,1737647279999.0,1786.4248,44.0,83.0,29.4318
2025-01-23 15:48:00+00:00,1737647280000.0,0.35457,0.35457,0.35455,0.35455,49888.0,1737647280999.0,17688.77967,39.0,49059.0,17394.84963
2025-01-23 15:48:01+00:00,1737647281000.0,0.35456,0.35465,0.35456,0.35465,2485.0,1737647281999.0,881.17707,65.0,1736.0,615.60414
2025-01-23 15:48:02+00:00,1737647282000.0,0.35465,0.35465,0.35464,0.35464,572.0,1737647282999.0,202.85426,14.0,25.0,8.866
2025-01-23 15:48:03+00:00,1737647283000.0,0.35463,0.35467,0.35461,0.35467,32689.0,1737647283999.0,11592.76029,61.0,32637.0,11574.31977
2025-01-23 15:48:04+00:00,1737647284000.0,0.35467,0.35474,0.35466,0.35474,16754.0,1737647284999.0,5942.36992,60.0,16734.0,5935.27672
2025-01-23 15:48:05+00:00,1737647285000.0,0.35474,0.35474,0.35473,0.35473,10896.0,1737647285999.0,3865.24372,18.0,10564.0,3747.47336
2025-01-23 15:48:06+00:00,1737647286000.0,0.35473,0.35473,0.35455,0.35455,10854.0,1737647286999.0,3848.84987,132.0,648.0,229.85856
2025-01-23 15:48:07+00:00,1737647287000.0,0.35455,0.35456,0.35445,0.35446,57442.0,1737647287999.0,20363.24498,78.0,12278.0,4353.09814
2025-01-23 15:48:08+00:00,1737647288000.0,0.35446,0.35446,0.35436,0.35436,2042.0,1737647288999.0,723.66165,8.0,1804.0,639.30883
2025-01-23 15:48:09+00:00,1737647289000.0,0.35436,0.35436,0.35422,0.35429,25280.0,1737647289999.0,8956.0736,81.0,23729.0,8406.56876
2025-01-23 15:48:10+00:00,1737647290000.0,0.35429,0.35445,0.35429,0.35445,7825.0,1737647290999.0,2773.0039,122.0,7645.0,2709.2317
2025-01-23 15:48:11+00:00,1737647291000.0,0.35445,0.35462,0.35445,0.35462,10830.0,1737647291999.0,3840.12779,97.0,10758.0,3814.60739
2025-01-23 15:48:12+00:00,1737647292000.0,0.35461,0.35462,0.35451,0.35451,5719.0,1737647292999.0,2027.93429,26.0,1025.0,363.4855
2025-01-23 15:48:13+00:00,1737647293000.0,0.35451,0.35451,0.35446,0.35446,7280.0,1737647293999.0,2580.8314,4.0,7252.0,2570.90652
2025-01-23 15:48:14+00:00,1737647294000.0,0.35446,0.35446,0.35439,0.35439,3376.0,1737647294999.0,1196.56614,20.0,2750.0,974.69758
2025-01-23 15:48:15+00:00,1737647295000.0,0.35439,0.3544,0.35438,0.35439,6745.0,1737647295999.0,2390.37388,15.0,6655.0,2358.47954
2025-01-23 15:48:16+00:00,1737647296000.0,0.35439,0.3544,0.35439,0.3544,4484.0,1737647296999.0,1589.12765,26.0,4484.0,1589.12765
2025-01-23 15:48:17+00:00,1737647297000.0,0.35439,0.35439,0.35438,0.35438,1312.0,1737647297999.0,464.95523,3.0,412.0,146.00456
2025-01-23 15:48:18+00:00,1737647298000.0,0.35437,0.35437,0.35423,0.35423,138326.0,1737647298999.0,49003.31664,53.0,10.0,3.5428
2025-01-23 15:48:19+00:00,1737647299000.0,0.35423,0.35423,0.35421,0.35421,4918.0,1737647299999.0,1742.10061,5.0,41.0,14.52261
2025-01-23 15:48:20+00:00,1737647300000.0,0.3542,0.3542,0.35418,0.35418,5704.0,1737647300999.0,2020.24537,6.0,5481.0,1941.26058
2025-01-23 15:48:21+00:00,1737647301000.0,0.35418,0.35418,0.35414,0.35414,7515.0,1737647301999.0,2661.43582,9.0,7415.0,2626.01882
2025-01-23 15:48:22+00:00,1737647302000.0,0.35414,0.35422,0.35414,0.35422,859.0,1737647302999.0,304.24135,56.0,815.0,288.65831
2025-01-23 15:48:23+00:00,1737647303000.0,0.35422,0.35439,0.35422,0.35436,31547.0,1737647303999.0,11179.15118,83.0,22470.0,7962.44401
2025-01-23 15:48:24+00:00,1737647304000.0,0.35436,0.35436,0.35435,0.35435,498.0,1737647304999.0,176.47123,3.0,493.0,174.69948
2025-01-23 15:48:25+00:00,1737647305000.0,0.35435,0.35435,0.35423,0.35423,2185.0,1737647305999.0,774.12533,45.0,575.0,203.72825
2025-01-23 15:48:26+00:00,1737647306000.0,0.35424,0.35424,0.35423,0.35424,4775.0,1737647306999.0,1691.48964,29.0,4235.0,1500.20544
2025-01-23 15:48:27+00:00,1737647307000.0,0.35424,0.35435,0.35424,0.35435,3028.0,1737647307999.0,1072.80168,75.0,2432.0,861.60908
2025-01-23 15:48:28+00:00,1737647308000.0,0.35436,0.35436,0.35436,0.35436,3540.0,1737647308999.0,1254.4344,3.0,3540.0,1254.4344
2025-01-23 15:48:29+00:00,1737647309000.0,0.35436,0.35436,0.35435,0.35435,529.0,1737647309999.0,187.45367,6.0,252.0,89.29872
2025-01-23 15:48:30+00:00,1737647310000.0,0.35436,0.35441,0.35436,0.35441,49229.0,1737647310999.0,17444.80911,50.0,49229.0,17444.80911
2025-01-23 15:48:31+00:00,1737647311000.0,0.35442,0.35442,0.35439,0.35439,256.0,1737647311999.0,90.7257,17.0,232.0,82.21986
2025-01-23 15:48:32+00:00,1737647312000.0,0.35438,0.35438,0.35432,0.35432,10502.0,1737647312999.0,3721.64272,36.0,54.0,19.13382
2025-01-23 15:48:33+00:00,1737647313000.0,0.35433,0.35453,0.35433,0.35453,5114.0,1737647313999.0,1812.72511,135.0,5114.0,1812.72511
2025-01-23 15:48:34+00:00,1737647314000.0,0.35454,0.35455,0.35454,0.35455,1071.0,1737647314999.0,379.72259,17.0,1071.0,379.72259
2025-01-23 15:48:35+00:00,1737647315000.0,0.35455,0.35455,0.35454,0.35454,854.0,1737647315999.0,302.78035,10.0,0.0,0.0
2025-01-23 15:48:36+00:00,1737647316000.0,0.35453,0.35454,0.35453,0.35454,40100.0,1737647316999.0,14216.77311,22.0,39538.0,14017.52725
2025-01-23 15:48:37+00:00,1737647317000.0,0.35454,0.35454,0.35451,0.35451,1118.0,1737647317999.0,396.35886,10.0,547.0,193.93338
2025-01-23 15:48:38+00:00,1737647318000.0,0.3545,0.3545,0.35447,0.35447,1163.0,1737647318999.0,412.2611,22.0,927.0,328.60296
2025-01-23 15:48:39+00:00,1737647319000.0,0.35447,0.35447,0.35442,0.35443,2795.0,1737647319999.0,990.64841,23.0,1286.0,455.79722
2025-01-23 15:48:40+00:00,1737647320000.0,0.35442,0.35443,0.35442,0.35443,12814.0,1737647320999.0,4541.54373,9.0,585.0,207.34155
2025-01-23 15:48:41+00:00,1737647321000.0,0.35443,0.35454,0.35443,0.35446,1586.0,1737647321999.0,562.20167,91.0,581.0,205.9631
2025-01-23 15:48:42+00:00,1737647322000.0,0.35446,0.35452,0.35446,0.35452,985.0,1737647322999.0,349.19033,46.0,872.0,309.12957
2025-01-23 15:48:43+00:00,1737647323000.0,0.35453,0.35453,0.35445,0.35445,1647.0,1737647323999.0,583.82073,30.0,487.0,172.65611
2025-01-23 15:48:44+00:00,1737647324000.0,0.35445,0.35448,0.35445,0.35447,2282.0,1737647324999.0,808.89657,21.0,1233.0,437.06064
2025-01-23 15:48:45+00:00,1737647325000.0,0.35446,0.35446,0.35436,0.35436,49835.0,1737647325999.0,17662.23277,59.0,4.0,1.41784
2025-01-23 15:48:46+00:00,1737647326000.0,0.35437,0.35447,0.35437,0.35447,2061.0,1737647326999.0,730.43133,66.0,2061.0,730.43133
2025-01-23 15:48:47+00:00,1737647327000.0,0.35448,0.35454,0.35448,0.35454,771.0,1737647327999.0,273.32775,48.0,520.0,184.34574
2025-01-23 15:48:48+00:00,1737647328000.0,0.35454,0.3546,0.35454,0.3546,33788.0,1737647328999.0,11980.08965,53.0,33023.0,11708.86415
2025-01-23 15:48:49+00:00,1737647329000.0,0.35459,0.3546,0.35459,0.35459,4594.0,1737647329999.0,1628.98759,12.0,113.0,40.0698
2025-01-23 15:48:50+00:00,1737647330000.0,0.3546,0.3546,0.35459,0.3546,15163.0,1737647330999.0,5376.65152,9.0,335.0,118.791
2025-01-23 15:48:51+00:00,1737647331000.0,0.3546,0.3546,0.35454,0.35455,3821.0,1737647331999.0,1354.86936,24.0,3024.0,1072.27256
2025-01-23 15:48:52+00:00,1737647332000.0,0.35454,0.35456,0.35454,0.35456,5170.0,1737647332999.0,1833.02274,12.0,5085.0,1802.88684
2025-01-23 15:48:53+00:00,1737647333000.0,0.35456,0.35466,0.35456,0.35466,14152.0,1737647333999.0,5018.67359,62.0,11896.0,4218.78623
2025-01-23 15:48:54+00:00,1737647334000.0,0.35466,0.35473,0.35466,0.35466,2890.0,1737647334999.0,1025.03638,72.0,2745.0,973.60789
2025-01-23 15:48:55+00:00,1737647335000.0,0.35466,0.35473,0.35461,0.35473,32026.0,1737647335999.0,11356.99844,104.0,31151.0,11046.68967
2025-01-23 15:48:56+00:00,1737647336000.0,0.35472,0.35481,0.35472,0.35481,1700.0,1737647336999.0,603.13107,65.0,1700.0,603.13107
2025-01-23 15:48:57+00:00,1737647337000.0,0.3548,0.3548,0.35476,0.35478,702.0,1737647337999.0,249.05955,17.0,143.0,50.73268
2025-01-23 15:48:58+00:00,1737647338000.0,0.35479,0.3548,0.35478,0.3548,11374.0,1737647338999.0,4035.48609,19.0,562.0,199.39216
2025-01-23 15:48:59+00:00,1737647339000.0,0.35481,0.35487,0.35481,0.35487,4001.0,1737647339999.0,1419.67781,46.0,4001.0,1419.67781
2025-01-23 15:49:00+00:00,1737647340000.0,0.35488,0.35492,0.35453,0.35459,507319.0,1737647340999.0,179993.52974,238.0,35439.0,12577.0254
2025-01-23 15:49:01+00:00,1737647341000.0,0.35454,0.35458,0.35447,0.35458,65484.0,1737647341999.0,23215.67648,88.0,55123.0,19542.4993
2025-01-23 15:49:02+00:00,1737647342000.0,0.35458,0.35458,0.35444,0.35445,54376.0,1737647342999.0,19278.24538,109.0,3824.0,1355.85639
2025-01-23 15:49:03+00:00,1737647343000.0,0.35445,0.35453,0.35445,0.35452,32772.0,1737647343999.0,11617.2228,69.0,32664.0,11578.93464
2025-01-23 15:49:04+00:00,1737647344000.0,0.35453,0.35457,0.35453,0.35457,1560.0,1737647344999.0,553.09407,37.0,1555.0,551.32137
2025-01-23 15:49:05+00:00,1737647345000.0,0.35458,0.35458,0.35447,0.35447,5052.0,1737647345999.0,1791.21146,56.0,92.0,32.62136
2025-01-23 15:49:06+00:00,1737647346000.0,0.35447,0.35448,0.35446,0.35447,4243.0,1737647346999.0,1504.01597,10.0,3940.0,1396.61184
2025-01-23 15:49:07+00:00,1737647347000.0,0.35447,0.35447,0.35439,0.35439,4548.0,1737647347999.0,1611.93896,47.0,30.0,10.6341
2025-01-23 15:49:08+00:00,1737647348000.0,0.35439,0.35444,0.35431,0.35431,269073.0,1737647348999.0,95358.27282,94.0,227773.0,80723.71454
2025-01-23 15:49:09+00:00,1737647349000.0,0.35431,0.35431,0.35421,0.35421,49073.0,1737647349999.0,17385.92707,48.0,10391.0,3680.70002
2025-01-23 15:49:10+00:00,1737647350000.0,0.35421,0.35421,0.3542,0.3542,1574.0,1737647350999.0,557.51089,10.0,69.0,24.4398
2025-01-23 15:49:11+00:00,1737647351000.0,0.3542,0.35425,0.3542,0.35424,1582.0,1737647351999.0,560.38869,34.0,673.0,238.38453
2025-01-23 15:49:12+00:00,1737647352000.0,0.35424,0.35424,0.35423,0.35423,1009.0,1737647352999.0,357.41816,4.0,1000.0,354.23
2025-01-23 15:49:13+00:00,1737647353000.0,0.35423,0.35423,0.35422,0.35422,1150.0,1737647353999.0,407.35921,7.0,621.0,219.97683
2025-01-23 15:49:14+00:00,1737647354000.0,0.35423,0.35425,0.35423,0.35425,2084.0,1737647354999.0,738.21612,18.0,2084.0,738.21612
2025-01-23 15:49:15+00:00,1737647355000.0,0.35426,0.35426,0.35424,0.35424,582.0,1737647355999.0,206.17905,13.0,564.0,199.80264
2025-01-23 15:49:16+00:00,1737647356000.0,0.35424,0.35432,0.35424,0.35431,65126.0,1737647356999.0,23071.99843,71.0,49828.0,17651.76405
2025-01-23 15:49:17+00:00,1737647357000.0,0.35432,0.35434,0.35431,0.35434,4274.0,1737647357999.0,1514.33477,39.0,1069.0,378.76928
2025-01-23 15:49:18+00:00,1737647358000.0,0.35434,0.35435,0.35434,0.35435,49.0,1737647358999.0,17.36293,2.0,27.0,9.56745
2025-01-23 15:49:19+00:00,1737647359000.0,0.35434,0.35434,0.35426,0.35426,325.0,1737647359999.0,115.14436,59.0,0.0,0.0
2025-01-23 15:49:20+00:00,1737647360000.0,0.35425,0.35425,0.3542,0.3542,1913.0,1737647360999.0,677.65073,45.0,2.0,0.70848
2025-01-23 15:49:21+00:00,1737647361000.0,0.35419,0.35419,0.35416,0.35418,15184.0,1737647361999.0,5377.72718,56.0,14267.0,5052.94829
2025-01-23 15:49:22+00:00,1737647362000.0,0.35418,0.35418,0.35418,0.35418,6.0,1737647362999.0,2.12508,2.0,6.0,2.12508
2025-01-23 15:49:23+00:00,1737647363000.0,0.35418,0.35427,0.35417,0.35427,894.0,1737647363999.0,316.65411,65.0,814.0,288.32051
2025-01-23 15:49:24+00:00,1737647364000.0,0.35427,0.35427,0.35427,0.35427,221.0,1737647364999.0,78.29367,7.0,221.0,78.29367
2025-01-23 15:49:25+00:00,1737647365000.0,0.35426,0.35426,0.35426,0.35426,103.0,1737647365999.0,36.48878,6.0,0.0,0.0
2025-01-23 15:49:26+00:00,1737647366000.0,0.35427,0.3543,0.35426,0.3543,1206.0,1737647366999.0,427.25596,28.0,842.0,298.30532
2025-01-23 15:49:27+00:00,1737647367000.0,0.3543,0.35451,0.3543,0.35451,115035.0,1737647367999.0,40767.60398,166.0,114033.0,40412.42844
2025-01-23 15:49:28+00:00,1737647368000.0,0.35452,0.35452,0.35431,0.35431,23239.0,1737647368999.0,8237.8206,165.0,2922.0,1035.89079
2025-01-23 15:49:29+00:00,1737647369000.0,0.35432,0.35433,0.35432,0.35433,25013.0,1737647369999.0,8862.63341,17.0,25013.0,8862.63341
2025-01-23 15:49:30+00:00,1737647370000.0,0.35433,0.35435,0.35427,0.35427,2751.0,1737647370999.0,974.72527,84.0,1263.0,447.5383
2025-01-23 15:49:31+00:00,1737647371000.0,0.35426,0.35426,0.35422,0.35422,3135.0,1737647371999.0,1110.48473,39.0,56.0,19.83632
2025-01-23 15:49:32+00:00,1737647372000.0,0.35421,0.35421,0.35419,0.35419,4627.0,1737647372999.0,1638.90225,32.0,1047.0,370.83693
2025-01-23 15:49:33+00:00,1737647373000.0,0.35418,0.35419,0.35418,0.35419,69.0,1737647373999.0,24.43846,3.0,4.0,1.41676
2025-01-23 15:49:34+00:00,1737647374000.0,0.35419,0.3542,0.35418,0.3542,1045.0,1737647374999.0,370.12799,26.0,974.0,344.98121
2025-01-23 15:49:35+00:00,1737647375000.0,0.3542,0.3542,0.35418,0.35419,143.0,1737647375999.0,50.64873,14.0,46.0,16.29274
2025-01-23 15:49:36+00:00,1737647376000.0,0.35419,0.35419,0.354,0.354,312355.0,1737647376999.0,110577.33725,162.0,2794.0,989.20825
2025-01-23 15:49:37+00:00,1737647377000.0,0.354,0.354,0.35397,0.35397,89300.0,1737647377999.0,31612.14144,36.0,246.0,87.07908
2025-01-23 15:49:38+00:00,1737647378000.0,0.35397,0.35403,0.35391,0.35403,169504.0,1737647378999.0,59996.45469,103.0,124559.0,44087.37925
2025-01-23 15:49:39+00:00,1737647379000.0,0.35397,0.35406,0.35397,0.35405,2847.0,1737647379999.0,1007.82379,56.0,1407.0,498.09635
2025-01-23 15:49:40+00:00,1737647380000.0,0.35406,0.3541,0.35406,0.35409,11250.0,1737647380999.0,3983.44413,42.0,10798.0,3823.39545
2025-01-23 15:49:41+00:00,1737647381000.0,0.3541,0.3541,0.35404,0.35407,21235.0,1737647381999.0,7518.71868,42.0,139.0,49.21473
2025-01-23 15:49:42+00:00,1737647382000.0,0.35406,0.35406,0.35406,0.35406,142.0,1737647382999.0,50.27652,3.0,0.0,0.0
2025-01-23 15:49:43+00:00,1737647383000.0,0.35407,0.35407,0.35399,0.35399,1376.0,1737647383999.0,487.13587,30.0,101.0,35.76107
2025-01-23 15:49:44+00:00,1737647384000.0,0.354,0.35407,0.354,0.35407,20715.0,1737647384999.0,7334.44536,53.0,20585.0,7288.41756
2025-01-23 15:49:45+00:00,1737647385000.0,0.35407,0.35407,0.35407,0.35407,11224.0,1737647385999.0,3974.08168,20.0,11224.0,3974.08168
2025-01-23 15:49:46+00:00,1737647386000.0,0.35407,0.35407,0.35405,0.35405,2442.0,1737647386999.0,864.61318,20.0,417.0,147.64627
2025-01-23 15:49:47+00:00,1737647387000.0,0.35404,0.35404,0.35393,0.35393,12407.0,1737647387999.0,4391.58414,39.0,11850.0,4194.426
2025-01-23 15:49:48+00:00,1737647388000.0,0.35392,0.35398,0.35391,0.35398,1078.0,1737647388999.0,381.55206,62.0,893.0,316.0784
2025-01-23 15:49:49+00:00,1737647389000.0,0.35398,0.35398,0.3539,0.3539,15689.0,1737647389999.0,5552.93199,33.0,67.0,23.71264
2025-01-23 15:49:50+00:00,1737647390000.0,0.35391,0.35391,0.35391,0.35391,59.0,1737647390999.0,20.88069,6.0,59.0,20.88069
2025-01-23 15:49:51+00:00,1737647391000.0,0.35391,0.35391,0.3539,0.3539,663.0,1737647391999.0,234.64198,4.0,628.0,222.25548
2025-01-23 15:49:52+00:00,1737647392000.0,0.35391,0.35395,0.35391,0.35395,599.0,1737647392999.0,212.00696,30.0,599.0,212.00696
2025-01-23 15:49:53+00:00,1737647393000.0,0.35394,0.35394,0.35385,0.35386,41939.0,1737647393999.0,14841.61353,121.0,15647.0,5536.93844
2025-01-23 15:49:54+00:00,1737647394000.0,0.35386,0.35387,0.35386,0.35387,524.0,1737647394999.0,185.42765,14.0,524.0,185.42765
2025-01-23 15:49:55+00:00,1737647395000.0,0.35387,0.35389,0.35386,0.35389,19260.0,1737647395999.0,6815.49967,42.0,14626.0,5175.71184
2025-01-23 15:49:56+00:00,1737647396000.0,0.3539,0.35393,0.3539,0.35393,6834.0,1737647396999.0,2418.74059,29.0,884.0,312.85709
2025-01-23 15:49:57+00:00,1737647397000.0,0.35394,0.35394,0.35385,0.35385,17118.0,1737647397999.0,6058.22345,100.0,8636.0,3056.53842
2025-01-23 15:49:58+00:00,1737647398000.0,0.35385,0.35386,0.35384,0.35384,3675.0,1737647398999.0,1300.40504,27.0,838.0,296.53468
2025-01-23 15:49:59+00:00,1737647399000.0,0.35384,0.35389,0.35384,0.35389,14732.0,1737647399999.0,5212.78393,42.0,14732.0,5212.78393
2025-01-23 15:50:00+00:00,1737647400000.0,0.35389,0.35394,0.35389,0.35394,13504.0,1737647400999.0,4778.95613,46.0,702.0,248.45635
2025-01-23 15:50:01+00:00,1737647401000.0,0.35395,0.35399,0.35395,0.35399,2600.0,1737647401999.0,920.32618,42.0,2600.0,920.32618
2025-01-23 15:50:02+00:00,1737647402000.0,0.35399,0.35399,0.35398,0.35399,2016.0,1737647402999.0,713.62963,8.0,595.0,210.62405
2025-01-23 15:50:03+00:00,1737647403000.0,0.35398,0.35398,0.35385,0.3539,16545.0,1737647403999.0,5855.27453,127.0,3990.0,1412.04817
2025-01-23 15:50:04+00:00,1737647404000.0,0.35389,0.35399,0.35389,0.35398,5604.0,1737647404999.0,1983.57824,67.0,4815.0,1704.31763
2025-01-23 15:50:05+00:00,1737647405000.0,0.35398,0.35411,0.35398,0.35411,20166.0,1737647405999.0,7140.06106,96.0,20166.0,7140.06106
2025-01-23 15:50:06+00:00,1737647406000.0,0.35411,0.35411,0.35408,0.35409,5106.0,1737647406999.0,1808.02038,41.0,38.0,13.45542
2025-01-23 15:50:07+00:00,1737647407000.0,0.35408,0.35411,0.35408,0.35411,160.0,1737647407999.0,56.65479,25.0,97.0,34.34727
2025-01-23 15:50:08+00:00,1737647408000.0,0.35411,0.35411,0.3541,0.35411,6318.0,1737647408999.0,2237.26675,24.0,4932.0,1746.47052
2025-01-23 15:50:09+00:00,1737647409000.0,0.35411,0.35411,0.354,0.354,43570.0,1737647409999.0,15428.01797,80.0,28.0,9.9148
2025-01-23 15:50:10+00:00,1737647410000.0,0.35401,0.35401,0.35398,0.354,27268.0,1737647410999.0,9652.62057,42.0,19355.0,6851.57081
2025-01-23 15:50:11+00:00,1737647411000.0,0.354,0.354,0.35399,0.354,15038.0,1737647411999.0,5323.302,17.0,20.0,7.08
2025-01-23 15:50:12+00:00,1737647412000.0,0.354,0.35408,0.354,0.354,5297.0,1737647412999.0,1875.45632,98.0,4956.0,1754.7289
2025-01-23 15:50:13+00:00,1737647413000.0,0.35399,0.35401,0.35399,0.35401,190.0,1737647413999.0,67.25852,11.0,30.0,10.62012
2025-01-23 15:50:14+00:00,1737647414000.0,0.35402,0.35406,0.35388,0.35388,5435.0,1737647414999.0,1923.86303,154.0,213.0,75.41181
2025-01-23 15:50:15+00:00,1737647415000.0,0.35388,0.35388,0.35382,0.35383,23403.0,1737647415999.0,8280.71835,82.0,20353.0,7201.50199
2025-01-23 15:50:16+00:00,1737647416000.0,0.35382,0.35389,0.35382,0.35389,4814.0,1737647416999.0,1703.36236,55.0,3460.0,1224.29008
2025-01-23 15:50:17+00:00,1737647417000.0,0.35389,0.35401,0.35387,0.35401,80756.0,1737647417999.0,28582.06536,103.0,24748.0,8760.27498
2025-01-23 15:50:18+00:00,1737647418000.0,0.354,0.354,0.35391,0.35391,2266.0,1737647418999.0,802.1402,67.0,1420.0,502.67984
2025-01-23 15:50:19+00:00,1737647419000.0,0.3539,0.35391,0.35385,0.35385,1836.0,1737647419999.0,649.74862,51.0,1370.0,484.84331
2025-01-23 15:50:20+00:00,1737647420000.0,0.35384,0.3539,0.35384,0.3539,9625.0,1737647420999.0,3406.1985,41.0,9580.0,3390.2757
2025-01-23 15:50:21+00:00,1737647421000.0,0.35389,0.3539,0.35387,0.35387,1221.0,1737647421999.0,432.10325,30.0,395.0,139.7905
2025-01-23 15:50:22+00:00,1737647422000.0,0.35387,0.35387,0.35385,0.35385,208.0,1737647422999.0,73.60118,11.0,10.0,3.5387
2025-01-23 15:50:23+00:00,1737647423000.0,0.35386,0.35386,0.35372,0.35372,23298.0,1737647423999.0,8242.72588,108.0,14205.0,5025.73338
2025-01-23 15:50:24+00:00,1737647424000.0,0.35372,0.35378,0.35372,0.35378,51353.0,1737647424999.0,18166.91934,62.0,51335.0,18160.55238
2025-01-23 15:50:25+00:00,1737647425000.0,0.35377,0.35377,0.35372,0.35372,14438.0,1737647425999.0,5107.01387,40.0,14199.0,5022.47028
2025-01-23 15:50:26+00:00,1737647426000.0,0.35372,0.35372,0.35371,0.35372,23424.0,1737647426999.0,8285.53591,21.0,23287.0,8237.07764
2025-01-23 15:50:27+00:00,1737647427000.0,0.35372,0.35372,0.35371,0.35372,1781.0,1737647427999.0,629.97482,10.0,1731.0,612.28932
2025-01-23 15:50:28+00:00,1737647428000.0,0.35372,0.35372,0.35366,0.35366,12781.0,1737647428999.0,4520.41697,47.0,204.0,72.15888
2025-01-23 15:50:29+00:00,1737647429000.0,0.35366,0.35367,0.35366,0.35366,20518.0,1737647429999.0,7256.53791,21.0,14203.0,5023.17501
2025-01-23 15:50:30+00:00,1737647430000.0,0.35367,0.35368,0.35367,0.35368,6280.0,1737647430999.0,2221.0909,24.0,4913.0,1737.62401
2025-01-23 15:50:31+00:00,1737647431000.0,0.35368,0.35379,0.35368,0.35379,6146.0,1737647431999.0,2173.98718,86.0,6146.0,2173.98718
2025-01-23 15:50:32+00:00,1737647432000.0,0.35379,0.35401,0.35379,0.35401,33066.0,1737647432999.0,11703.28701,167.0,31137.0,11020.5622
2025-01-23 15:50:33+00:00,1737647433000.0,0.35401,0.35402,0.35401,0.35402,1865.0,1737647433999.0,660.24615,8.0,1750.0,619.535
2025-01-23 15:50:34+00:00,1737647434000.0,0.35401,0.35401,0.35395,0.35401,9418.0,1737647434999.0,3333.65881,92.0,6599.0,2335.84486
2025-01-23 15:50:35+00:00,1737647435000.0,0.35402,0.3541,0.35402,0.3541,11651.0,1737647435999.0,4125.08565,71.0,10601.0,3753.31115
2025-01-23 15:50:36+00:00,1737647436000.0,0.35409,0.3541,0.35407,0.35407,868.0,1737647436999.0,307.3495,16.0,87.0,30.8067
2025-01-23 15:50:37+00:00,1737647437000.0,0.35408,0.35408,0.35408,0.35408,126.0,1737647437999.0,44.61408,8.0,22.0,7.78976
2025-01-23 15:50:38+00:00,1737647438000.0,0.35408,0.35408,0.354,0.35402,22053.0,1737647438999.0,7807.22831,83.0,48.0,16.99266
2025-01-23 15:50:39+00:00,1737647439000.0,0.35403,0.35416,0.35403,0.35416,23471.0,1737647439999.0,8311.89755,100.0,23461.0,8308.35695
2025-01-23 15:50:40+00:00,1737647440000.0,0.35416,0.35421,0.35416,0.35421,8564.0,1737647440999.0,3033.26408,54.0,8564.0,3033.26408
2025-01-23 15:50:41+00:00,1737647441000.0,0.35422,0.35427,0.35422,0.35427,24173.0,1737647441999.0,8563.37778,49.0,24173.0,8563.37778
2025-01-23 15:50:42+00:00,1737647442000.0,0.35427,0.35437,0.35427,0.35436,31606.0,1737647442999.0,11199.35308,91.0,29463.0,10439.9596
2025-01-23 15:50:43+00:00,1737647443000.0,0.35436,0.35436,0.35432,0.35432,1341.0,1737647443999.0,475.17574,34.0,0.0,0.0
2025-01-23 15:50:44+00:00,1737647444000.0,0.35432,0.35432,0.35427,0.35428,50626.0,1737647444999.0,17935.34781,67.0,49611.0,17575.73956
2025-01-23 15:50:45+00:00,1737647445000.0,0.35428,0.3543,0.35428,0.3543,308.0,1737647445999.0,109.12202,24.0,140.0,49.59962
2025-01-23 15:50:46+00:00,1737647446000.0,0.35431,0.35431,0.35428,0.35428,1526.0,1737647446999.0,540.67688,14.0,1517.0,537.48827
2025-01-23 15:50:47+00:00,1737647447000.0,0.35428,0.35429,0.35428,0.35429,292.0,1737647447999.0,103.44991,15.0,292.0,103.44991
2025-01-23 15:50:48+00:00,1737647448000.0,0.3543,0.35435,0.3543,0.35435,2595.0,1737647448999.0,919.48651,36.0,220.0,77.95276
2025-01-23 15:50:49+00:00,1737647449000.0,0.35434,0.35434,0.3543,0.35431,5295.0,1737647449999.0,1876.07886,17.0,148.0,52.43788
2025-01-23 15:50:50+00:00,1737647450000.0,0.3543,0.3543,0.35425,0.35425,3432.0,1737647450999.0,1215.82072,14.0,0.0,0.0
2025-01-23 15:50:51+00:00,1737647451000.0,0.35426,0.3543,0.35426,0.3543,830.0,1737647451999.0,294.05974,32.0,830.0,294.05974
2025-01-23 15:50:52+00:00,1737647452000.0,0.3543,0.35434,0.35427,0.35427,1985.0,1737647452999.0,703.31439,45.0,668.0,236.6876
2025-01-23 15:50:53+00:00,1737647453000.0,0.35426,0.35426,0.35419,0.3542,18061.0,1737647453999.0,6397.27153,26.0,16875.0,5977.1292
2025-01-23 15:50:54+00:00,1737647454000.0,0.35419,0.35419,0.35418,0.35418,11227.0,1737647454999.0,3976.48969,12.0,51.0,18.06318
2025-01-23 15:50:55+00:00,1737647455000.0,0.35417,0.35417,0.35408,0.35408,2309.0,1737647455999.0,817.63224,21.0,301.0,106.59012
2025-01-23 15:50:56+00:00,1737647456000.0,0.35409,0.35409,0.354,0.354,27214.0,1737647456999.0,9634.09506,27.0,255.0,90.29295
2025-01-23 15:50:57+00:00,1737647457000.0,0.35399,0.35399,0.35388,0.35388,3731.0,1737647457999.0,1320.60568,16.0,811.0,287.04372
2025-01-23 15:50:58+00:00,1737647458000.0,0.35387,0.35387,0.35385,0.35386,651.0,1737647458999.0,230.36378,18.0,384.0,135.88224
2025-01-23 15:50:59+00:00,1737647459000.0,0.35387,0.35393,0.35387,0.35392,1625.0,1737647459999.0,575.10303,46.0,1625.0,575.10303
2025-01-23 15:51:00+00:00,1737647460000.0,0.35388,0.35388,0.35387,0.35387,268.0,1737647460999.0,94.83953,7.0,209.0,73.96092
2025-01-23 15:51:01+00:00,1737647461000.0,0.35388,0.35393,0.35386,0.35386,1374.0,1737647461999.0,486.25125,38.0,662.0,234.28992
2025-01-23 15:51:02+00:00,1737647462000.0,0.35385,0.35385,0.35369,0.35369,11583.0,1737647462999.0,4097.02883,28.0,5686.0,2011.08198
2025-01-23 15:51:03+00:00,1737647463000.0,0.35369,0.35369,0.35368,0.35368,230.0,1737647463999.0,81.34841,6.0,201.0,71.09169
2025-01-23 15:51:04+00:00,1737647464000.0,0.35369,0.3537,0.35368,0.3537,440.0,1737647464999.0,155.62358,20.0,412.0,145.72054
2025-01-23 15:51:05+00:00,1737647465000.0,0.35371,0.35371,0.3537,0.35371,2906.0,1737647465999.0,1027.85402,10.0,182.0,64.37522
2025-01-23 15:51:06+00:00,1737647466000.0,0.3537,0.3537,0.35369,0.3537,1725.0,1737647466999.0,610.13145,6.0,1206.0,426.5622
2025-01-23 15:51:07+00:00,1737647467000.0,0.3537,0.35371,0.3537,0.3537,835.0,1737647467999.0,295.34492,17.0,764.0,270.23222
2025-01-23 15:51:08+00:00,1737647468000.0,0.35369,0.35369,0.35368,0.35369,1332.0,1737647468999.0,471.11466,7.0,276.0,97.61844
2025-01-23 15:51:09+00:00,1737647469000.0,0.35369,0.35369,0.35368,0.35368,905.0,1737647469999.0,320.08379,8.0,339.0,119.90091
2025-01-23 15:51:10+00:00,1737647470000.0,0.35368,0.35368,0.35362,0.35362,28807.0,1737647470999.0,10187.34089,26.0,0.0,0.0
2025-01-23 15:51:11+00:00,1737647471000.0,0.35362,0.35367,0.35362,0.35367,1671.0,1737647471999.0,590.9445,36.0,1612.0,570.08092
2025-01-23 15:51:12+00:00,1737647472000.0,0.35368,0.35374,0.35368,0.35374,1785.0,1737647472999.0,631.39729,51.0,801.0,283.33073
2025-01-23 15:51:13+00:00,1737647473000.0,0.35373,0.35374,0.35373,0.35374,233.0,1737647473999.0,82.41927,9.0,18.0,6.36732
2025-01-23 15:51:14+00:00,1737647474000.0,0.35374,0.35374,0.35373,0.35373,199.0,1737647474999.0,70.39423,2.0,0.0,0.0
2025-01-23 15:51:15+00:00,1737647475000.0,0.3537,0.3537,0.35369,0.35369,1013.0,1737647475999.0,358.29447,5.0,332.0,117.42508
2025-01-23 15:51:16+00:00,1737647476000.0,0.35369,0.35369,0.35365,0.35365,149.0,1737647476999.0,52.69677,7.0,31.0,10.96439
2025-01-23 15:51:17+00:00,1737647477000.0,0.35365,0.35365,0.35353,0.35353,9104.0,1737647477999.0,3219.00245,58.0,110.0,38.898
2025-01-23 15:51:18+00:00,1737647478000.0,0.35352,0.35352,0.35347,0.35347,1044.0,1737647478999.0,369.0341,18.0,665.0,235.06413
2025-01-23 15:51:19+00:00,1737647479000.0,0.35347,0.35348,0.35345,0.35345,1009.0,1737647479999.0,356.64263,25.0,304.0,107.45628
2025-01-23 15:51:20+00:00,1737647480000.0,0.35344,0.35344,0.35342,0.35342,512.0,1737647480999.0,180.96064,6.0,0.0,0.0
2025-01-23 15:51:21+00:00,1737647481000.0,0.3534,0.3534,0.35337,0.35338,3345.0,1737647481999.0,1182.05792,15.0,2889.0,1020.91482
2025-01-23 15:51:22+00:00,1737647482000.0,0.35337,0.35339,0.35337,0.35338,5172.0,1737647482999.0,1827.68213,13.0,108.0,38.16588
2025-01-23 15:51:23+00:00,1737647483000.0,0.35338,0.35338,0.35337,0.35338,14936.0,1737647483999.0,5278.08098,15.0,14659.0,5180.19742
2025-01-23 15:51:24+00:00,1737647484000.0,0.35337,0.35337,0.35336,0.35336,31001.0,1737647484999.0,10954.79779,25.0,2525.0,892.234
2025-01-23 15:51:25+00:00,1737647485000.0,0.35335,0.35335,0.35331,0.35331,7373.0,1737647485999.0,2605.1619,52.0,1094.0,386.52126
2025-01-23 15:51:26+00:00,1737647486000.0,0.35331,0.35333,0.35331,0.35332,116.0,1737647486999.0,40.98522,21.0,116.0,40.98522
2025-01-23 15:51:27+00:00,1737647487000.0,0.35332,0.35332,0.35332,0.35332,0.0,1737647487999.0,0.0,0.0,0.0,0.0
2025-01-23 15:51:28+00:00,1737647488000.0,0.3533,0.35331,0.3533,0.35331,1994.0,1737647488999.0,704.49733,7.0,1713.0,605.22003
2025-01-23 15:51:29+00:00,1737647489000.0,0.3533,0.35331,0.35324,0.35324,22280.0,1737647489999.0,7870.91372,50.0,1607.0,567.76917
2025-01-23 15:51:30+00:00,1737647490000.0,0.35324,0.35324,0.35323,0.35324,5572.0,1737647490999.0,1968.2531,15.0,5554.0,1961.89496
2025-01-23 15:51:31+00:00,1737647491000.0,0.35325,0.35327,0.35325,0.35327,1424.0,1737647491999.0,503.05597,16.0,42.0,14.83683
2025-01-23 15:51:32+00:00,1737647492000.0,0.35327,0.35327,0.35322,0.35322,25118.0,1737647492999.0,8872.42673,36.0,0.0,0.0
2025-01-23 15:51:33+00:00,1737647493000.0,0.35322,0.35322,0.3532,0.35322,650.0,1737647493999.0,229.58502,39.0,85.0,30.02305
2025-01-23 15:51:34+00:00,1737647494000.0,0.35323,0.35333,0.35323,0.35333,16215.0,1737647494999.0,5728.1939,89.0,15492.0,5472.77246
2025-01-23 15:51:35+00:00,1737647495000.0,0.35333,0.35335,0.35329,0.3533,101900.0,1737647495999.0,36004.109,62.0,2609.0,921.83462
2025-01-23 15:51:36+00:00,1737647496000.0,0.3533,0.3533,0.35327,0.35327,1899.0,1737647496999.0,670.90201,35.0,1156.0,408.4148
2025-01-23 15:51:37+00:00,1737647497000.0,0.35328,0.35333,0.35326,0.35326,50219.0,1737647497999.0,17742.80075,79.0,47729.0,16863.04064
2025-01-23 15:51:38+00:00,1737647498000.0,0.35325,0.35325,0.35319,0.35322,2548.0,1737647498999.0,900.01786,55.0,1280.0,452.12109
2025-01-23 15:51:39+00:00,1737647499000.0,0.35321,0.35321,0.35313,0.35313,1864.0,1737647499999.0,658.30052,90.0,64.0,22.60288
2025-01-23 15:51:40+00:00,1737647500000.0,0.35313,0.35313,0.35312,0.35313,1274.0,1737647500999.0,449.88681,11.0,1193.0,421.28409
2025-01-23 15:51:41+00:00,1737647501000.0,0.35313,0.35314,0.35313,0.35314,36.0,1737647501999.0,12.71286,12.0,36.0,12.71286
2025-01-23 15:51:42+00:00,1737647502000.0,0.35314,0.35326,0.35314,0.35326,13901.0,1737647502999.0,4910.20494,76.0,12796.0,4519.91225
2025-01-23 15:51:43+00:00,1737647503000.0,0.35326,0.35326,0.35325,0.35325,498.0,1737647503999.0,175.91865,7.0,15.0,5.2989
2025-01-23 15:51:44+00:00,1737647504000.0,0.35325,0.35325,0.35314,0.35314,23037.0,1737647504999.0,8135.78067,73.0,1299.0,458.77189
2025-01-23 15:51:45+00:00,1737647505000.0,0.35314,0.35318,0.35314,0.35318,2533.0,1737647505999.0,894.58969,43.0,2393.0,845.15009
2025-01-23 15:51:46+00:00,1737647506000.0,0.35319,0.35322,0.35319,0.35322,719.0,1737647506999.0,253.94637,29.0,719.0,253.94637
2025-01-23 15:51:47+00:00,1737647507000.0,0.35322,0.35325,0.35322,0.35325,3012.0,1737647507999.0,1063.90258,33.0,417.0,147.29668
2025-01-23 15:51:48+00:00,1737647508000.0,0.35325,0.35327,0.35325,0.35327,38495.0,1737647508999.0,13599.11255,57.0,38240.0,13509.02886
2025-01-23 15:51:49+00:00,1737647509000.0,0.35328,0.35328,0.35323,0.35323,3023.0,1737647509999.0,1067.94793,26.0,2445.0,863.7696
2025-01-23 15:51:50+00:00,1737647510000.0,0.35322,0.35322,0.35312,0.35312,3970.0,1737647510999.0,1402.04425,68.0,1535.0,542.1034
2025-01-23 15:51:51+00:00,1737647511000.0,0.35311,0.35311,0.35303,0.35303,6536.0,1737647511999.0,2307.57479,113.0,175.0,61.78729
2025-01-23 15:51:52+00:00,1737647512000.0,0.35303,0.35309,0.35301,0.35309,70558.0,1737647512999.0,24908.97985,66.0,14451.0,5102.31071
2025-01-23 15:51:53+00:00,1737647513000.0,0.35309,0.35312,0.35309,0.35312,3462.0,1737647513999.0,1222.48852,28.0,3237.0,1143.03652
2025-01-23 15:51:54+00:00,1737647514000.0,0.35312,0.35312,0.35308,0.35308,789.0,1737647514999.0,278.5917,15.0,0.0,0.0
2025-01-23 15:51:55+00:00,1737647515000.0,0.35309,0.35309,0.35306,0.35306,989.0,1737647515999.0,349.19421,15.0,160.0,56.49158
2025-01-23 15:51:56+00:00,1737647516000.0,0.35306,0.35306,0.35302,0.35302,10774.0,1737647516999.0,3803.81951,24.0,74.0,26.12422
2025-01-23 15:51:57+00:00,1737647517000.0,0.35303,0.3531,0.35303,0.3531,1318.0,1737647517999.0,465.3411,53.0,1225.0,432.50838
2025-01-23 15:51:58+00:00,1737647518000.0,0.35311,0.35313,0.35311,0.35313,1171.0,1737647518999.0,413.50509,22.0,211.0,74.50989
2025-01-23 15:51:59+00:00,1737647519000.0,0.35313,0.35317,0.35313,0.35317,3555.0,1737647519999.0,1255.48605,33.0,3555.0,1255.48605
2025-01-23 15:52:00+00:00,1737647520000.0,0.35316,0.35316,0.35308,0.35308,815.0,1737647520999.0,287.79566,27.0,0.0,0.0
2025-01-23 15:52:01+00:00,1737647521000.0,0.35308,0.35308,0.35307,0.35308,1488.0,1737647521999.0,525.38117,12.0,1301.0,459.35708
2025-01-23 15:52:02+00:00,1737647522000.0,0.35309,0.35311,0.353,0.35301,121307.0,1737647522999.0,42829.16701,81.0,1141.0,402.81028
2025-01-23 15:52:03+00:00,1737647523000.0,0.353,0.353,0.35294,0.35294,76739.0,1737647523999.0,27088.52591,91.0,0.0,0.0
2025-01-23 15:52:04+00:00,1737647524000.0,0.35294,0.35294,0.35285,0.35285,6215.0,1737647524999.0,2193.21478,102.0,1625.0,573.495
2025-01-23 15:52:05+00:00,1737647525000.0,0.35285,0.35285,0.3527,0.3527,24518.0,1737647525999.0,8648.75681,158.0,7112.0,2508.67587
2025-01-23 15:52:06+00:00,1737647526000.0,0.35269,0.35269,0.35256,0.35266,35376.0,1737647526999.0,12474.17147,176.0,3439.0,1212.78348
2025-01-23 15:52:07+00:00,1737647527000.0,0.35265,0.35265,0.35256,0.35263,7557.0,1737647527999.0,2664.34427,100.0,611.0,215.44155
2025-01-23 15:52:08+00:00,1737647528000.0,0.35263,0.35271,0.35263,0.35271,25480.0,1737647528999.0,8986.22533,72.0,25480.0,8986.22533
2025-01-23 15:52:09+00:00,1737647529000.0,0.35271,0.35275,0.35267,0.35267,6592.0,1737647529999.0,2325.2937,96.0,605.0,213.40346
2025-01-23 15:52:10+00:00,1737647530000.0,0.35267,0.35272,0.35267,0.35272,9406.0,1737647530999.0,3317.32696,39.0,8465.0,2985.45312
2025-01-23 15:52:11+00:00,1737647531000.0,0.35272,0.35284,0.35271,0.35284,22618.0,1737647531999.0,7979.8735,102.0,22615.0,7978.81537
2025-01-23 15:52:12+00:00,1737647532000.0,0.35284,0.35292,0.35284,0.35287,31960.0,1737647532999.0,11278.99694,85.0,542.0,191.2741
2025-01-23 15:52:13+00:00,1737647533000.0,0.35287,0.35292,0.35283,0.35291,7320.0,1737647533999.0,2582.7883,44.0,2679.0,945.26894
2025-01-23 15:52:14+00:00,1737647534000.0,0.35292,0.35292,0.3529,0.3529,997.0,1737647534999.0,351.85204,17.0,95.0,33.5274
2025-01-23 15:52:15+00:00,1737647535000.0,0.35289,0.35291,0.35289,0.35291,587.0,1737647535999.0,207.151,12.0,447.0,157.7464
2025-01-23 15:52:16+00:00,1737647536000.0,0.35292,0.35296,0.35292,0.35296,7795.0,1737647536999.0,2751.13391,18.0,7595.0,2680.54191
2025-01-23 15:52:17+00:00,1737647537000.0,0.35297,0.35309,0.35297,0.35309,94189.0,1737647537999.0,33250.96012,59.0,94189.0,33250.96012
2025-01-23 15:52:18+00:00,1737647538000.0,0.35308,0.35308,0.35308,0.35308,82.0,1737647538999.0,28.95256,8.0,64.0,22.59712
2025-01-23 15:52:19+00:00,1737647539000.0,0.35308,0.35319,0.35308,0.35319,11793.0,1737647539999.0,4164.29302,29.0,11720.0,4138.51088
2025-01-23 15:52:20+00:00,1737647540000.0,0.35318,0.35318,0.35309,0.35309,6719.0,1737647540999.0,2372.79055,60.0,141.0,49.79556
2025-01-23 15:52:21+00:00,1737647541000.0,0.35309,0.35314,0.35309,0.35314,1443.0,1737647541999.0,509.55787,13.0,521.0,183.98543
2025-01-23 15:52:22+00:00,1737647542000.0,0.35315,0.35318,0.35315,0.35317,4043.0,1737647542999.0,1427.87273,11.0,666.0,235.21764
2025-01-23 15:52:23+00:00,1737647543000.0,0.35317,0.35317,0.35312,0.35312,7916.0,1737647543999.0,2795.31001,39.0,7318.0,2584.13216
2025-01-23 15:52:24+00:00,1737647544000.0,0.35311,0.35311,0.35305,0.35305,7125.0,1737647544999.0,2515.71024,40.0,0.0,0.0
2025-01-23 15:52:25+00:00,1737647545000.0,0.35304,0.35304,0.353,0.353,537.0,1737647545999.0,189.56632,37.0,292.0,103.076
2025-01-23 15:52:26+00:00,1737647546000.0,0.353,0.35313,0.353,0.35313,15542.0,1737647546999.0,5487.12585,43.0,5270.0,1860.49233
2025-01-23 15:52:27+00:00,1737647547000.0,0.35313,0.35314,0.35309,0.35309,8195.0,1737647547999.0,2893.90999,33.0,3618.0,1277.64583
2025-01-23 15:52:28+00:00,1737647548000.0,0.35309,0.35313,0.35309,0.35313,9330.0,1737647548999.0,3294.68569,12.0,880.0,310.73719
2025-01-23 15:52:29+00:00,1737647549000.0,0.35313,0.35313,0.3531,0.35311,516.0,1737647549999.0,182.20517,18.0,466.0,164.54926
2025-01-23 15:52:30+00:00,1737647550000.0,0.3531,0.3531,0.35301,0.35308,18830.0,1737647550999.0,6647.74129,92.0,14563.0,5141.2107
2025-01-23 15:52:31+00:00,1737647551000.0,0.35309,0.35311,0.35309,0.35311,104.0,1737647551999.0,36.72244,12.0,104.0,36.72244
2025-01-23 15:52:32+00:00,1737647552000.0,0.3531,0.3531,0.35307,0.35307,672.0,1737647552999.0,237.27112,25.0,33.0,11.65197
2025-01-23 15:52:33+00:00,1737647553000.0,0.35307,0.35307,0.35306,0.35306,5670.0,1737647553999.0,2001.85334,21.0,314.0,110.86398
2025-01-23 15:52:34+00:00,1737647554000.0,0.35307,0.35314,0.35307,0.35307,6067.0,1737647554999.0,2142.33182,53.0,574.0,202.68646
2025-01-23 15:52:35+00:00,1737647555000.0,0.35306,0.35306,0.35304,0.35306,15050.0,1737647555999.0,5313.25296,28.0,21.0,7.41414
2025-01-23 15:52:36+00:00,1737647556000.0,0.35307,0.35308,0.35307,0.35307,645.0,1737647556999.0,227.73212,15.0,448.0,158.17542
2025-01-23 15:52:37+00:00,1737647557000.0,0.35306,0.35306,0.35304,0.35304,1490.0,1737647557999.0,526.0448,12.0,283.0,99.91315
2025-01-23 15:52:38+00:00,1737647558000.0,0.35305,0.35305,0.35305,0.35305,210.0,1737647558999.0,74.1405,6.0,210.0,74.1405
2025-01-23 15:52:39+00:00,1737647559000.0,0.35305,0.35305,0.35305,0.35305,1572.0,1737647559999.0,554.9946,5.0,1572.0,554.9946
2025-01-23 15:52:40+00:00,1737647560000.0,0.35304,0.35309,0.35304,0.35309,20036.0,1737647560999.0,7074.29339,35.0,19238.0,6792.54679
2025-01-23 15:52:41+00:00,1737647561000.0,0.35309,0.35309,0.35305,0.35305,389.0,1737647561999.0,137.34029,19.0,308.0,108.74216
2025-01-23 15:52:42+00:00,1737647562000.0,0.35304,0.35304,0.35302,0.35302,3249.0,1737647562999.0,1146.97911,20.0,370.0,130.6211
2025-01-23 15:52:43+00:00,1737647563000.0,0.35302,0.35307,0.35302,0.35306,32589.0,1737647563999.0,11505.7086,35.0,29712.0,10489.92782
2025-01-23 15:52:44+00:00,1737647564000.0,0.35305,0.35305,0.353,0.353,6667.0,1737647564999.0,2353.54753,34.0,0.0,0.0
2025-01-23 15:52:45+00:00,1737647565000.0,0.35301,0.35301,0.353,0.353,4565.0,1737647565999.0,1611.48975,10.0,4475.0,1579.71975
2025-01-23 15:52:46+00:00,1737647566000.0,0.35301,0.35303,0.35301,0.35303,74.0,1737647566999.0,26.12389,21.0,74.0,26.12389
2025-01-23 15:52:47+00:00,1737647567000.0,0.35303,0.35304,0.35302,0.35302,8448.0,1737647567999.0,2982.39773,23.0,47.0,16.59288
2025-01-23 15:52:48+00:00,1737647568000.0,0.35302,0.35302,0.35302,0.35302,9.0,1737647568999.0,3.17718,3.0,9.0,3.17718
2025-01-23 15:52:49+00:00,1737647569000.0,0.35304,0.35304,0.35304,0.35304,68.0,1737647569999.0,24.00672,1.0,68.0,24.00672
2025-01-23 15:52:50+00:00,1737647570000.0,0.35304,0.35322,0.35304,0.35321,36710.0,1737647570999.0,12962.49234,62.0,33881.0,11963.51864
2025-01-23 15:52:51+00:00,1737647571000.0,0.35322,0.35338,0.35322,0.35337,55566.0,1737647571999.0,19633.19263,42.0,55542.0,19624.71175
2025-01-23 15:52:52+00:00,1737647572000.0,0.35339,0.35351,0.35339,0.35351,36419.0,1737647572999.0,12872.2935,29.0,36419.0,12872.2935
2025-01-23 15:52:53+00:00,1737647573000.0,0.35352,0.35359,0.35352,0.35359,32297.0,1737647573999.0,11419.27308,47.0,22793.0,8058.84856
2025-01-23 15:52:54+00:00,1737647574000.0,0.35359,0.35362,0.35359,0.35362,8981.0,1737647574999.0,3175.85768,11.0,87.0,30.76407
2025-01-23 15:52:55+00:00,1737647575000.0,0.35362,0.35362,0.35343,0.35343,8343.0,1737647575999.0,2949.59161,102.0,2671.0,944.09586
2025-01-23 15:52:56+00:00,1737647576000.0,0.35343,0.35343,0.35343,0.35343,108.0,1737647576999.0,38.17044,1.0,108.0,38.17044
2025-01-23 15:52:57+00:00,1737647577000.0,0.35343,0.35349,0.35343,0.35349,547.0,1737647577999.0,193.35563,14.0,547.0,193.35563
2025-01-23 15:52:58+00:00,1737647578000.0,0.3535,0.3535,0.3535,0.3535,713.0,1737647578999.0,252.0455,2.0,713.0,252.0455
2025-01-23 15:52:59+00:00,1737647579000.0,0.35349,0.35349,0.35349,0.35349,349.0,1737647579999.0,123.36801,6.0,0.0,0.0
2025-01-23 15:53:00+00:00,1737647580000.0,0.35349,0.3535,0.35343,0.35343,5546.0,1737647580999.0,1960.2567,38.0,54.0,19.089
2025-01-23 15:53:01+00:00,1737647581000.0,0.35343,0.35352,0.35343,0.35352,1707.0,1737647581999.0,603.36622,21.0,1707.0,603.36622
2025-01-23 15:53:02+00:00,1737647582000.0,0.35353,0.35355,0.35344,0.35344,4692.0,1737647582999.0,1658.71462,62.0,329.0,116.31586
2025-01-23 15:53:03+00:00,1737647583000.0,0.35344,0.35344,0.35341,0.35341,801.0,1737647583999.0,283.08595,18.0,113.0,39.93759
2025-01-23 15:53:04+00:00,1737647584000.0,0.35342,0.35345,0.35342,0.35344,253.0,1737647584999.0,89.42255,9.0,241.0,85.18127
2025-01-23 15:53:05+00:00,1737647585000.0,0.35344,0.35344,0.3534,0.3534,14738.0,1737647585999.0,5208.53812,25.0,28.0,9.89632
2025-01-23 15:53:06+00:00,1737647586000.0,0.35341,0.35341,0.3534,0.35341,1087.0,1737647586999.0,384.15454,8.0,874.0,308.88034
2025-01-23 15:53:07+00:00,1737647587000.0,0.3534,0.35341,0.3534,0.35341,183.0,1737647587999.0,64.67248,7.0,28.0,9.89548
2025-01-23 15:53:08+00:00,1737647588000.0,0.35341,0.35344,0.35341,0.35341,1197.0,1737647588999.0,423.03267,20.0,1153.0,407.48191
2025-01-23 15:53:09+00:00,1737647589000.0,0.3534,0.3534,0.35335,0.35335,1280.0,1737647589999.0,452.30672,35.0,152.0,53.71156
2025-01-23 15:53:10+00:00,1737647590000.0,0.35335,0.35335,0.35332,0.35332,333.0,1737647590999.0,117.65921,20.0,43.0,15.19405
2025-01-23 15:53:11+00:00,1737647591000.0,0.35333,0.35335,0.35332,0.35335,1159.0,1737647591999.0,409.51834,10.0,1133.0,400.33202
2025-01-23 15:53:12+00:00,1737647592000.0,0.35336,0.35346,0.35336,0.35339,1529.0,1737647592999.0,540.37137,52.0,880.0,311.00344
2025-01-23 15:53:13+00:00,1737647593000.0,0.35338,0.3534,0.35338,0.3534,64.0,1737647593999.0,22.61647,5.0,9.0,3.18057
2025-01-23 15:53:14+00:00,1737647594000.0,0.3534,0.3534,0.35339,0.35339,92.0,1737647594999.0,32.51209,10.0,59.0,20.85001
2025-01-23 15:53:15+00:00,1737647595000.0,0.35339,0.35339,0.35338,0.35339,14438.0,1737647595999.0,5102.24415,6.0,14371.0,5078.56769
2025-01-23 15:53:16+00:00,1737647596000.0,0.35338,0.35338,0.35333,0.35334,1988.0,1737647596999.0,702.50064,26.0,282.0,99.64188
