timestamp,Open,High,Low,Close
2024-03-26 21:00:00,69701.06,69799.9,69682.0,69799.9
2024-03-26 21:30:00,69800.0,69990.0,69645.25,69700.0
2024-03-26 22:00:00,69839.0,69839.0,69560.0,69600.0
2024-03-26 22:30:00,69712.02,69989.99,69653.0,69989.99
2024-03-26 23:00:00,69989.99,69991.93,69811.3,69820.1
2024-03-26 23:30:00,69811.3,69987.86,69770.0,69810.0
2024-03-27 00:00:00,69810.0,69917.61,69790.77,69900.0
2024-03-27 00:30:00,69900.0,70333.0,69801.18,70333.0
2024-03-27 01:00:00,70340.0,70497.99,70300.0,70310.0
2024-03-27 01:30:00,70310.0,70492.96,70125.03,70125.07
2024-03-27 02:00:00,70491.78,70491.78,70015.03,70299.78
2024-03-27 02:30:00,70299.78,70491.96,70193.0,70484.65
2024-03-27 03:00:00,70491.98,70499.8,70250.0,70250.0
2024-03-27 03:30:00,70250.0,70399.97,70193.0,70193.01
2024-03-27 04:00:00,70193.01,70397.71,70150.0,70200.0
2024-03-27 04:30:00,70200.0,70200.0,69800.0,69800.0
2024-03-27 05:00:00,69800.0,70148.0,69800.0,69943.5
2024-03-27 05:30:00,69943.5,70200.0,69943.49,70200.0
2024-03-27 06:00:00,70199.99,70250.0,69986.08,69988.09
2024-03-27 06:30:00,69988.09,70177.81,69770.0,69787.34
2024-03-27 07:00:00,69970.0,69970.0,69564.0,69647.0
2024-03-27 07:30:00,69565.0,69797.75,69504.01,69505.11
2024-03-27 08:00:00,69519.0,69797.8,69505.11,69651.06
2024-03-27 08:30:00,69700.0,69779.97,69500.0,69501.0
2024-03-27 09:00:00,69501.0,69660.0,69251.0,69660.0
2024-03-27 09:30:00,69700.0,69800.0,69660.0,69750.69
2024-03-27 10:00:00,69797.8,69966.0,69755.99,69959.2
2024-03-27 10:30:00,69970.0,69970.0,69756.04,69949.0
2024-03-27 11:00:00,69949.0,69959.2,69710.0,69959.2
2024-03-27 11:30:00,69959.2,70050.0,69799.86,69950.0
2024-03-27 12:00:00,69803.0,70100.0,69801.0,69805.0
2024-03-27 12:30:00,69805.0,70000.0,69604.0,69877.0
2024-03-27 13:00:00,69877.0,71100.0,69700.0,71100.0
2024-03-27 13:30:00,71100.0,71190.0,69670.0,69750.0
2024-03-27 14:00:00,69750.0,69896.97,68750.0,69600.01
2024-03-27 14:30:00,69600.01,69990.11,69550.0,69790.0
2024-03-27 15:00:00,69792.0,69879.88,69000.0,69098.97
2024-03-27 15:30:00,69098.97,69399.76,68800.0,68949.89
2024-03-27 16:00:00,68800.0,69200.0,68555.0,69000.0
2024-03-27 16:30:00,69000.0,69296.96,69000.0,69079.0
2024-03-27 17:00:00,69075.0,69396.0,69000.04,69030.13
2024-03-27 17:30:00,69379.97,69379.97,68692.0,68692.0
2024-03-27 18:00:00,68692.0,69000.0,68310.0,68600.0
2024-03-27 18:30:00,68555.0,68879.94,68519.97,68697.82
2024-03-27 19:00:00,68697.82,68879.86,68100.0,68700.03
2024-03-27 19:30:00,68700.03,68799.91,68550.0,68739.97
2024-03-27 20:00:00,68700.0,69241.01,68700.0,69241.01
2024-03-27 20:30:00,69350.0,69396.0,68998.87,68998.87
2024-03-27 21:00:00,68998.86,69320.0,68900.39,69284.99
2024-03-27 21:30:00,69260.0,69280.0,68845.01,68845.01
2024-03-27 22:00:00,68850.0,69133.0,68850.0,69133.0
2024-03-27 22:30:00,69133.0,69430.18,69133.0,69430.18
2024-03-27 23:00:00,69430.0,69430.18,68789.28,69105.37
2024-03-27 23:30:00,69250.0,69500.0,69000.0,69455.04
2024-03-28 00:00:00,69455.06,69800.0,69255.04,69799.0
2024-03-28 00:30:00,69755.0,69800.0,69200.0,69594.82
2024-03-28 01:00:00,69408.35,69589.97,69402.03,69432.07
2024-03-28 01:30:00,69432.07,69455.0,69222.37,69452.22
2024-03-28 02:00:00,69452.22,69454.84,69220.0,69387.88
2024-03-28 02:30:00,69387.82,69387.82,69000.0,69000.79
2024-03-28 03:00:00,69001.03,69441.84,69000.0,69412.49
2024-03-28 03:30:00,69006.98,69416.38,69000.0,69371.81
2024-03-28 04:00:00,69007.11,69415.0,69007.11,69415.0
2024-03-28 04:30:00,69415.0,69710.0,69300.12,69610.36
2024-03-28 05:00:00,69610.36,69800.0,69610.36,69800.0
2024-03-28 05:30:00,69800.0,69850.0,69601.0,69849.97
2024-03-28 06:00:00,69799.99,69945.0,69615.0,69910.0
2024-03-28 06:30:00,69945.0,70188.99,69910.0,70175.0
2024-03-28 07:00:00,70125.0,70297.0,70000.0,70097.0
2024-03-28 07:30:00,70178.94,70200.0,70025.0,70199.0
2024-03-28 08:00:00,70199.0,70346.7,70100.0,70311.0
2024-03-28 08:30:00,70345.7,70499.0,70216.0,70379.0
2024-03-28 09:00:00,70253.0,70598.0,70250.0,70260.0
2024-03-28 09:30:00,70260.0,70440.0,70100.0,70240.0
2024-03-28 10:00:00,70240.0,70369.0,69937.0,70000.0
2024-03-28 10:30:00,69915.0,70595.0,69901.0,70500.0
2024-03-28 11:00:00,70550.0,70598.0,69920.0,70400.0
2024-03-28 11:30:00,70486.0,70487.0,70100.01,70350.0
2024-03-28 12:00:00,70350.0,70490.0,70114.01,70114.01
2024-03-28 12:30:00,70341.93,70478.99,70100.05,70478.99
2024-03-28 13:00:00,70479.0,70700.0,70044.8,70700.0
2024-03-28 13:30:00,70699.0,71055.0,70350.01,70536.21
2024-03-28 14:00:00,70685.77,70900.0,70463.18,70696.86
2024-03-28 14:30:00,70696.86,71100.0,70696.86,71100.0
2024-03-28 15:00:00,71100.0,71160.0,70500.0,70693.77
2024-03-28 15:30:00,70793.0,71049.0,70540.63,70899.0
2024-03-28 16:00:00,70899.0,70998.0,70451.0,70650.0
2024-03-28 16:30:00,70650.0,70749.0,70301.0,70301.0
2024-03-28 17:00:00,70301.0,70477.88,70152.01,70350.0
2024-03-28 17:30:00,70377.88,70540.0,70200.0,70400.0
2024-03-28 18:00:00,70400.0,70680.0,70400.0,70600.0
2024-03-28 18:30:00,70600.0,70600.0,70166.0,70272.0
2024-03-28 19:00:00,70157.0,70500.0,70157.0,70420.0
2024-03-28 19:30:00,70489.99,70570.0,70289.11,70559.5
2024-03-28 20:00:00,70559.5,70559.5,70350.0,70444.0
2024-03-28 20:30:00,69750.0,70447.99,68330.68,70300.0
2024-03-28 21:00:00,70300.0,70568.0,69611.0,70550.0
2024-03-28 21:30:00,70480.0,70625.0,70366.0,70573.89
2024-03-28 22:00:00,70573.85,70573.85,70156.05,70441.99
2024-03-28 22:30:00,70439.99,70547.0,70400.0,70499.0
2024-03-28 23:00:00,70368.46,70749.0,70350.87,70550.0
2024-03-28 23:30:00,70550.0,70600.0,70300.0,70301.02
2024-03-29 00:00:00,70301.02,70500.0,70210.0,70369.99
2024-03-29 00:30:00,70369.99,70475.67,70210.2,70450.66
2024-03-29 01:00:00,70242.0,70600.0,70242.0,70538.0
2024-03-29 01:30:00,70357.89,70597.74,70330.03,70597.74
2024-03-29 02:00:00,70450.0,70597.7,70331.0,70331.99
2024-03-29 02:30:00,70332.05,70586.24,70300.34,70301.08
2024-03-29 03:00:00,70301.08,70498.85,70160.02,70200.0
2024-03-29 03:30:00,70200.0,70300.0,70101.0,70278.0
2024-03-29 04:00:00,70278.0,70278.0,69900.0,69930.64
2024-03-29 04:30:00,69930.64,70302.48,69930.63,69935.61
2024-03-29 05:00:00,69935.61,70120.0,69935.61,69999.0
2024-03-29 05:30:00,69999.0,70100.0,69801.0,69802.01
2024-03-29 06:00:00,69802.01,70198.82,69752.19,69998.97
2024-03-29 06:30:00,69998.97,70198.82,69998.97,70051.0
2024-03-29 07:00:00,70051.0,70179.71,69825.02,70000.0
2024-03-29 07:30:00,70008.1,70008.12,69416.0,69639.0
2024-03-29 08:00:00,69560.0,69899.6,69560.0,69610.09
2024-03-29 08:30:00,69610.09,69990.63,69610.09,69801.0
2024-03-29 09:00:00,69801.09,69899.0,69700.18,69850.0
2024-03-29 09:30:00,69789.0,69850.0,69510.0,69697.94
2024-03-29 10:00:00,69525.56,70000.0,69525.53,69860.0
2024-03-29 10:30:00,69860.0,70000.0,69800.0,69998.0
2024-03-29 11:00:00,70000.0,70250.0,69998.0,70101.0
2024-03-29 11:30:00,70103.04,70290.0,70103.04,70111.5
2024-03-29 12:00:00,70110.27,70217.89,69798.0,70000.0
2024-03-29 12:30:00,69900.94,70040.0,69750.14,69960.0
2024-03-29 13:00:00,69998.9,70006.46,69780.0,70000.0
2024-03-29 13:30:00,70006.46,70300.03,69990.0,70202.0
2024-03-29 14:00:00,70201.9,70302.48,70101.0,70152.06
2024-03-29 14:30:00,70200.0,70318.0,70010.03,70010.03
2024-03-29 15:00:00,70049.97,70199.88,69750.14,69751.0
2024-03-29 15:30:00,69780.0,69876.88,69127.01,69160.0
2024-03-29 16:00:00,69170.0,69499.99,69119.97,69324.0
2024-03-29 16:30:00,69300.0,69399.0,69214.09,69214.09
2024-03-29 17:00:00,69205.03,69449.99,69200.0,69307.5
2024-03-29 17:30:00,69449.99,69479.99,69305.0,69310.03
2024-03-29 18:00:00,69310.03,69479.46,69310.0,69478.1
2024-03-29 18:30:00,69478.14,69598.99,69401.0,69420.03
2024-03-29 19:00:00,69598.62,69598.62,69311.49,69359.91
2024-03-29 19:30:00,69315.01,69630.0,69314.01,69600.0
2024-03-29 20:00:00,69629.97,69629.97,69455.01,69617.94
2024-03-29 20:30:00,69700.0,69825.93,69522.0,69600.0
2024-03-29 21:00:00,69600.0,69700.0,69310.0,69310.07
2024-03-29 21:30:00,69449.82,69499.99,69300.99,69345.22
2024-03-29 22:00:00,69345.22,69559.0,69301.0,69559.0
2024-03-29 22:30:00,69559.0,69700.0,69559.0,69560.0
2024-03-29 23:00:00,69700.0,69825.94,69560.0,69825.94
2024-03-29 23:30:00,69790.0,69899.0,69700.0,69711.71
2024-03-30 00:00:00,69711.71,69778.0,69700.0,69701.0
2024-03-30 00:30:00,69701.0,69769.0,69601.83,69769.0
2024-03-30 01:00:00,69800.0,70000.04,69601.9,70000.04
2024-03-30 01:30:00,70000.04,70025.0,69960.01,69960.03
2024-03-30 02:00:00,69960.03,70024.99,69900.55,69900.55
2024-03-30 02:30:00,69900.55,70022.64,69751.57,69754.73
2024-03-30 03:00:00,69754.73,70025.0,69751.25,69751.25
2024-03-30 03:30:00,69780.0,70013.12,69780.0,69780.5
2024-03-30 04:00:00,69780.0,69889.52,69751.05,69752.54
2024-03-30 04:30:00,69752.54,69890.0,69752.54,69889.0
2024-03-30 05:00:00,69890.0,70150.0,69889.0,69998.72
2024-03-30 05:30:00,69998.48,69998.48,69751.06,69801.0
2024-03-30 06:00:00,69801.0,69983.03,69765.0,69950.0
2024-03-30 06:30:00,69950.0,70000.0,69762.0,69762.0
2024-03-30 07:00:00,69849.0,69849.0,69760.0,69800.0
2024-03-30 07:30:00,69761.0,69800.0,69666.0,69666.0
2024-03-30 08:00:00,69666.0,69895.6,69650.0,69894.51
2024-03-30 08:30:00,69894.45,69894.45,69700.0,69700.0
2024-03-30 09:00:00,69700.0,69943.0,69603.0,69800.0
2024-03-30 09:30:00,69938.0,69943.0,69741.0,69849.0
2024-03-30 10:00:00,69849.0,69900.0,69744.0,69880.0
2024-03-30 10:30:00,69750.0,69943.0,69750.0,69770.73
2024-03-30 11:00:00,69770.73,69941.0,69770.73,69929.0
2024-03-30 11:30:00,69926.0,70000.98,69825.0,70000.0
2024-03-30 12:00:00,70000.0,70110.0,69918.03,69918.09
2024-03-30 12:30:00,69999.0,69999.0,69802.04,69910.03
2024-03-30 13:00:00,69983.0,70100.0,69952.0,69999.0
2024-03-30 13:30:00,69990.0,69990.0,69800.0,69936.0
2024-03-30 14:00:00,69936.0,69948.46,69805.0,69939.0
2024-03-30 14:30:00,69939.0,69990.0,69700.0,69873.0
2024-03-30 15:00:00,69873.0,70120.0,69600.0,69681.13
2024-03-30 15:30:00,69681.13,69874.46,69614.06,69800.0
2024-03-30 16:00:00,69869.0,69869.0,69681.62,69710.0
2024-03-30 16:30:00,69710.0,69999.99,69710.0,69855.0
2024-03-30 17:00:00,69856.0,69991.99,69710.01,69899.0
2024-03-30 17:30:00,69899.0,69991.99,69801.0,69802.39
2024-03-30 18:00:00,69802.39,69949.91,69802.0,69820.0
2024-03-30 18:30:00,69820.0,69900.0,69800.0,69801.06
2024-03-30 19:00:00,69801.06,69849.88,69500.0,69679.0
2024-03-30 19:30:00,69522.0,69799.99,69521.06,69550.33
2024-03-30 20:00:00,69550.33,69767.97,69550.33,69757.0
2024-03-30 20:30:00,69758.0,69760.0,69620.0,69760.0
2024-03-30 21:00:00,69760.0,69772.0,69620.0,69620.0
2024-03-30 21:30:00,69620.0,69706.99,69520.0,69522.0
2024-03-30 22:00:00,69522.0,69703.84,69522.0,69698.64
2024-03-30 22:30:00,69545.15,69702.0,69545.15,69702.0
2024-03-30 23:00:00,69703.9,69703.9,69555.0,69555.0
2024-03-30 23:30:00,69555.0,69555.25,69531.0,69555.25
2024-03-31 00:00:00,69555.25,69706.99,69532.0,69704.0
2024-03-31 00:30:00,69704.0,69710.0,69704.0,69710.0
2024-03-31 01:00:00,69760.0,69795.98,69760.0,69795.98
2024-03-31 01:30:00,69799.99,69800.0,69795.98,69800.0
2024-03-31 02:00:00,69800.0,69850.0,69795.97,69850.0
2024-03-31 02:30:00,69850.0,69850.0,69704.0,69850.0
2024-03-31 03:00:00,69850.0,69865.15,69550.0,69858.57
2024-03-31 03:30:00,69600.0,69865.33,69600.0,69750.0
2024-03-31 04:00:00,69750.0,69846.99,69750.0,69845.73
2024-03-31 04:30:00,69845.73,69980.0,69601.51,69949.98
2024-03-31 05:00:00,69980.0,69988.0,69865.0,69865.33
2024-03-31 05:30:00,69865.33,70100.0,69800.0,70050.0
2024-03-31 06:00:00,70100.0,70145.0,69965.06,70126.47
2024-03-31 06:30:00,69965.1,70134.99,69920.01,70000.0
2024-03-31 07:00:00,70000.0,70100.0,69920.01,69996.0
2024-03-31 07:30:00,69996.0,70100.0,69924.17,70000.0
2024-03-31 08:00:00,70000.0,70147.83,69920.0,70030.0
2024-03-31 08:30:00,70040.0,70184.0,70007.02,70014.01
2024-03-31 09:00:00,70014.01,70100.0,70014.0,70099.0
2024-03-31 09:30:00,70099.0,70100.0,69901.0,70098.57
2024-03-31 10:00:00,70098.57,70098.57,69915.37,70062.0
2024-03-31 10:30:00,70062.0,70090.0,69950.0,70049.0
2024-03-31 11:00:00,70048.95,70183.99,70000.0,70183.99
2024-03-31 11:30:00,70183.99,70183.99,70000.1,70044.0
2024-03-31 12:00:00,70021.0,70321.0,70021.0,70319.99
2024-03-31 12:30:00,70319.99,70319.99,70042.0,70245.0
2024-03-31 13:00:00,70245.0,70549.0,70100.01,70447.0
2024-03-31 13:30:00,70447.0,70549.0,70381.01,70403.0
2024-03-31 14:00:00,70429.99,70490.0,70200.0,70350.0
2024-03-31 14:30:00,70209.0,70497.9,70209.0,70399.0
2024-03-31 15:00:00,70252.0,70398.0,70040.0,70150.0
2024-03-31 15:30:00,70150.0,70199.0,69931.0,70148.26
2024-03-31 16:00:00,69940.22,70400.0,69940.22,70300.03
2024-03-31 16:30:00,70301.03,70397.0,70285.0,70285.0
2024-03-31 17:00:00,70285.0,70300.0,70211.0,70300.0
2024-03-31 17:30:00,70213.0,70300.0,70110.01,70200.0
2024-03-31 18:00:00,70200.0,70300.0,70060.0,70274.0
2024-03-31 18:30:00,70273.0,70950.0,70125.06,70683.64
2024-03-31 19:00:00,70683.61,70900.0,70463.18,70886.0
2024-03-31 19:30:00,70870.0,71150.0,70603.6,70901.0
2024-03-31 20:00:00,70950.0,71000.0,70610.0,70621.0
2024-03-31 20:30:00,70719.0,70750.13,70502.0,70603.06
2024-03-31 21:00:00,70610.0,70799.0,70601.0,70621.0
2024-03-31 21:30:00,70500.0,70845.0,70500.0,70600.0
2024-03-31 22:00:00,70600.0,70800.0,70550.0,70787.51
2024-03-31 22:30:00,70749.0,70800.0,70550.0,70789.99
2024-03-31 23:00:00,70680.01,70889.0,70600.0,70800.0
2024-03-31 23:30:00,70835.0,71100.0,70800.0,70904.03
2024-04-01 00:00:00,70904.03,71067.85,70801.01,70803.03
2024-04-01 00:30:00,70803.03,70950.0,70801.01,70840.0
2024-04-01 01:00:00,70840.0,71000.0,70801.01,70801.07
2024-04-01 01:30:00,70801.13,70999.34,70800.0,70800.0
2024-04-01 02:00:00,70709.31,70751.0,70651.0,70660.0
2024-04-01 02:30:00,70660.0,70699.0,70653.0,70699.0
2024-04-01 03:00:00,70699.0,70699.0,70555.0,70555.0
2024-04-01 03:30:00,70555.0,70555.0,70430.0,70430.0
2024-04-01 04:00:00,70480.0,70480.0,70400.0,70428.0
2024-04-01 04:30:00,70428.0,70547.85,70402.5,70402.5
2024-04-01 05:00:00,70402.5,70550.0,70250.0,70250.0
2024-04-01 05:30:00,70249.0,70250.0,69456.0,69456.0
2024-04-01 06:00:00,69456.0,70000.0,69000.0,69322.0
2024-04-01 06:30:00,69322.1,69998.0,69320.06,69701.0
2024-04-01 07:00:00,69701.0,69897.0,69651.1,69849.99
2024-04-01 07:30:00,69849.99,69850.0,69542.01,69590.03
2024-04-01 08:00:00,69654.99,69654.99,69403.0,69422.0
2024-04-01 08:30:00,69422.0,69570.0,69359.0,69499.99
2024-04-01 09:00:00,69460.0,69656.45,69450.0,69570.1
2024-04-01 09:30:00,69648.43,69648.43,69420.98,69439.97
2024-04-01 10:00:00,69439.97,69440.0,69250.0,69285.0
2024-04-01 10:30:00,69285.0,69648.41,69250.0,69648.24
2024-04-01 11:00:00,69648.15,69850.0,69552.46,69699.86
2024-04-01 11:30:00,69699.79,69699.79,69500.0,69678.79
2024-04-01 12:00:00,69500.0,69800.0,69450.0,69798.06
2024-04-01 12:30:00,69780.0,70000.0,69680.0,69949.98
2024-04-01 13:00:00,69949.98,70000.0,69700.0,70000.0
2024-04-01 13:30:00,70046.0,70100.0,69800.0,69858.75
2024-04-01 14:00:00,69858.75,69999.99,69504.97,69659.98
2024-04-01 14:30:00,69504.98,69659.98,68999.0,69112.0
2024-04-01 15:00:00,69112.0,69379.91,68600.0,69001.0
2024-04-01 15:30:00,69001.0,69329.94,68512.0,68540.0
2024-04-01 16:00:00,68512.0,68989.99,68400.0,68984.0
2024-04-01 16:30:00,68900.0,68984.0,68610.17,68765.0
2024-04-01 17:00:00,68765.0,68890.98,68500.0,68650.0
2024-04-01 17:30:00,68650.0,68888.0,68300.0,68888.0
2024-04-01 18:00:00,68888.0,68900.0,68501.0,68749.0
2024-04-01 18:30:00,68896.88,69200.0,68741.0,69000.0
2024-04-01 19:00:00,69000.0,69555.0,68815.0,69381.14
2024-04-01 19:30:00,69381.08,69650.0,69201.03,69650.0
2024-04-01 20:00:00,69633.0,69699.0,69075.36,69222.85
2024-04-01 20:30:00,69200.0,69501.46,69010.0,69501.46
2024-04-01 21:00:00,69483.0,69686.01,69347.93,69500.0
2024-04-01 21:30:00,69678.0,69750.0,69217.66,69300.0
2024-04-01 22:00:00,69300.0,69549.0,69009.0,69473.96
2024-04-01 22:30:00,69473.96,69650.0,69303.04,69369.04
2024-04-01 23:00:00,69371.46,69650.0,69369.0,69576.99
2024-04-01 23:30:00,69576.99,69580.0,69259.27,69450.0
2024-04-02 00:00:00,69450.0,69450.0,69000.0,69000.02
2024-04-02 00:30:00,69000.02,69192.31,68800.0,68900.0
2024-04-02 01:00:00,68900.0,69600.0,68900.0,69382.63
2024-04-02 01:30:00,69376.39,69650.0,69161.67,69170.55
2024-04-02 02:00:00,69170.55,69333.69,68501.0,68501.0
2024-04-02 02:30:00,68501.0,68501.0,66853.0,67099.99
2024-04-02 03:00:00,67099.99,67449.98,66800.0,67096.98
2024-04-02 03:30:00,66900.01,67720.39,66799.99,66799.99
2024-04-02 04:00:00,66799.99,67332.05,66501.0,66580.0
2024-04-02 04:30:00,66580.0,67300.0,66500.01,66520.0
2024-04-02 05:00:00,66749.0,66889.98,66310.0,66756.99
2024-04-02 05:30:00,66450.01,67000.0,66450.01,67000.0
2024-04-02 06:00:00,67000.0,67300.0,66920.0,67050.0
2024-04-02 06:30:00,67050.0,67850.0,67000.0,67190.0
2024-04-02 07:00:00,67004.0,67178.99,66900.0,67000.0
2024-04-02 07:30:00,66940.0,66990.0,66298.0,66738.98
2024-04-02 08:00:00,66737.97,67096.0,66400.0,66700.0
2024-04-02 08:30:00,66700.0,67190.0,66301.04,66310.0
2024-04-02 09:00:00,66500.0,66598.93,66000.0,66340.0
2024-04-02 09:30:00,66220.0,66489.98,66020.0,66298.69
2024-04-02 10:00:00,66298.7,66400.0,66010.0,66249.97
2024-04-02 10:30:00,66292.97,66292.97,65519.03,65800.0
2024-04-02 11:00:00,65800.0,65899.98,64899.0,64899.0
2024-04-02 11:30:00,64890.0,65344.49,64808.0,65300.1
2024-04-02 12:00:00,65300.1,65680.0,65300.1,65550.0
2024-04-02 12:30:00,65550.0,65599.01,65041.32,65051.57
2024-04-02 13:00:00,65052.0,65245.0,64775.0,64775.0
2024-04-02 13:30:00,64775.0,65200.0,64555.0,65148.0
2024-04-02 14:00:00,65147.0,65962.99,65100.0,65899.0
2024-04-02 14:30:00,65899.0,66310.0,65600.05,65602.1
2024-04-02 15:00:00,65650.0,66099.99,65602.11,66025.52
2024-04-02 15:30:00,65990.0,66021.0,64702.0,64800.0
2024-04-02 16:00:00,64800.8,65410.0,64700.0,65237.0
2024-04-02 16:30:00,65237.27,65755.0,65120.0,65500.03
2024-04-02 17:00:00,65500.01,65755.0,65336.0,65400.0
2024-04-02 17:30:00,65400.0,65500.0,65336.37,65361.61
2024-04-02 18:00:00,65499.0,65850.0,65499.0,65749.99
2024-04-02 18:30:00,65750.0,66100.0,65650.0,65990.0
2024-04-02 19:00:00,65989.99,66100.0,65851.18,66086.9
2024-04-02 19:30:00,65904.2,66290.0,65904.2,66095.0
2024-04-02 20:00:00,66094.0,66249.99,65905.21,66100.14
2024-04-02 20:30:00,66189.99,66189.99,65365.02,65569.01
2024-04-02 21:00:00,65500.0,65889.21,65200.0,65200.01
2024-04-02 21:30:00,65250.0,65699.97,65200.0,65610.0
2024-04-02 22:00:00,65610.0,65820.01,65404.02,65651.17
2024-04-02 22:30:00,65651.17,65920.01,65651.17,65860.0
2024-04-02 23:00:00,65860.0,65860.0,65470.0,65829.46
2024-04-02 23:30:00,65829.46,65829.46,65470.0,65500.0
2024-04-03 00:00:00,65500.0,65593.96,65150.0,65150.0
2024-04-03 00:30:00,65138.65,65469.82,64550.0,65200.0
2024-04-03 01:00:00,65323.84,65470.0,65040.0,65369.97
2024-04-03 01:30:00,65369.97,65800.0,65369.97,65800.0
2024-04-03 02:00:00,65900.0,66054.96,65777.0,65949.8
2024-04-03 02:30:00,65949.8,65999.92,65850.0,65939.32
2024-04-03 03:00:00,65939.32,66098.85,65801.79,66053.93
2024-04-03 03:30:00,66053.93,66099.13,65801.98,66099.13
2024-04-03 04:00:00,66099.13,66334.53,66099.13,66314.0
2024-04-03 04:30:00,66334.54,66800.0,66320.0,66700.0
2024-04-03 05:00:00,66334.01,66534.44,66102.0,66102.0
2024-04-03 05:30:00,66150.0,66150.0,65300.0,65901.0
2024-04-03 06:00:00,66149.97,66152.0,65930.01,66152.0
2024-04-03 06:30:00,66093.01,66399.77,66093.01,66399.67
2024-04-03 07:00:00,66398.97,66400.0,66199.0,66283.13
2024-04-03 07:30:00,66283.13,66283.13,66111.0,66149.97
2024-04-03 08:00:00,66149.97,66239.81,65957.56,66199.82
2024-04-03 08:30:00,66020.0,66695.0,66020.0,66694.99
2024-04-03 09:00:00,66660.0,66700.0,66441.01,66497.99
2024-04-03 09:30:00,66498.0,66549.0,66429.85,66500.0
2024-04-03 10:00:00,66500.0,66549.0,66311.2,66311.2
2024-04-03 10:30:00,66400.0,66400.0,65985.08,66086.25
2024-04-03 11:00:00,66266.71,66348.37,65553.02,65874.86
2024-04-03 11:30:00,65820.0,66399.0,65800.0,66100.0
2024-04-03 12:00:00,66100.01,66300.0,65900.0,65900.0
2024-04-03 12:30:00,65900.0,65949.96,65650.08,65750.0
2024-04-03 13:00:00,65800.03,65900.0,65650.0,65651.0
2024-04-03 13:30:00,65651.0,65868.86,65600.0,65674.26
2024-04-03 14:00:00,65750.0,66789.98,65750.0,66695.0
2024-04-03 14:30:00,66694.85,66789.96,66477.0,66500.04
2024-04-03 15:00:00,66500.1,66599.0,66101.0,66289.79
2024-04-03 15:30:00,66102.0,66323.34,65750.0,66088.0
2024-04-03 16:00:00,65830.1,66400.0,65825.0,66400.0
2024-04-03 16:30:00,66400.0,66409.96,66100.01,66185.0
2024-04-03 17:00:00,66185.0,66299.98,65938.52,65938.52
2024-04-03 17:30:00,65938.53,66050.0,65750.0,65794.46
2024-04-03 18:00:00,65794.53,65999.88,65620.0,65620.0
2024-04-03 18:30:00,65600.0,65969.96,65500.0,65848.35
2024-04-03 19:00:00,65960.0,65970.0,65510.0,65514.02
2024-04-03 19:30:00,65514.02,65899.87,65514.02,65800.0
2024-04-03 20:00:00,65800.0,65849.94,65510.0,65699.97
2024-04-03 20:30:00,65699.97,65699.97,65533.01,65545.0
2024-04-03 21:00:00,65536.2,65600.0,65533.01,65600.0
2024-04-03 21:30:00,65600.0,65898.8,65534.2,65898.79
2024-04-03 22:00:00,65900.0,65928.99,65615.0,65894.4
2024-04-03 22:30:00,65894.4,66020.0,65804.39,65857.12
2024-04-03 23:00:00,66074.83,66100.01,65892.11,66075.5
2024-04-03 23:30:00,65901.0,66075.5,65900.24,66000.0
2024-04-04 00:00:00,66000.0,66100.0,65650.0,65878.91
2024-04-04 00:30:00,65878.99,66100.0,65831.9,66090.0
2024-04-04 01:00:00,66090.0,66090.0,65933.25,66000.39
2024-04-04 01:30:00,66000.39,66100.0,66000.39,66000.39
2024-04-04 02:00:00,66000.39,66099.63,65618.19,65618.19
2024-04-04 02:30:00,65615.01,65828.99,65533.01,65601.63
2024-04-04 03:00:00,65935.75,65935.75,65531.0,65550.0
2024-04-04 03:30:00,65532.0,65595.21,65531.0,65531.0
2024-04-04 04:00:00,65531.0,65531.1,65238.92,65238.93
2024-04-04 04:30:00,65210.01,65499.99,65160.0,65400.0
2024-04-04 05:00:00,65400.0,65499.94,65200.0,65300.0
2024-04-04 05:30:00,65201.0,65497.0,65201.0,65450.0
2024-04-04 06:00:00,65497.0,65497.0,65299.75,65497.0
2024-04-04 06:30:00,65500.0,65700.0,65500.0,65699.79
2024-04-04 07:00:00,65699.79,66299.97,65555.01,66122.0
2024-04-04 07:30:00,66182.99,66297.91,65850.03,66045.0
2024-04-04 08:00:00,65901.49,66498.99,65901.49,66363.3
2024-04-04 08:30:00,66363.3,66369.0,66060.0,66339.91
2024-04-04 09:00:00,66340.0,66400.97,66101.19,66150.01
2024-04-04 09:30:00,66150.0,66200.0,66101.2,66199.97
2024-04-04 10:00:00,66199.97,66350.0,65901.46,66008.0
2024-04-04 10:30:00,66008.0,66281.0,66008.0,66102.46
2024-04-04 11:00:00,66101.37,66167.96,65921.0,66090.0
2024-04-04 11:30:00,66090.0,66280.97,66000.05,66249.96
2024-04-04 12:00:00,66199.0,66550.0,66104.66,66475.0
2024-04-04 12:30:00,66475.0,66699.0,66401.0,66600.0
2024-04-04 13:00:00,66600.0,67450.0,66505.0,67040.0
2024-04-04 13:30:00,67040.0,67428.97,67010.0,67330.0
2024-04-04 14:00:00,67329.96,67700.0,67149.0,67512.12
2024-04-04 14:30:00,67513.0,67799.99,67512.21,67736.6
2024-04-04 15:00:00,67772.96,67772.96,67149.0,67449.0
2024-04-04 15:30:00,67449.0,67799.0,67200.0,67686.92
2024-04-04 16:00:00,67500.0,67888.0,67331.51,67800.0
2024-04-04 16:30:00,67800.0,67950.0,67640.22,67777.0
2024-04-04 17:00:00,67777.0,67777.0,67500.01,67650.0
2024-04-04 17:30:00,67650.0,68686.0,67650.0,68551.0
2024-04-04 18:00:00,68587.97,68913.13,68400.0,68600.0
2024-04-04 18:30:00,68555.0,68749.0,68301.1,68350.0
2024-04-04 19:00:00,68350.0,68520.77,68051.0,68331.0
2024-04-04 19:30:00,68331.0,68738.0,68099.0,68099.0
2024-04-04 20:00:00,68099.0,68122.0,67000.0,67398.0
2024-04-04 20:30:00,67398.0,67865.0,67260.0,67600.0
2024-04-04 21:00:00,67505.0,68000.0,67258.07,67599.0
2024-04-04 21:30:00,67631.0,67654.97,67312.0,67372.01
2024-04-04 22:00:00,67372.0,67689.98,67330.09,67689.98
2024-04-04 22:30:00,67590.01,67759.0,67590.0,67602.0
2024-04-04 23:00:00,67602.0,68189.98,67601.0,67955.0
2024-04-04 23:30:00,68118.99,68186.99,67955.01,68175.0
2024-04-05 00:00:00,68175.0,68175.0,67865.39,68049.99
2024-04-05 00:30:00,68049.99,68300.0,67500.01,68298.0
2024-04-05 01:00:00,67500.01,68379.84,67500.0,67652.02
2024-04-05 01:30:00,67652.01,67999.88,67492.0,67612.44
2024-04-05 02:00:00,67612.44,67821.6,67497.98,67821.6
2024-04-05 02:30:00,67699.93,67699.93,67200.0,67535.94
2024-04-05 03:00:00,67300.01,67820.44,67300.01,67650.15
2024-04-05 03:30:00,67799.56,67799.56,67472.36,67707.08
2024-04-05 04:00:00,67707.08,67760.0,67395.43,67475.17
2024-04-05 04:30:00,67475.17,67743.86,67350.0,67400.01
2024-04-05 05:00:00,67400.01,67741.45,66400.0,66500.0
2024-04-05 05:30:00,66649.99,66818.0,66451.0,66749.0
2024-04-05 06:00:00,66750.0,66750.0,66600.0,66750.0
2024-04-05 06:30:00,66750.0,67444.0,66750.0,67188.99
2024-04-05 07:00:00,67175.41,67175.41,66701.01,66794.64
2024-04-05 07:30:00,66794.64,66998.0,66615.0,66700.0
2024-04-05 08:00:00,66740.0,67400.0,66615.49,67222.01
2024-04-05 08:30:00,67334.0,67387.25,66800.0,66830.0
2024-04-05 09:00:00,66830.0,66940.0,66304.7,66398.97
2024-04-05 09:30:00,66581.97,66582.0,66399.03,66498.0
2024-04-05 10:00:00,66498.0,66759.82,66463.1,66550.0
2024-04-05 10:30:00,66550.0,66980.0,66300.0,66822.53
2024-04-05 11:00:00,66830.0,66884.99,66460.0,66530.0
2024-04-05 11:30:00,66697.51,66749.98,66050.0,66349.99
2024-04-05 12:00:00,66051.02,66698.43,66000.0,66308.18
2024-04-05 12:30:00,66498.65,66700.0,65800.0,66700.0
2024-04-05 13:00:00,66739.46,66749.98,66301.0,66599.94
2024-04-05 13:30:00,66688.0,67400.0,66401.0,67348.99
2024-04-05 14:00:00,67206.0,67678.99,66949.55,67344.25
2024-04-05 14:30:00,67344.25,68199.0,67250.0,67754.03
2024-04-05 15:00:00,67895.64,67895.64,67069.03,67210.18
2024-04-05 15:30:00,67210.18,67900.0,67210.18,67900.0
2024-04-05 16:00:00,67900.0,68100.0,67600.0,67605.0
2024-04-05 16:30:00,67605.0,67722.97,67420.0,67600.04
2024-04-05 17:00:00,67665.99,67800.0,67420.0,67501.14
2024-04-05 17:30:00,67567.7,67600.0,67069.32,67121.74
2024-04-05 18:00:00,67121.74,67419.0,66878.05,67212.0
2024-04-05 18:30:00,67212.0,67400.0,67210.0,67300.0
2024-04-05 19:00:00,67210.01,67649.98,67210.01,67641.0
2024-04-05 19:30:00,67649.99,67799.99,67293.38,67300.0
2024-04-05 20:00:00,67300.0,67300.0,67210.0,67222.0
2024-04-05 20:30:00,67225.0,67500.0,67224.0,67500.0
2024-04-05 21:00:00,67488.99,67600.0,67315.08,67350.0
2024-04-05 21:30:00,67350.0,67500.0,67240.0,67288.06
2024-04-05 22:00:00,67250.0,67489.93,67227.0,67476.0
2024-04-05 22:30:00,67476.0,67500.0,67231.01,67497.93
2024-04-05 23:00:00,67310.0,67562.26,67310.0,67562.13
2024-04-05 23:30:00,67357.0,67699.95,67357.0,67401.0
2024-04-06 00:00:00,67401.0,67638.99,67401.0,67401.01
2024-04-06 00:30:00,67401.01,67750.0,67401.01,67519.49
2024-04-06 01:00:00,67519.79,67739.8,67510.04,67649.99
2024-04-06 01:30:00,67649.93,67649.98,67443.0,67443.0
2024-04-06 02:00:00,67443.0,67443.0,67220.0,67220.0
2024-04-06 02:30:00,67220.0,67350.0,67180.0,67350.0
2024-04-06 03:00:00,67350.0,67592.27,67350.0,67352.0
2024-04-06 03:30:00,67352.0,67585.78,67352.0,67490.0
2024-04-06 04:00:00,67490.0,67584.96,67411.0,67580.0
2024-04-06 04:30:00,67580.0,67699.0,67500.0,67500.0
2024-04-06 05:00:00,67689.97,67799.0,67500.16,67790.99
2024-04-06 05:30:00,67600.5,67976.99,67600.47,67750.0
2024-04-06 06:00:00,67750.0,67790.0,67500.05,67500.06
2024-04-06 06:30:00,67696.0,67900.0,67532.24,67760.0
2024-04-06 07:00:00,67760.0,67900.0,67518.64,67622.0
2024-04-06 07:30:00,67598.7,67898.25,67500.0,67659.56
2024-04-06 08:00:00,67659.54,67889.97,67500.0,67600.0
2024-04-06 08:30:00,67600.0,67800.0,67500.0,67800.0
2024-04-06 09:00:00,67797.0,67880.0,67600.02,67630.01
2024-04-06 09:30:00,67630.0,67793.96,67455.02,67700.0
2024-04-06 10:00:00,67520.0,67700.0,67520.0,67527.0
2024-04-06 10:30:00,67527.0,67698.84,67527.0,67679.0
2024-04-06 11:00:00,67679.0,67679.0,67430.0,67501.09
2024-04-06 11:30:00,67501.0,67665.88,67499.0,67600.0
2024-04-06 12:00:00,67600.0,67700.0,67430.52,67550.0
2024-04-06 12:30:00,67550.0,67698.97,67550.0,67600.0
2024-04-06 13:00:00,67600.0,67600.0,67500.0,67510.0
2024-04-06 13:30:00,67510.0,67589.9,67510.0,67579.0
2024-04-06 14:00:00,67579.0,67600.0,67516.0,67586.0
2024-04-06 14:30:00,67586.0,67776.99,67520.1,67653.0
2024-04-06 15:00:00,67553.0,68000.0,67553.0,67803.0
2024-04-06 15:30:00,67803.0,67889.0,67802.09,67888.0
2024-04-06 16:00:00,67886.0,67888.0,67600.01,67600.01
2024-04-06 16:30:00,67699.99,67773.0,67600.01,67767.0
2024-04-06 17:00:00,67600.05,67884.99,67600.05,67732.53
2024-04-06 17:30:00,67800.0,68100.0,67755.0,68030.0
2024-04-06 18:00:00,68030.0,68030.0,67861.0,67910.0
2024-04-06 18:30:00,67910.0,67999.0,67866.0,67944.0
2024-04-06 19:00:00,67998.0,68090.0,67866.0,68029.0
2024-04-06 19:30:00,68029.0,68100.0,67962.0,67971.01
2024-04-06 20:00:00,67972.0,68000.0,67885.0,67941.0
2024-04-06 20:30:00,67941.0,68090.0,67941.0,68090.0
2024-04-06 21:00:00,68090.0,68200.0,68008.0,68200.0
2024-04-06 21:30:00,68200.0,68227.0,68058.0,68060.0
2024-04-06 22:00:00,68060.0,68400.0,68059.2,68400.0
2024-04-06 22:30:00,68400.0,68700.0,68298.0,68700.0
2024-04-06 23:00:00,68723.0,69280.0,68680.0,69119.98
2024-04-06 23:30:00,69098.0,69098.0,67500.0,68699.0
2024-04-07 00:00:00,68699.0,68803.58,68483.55,68489.92
2024-04-07 00:30:00,68483.15,68789.99,68380.36,68700.0
2024-04-07 01:00:00,68700.0,69200.0,68600.0,69041.24
2024-04-07 01:30:00,69042.0,69290.0,69042.0,69115.0
2024-04-07 02:00:00,69220.0,69350.0,69042.0,69328.0
2024-04-07 02:30:00,69328.0,69400.0,68878.55,68980.0
2024-04-07 03:00:00,68980.0,69185.61,68823.24,69150.0
2024-04-07 03:30:00,69185.61,69333.0,69025.0,69025.0
2024-04-07 04:00:00,69025.0,69350.0,69025.0,69025.0
2024-04-07 04:30:00,69025.0,69032.0,68650.0,69032.0
2024-04-07 05:00:00,69032.0,69248.96,69020.0,69107.0
2024-04-07 05:30:00,69139.0,69187.0,69020.0,69064.0
2024-04-07 06:00:00,69064.0,69187.0,69000.0,69001.0
2024-04-07 06:30:00,69001.0,69040.0,68771.21,68800.0
2024-04-07 07:00:00,68999.99,69149.99,68807.07,69149.99
2024-04-07 07:30:00,69123.0,69187.0,68884.31,68896.23
2024-04-07 08:00:00,68896.23,69187.0,68894.24,69167.0
2024-04-07 08:30:00,69169.99,69418.0,69003.14,69295.0
2024-04-07 09:00:00,69295.0,69412.0,69281.0,69298.0
2024-04-07 09:30:00,69300.0,69350.0,69050.0,69070.0
2024-04-07 10:00:00,69100.0,69310.0,69070.0,69310.0
2024-04-07 10:30:00,69247.0,69400.0,69200.0,69389.42
2024-04-07 11:00:00,69389.35,69400.0,69201.0,69339.0
2024-04-07 11:30:00,69331.0,69338.9,69201.0,69250.0
2024-04-07 12:00:00,69250.0,69288.97,69109.0,69109.56
2024-04-07 12:30:00,69109.74,69297.0,69011.17,69196.97
2024-04-07 13:00:00,69200.0,69420.0,69200.0,69415.0
2024-04-07 13:30:00,69419.97,69450.0,69211.29,69447.58
2024-04-07 14:00:00,69447.49,69447.49,69012.0,69148.97
2024-04-07 14:30:00,69100.0,69439.99,69020.0,69399.0
2024-04-07 15:00:00,69399.0,69800.0,69300.02,69505.0
2024-04-07 15:30:00,69505.04,69700.0,69130.07,69597.99
2024-04-07 16:00:00,69500.04,69900.0,69400.21,69800.0
2024-04-07 16:30:00,69801.0,70000.0,69792.51,69900.0
2024-04-07 17:00:00,69900.0,69998.99,69703.0,69899.72
2024-04-07 17:30:00,69815.03,69899.66,69550.0,69618.0
2024-04-07 18:00:00,69693.0,69693.0,69315.0,69489.79
2024-04-07 18:30:00,69489.79,69489.79,69251.0,69300.5
2024-04-07 19:00:00,69300.5,69500.0,69218.97,69357.3
2024-04-07 19:30:00,69498.88,69498.88,68800.01,68960.93
2024-04-07 20:00:00,68812.0,69250.0,68800.01,69200.0
2024-04-07 20:30:00,69250.0,69394.97,69201.36,69348.85
2024-04-07 21:00:00,69202.55,69377.0,69200.0,69321.96
2024-04-07 21:30:00,69250.0,69250.5,69000.0,69010.15
2024-04-07 22:00:00,69010.15,69200.0,69000.0,69189.94
2024-04-07 22:30:00,69189.94,69199.8,69000.0,69189.99
2024-04-07 23:00:00,69189.99,69364.83,68998.0,69157.1
2024-04-07 23:30:00,69157.1,69342.51,69019.92,69330.0
2024-04-08 00:00:00,69330.0,69364.21,69001.13,69200.18
2024-04-08 00:30:00,69200.0,69338.72,69102.48,69116.97
2024-04-08 01:00:00,69116.97,69602.03,69109.0,69602.03
2024-04-08 01:30:00,69602.03,69646.17,69150.0,69399.96
2024-04-08 02:00:00,69399.94,69399.94,69200.28,69261.68
2024-04-08 02:30:00,69261.68,69339.89,69119.0,69120.0
2024-04-08 03:00:00,69120.0,69299.8,69119.0,69120.0
2024-04-08 03:30:00,69119.0,69400.0,69119.0,69400.0
2024-04-08 04:00:00,69400.0,69499.64,69300.0,69302.0
2024-04-08 04:30:00,69302.0,69442.91,69200.0,69300.14
2024-04-08 05:00:00,69396.13,69499.7,69300.0,69499.7
2024-04-08 05:30:00,69499.7,69645.93,69301.0,69355.85
2024-04-08 06:00:00,69355.85,69747.22,69355.85,69678.62
2024-04-08 06:30:00,69678.68,69749.46,69445.02,69649.0
2024-04-08 07:00:00,69649.0,70000.0,69546.0,69994.9
2024-04-08 07:30:00,69994.9,70550.0,69700.0,70478.99
2024-04-08 08:00:00,70466.99,71000.0,70403.0,70950.0
2024-04-08 08:30:00,70715.31,71679.0,70000.0,71659.0
2024-04-08 09:00:00,71609.68,71995.0,71000.0,71985.0
2024-04-08 09:30:00,71982.0,72000.0,71652.7,71887.0
2024-04-08 10:00:00,71800.0,71900.0,71412.49,71652.0
2024-04-08 10:30:00,71652.0,72136.0,71650.0,71990.0
2024-04-08 11:00:00,72100.0,72361.0,72000.0,72305.0
2024-04-08 11:30:00,72305.0,72305.0,71950.0,72000.0
2024-04-08 12:00:00,72030.0,72397.88,71950.0,72200.0
2024-04-08 12:30:00,72200.0,72300.0,71656.67,71899.0
2024-04-08 13:00:00,71722.02,71997.0,71583.0,71846.99
2024-04-08 13:30:00,71879.99,71899.0,71331.0,71550.0
2024-04-08 14:00:00,71697.0,71699.97,70600.0,71250.0
2024-04-08 14:30:00,71250.0,71525.41,71113.17,71400.0
2024-04-08 15:00:00,71400.0,71700.0,71350.0,71400.77
2024-04-08 15:30:00,71400.77,71683.74,71353.11,71360.01
2024-04-08 16:00:00,71360.0,71700.0,71360.0,71589.0
2024-04-08 16:30:00,71590.0,71649.0,71589.0,71591.0
2024-04-08 17:00:00,71591.0,71608.0,71240.0,71280.0
2024-04-08 17:30:00,71359.88,71499.95,71000.0,71475.99
2024-04-08 18:00:00,71480.0,71745.0,71352.0,71700.0
2024-04-08 18:30:00,71700.0,71900.0,71501.0,71696.99
2024-04-08 19:00:00,71719.0,71839.0,71560.01,71580.0
2024-04-08 19:30:00,71650.0,71650.0,71406.0,71500.0
2024-04-08 20:00:00,71500.0,71566.0,71200.0,71200.0
2024-04-08 20:30:00,71200.0,71500.0,71001.0,71390.0
2024-04-08 21:00:00,71460.0,71596.0,71208.43,71589.0
2024-04-08 21:30:00,71589.01,71678.0,71211.6,71500.0
2024-04-08 22:00:00,71500.0,71598.97,71225.0,71550.0
2024-04-08 22:30:00,71489.0,71600.0,71107.7,71577.0
2024-04-08 23:00:00,71600.0,71699.97,71384.68,71458.0
2024-04-08 23:30:00,71384.7,71599.97,71350.0,71594.34
2024-04-09 00:00:00,71594.34,71594.34,71000.0,71000.0
2024-04-09 00:30:00,71000.0,71362.44,70850.0,71329.89
2024-04-09 01:00:00,71329.89,71329.89,70655.0,70999.17
2024-04-09 01:30:00,70999.17,71000.0,70829.1,71000.0
2024-04-09 02:00:00,71000.0,71339.0,71000.0,71339.0
2024-04-09 02:30:00,71339.0,71340.0,71330.0,71340.0
2024-04-09 03:00:00,71340.0,71597.0,71297.5,71596.83
2024-04-09 03:30:00,71596.83,71596.83,71048.0,71048.0
2024-04-09 04:00:00,71010.02,71048.0,70655.0,70999.91
2024-04-09 04:30:00,70999.91,71177.92,70851.02,70852.0
2024-04-09 05:00:00,70851.05,71050.0,70774.28,70945.0
2024-04-09 05:30:00,70810.0,70949.77,70700.0,70710.0
2024-04-09 06:00:00,70789.99,70924.95,70720.0,70840.0
2024-04-09 06:30:00,70849.0,71000.0,70412.0,70492.0
2024-04-09 07:00:00,70430.0,70776.97,70400.03,70499.0
2024-04-09 07:30:00,70450.0,70501.0,70100.0,70299.97
2024-04-09 08:00:00,70290.0,70299.97,69500.0,70008.13
2024-04-09 08:30:00,70135.88,70500.0,70005.0,70409.9
2024-04-09 09:00:00,70409.99,70814.0,70401.0,70541.0
2024-04-09 09:30:00,70550.0,70649.92,70200.0,70349.0
2024-04-09 10:00:00,70349.0,70440.89,69950.01,70388.89
2024-04-09 10:30:00,70388.89,70540.06,70201.09,70529.0
2024-04-09 11:00:00,70529.0,70800.0,70400.0,70800.0
2024-04-09 11:30:00,70799.0,70800.0,70375.0,70777.0
2024-04-09 12:00:00,70777.0,70779.95,70459.18,70648.0
2024-04-09 12:30:00,70648.0,70899.98,70525.0,70700.0
2024-04-09 13:00:00,70700.0,70849.7,70413.41,70500.0
2024-04-09 13:30:00,70500.0,70685.61,69832.0,70000.0
2024-04-09 14:00:00,69832.0,70409.2,69700.0,69999.97
2024-04-09 14:30:00,69950.0,70159.28,68970.0,69350.0
2024-04-09 15:00:00,69350.0,69410.0,68700.0,69154.0
2024-04-09 15:30:00,69092.6,69400.0,68900.01,69377.55
2024-04-09 16:00:00,69377.55,69500.0,68701.0,69268.0
2024-04-09 16:30:00,69268.0,69268.04,68621.0,68655.01
2024-04-09 17:00:00,68670.0,68999.99,68400.0,68995.91
2024-04-09 17:30:00,68984.94,69317.45,68804.05,69161.93
2024-04-09 18:00:00,69161.94,69250.0,68900.0,69249.98
2024-04-09 18:30:00,69249.99,69378.0,68911.0,69199.99
2024-04-09 19:00:00,69010.0,69189.99,68740.0,69172.0
2024-04-09 19:30:00,69100.0,69188.0,68911.03,69186.96
2024-04-09 20:00:00,69185.0,69185.0,69010.03,69177.0
2024-04-09 20:30:00,69121.02,69188.0,69000.14,69188.0
2024-04-09 21:00:00,69150.0,69190.0,69000.0,69066.0
2024-04-09 21:30:00,69066.0,69200.0,69000.0,69199.0
2024-04-09 22:00:00,69199.0,69250.0,68600.0,69250.0
2024-04-09 22:30:00,69250.0,69444.0,69180.02,69438.99
2024-04-09 23:00:00,69437.99,69490.0,68888.06,68888.06
2024-04-09 23:30:00,68888.06,69498.91,68888.0,69349.37
2024-04-10 00:00:00,69349.37,69349.37,69000.01,69299.94
2024-04-10 00:30:00,69299.91,69309.17,69130.0,69130.0
2024-04-10 01:00:00,69130.0,69131.0,68792.0,69016.38
2024-04-10 01:30:00,69016.41,69282.83,68680.04,69282.78
2024-04-10 02:00:00,69282.78,69530.0,69111.0,69243.7
2024-04-10 02:30:00,69243.7,69243.7,68514.0,68699.57
2024-04-10 03:00:00,68500.0,68849.97,68500.0,68849.85
2024-04-10 03:30:00,68850.0,69200.0,68850.0,69200.0
2024-04-10 04:00:00,69371.7,69371.7,68947.58,69199.16
2024-04-10 04:30:00,69283.0,69283.0,69050.07,69276.89
2024-04-10 05:00:00,69276.89,69277.0,69110.25,69277.0
2024-04-10 05:30:00,69277.0,69277.0,69150.26,69150.47
2024-04-10 06:00:00,69160.07,69410.0,69150.44,69410.0
2024-04-10 06:30:00,69450.0,69450.0,69324.91,69446.99
2024-04-10 07:00:00,69370.0,69447.92,69324.88,69325.0
2024-04-10 07:30:00,69325.0,69376.06,69325.0,69325.01
2024-04-10 08:00:00,69325.0,69326.97,68750.01,68844.67
2024-04-10 08:30:00,68999.2,69000.0,68802.0,68947.84
2024-04-10 09:00:00,68825.01,69080.0,68825.01,69079.97
2024-04-10 09:30:00,69079.96,69079.97,68900.0,68901.51
2024-04-10 10:00:00,69079.88,69080.0,68700.01,68830.03
2024-04-10 10:30:00,68700.02,68994.81,68700.01,68989.99
2024-04-10 11:00:00,68944.0,69000.0,68943.55,69000.0
2024-04-10 11:30:00,69000.0,69100.0,69000.0,69098.69
2024-04-10 12:00:00,69098.69,69098.69,68766.0,68768.69
2024-04-10 12:30:00,68768.69,68949.76,67850.0,67999.0
2024-04-10 13:00:00,67850.0,68000.0,67650.0,67836.0
2024-04-10 13:30:00,67708.04,68218.0,67600.0,68218.0
2024-04-10 14:00:00,68270.0,68849.95,68100.0,68600.0
2024-04-10 14:30:00,68599.97,68949.99,68423.0,68670.0
2024-04-10 15:00:00,68608.21,68800.0,68300.0,68565.0
2024-04-10 15:30:00,68565.0,68700.0,68500.19,68700.0
2024-04-10 16:00:00,68699.0,68800.0,68540.04,68800.0
2024-04-10 16:30:00,68800.0,69649.1,68799.0,69642.73
2024-04-10 17:00:00,69642.7,69899.0,69201.31,69634.0
2024-04-10 17:30:00,69600.0,69624.0,69207.06,69297.99
2024-04-10 18:00:00,69300.0,69300.0,69100.0,69120.06
2024-04-10 18:30:00,69120.03,69299.99,69000.0,69200.0
2024-04-10 19:00:00,69132.0,69399.97,69102.0,69339.31
2024-04-10 19:30:00,69399.0,69945.0,69331.0,69854.0
2024-04-10 20:00:00,69899.0,70000.0,69700.0,69900.0
2024-04-10 20:30:00,69900.98,69945.0,69700.0,69700.02
2024-04-10 21:00:00,69770.0,69775.0,69587.01,69611.0
2024-04-10 21:30:00,69619.97,69776.0,69505.0,69644.28
2024-04-10 22:00:00,69644.28,70750.0,69642.19,70638.15
2024-04-10 22:30:00,70638.15,70800.0,70244.72,70265.0
2024-04-10 23:00:00,70265.0,70555.0,70222.0,70300.0
2024-04-10 23:30:00,70300.0,70467.07,70260.0,70345.0
2024-04-11 00:00:00,70345.0,70397.0,70253.1,70253.12
2024-04-11 00:30:00,70253.1,70300.0,69900.19,70300.0
2024-04-11 01:00:00,70397.97,70467.08,70054.3,70149.79
2024-04-11 01:30:00,70149.79,70467.08,70100.08,70390.02
2024-04-11 02:00:00,70389.99,70677.88,70389.99,70600.0
2024-04-11 02:30:00,70600.0,70777.79,70402.01,70740.0
2024-04-11 03:00:00,70740.0,70740.0,70411.84,70696.79
2024-04-11 03:30:00,70696.66,70696.66,70405.0,70414.47
2024-04-11 04:00:00,70414.75,70633.77,70122.22,70499.79
2024-04-11 04:30:00,70350.21,70358.98,70022.49,70299.0
2024-04-11 05:00:00,70118.01,70549.99,70118.01,70205.14
2024-04-11 05:30:00,70288.0,70449.87,70019.41,70288.0
2024-04-11 06:00:00,70288.0,70550.0,70249.76,70548.98
2024-04-11 06:30:00,70548.98,70549.0,70321.0,70400.0
2024-04-11 07:00:00,70500.0,70950.0,70323.01,70601.5
2024-04-11 07:30:00,70610.01,70787.99,70610.01,70700.0
2024-04-11 08:00:00,70618.01,70699.0,70515.03,70520.0
2024-04-11 08:30:00,70520.0,70950.0,70500.0,70874.99
2024-04-11 09:00:00,70874.0,70874.0,70450.0,70503.77
2024-04-11 09:30:00,70503.77,70600.0,70260.71,70266.31
2024-04-11 10:00:00,70266.59,70549.94,70265.28,70400.0
2024-04-11 10:30:00,70400.0,70468.0,70100.0,70101.0
2024-04-11 11:00:00,70100.0,70300.0,70000.0,70203.0
2024-04-11 11:30:00,70130.01,70300.0,69536.43,69700.0
2024-04-11 12:00:00,69536.43,70043.58,69534.43,69857.08
2024-04-11 12:30:00,69899.94,70700.0,69899.94,70350.01
2024-04-11 13:00:00,70355.01,70650.0,69800.0,70250.0
2024-04-11 13:30:00,70447.99,70587.0,69000.0,70198.99
2024-04-11 14:00:00,70000.29,70197.7,69500.0,69501.0
2024-04-11 14:30:00,69502.0,70000.0,69501.0,69520.06
2024-04-11 15:00:00,69520.0,69818.91,69516.18,69610.0
2024-04-11 15:30:00,69610.0,69749.96,69590.0,69749.89
2024-04-11 16:00:00,69749.89,69997.0,69600.21,69615.01
2024-04-11 16:30:00,69700.0,69990.96,69551.0,69710.14
2024-04-11 17:00:00,69710.15,70249.95,69550.08,70200.0
2024-04-11 17:30:00,70199.0,70248.97,70000.0,70073.72
2024-04-11 18:00:00,70073.72,70198.0,70000.0,70000.0
2024-04-11 18:30:00,70000.0,70000.0,69500.0,69921.0
2024-04-11 19:00:00,69950.0,70148.93,69661.93,70000.0
2024-04-11 19:30:00,70002.0,70215.0,70002.0,70120.0
2024-04-11 20:00:00,70180.0,70449.0,70022.11,70399.85
2024-04-11 20:30:00,70400.0,70439.0,70104.0,70151.0
2024-04-11 21:00:00,70151.0,70220.0,70000.0,70000.21
2024-04-11 21:30:00,70000.21,70196.87,70000.0,70000.0
2024-04-11 22:00:00,70000.0,70184.8,70000.0,70050.0
2024-04-11 22:30:00,70149.97,70149.97,70000.0,70000.5
2024-04-11 23:00:00,70109.0,70184.71,69800.0,69800.0
2024-04-11 23:30:00,69800.0,70000.0,69800.0,69989.91
2024-04-12 00:00:00,69989.91,70184.77,69800.13,70096.08
2024-04-12 00:30:00,70096.08,70300.0,70095.45,70297.38
2024-04-12 01:00:00,70297.38,70297.38,70095.45,70095.45
2024-04-12 01:30:00,70095.45,70095.45,70095.0,70095.45
2024-04-12 02:00:00,70095.45,70445.0,70095.45,70439.0
2024-04-12 02:30:00,70445.0,70463.0,70213.82,70463.0
2024-04-12 03:00:00,70463.0,70597.88,70261.04,70597.0
2024-04-12 03:30:00,70599.0,70680.0,70432.05,70680.0
2024-04-12 04:00:00,70690.0,70690.0,70503.0,70659.0
2024-04-12 04:30:00,70659.0,70928.0,70500.0,70830.0
2024-04-12 05:00:00,70820.0,70900.0,70500.0,70558.58
2024-04-12 05:30:00,70558.58,70800.0,70558.57,70562.01
2024-04-12 06:00:00,70562.01,70799.37,70502.0,70647.99
2024-04-12 06:30:00,70647.99,70647.99,70416.62,70599.0
2024-04-12 07:00:00,70599.0,70693.0,70599.0,70630.0
2024-04-12 07:30:00,70630.0,70700.0,70350.0,70355.0
2024-04-12 08:00:00,70355.0,70600.0,70355.0,70500.0
2024-04-12 08:30:00,70500.0,70579.0,70400.0,70400.0
2024-04-12 09:00:00,70495.0,70579.0,70395.07,70395.07
2024-04-12 09:30:00,70395.07,70549.0,70200.0,70234.0
2024-04-12 10:00:00,70300.0,70496.91,70200.0,70443.0
2024-04-12 10:30:00,70444.0,70800.0,70303.01,70799.92
2024-04-12 11:00:00,70799.98,70800.0,70546.12,70554.13
2024-04-12 11:30:00,70665.0,70700.0,70554.13,70555.14
2024-04-12 12:00:00,70693.7,70699.0,70568.0,70600.0
2024-04-12 12:30:00,70629.0,70659.0,70200.0,70320.0
2024-04-12 13:00:00,70320.0,70320.0,69900.0,69900.0
2024-04-12 13:30:00,69900.0,70189.0,69600.0,69890.83
2024-04-12 14:00:00,69890.82,69997.0,69610.0,69670.0
2024-04-12 14:30:00,69699.5,69850.0,69218.0,69259.97
2024-04-12 15:00:00,69259.97,69800.0,69230.0,69750.0
2024-04-12 15:30:00,69740.0,69749.92,69331.01,69480.0
2024-04-12 16:00:00,69340.0,69690.99,68896.0,69000.0
2024-04-12 16:30:00,69000.0,69338.6,68650.0,69058.98
2024-04-12 17:00:00,69058.98,69058.98,68000.01,68100.0
2024-04-12 17:30:00,68000.0,68650.0,67770.0,68299.0
2024-04-12 18:00:00,68200.06,68381.0,67800.0,67850.0
2024-04-12 18:30:00,67923.29,68128.99,66900.0,67010.0
2024-04-12 19:00:00,67211.71,68850.0,66850.0,67349.99
2024-04-12 19:30:00,67349.99,68200.0,67000.0,67100.0
2024-04-12 20:00:00,67100.0,67869.0,67001.0,67600.0
2024-04-12 20:30:00,67600.0,67688.0,67100.0,67141.0
2024-04-12 21:00:00,67141.0,67339.9,66900.0,66910.0
2024-04-12 21:30:00,66910.0,67240.0,66851.0,67198.98
2024-04-12 22:00:00,67198.98,67320.0,66990.0,67120.11
2024-04-12 22:30:00,67190.0,67314.94,66850.0,66951.04
2024-04-12 23:00:00,67040.0,67300.0,66850.0,67179.97
2024-04-12 23:30:00,66904.04,67300.0,66904.04,67300.0
2024-04-13 00:00:00,67300.0,67316.0,67001.01,67070.05
2024-04-13 00:30:00,67297.99,67298.0,66950.0,66950.0
2024-04-13 01:00:00,66950.0,67270.0,66605.0,66605.0
2024-04-13 01:30:00,66605.0,66605.0,66001.0,66001.0
2024-04-13 02:00:00,66001.0,66800.0,66001.0,66502.0
2024-04-13 02:30:00,66798.79,66838.0,66300.59,66601.0
2024-04-13 03:00:00,66796.99,67197.1,66625.03,66999.88
2024-04-13 03:30:00,67197.1,67421.01,66978.69,67421.01
2024-04-13 04:00:00,67421.01,67500.0,67074.33,67500.0
2024-04-13 04:30:00,67550.0,68050.0,67451.0,67502.38
2024-04-13 05:00:00,67505.01,67998.0,67505.01,67818.94
2024-04-13 05:30:00,67818.94,68100.0,67501.99,67501.99
2024-04-13 06:00:00,67501.99,68199.0,67400.0,67410.01
2024-04-13 06:30:00,67500.0,67849.0,67410.01,67779.94
2024-04-13 07:00:00,67510.0,67779.9,67155.03,67511.0
2024-04-13 07:30:00,67510.97,67510.97,67267.16,67469.87
2024-04-13 08:00:00,67469.96,67469.96,67101.04,67400.0
2024-04-13 08:30:00,67420.0,67448.98,67100.01,67100.01
2024-04-13 09:00:00,67100.01,67400.0,67019.98,67199.97
2024-04-13 09:30:00,67199.97,67390.0,67130.0,67359.99
2024-04-13 10:00:00,67359.99,67446.49,67300.0,67300.0
2024-04-13 10:30:00,67300.0,67446.5,67240.0,67446.5
2024-04-13 11:00:00,67446.5,67720.0,67397.0,67400.0
2024-04-13 11:30:00,67400.13,67722.0,67300.0,67310.03
2024-04-13 12:00:00,67310.09,67419.94,67118.0,67248.91
2024-04-13 12:30:00,67248.91,67499.99,67120.0,67449.0
2024-04-13 13:00:00,67449.0,67721.42,67370.0,67589.88
2024-04-13 13:30:00,67669.94,67669.94,67428.76,67429.71
2024-04-13 14:00:00,67500.0,67545.0,67429.71,67545.0
2024-04-13 14:30:00,67600.0,67612.82,67400.0,67498.7
2024-04-13 15:00:00,67498.7,67650.0,67377.0,67649.99
2024-04-13 15:30:00,67649.98,67721.9,67580.0,67580.0
2024-04-13 16:00:00,67580.0,67580.0,67100.0,67100.0
2024-04-13 16:30:00,67102.01,67384.26,67093.28,67200.0
2024-04-13 17:00:00,67200.0,67299.9,66501.0,66513.0
2024-04-13 17:30:00,66553.0,66900.0,66267.03,66500.0
2024-04-13 18:00:00,66500.0,66800.0,66235.97,66736.0
2024-04-13 18:30:00,66736.0,66999.98,66609.0,66995.97
2024-04-13 19:00:00,66900.3,66994.0,66750.02,66800.0
2024-04-13 19:30:00,66850.0,67115.0,64999.0,65000.0
2024-04-13 20:00:00,65000.0,65000.0,61620.0,61620.0
2024-04-13 20:30:00,61510.0,62590.0,61000.0,61500.0
2024-04-13 21:00:00,61000.0,62300.0,60666.66,61100.0
2024-04-13 21:30:00,61000.0,62989.0,60700.0,62900.0
2024-04-13 22:00:00,62500.06,62900.0,62000.0,62790.0
2024-04-13 22:30:00,62789.99,64628.83,62502.04,64301.03
2024-04-13 23:00:00,64301.0,65500.0,63400.0,63500.0
2024-04-13 23:30:00,64199.94,64500.01,63525.01,63526.02
2024-04-14 00:00:00,63526.02,64299.99,62727.41,63309.51
2024-04-14 00:30:00,63309.51,64300.0,62900.0,63405.0
2024-04-14 01:00:00,63793.03,63793.03,63218.27,63718.99
2024-04-14 01:30:00,63718.89,64364.12,63220.04,63900.0
2024-04-14 02:00:00,63951.41,64100.0,62985.79,63600.0
2024-04-14 02:30:00,63600.0,63912.18,62953.72,63097.94
2024-04-14 03:00:00,63000.21,63049.97,62300.0,62897.81
2024-04-14 03:30:00,62897.87,63746.93,62606.2,63675.77
2024-04-14 04:00:00,63675.77,64499.92,63279.26,64499.92
2024-04-14 04:30:00,64499.92,64521.71,63940.0,64493.44
2024-04-14 05:00:00,64399.99,64766.31,64015.07,64466.6
2024-04-14 05:30:00,64203.77,65000.0,64203.75,64830.67
2024-04-14 06:00:00,64830.0,64830.0,64100.31,64799.0
2024-04-14 06:30:00,64799.0,65301.13,64702.08,65056.11
2024-04-14 07:00:00,65000.0,65196.7,64723.0,64850.03
2024-04-14 07:30:00,64992.0,65200.0,64595.5,64999.0
2024-04-14 08:00:00,64907.7,65089.0,64655.0,65089.0
2024-04-14 08:30:00,65089.0,65300.0,64666.0,64730.0
2024-04-14 09:00:00,64667.03,65081.6,64500.05,64595.5
2024-04-14 09:30:00,64595.5,64793.0,64112.53,64300.0
2024-04-14 10:00:00,64310.06,64590.0,64310.06,64400.06
2024-04-14 10:30:00,64400.06,64999.97,64400.06,64651.12
2024-04-14 11:00:00,64897.75,64897.76,64121.02,64398.72
2024-04-14 11:30:00,64122.09,64400.0,64050.0,64161.3
2024-04-14 12:00:00,64297.96,64500.0,64165.24,64472.0
2024-04-14 12:30:00,64470.0,64890.0,64360.12,64749.76
2024-04-14 13:00:00,64749.75,64889.0,64410.03,64830.0
2024-04-14 13:30:00,64831.99,64831.99,64400.0,64579.0
2024-04-14 14:00:00,64430.03,64430.03,64000.0,64047.0
2024-04-14 14:30:00,64048.0,64250.0,63500.0,63855.06
2024-04-14 15:00:00,63949.97,64430.02,63949.94,64400.0
2024-04-14 15:30:00,64430.03,64576.2,64029.47,64349.97
2024-04-14 16:00:00,64200.16,64699.99,64200.16,64666.0
2024-04-14 16:30:00,64699.99,64794.92,64300.0,64598.88
2024-04-14 17:00:00,64598.81,64599.25,62744.0,63346.93
2024-04-14 17:30:00,63300.0,64000.0,63300.0,63756.01
2024-04-14 18:00:00,63756.02,64350.0,63756.02,64350.0
2024-04-14 18:30:00,64350.0,64581.0,64200.0,64500.0
2024-04-14 19:00:00,64499.99,64500.0,64050.0,64179.99
2024-04-14 19:30:00,64180.0,64411.94,64084.0,64199.7
2024-04-14 20:00:00,64200.0,64399.85,64070.01,64149.0
2024-04-14 20:30:00,64149.0,64299.98,63900.0,63912.41
2024-04-14 21:00:00,64020.46,64020.46,63500.0,63649.95
2024-04-14 21:30:00,63798.79,63800.01,63500.03,63800.01
2024-04-14 22:00:00,63800.07,65290.5,63800.0,65279.99
2024-04-14 22:30:00,65279.99,65290.5,64936.95,65290.5
2024-04-14 23:00:00,65290.5,65700.0,65200.07,65649.99
2024-04-14 23:30:00,65500.14,65700.0,65295.0,65649.99
2024-04-15 00:00:00,65650.0,65700.5,65300.0,65450.01
2024-04-15 00:30:00,65450.01,65598.0,65192.0,65255.93
2024-04-15 01:00:00,65255.93,65554.97,65000.0,65428.99
2024-04-15 01:30:00,65429.89,65491.0,65058.0,65100.81
2024-04-15 02:00:00,65100.81,65489.97,64782.72,65330.0
2024-04-15 02:30:00,65330.0,65396.62,65000.02,65225.5
2024-04-15 03:00:00,65225.5,65260.32,63950.0,65260.28
2024-04-15 03:30:00,65260.32,65260.32,65000.0,65240.0
2024-04-15 04:00:00,65026.81,65239.96,64800.0,64801.05
2024-04-15 04:30:00,64801.05,64829.0,64801.05,64828.99
2024-04-15 05:00:00,64828.99,65295.0,64801.05,65260.18
2024-04-15 05:30:00,65294.94,65420.0,65003.85,65420.0
2024-04-15 06:00:00,65491.0,66370.0,65400.0,66370.0
2024-04-15 06:30:00,66308.0,66524.0,66150.0,66520.99
2024-04-15 07:00:00,66523.0,66581.99,66351.0,66550.0
2024-04-15 07:30:00,66582.0,66599.99,66323.01,66351.06
2024-04-15 08:00:00,66467.9,66467.9,65749.0,66267.9
2024-04-15 08:30:00,66267.87,66700.0,66267.0,66309.0
2024-04-15 09:00:00,66306.0,66899.0,66267.0,66803.34
2024-04-15 09:30:00,66602.12,66951.5,66501.0,66750.0
2024-04-15 10:00:00,66750.0,66893.46,66400.0,66500.24
2024-04-15 10:30:00,66590.0,66594.0,66400.01,66460.01
2024-04-15 11:00:00,66500.0,66550.0,66267.0,66350.0
2024-04-15 11:30:00,66350.0,66486.57,65600.0,65810.0
2024-04-15 12:00:00,65801.0,66217.9,65600.0,65888.0
2024-04-15 12:30:00,65899.35,66126.99,65819.49,66000.22
2024-04-15 13:00:00,66001.0,66217.9,65996.06,66199.99
2024-04-15 13:30:00,66200.0,66219.0,65600.0,65724.97
2024-04-15 14:00:00,65724.97,65890.0,65300.0,65301.03
2024-04-15 14:30:00,65449.94,65455.0,64000.0,64430.0
2024-04-15 15:00:00,64430.0,64810.05,63750.01,64501.93
2024-04-15 15:30:00,64799.0,64799.0,64020.01,64499.81
2024-04-15 16:00:00,64707.64,65980.0,63900.0,63901.0
2024-04-15 16:30:00,63970.0,64290.0,63651.3,64127.0
2024-04-15 17:00:00,64051.01,64770.0,63650.0,63710.01
2024-04-15 17:30:00,63739.0,64200.0,63001.0,63667.73
2024-04-15 18:00:00,63667.73,63888.0,63001.0,63289.91
2024-04-15 18:30:00,63250.0,63888.0,63000.0,63000.0
2024-04-15 19:00:00,63000.0,63300.0,62250.01,63055.0
2024-04-15 19:30:00,63099.99,63888.0,63099.99,63500.03
2024-04-15 20:00:00,63450.0,63700.0,63000.0,63200.0
2024-04-15 20:30:00,63094.78,63499.89,63050.0,63110.06
2024-04-15 21:00:00,63100.0,63470.0,62847.88,63050.0
2024-04-15 21:30:00,63114.94,63450.07,62700.0,63349.97
2024-04-15 22:00:00,63349.97,63398.0,62800.21,63000.4
2024-04-15 22:30:00,63201.16,63470.0,63100.0,63465.0
2024-04-15 23:00:00,63465.0,63617.96,63100.0,63389.88
2024-04-15 23:30:00,63390.0,63631.43,63245.0,63424.09
2024-04-16 00:00:00,63424.09,63800.0,63390.0,63400.0
2024-04-16 00:30:00,63447.8,63591.99,63000.0,63100.88
2024-04-16 01:00:00,63100.88,63740.8,63100.88,63740.8
2024-04-16 01:30:00,63581.0,63800.0,63180.01,63180.01
2024-04-16 02:00:00,63390.85,63390.85,62800.0,62849.97
2024-04-16 02:30:00,62849.97,63592.92,62833.0,63591.91
2024-04-16 03:00:00,63591.91,63753.98,63311.28,63311.61
2024-04-16 03:30:00,63300.01,63300.01,62944.22,63197.0
2024-04-16 04:00:00,63196.0,63200.0,62400.0,62635.0
2024-04-16 04:30:00,62635.0,62757.24,61910.0,62250.0
2024-04-16 05:00:00,62397.94,62887.97,62192.63,62601.12
2024-04-16 05:30:00,62601.34,63100.0,62601.34,63000.0
2024-04-16 06:00:00,62998.36,63199.0,62850.0,63195.0
2024-04-16 06:30:00,63195.0,63297.0,62950.2,63297.0
2024-04-16 07:00:00,63365.56,63490.0,63205.03,63303.0
2024-04-16 07:30:00,63303.0,63800.0,63300.0,63749.94
2024-04-16 08:00:00,63749.88,63800.0,63239.0,63239.0
2024-04-16 08:30:00,63220.03,63398.8,63140.03,63389.99
2024-04-16 09:00:00,63389.99,63499.0,63213.19,63410.0
2024-04-16 09:30:00,63489.66,63699.99,63320.0,63572.05
2024-04-16 10:00:00,63331.05,63563.45,62011.01,62291.61
2024-04-16 10:30:00,62050.0,62998.0,62008.0,62778.94
2024-04-16 11:00:00,62779.0,62850.0,62435.06,62630.0
2024-04-16 11:30:00,62630.0,63220.0,62450.0,63090.0
2024-04-16 12:00:00,62909.65,63200.0,62600.0,63199.95
2024-04-16 12:30:00,63199.92,63399.96,62879.0,62923.0
2024-04-16 13:00:00,62923.0,63195.0,62800.03,63178.0
2024-04-16 13:30:00,63178.0,63178.0,62200.0,62534.16
2024-04-16 14:00:00,62534.2,63000.0,62333.69,62598.71
2024-04-16 14:30:00,62596.67,62596.67,62110.0,62151.0
2024-04-16 15:00:00,62151.0,62400.0,62008.0,62217.47
2024-04-16 15:30:00,62220.0,62298.82,61324.3,61800.0
2024-04-16 16:00:00,61401.0,61990.0,61401.0,61700.0
2024-04-16 16:30:00,61699.99,62600.19,61690.1,62600.0
2024-04-16 17:00:00,62700.0,63200.0,62608.91,63199.0
2024-04-16 17:30:00,63198.0,63199.0,62000.0,62300.06
2024-04-16 18:00:00,62436.97,62950.01,62267.56,62699.85
2024-04-16 18:30:00,62603.36,62999.0,62507.01,62999.0
2024-04-16 19:00:00,62998.0,63020.0,62644.13,63012.99
2024-04-16 19:30:00,63012.99,63012.99,62626.89,62670.0
2024-04-16 20:00:00,62679.99,62857.86,62500.0,62778.97
2024-04-16 20:30:00,62653.08,62982.0,62653.08,62850.0
2024-04-16 21:00:00,62850.0,63750.0,62850.0,63550.4
2024-04-16 21:30:00,63550.43,64200.0,63251.11,64000.01
2024-04-16 22:00:00,64000.03,64100.0,63685.0,63799.67
2024-04-16 22:30:00,63707.0,63924.23,63707.0,63720.7
2024-04-16 23:00:00,63720.7,63999.88,63700.0,63842.58
2024-04-16 23:30:00,63842.58,63999.86,63780.0,63860.0
2024-04-17 00:00:00,63860.0,63860.0,63690.0,63690.0
2024-04-17 00:30:00,63690.06,64179.93,63690.06,64122.47
2024-04-17 01:00:00,64122.47,64122.47,63690.0,63998.37
2024-04-17 01:30:00,63999.0,63999.0,63691.41,63998.33
2024-04-17 02:00:00,63998.33,64179.9,63690.21,63701.05
2024-04-17 02:30:00,63701.05,64090.03,63599.0,63730.0
2024-04-17 03:00:00,63730.0,64058.33,63730.0,63900.96
2024-04-17 03:30:00,63900.96,64179.53,63740.11,63800.0
2024-04-17 04:00:00,63800.0,63947.6,63740.09,63750.0
2024-04-17 04:30:00,63740.0,64200.0,63740.0,64194.0
2024-04-17 05:00:00,64194.0,64500.0,64016.69,64373.9
2024-04-17 05:30:00,64197.2,64399.5,63750.0,63782.0
2024-04-17 06:00:00,63889.68,64000.0,63782.0,63900.0
2024-04-17 06:30:00,63960.0,63997.0,63790.21,63997.0
2024-04-17 07:00:00,63990.0,64100.0,63200.0,63600.0
2024-04-17 07:30:00,63600.0,63788.82,63355.0,63500.82
2024-04-17 08:00:00,63402.13,63500.81,63353.0,63480.0
2024-04-17 08:30:00,63417.0,63480.0,63120.0,63137.15
2024-04-17 09:00:00,63137.15,63400.0,63133.1,63400.0
2024-04-17 09:30:00,63400.0,63467.0,63330.0,63330.0
2024-04-17 10:00:00,63330.0,63330.0,62801.0,62899.97
2024-04-17 10:30:00,62900.0,63048.09,62899.94,63029.9
2024-04-17 11:00:00,62928.0,63130.01,62928.0,63107.0
2024-04-17 11:30:00,63000.0,63107.0,62500.0,62600.0
2024-04-17 12:00:00,62600.0,62998.14,62400.0,62470.0
2024-04-17 12:30:00,62470.0,62576.67,62200.0,62393.76
2024-04-17 13:00:00,62393.76,62450.1,62210.56,62450.1
2024-04-17 13:30:00,62400.0,63200.0,62359.0,62899.94
2024-04-17 14:00:00,62650.33,63000.0,61324.0,61495.05
2024-04-17 14:30:00,61600.0,62072.18,61088.0,61201.03
2024-04-17 15:00:00,61489.93,61600.0,60750.0,60750.0
2024-04-17 15:30:00,60700.0,61097.9,60100.0,60500.0
2024-04-17 16:00:00,60489.04,61379.0,60000.0,60996.0
2024-04-17 16:30:00,60701.01,60996.89,60100.0,60396.97
2024-04-17 17:00:00,60220.01,60849.0,60220.01,60849.0
2024-04-17 17:30:00,60834.85,61900.0,60726.0,61500.0
2024-04-17 18:00:00,61480.0,61990.0,61400.0,61976.0
2024-04-17 18:30:00,61900.0,61976.0,61004.26,61200.06
2024-04-17 19:00:00,61200.12,61498.76,60700.0,60999.7
2024-04-17 19:30:00,61089.0,61442.49,60700.0,61208.8
2024-04-17 20:00:00,61100.0,61499.0,61005.0,61345.0
2024-04-17 20:30:00,61300.01,61499.91,60600.0,60937.0
2024-04-17 21:00:00,60938.94,61700.0,60751.04,61449.0
2024-04-17 21:30:00,61447.97,61449.97,61199.5,61205.0
2024-04-17 22:00:00,61367.91,61367.91,61000.0,61366.99
2024-04-17 22:30:00,61186.34,61598.0,61186.34,61598.0
2024-04-17 23:00:00,61598.0,61599.0,61069.35,61200.0
2024-04-17 23:30:00,61130.01,61300.0,61130.01,61297.97
2024-04-18 00:00:00,61297.97,61387.45,61001.07,61099.97
2024-04-18 00:30:00,61099.97,61380.0,61001.0,61380.0
2024-04-18 01:00:00,61450.0,61500.0,61323.71,61500.0
2024-04-18 01:30:00,61500.0,61500.0,61367.82,61450.0
2024-04-18 02:00:00,61450.0,61765.89,61400.51,61400.73
2024-04-18 02:30:00,61594.76,61595.0,61413.37,61595.0
2024-04-18 03:00:00,61600.0,62050.0,61600.0,61874.99
2024-04-18 03:30:00,61800.04,62040.0,61604.01,61999.99
2024-04-18 04:00:00,61999.99,62039.97,61662.03,61999.83
2024-04-18 04:30:00,61999.83,62040.0,61600.0,61630.01
2024-04-18 05:00:00,61649.13,61700.0,61600.0,61700.0
2024-04-18 05:30:00,61700.0,61700.0,61035.0,61035.0
2024-04-18 06:00:00,61035.04,61258.82,60806.26,60954.82
2024-04-18 06:30:00,61174.92,61174.92,60500.0,60999.84
2024-04-18 07:00:00,61047.99,61199.99,60910.03,60931.0
2024-04-18 07:30:00,60930.0,61197.79,60750.0,61100.0
2024-04-18 08:00:00,61050.0,61197.78,60618.0,60830.0
2024-04-18 08:30:00,60837.0,61448.99,60837.0,61200.0
2024-04-18 09:00:00,61200.0,61450.0,60827.55,60990.0
2024-04-18 09:30:00,61100.0,61463.99,60801.04,61430.0
2024-04-18 10:00:00,61446.98,61450.0,61303.0,61450.0
2024-04-18 10:30:00,61400.0,61700.0,61320.01,61440.9
2024-04-18 11:00:00,61443.07,62850.0,61441.95,62844.99
2024-04-18 11:30:00,62839.97,62846.0,62410.01,62639.0
2024-04-18 12:00:00,62600.0,62696.99,62000.0,62020.0
2024-04-18 12:30:00,62051.03,62192.91,61404.0,62050.97
2024-04-18 13:00:00,62000.0,62200.0,61952.01,62199.0
2024-04-18 13:30:00,62198.0,62550.0,61949.99,62550.0
2024-04-18 14:00:00,62590.0,63579.99,62500.0,63550.0
2024-04-18 14:30:00,63559.0,63780.0,63213.56,63600.0
2024-04-18 15:00:00,63600.0,63899.99,63500.0,63600.0
2024-04-18 15:30:00,63557.12,63848.95,63338.41,63370.3
2024-04-18 16:00:00,63370.2,63700.0,63081.81,63699.9
2024-04-18 16:30:00,63699.9,63699.9,63102.0,63379.85
2024-04-18 17:00:00,63201.13,63450.0,63115.31,63115.31
2024-04-18 17:30:00,63186.0,63205.0,62500.0,62690.0
2024-04-18 18:00:00,62689.97,63082.0,62100.0,62997.94
2024-04-18 18:30:00,62997.93,63199.0,62611.03,63092.0
2024-04-18 19:00:00,63090.0,63418.0,63090.0,63283.04
2024-04-18 19:30:00,63283.0,63418.0,63203.04,63418.0
2024-04-18 20:00:00,63418.0,63495.0,63207.0,63334.0
2024-04-18 20:30:00,63334.0,63399.0,63210.03,63350.0
2024-04-18 21:00:00,63350.0,63600.0,63200.0,63399.99
2024-04-18 21:30:00,63399.91,63495.0,63001.0,63266.67
2024-04-18 22:00:00,63484.86,63484.86,63160.0,63170.03
2024-04-18 22:30:00,63163.08,63400.47,63160.0,63380.0
2024-04-18 23:00:00,63380.0,63462.85,63174.18,63200.7
2024-04-18 23:30:00,63400.0,63449.65,63204.03,63344.11
2024-04-19 00:00:00,63344.11,63400.1,62801.0,62801.0
2024-04-19 00:30:00,62801.0,62950.0,62483.0,62483.0
2024-04-19 01:00:00,62483.01,62599.99,61550.0,61664.5
2024-04-19 01:30:00,61890.0,61999.94,60850.0,61090.85
2024-04-19 02:00:00,60867.94,61350.0,60008.0,60008.0
2024-04-19 02:30:00,60008.0,61480.07,60000.0,61399.99
2024-04-19 03:00:00,61479.0,62699.99,60800.0,62000.01
2024-04-19 03:30:00,62000.5,62050.05,61500.0,61671.0
2024-04-19 04:00:00,61833.74,62499.99,61671.0,62346.0
2024-04-19 04:30:00,62300.0,62800.0,62085.64,62400.0
2024-04-19 05:00:00,62280.01,62401.0,61459.45,61760.04
2024-04-19 05:30:00,61765.06,62298.55,61660.38,62000.0
2024-04-19 06:00:00,62000.0,62666.0,61200.0,61806.28
2024-04-19 06:30:00,61989.23,65000.0,61803.26,64393.45
2024-04-19 07:00:00,64200.0,64950.0,64000.0,64300.0
2024-04-19 07:30:00,64449.97,64449.97,64109.01,64414.98
2024-04-19 08:00:00,64414.98,65000.0,64211.04,64563.21
2024-04-19 08:30:00,64509.0,64563.21,64062.0,64398.0
2024-04-19 09:00:00,64399.0,64564.21,64162.0,64303.15
2024-04-19 09:30:00,64498.94,64799.99,64303.13,64796.96
2024-04-19 10:00:00,64760.0,64999.0,64450.0,64749.0
2024-04-19 10:30:00,64652.12,64742.44,64249.94,64589.94
2024-04-19 11:00:00,64589.94,64830.0,64366.71,64605.0
2024-04-19 11:30:00,64605.03,65316.85,64600.1,64700.19
2024-04-19 12:00:00,64700.0,65350.0,64700.0,65275.97
2024-04-19 12:30:00,65275.97,65298.99,64711.0,64801.03
2024-04-19 13:00:00,64802.06,64998.95,64401.0,64401.21
2024-04-19 13:30:00,64500.0,64989.0,64405.03,64699.88
2024-04-19 14:00:00,64799.89,64848.0,63611.58,63800.0
2024-04-19 14:30:00,63704.12,64750.0,63704.12,64301.15
2024-04-19 15:00:00,64301.24,64585.0,64150.02,64238.0
2024-04-19 15:30:00,64238.02,64567.0,64150.02,64250.0
2024-04-19 16:00:00,64250.0,64465.95,63505.0,63580.0
2024-04-19 16:30:00,63598.96,64399.84,63558.06,63989.87
2024-04-19 17:00:00,63989.0,64200.0,63851.0,63903.27
2024-04-19 17:30:00,63903.26,64800.0,63760.0,64724.97
2024-04-19 18:00:00,64724.93,64724.93,64301.03,64445.97
2024-04-19 18:30:00,64400.0,64402.26,63900.0,64359.97
2024-04-19 19:00:00,64150.01,64348.74,64100.02,64347.65
2024-04-19 19:30:00,64347.62,64347.71,64200.0,64300.0
2024-04-19 20:00:00,64300.02,64347.71,63900.0,64225.97
2024-04-19 20:30:00,64120.6,64225.9,63670.0,63754.32
2024-04-19 21:00:00,63757.36,64299.97,63757.36,64299.97
2024-04-19 21:30:00,64299.97,64499.99,64260.2,64320.0
2024-04-19 22:00:00,64300.0,64500.0,64219.97,64350.97
2024-04-19 22:30:00,64012.01,64493.96,64012.0,64012.0
2024-04-19 23:00:00,64012.0,64177.79,62750.0,63225.43
2024-04-19 23:30:00,63226.02,64299.99,63226.02,63899.88
2024-04-20 00:00:00,63998.94,64099.93,63252.51,63899.91
2024-04-20 00:30:00,63800.0,64150.0,63512.1,63774.98
2024-04-20 01:00:00,63738.94,63936.11,63100.11,63936.11
2024-04-20 01:30:00,63883.82,64199.0,63500.01,64199.0
2024-04-20 02:00:00,64199.0,64199.0,63700.0,63701.24
2024-04-20 02:30:00,63701.1,64200.0,63701.06,63825.11
2024-04-20 03:00:00,63999.97,64200.0,63825.0,64199.99
2024-04-20 03:30:00,64100.0,64200.0,63900.01,64139.09
2024-04-20 04:00:00,64139.09,64168.92,63652.0,63950.0
2024-04-20 04:30:00,63950.0,64168.92,63950.0,64166.88
2024-04-20 05:00:00,64166.82,64168.92,64040.01,64159.79
2024-04-20 05:30:00,64102.0,64300.0,64102.0,64196.3
2024-04-20 06:00:00,64200.0,64295.0,64070.0,64075.0
2024-04-20 06:30:00,64075.0,65000.0,64000.0,64190.0
2024-04-20 07:00:00,64190.0,64230.72,64000.0,64019.0
2024-04-20 07:30:00,64019.0,64099.99,63950.0,63950.0
2024-04-20 08:00:00,63900.01,63900.01,63600.0,63800.0
2024-04-20 08:30:00,63800.0,63898.0,63600.03,63601.0
2024-04-20 09:00:00,63601.01,64000.0,63322.09,63470.01
2024-04-20 09:30:00,63470.08,63800.0,63103.0,63499.0
2024-04-20 10:00:00,63499.96,63700.0,63305.97,63547.99
2024-04-20 10:30:00,63547.99,63799.9,63414.07,63659.89
2024-04-20 11:00:00,63659.89,63900.0,63600.0,63800.0
2024-04-20 11:30:00,63800.01,63800.03,63660.06,63779.69
2024-04-20 12:00:00,63680.46,63799.93,63667.0,63789.9
2024-04-20 12:30:00,63789.78,63900.0,63670.0,63818.0
2024-04-20 13:00:00,63818.02,64100.0,63818.0,63880.0
2024-04-20 13:30:00,63999.53,64197.0,63879.97,63999.59
2024-04-20 14:00:00,63999.53,64175.0,63825.0,63830.01
2024-04-20 14:30:00,63893.2,64000.0,63820.01,63960.0
2024-04-20 15:00:00,63959.97,63971.91,63819.97,63850.0
2024-04-20 15:30:00,63850.0,64985.19,63850.0,64714.03
2024-04-20 16:00:00,64800.0,64931.07,64500.0,64750.0
2024-04-20 16:30:00,64770.81,64850.99,64708.81,64800.0
2024-04-20 17:00:00,64820.0,65381.0,64800.0,65250.0
2024-04-20 17:30:00,65220.01,65400.0,65031.15,65213.0
2024-04-20 18:00:00,65298.55,65299.48,64750.0,65049.98
2024-04-20 18:30:00,65000.0,65115.15,64979.95,65000.0
2024-04-20 19:00:00,65000.0,65005.64,64720.01,64850.0
2024-04-20 19:30:00,64850.0,64850.0,64720.0,64740.07
2024-04-20 20:00:00,64800.0,64900.0,64603.0,64700.0
2024-04-20 20:30:00,64650.01,64940.0,64650.0,64729.77
2024-04-20 21:00:00,64729.77,64787.62,64660.0,64660.0
2024-04-20 21:30:00,64661.47,64787.94,64603.19,64787.72
2024-04-20 22:00:00,64702.0,64787.57,64600.0,64697.97
2024-04-20 22:30:00,64694.6,64698.0,64510.03,64516.52
2024-04-20 23:00:00,64516.52,64952.89,64452.52,64852.15
2024-04-20 23:30:00,64852.15,64949.87,64852.15,64949.68
2024-04-21 00:00:00,64949.68,64949.68,64570.08,64918.48
2024-04-21 00:30:00,64918.48,64918.48,64600.97,64761.61
2024-04-21 01:00:00,64761.61,64946.4,64634.12,64859.17
2024-04-21 01:30:00,64859.17,64900.0,64811.61,64811.61
2024-04-21 02:00:00,64811.61,65100.0,64811.61,65075.0
2024-04-21 02:30:00,65100.0,65200.0,65000.0,65188.01
2024-04-21 03:00:00,65092.96,65561.0,65000.0,65347.08
2024-04-21 03:30:00,65132.0,65300.0,65079.13,65100.5
2024-04-21 04:00:00,65199.97,65199.97,64900.0,64921.0
2024-04-21 04:30:00,64977.0,65142.87,64930.0,65137.81
2024-04-21 05:00:00,65050.0,65100.0,65010.04,65099.0
2024-04-21 05:30:00,65020.1,65142.8,65020.1,65025.0
2024-04-21 06:00:00,65021.11,65099.98,64931.0,65000.0
2024-04-21 06:30:00,64951.09,65098.99,64951.09,65010.0
2024-04-21 07:00:00,65000.04,65087.92,64951.09,64960.0
2024-04-21 07:30:00,64952.0,65142.53,64900.0,65119.99
2024-04-21 08:00:00,65142.56,65142.56,64908.0,64999.9
2024-04-21 08:30:00,64950.97,64956.0,64722.97,64722.97
2024-04-21 09:00:00,64730.12,64871.38,64600.97,64840.0
2024-04-21 09:30:00,64681.05,64788.0,64404.0,64729.99
2024-04-21 10:00:00,64729.99,64839.99,64461.48,64735.0
2024-04-21 10:30:00,64680.0,64972.11,64680.0,64706.55
2024-04-21 11:00:00,64706.55,65250.0,64706.55,65003.12
2024-04-21 11:30:00,65093.48,65190.0,64900.12,65105.0
2024-04-21 12:00:00,65188.0,65189.0,65005.02,65077.0
2024-04-21 12:30:00,65010.0,65099.97,64910.0,64910.0
2024-04-21 13:00:00,64910.0,65120.0,64810.0,65000.0
2024-04-21 13:30:00,65000.0,65091.67,64791.0,64801.0
2024-04-21 14:00:00,64791.06,64923.43,64710.0,64898.0
2024-04-21 14:30:00,64929.97,64929.97,64701.11,64902.28
2024-04-21 15:00:00,64902.28,64902.9,64705.01,64815.0
2024-04-21 15:30:00,64815.0,64999.0,64755.0,64990.0
2024-04-21 16:00:00,64999.0,64999.0,64170.0,64388.0
2024-04-21 16:30:00,64370.0,64500.0,63965.09,64350.0
2024-04-21 17:00:00,64350.0,64597.91,64129.83,64500.0
2024-04-21 17:30:00,64590.0,64650.0,64407.69,64640.0
2024-04-21 18:00:00,64640.0,64650.0,64450.01,64485.0
2024-04-21 18:30:00,64486.0,64640.0,64480.33,64640.0
2024-04-21 19:00:00,64640.0,64660.0,64478.2,64550.0
2024-04-21 19:30:00,64501.06,64649.0,64500.0,64500.0
2024-04-21 20:00:00,64478.2,64616.0,64318.0,64500.0
2024-04-21 20:30:00,64401.26,64560.0,64318.12,64489.97
2024-04-21 21:00:00,64368.0,64949.99,64368.0,64800.9
2024-04-21 21:30:00,64800.9,64800.9,64600.03,64642.24
2024-04-21 22:00:00,64600.03,64899.99,64511.33,64879.0
2024-04-21 22:30:00,64890.0,64890.0,64800.0,64849.97
2024-04-21 23:00:00,64800.12,64880.0,64517.46,64523.03
2024-04-21 23:30:00,64768.85,64850.0,64768.85,64770.0
2024-04-22 00:00:00,64770.0,64914.99,64579.23,64898.01
2024-04-22 00:30:00,64701.33,64880.21,64520.27,64523.5
2024-04-22 01:00:00,64523.5,65200.0,64517.03,65199.94
2024-04-22 01:30:00,64940.68,64940.68,64517.02,64530.0
2024-04-22 02:00:00,64530.0,64701.64,64500.0,64699.94
2024-04-22 02:30:00,64690.0,64690.0,64588.12,64685.0
2024-04-22 03:00:00,64685.0,65090.0,64685.0,65090.0
2024-04-22 03:30:00,65090.0,65666.0,65000.0,65550.0
2024-04-22 04:00:00,65549.98,65665.99,65237.0,65499.99
2024-04-22 04:30:00,65499.99,65574.9,65320.0,65391.0
2024-04-22 05:00:00,65391.0,65800.0,65382.0,65750.0
2024-04-22 05:30:00,65793.98,66183.99,65503.01,66150.0
2024-04-22 06:00:00,66150.0,66200.0,66004.02,66101.0
2024-04-22 06:30:00,66101.0,66143.0,66006.1,66137.0
2024-04-22 07:00:00,66137.0,66142.0,65710.0,65710.0
2024-04-22 07:30:00,65710.0,65900.0,65555.0,65555.0
2024-04-22 08:00:00,65520.62,65900.99,65520.03,65900.0
2024-04-22 08:30:00,65900.0,65990.0,65612.0,65631.0
2024-04-22 09:00:00,65615.0,65800.0,65600.0,65700.0
2024-04-22 09:30:00,65700.0,65710.0,65589.0,65650.0
2024-04-22 10:00:00,65650.0,65967.0,65589.0,65880.0
2024-04-22 10:30:00,65880.0,65880.0,65600.01,65800.0
2024-04-22 11:00:00,65800.0,65850.0,65711.0,65799.95
2024-04-22 11:30:00,65799.95,65799.95,65600.11,65625.0
2024-04-22 12:00:00,65625.0,65749.99,65600.11,65749.97
2024-04-22 12:30:00,65601.55,65749.97,65601.55,65738.0
2024-04-22 13:00:00,65740.0,65977.11,65713.02,65713.04
2024-04-22 13:30:00,65713.05,65900.0,65610.0,65900.0
2024-04-22 14:00:00,65900.0,66000.03,65850.0,66000.03
2024-04-22 14:30:00,66027.99,66180.0,65840.0,65900.0
2024-04-22 15:00:00,65990.0,66033.97,65590.03,65650.0
2024-04-22 15:30:00,65602.0,66000.0,65601.0,65830.0
2024-04-22 16:00:00,65795.0,66050.0,65700.01,65985.0
2024-04-22 16:30:00,65761.01,65979.98,65761.0,65899.0
2024-04-22 17:00:00,65899.0,66300.0,65899.0,66300.0
2024-04-22 17:30:00,66300.0,66500.11,66190.0,66390.0
2024-04-22 18:00:00,66300.03,66467.0,66270.3,66270.53
2024-04-22 18:30:00,66270.3,66300.0,66000.0,66054.08
2024-04-22 19:00:00,66070.01,66249.88,65902.01,66000.0
2024-04-22 19:30:00,66000.0,66249.88,65950.0,66220.0
2024-04-22 20:00:00,66220.0,66400.0,66218.0,66318.0
2024-04-22 20:30:00,66320.0,66399.0,66200.0,66248.0
2024-04-22 21:00:00,66250.0,66250.0,65959.03,66150.0
2024-04-22 21:30:00,66150.0,66330.0,66102.0,66113.7
2024-04-22 22:00:00,66299.99,66410.0,66200.0,66251.06
2024-04-22 22:30:00,66410.0,66749.0,66251.06,66748.0
2024-04-22 23:00:00,66748.0,66940.0,66566.0,66850.0
2024-04-22 23:30:00,66804.0,66804.0,66566.0,66689.0
2024-04-23 00:00:00,66666.0,66666.0,66567.0,66567.0
2024-04-23 00:30:00,66566.0,66777.0,66450.01,66700.06
2024-04-23 01:00:00,66780.0,66824.0,66700.0,66700.0
2024-04-23 01:30:00,66700.0,66950.0,66700.0,66704.3
2024-04-23 02:00:00,66797.82,66797.83,66693.0,66720.0
2024-04-23 02:30:00,66693.0,66788.88,66441.55,66441.55
2024-04-23 03:00:00,66450.0,66749.0,66441.55,66694.97
2024-04-23 03:30:00,66532.19,66533.05,66320.0,66320.0
2024-04-23 04:00:00,66320.0,66365.0,66320.0,66323.0
2024-04-23 04:30:00,66364.34,66364.34,66000.0,66000.0
2024-04-23 05:00:00,66027.0,66189.99,66000.0,66186.0
2024-04-23 05:30:00,66189.99,66467.99,66186.0,66374.0
2024-04-23 06:00:00,66374.0,66467.99,66300.0,66449.0
2024-04-23 06:30:00,66321.0,66400.0,66124.0,66280.0
2024-04-23 07:00:00,66280.0,66288.93,66111.0,66111.0
2024-04-23 07:30:00,66111.0,66124.0,66000.0,66000.01
2024-04-23 08:00:00,66000.01,66096.97,65800.0,65850.0
2024-04-23 08:30:00,65811.0,66100.0,65811.0,66000.0
2024-04-23 09:00:00,66001.0,66195.0,66001.0,66123.0
2024-04-23 09:30:00,66165.0,66178.0,65987.7,65988.0
2024-04-23 10:00:00,65988.0,66152.0,65866.01,66000.0
2024-04-23 10:30:00,66000.0,66200.0,65980.0,66197.0
2024-04-23 11:00:00,66197.0,66197.0,65923.0,66006.0
2024-04-23 11:30:00,66006.0,66027.26,65844.0,65995.23
2024-04-23 12:00:00,65995.19,66000.0,65733.0,65800.0
2024-04-23 12:30:00,65900.0,65999.96,65752.0,65999.96
2024-04-23 13:00:00,65999.96,66076.0,65999.96,66000.0
2024-04-23 13:30:00,66000.0,66436.0,66000.0,66319.18
2024-04-23 14:00:00,66319.36,66779.99,66300.15,66600.0
2024-04-23 14:30:00,66600.0,66799.0,66500.0,66739.99
2024-04-23 15:00:00,66739.99,66739.99,66502.66,66560.0
2024-04-23 15:30:00,66540.01,66540.01,66141.1,66141.2
2024-04-23 16:00:00,66200.0,66503.15,66140.1,66479.75
2024-04-23 16:30:00,66479.8,66559.98,66226.0,66500.0
2024-04-23 17:00:00,66360.01,66659.99,66360.01,66599.0
2024-04-23 17:30:00,66599.0,66608.92,66460.0,66482.0
2024-04-23 18:00:00,66482.0,66597.0,66482.0,66583.99
2024-04-23 18:30:00,66580.0,66580.0,66226.0,66557.0
2024-04-23 19:00:00,66549.0,66549.0,66321.0,66495.0
2024-04-23 19:30:00,66416.0,66495.0,66320.0,66320.0
2024-04-23 20:00:00,66438.94,66438.94,66000.0,66197.94
2024-04-23 20:30:00,66197.0,66298.0,66090.07,66090.07
2024-04-23 21:00:00,66270.1,66270.1,66060.03,66200.0
2024-04-23 21:30:00,66220.0,66300.0,66001.0,66010.1
2024-04-23 22:00:00,66198.0,66298.9,66000.0,66101.0
2024-04-23 22:30:00,66051.0,66297.99,66051.0,66282.33
2024-04-23 23:00:00,66282.33,66282.33,66055.0,66060.0
2024-04-23 23:30:00,66060.0,66190.0,66060.0,66104.0
2024-04-24 00:00:00,66104.0,66349.0,66104.0,66105.0
2024-04-24 00:30:00,66105.0,66430.0,66104.0,66240.01
2024-04-24 01:00:00,66430.0,66430.0,66235.0,66235.0
2024-04-24 01:30:00,66235.0,66428.6,66104.01,66410.05
2024-04-24 02:00:00,66425.0,66425.0,66350.0,66425.0
2024-04-24 02:30:00,66425.0,66425.0,66121.01,66396.84
2024-04-24 03:00:00,66396.84,66420.0,66160.9,66176.99
2024-04-24 03:30:00,66176.99,66430.0,66170.02,66426.0
2024-04-24 04:00:00,66430.0,66430.0,66300.0,66400.0
2024-04-24 04:30:00,66400.0,66713.0,66260.41,66713.0
2024-04-24 05:00:00,66720.07,66749.01,66486.0,66500.0
2024-04-24 05:30:00,66500.0,66599.0,66500.0,66589.0
2024-04-24 06:00:00,66500.0,66589.0,66251.02,66300.0
2024-04-24 06:30:00,66300.0,66500.0,66300.0,66500.0
2024-04-24 07:00:00,66500.0,66649.0,66307.0,66649.0
2024-04-24 07:30:00,66649.0,66649.95,66400.0,66400.0
2024-04-24 08:00:00,66400.0,66415.0,66311.0,66394.0
2024-04-24 08:30:00,66394.0,66449.99,66306.0,66395.0
2024-04-24 09:00:00,66395.0,66440.0,66200.0,66379.0
2024-04-24 09:30:00,66400.0,66419.96,66105.02,66180.0
2024-04-24 10:00:00,66150.01,66354.36,66000.0,66065.34
2024-04-24 10:30:00,66065.37,66329.91,66065.37,66329.91
2024-04-24 11:00:00,66298.54,66410.0,66202.0,66290.99
2024-04-24 11:30:00,66290.99,66438.0,66290.99,66310.0
2024-04-24 12:00:00,66311.0,66550.0,66251.0,66549.0
2024-04-24 12:30:00,66549.0,66564.97,65910.0,65914.0
2024-04-24 13:00:00,65913.0,66000.0,65701.0,65803.0
2024-04-24 13:30:00,65800.0,65898.0,65500.0,65703.0
2024-04-24 14:00:00,65700.0,65798.0,65200.0,65250.0
2024-04-24 14:30:00,65250.0,65250.0,64600.0,65000.0
2024-04-24 15:00:00,65089.96,65099.9,64515.0,64787.77
2024-04-24 15:30:00,64600.25,64939.17,64500.0,64553.0
2024-04-24 16:00:00,64554.28,64899.99,64400.01,64400.01
2024-04-24 16:30:00,64400.0,64737.98,64200.0,64672.0
2024-04-24 17:00:00,64734.8,64960.0,64734.8,64900.0
2024-04-24 17:30:00,64960.0,65157.09,64700.01,64848.0
2024-04-24 18:00:00,64800.0,64879.94,64556.0,64729.81
2024-04-24 18:30:00,64729.72,64729.72,64077.07,64078.0
2024-04-24 19:00:00,64099.97,64550.0,63800.0,64258.57
2024-04-24 19:30:00,64330.0,64400.0,64029.0,64029.0
2024-04-24 20:00:00,64029.0,64200.0,63500.0,63818.84
2024-04-24 20:30:00,63590.03,64200.0,63590.0,64100.0
2024-04-24 21:00:00,64100.0,64234.97,63999.9,64234.96
2024-04-24 21:30:00,64234.97,64417.75,64200.01,64320.0
2024-04-24 22:00:00,64320.0,64482.87,64100.0,64185.0
2024-04-24 22:30:00,64185.0,64185.0,63900.0,63950.0
2024-04-24 23:00:00,63950.0,64194.0,63900.0,64164.0
2024-04-24 23:30:00,64164.0,64245.0,64020.06,64245.0
2024-04-25 00:00:00,64245.0,64430.47,64200.0,64430.47
2024-04-25 00:30:00,64464.94,64550.0,64464.94,64549.0
2024-04-25 01:00:00,64549.0,64549.0,64431.47,64487.94
2024-04-25 01:30:00,64487.94,64530.0,64100.5,64193.0
2024-04-25 02:00:00,64193.0,64246.28,63900.0,64240.0
2024-04-25 02:30:00,64240.0,64240.0,64110.38,64113.67
2024-04-25 03:00:00,64240.0,64328.66,64113.0,64200.0
2024-04-25 03:30:00,64200.0,64380.0,64200.0,64290.04
2024-04-25 04:00:00,64290.04,64335.97,64116.0,64152.0
2024-04-25 04:30:00,64152.0,64300.0,64118.0,64300.0
2024-04-25 05:00:00,64300.0,64300.0,64104.0,64157.18
2024-04-25 05:30:00,64157.18,64399.63,64100.42,64277.8
2024-04-25 06:00:00,64275.96,64300.0,64201.0,64300.0
2024-04-25 06:30:00,64300.0,64350.0,64200.0,64341.0
2024-04-25 07:00:00,64200.12,64371.19,64200.12,64235.02
2024-04-25 07:30:00,64234.2,64294.1,63650.01,63700.0
2024-04-25 08:00:00,63700.0,63928.0,63700.0,63895.0
2024-04-25 08:30:00,63895.0,63895.0,63369.0,63519.0
2024-04-25 09:00:00,63520.0,63894.99,63400.0,63848.94
2024-04-25 09:30:00,63700.0,63799.0,63500.0,63500.0
2024-04-25 10:00:00,63500.05,63649.99,63200.03,63210.0
2024-04-25 10:30:00,63210.0,63428.67,63150.0,63193.68
2024-04-25 11:00:00,63193.68,63428.6,63173.01,63371.0
2024-04-25 11:30:00,63424.0,63670.0,63424.0,63598.99
2024-04-25 12:00:00,63598.99,63790.0,63402.02,63710.0
2024-04-25 12:30:00,63719.99,63871.0,63000.1,63005.01
2024-04-25 13:00:00,63005.01,63569.0,62700.0,62989.89
2024-04-25 13:30:00,62988.0,63399.0,62700.0,63240.0
2024-04-25 14:00:00,63200.21,63700.0,63180.0,63694.0
2024-04-25 14:30:00,63511.0,63695.88,63170.0,63170.0
2024-04-25 15:00:00,63250.0,63450.0,63170.04,63449.99
2024-04-25 15:30:00,63449.95,64000.0,63300.0,63900.25
2024-04-25 16:00:00,64000.0,64141.28,63803.55,64100.0
2024-04-25 16:30:00,64100.0,64700.0,63970.0,64520.0
2024-04-25 17:00:00,64450.0,64808.0,64322.69,64500.0
2024-04-25 17:30:00,64500.0,64686.45,64401.0,64669.87
2024-04-25 18:00:00,64669.87,64900.0,64400.01,64752.36
2024-04-25 18:30:00,64725.0,64736.0,64316.01,64637.87
2024-04-25 19:00:00,64600.0,64694.99,64357.0,64589.95
2024-04-25 19:30:00,64589.95,64589.95,64400.0,64563.0
2024-04-25 20:00:00,64565.0,64913.0,64500.0,64687.94
2024-04-25 20:30:00,64540.0,64670.0,64536.03,64615.0
2024-04-25 21:00:00,64670.0,65000.0,64500.0,64850.83
2024-04-25 21:30:00,64610.08,65000.0,64511.0,64531.47
2024-04-25 22:00:00,64531.54,64700.0,64501.02,64513.06
2024-04-25 22:30:00,64513.06,64676.8,64350.01,64400.0
2024-04-25 23:00:00,64400.0,64599.79,64334.64,64340.0
2024-04-25 23:30:00,64340.0,64549.62,64313.0,64549.08
2024-04-26 00:00:00,64548.98,64548.99,64300.0,64300.0
2024-04-26 00:30:00,64300.0,64300.0,64051.0,64052.04
2024-04-26 01:00:00,64052.02,64224.8,64000.0,64000.0
2024-04-26 01:30:00,64000.0,64470.0,64000.0,64333.39
2024-04-26 02:00:00,64333.39,64479.79,64200.07,64200.31
2024-04-26 02:30:00,64479.01,64500.0,64211.39,64479.64
2024-04-26 03:00:00,64479.64,64479.64,64261.73,64300.0
2024-04-26 03:30:00,64300.0,64300.0,64262.06,64300.0
2024-04-26 04:00:00,64300.0,64334.48,64220.0,64334.17
2024-04-26 04:30:00,64334.17,64382.0,64150.03,64163.55
2024-04-26 05:00:00,64163.09,64291.04,63999.0,64279.77
2024-04-26 05:30:00,64279.77,64481.22,64021.0,64460.0
2024-04-26 06:00:00,64460.0,64460.0,64236.91,64399.89
2024-04-26 06:30:00,64399.89,64417.84,64200.34,64202.0
2024-04-26 07:00:00,64202.0,64420.0,64009.0,64420.0
2024-04-26 07:30:00,64400.0,64498.99,64035.07,64120.0
2024-04-26 08:00:00,64083.6,64299.85,64074.07,64100.0
2024-04-26 08:30:00,64100.01,64299.85,64100.01,64145.0
2024-04-26 09:00:00,64145.0,64400.0,64100.0,64400.0
2024-04-26 09:30:00,64400.0,64472.69,64140.0,64294.89
2024-04-26 10:00:00,64294.89,64469.99,64160.01,64250.0
2024-04-26 10:30:00,64249.6,64369.99,64042.0,64042.06
2024-04-26 11:00:00,64042.0,64223.85,64000.0,64000.33
2024-04-26 11:30:00,64000.33,64200.0,63950.0,64100.0
2024-04-26 12:00:00,64100.0,64300.0,63901.02,64294.99
2024-04-26 12:30:00,64200.39,64400.0,63950.0,64099.83
2024-04-26 13:00:00,63950.27,64179.57,63740.0,63740.0
2024-04-26 13:30:00,63750.0,64393.0,63550.0,64388.0
2024-04-26 14:00:00,64388.0,64675.0,64276.0,64332.03
2024-04-26 14:30:00,64494.86,64494.86,63450.0,63700.03
2024-04-26 15:00:00,63799.85,64000.0,63401.0,63408.0
2024-04-26 15:30:00,63400.0,63649.95,63400.0,63500.0
2024-04-26 16:00:00,63500.0,63797.9,63407.0,63797.0
2024-04-26 16:30:00,63604.14,63796.95,63500.08,63728.96
2024-04-26 17:00:00,63602.06,63750.0,63571.0,63750.0
2024-04-26 17:30:00,63750.0,63950.0,63627.18,63900.0
2024-04-26 18:00:00,63900.0,63998.99,63770.16,63800.12
2024-04-26 18:30:00,63898.99,63997.0,63770.0,63790.0
2024-04-26 19:00:00,63790.0,63900.0,63651.0,63651.2
2024-04-26 19:30:00,63794.0,63794.0,63381.1,63740.0
2024-04-26 20:00:00,63740.0,63880.0,63612.0,63700.0
2024-04-26 20:30:00,63700.0,63855.0,63698.0,63770.0
2024-04-26 21:00:00,63700.18,63849.91,63700.0,63700.0
2024-04-26 21:30:00,63847.72,63849.94,63700.0,63701.0
2024-04-26 22:00:00,63701.0,63881.98,63613.0,63613.0
2024-04-26 22:30:00,63677.0,63677.0,63500.0,63500.01
2024-04-26 23:00:00,63649.97,63699.0,63500.0,63580.0
2024-04-26 23:30:00,63580.0,63649.83,63434.0,63649.83
2024-04-27 00:00:00,63400.0,63648.28,63400.0,63400.0
2024-04-27 00:30:00,63400.0,63581.0,62940.0,63099.97
2024-04-27 01:00:00,63000.0,63200.0,62574.0,62758.57
2024-04-27 01:30:00,62610.0,62710.55,62500.03,62500.03
2024-04-27 02:00:00,62500.03,63138.78,62500.03,63138.75
2024-04-27 02:30:00,63117.84,63117.91,62713.0,62720.01
2024-04-27 03:00:00,62720.01,63025.65,62713.0,62899.12
2024-04-27 03:30:00,63000.0,63000.0,62651.88,62856.0
2024-04-27 04:00:00,62750.01,62997.66,62522.16,62997.66
2024-04-27 04:30:00,62800.08,62997.51,62700.0,62706.0
2024-04-27 05:00:00,62706.0,62934.99,62610.0,62671.0
2024-04-27 05:30:00,62671.0,62799.0,62650.0,62650.0
2024-04-27 06:00:00,62650.0,62700.0,62523.85,62630.0
2024-04-27 06:30:00,62552.0,62726.99,62530.1,62699.0
2024-04-27 07:00:00,62597.13,62790.0,62597.13,62790.0
2024-04-27 07:30:00,62790.0,62795.0,62231.0,62600.01
2024-04-27 08:00:00,62650.0,62790.0,62509.25,62603.0
2024-04-27 08:30:00,62603.0,62640.0,62477.08,62557.51
2024-04-27 09:00:00,62557.51,62698.9,62447.78,62498.13
2024-04-27 09:30:00,62498.13,62550.0,62498.13,62530.3
2024-04-27 10:00:00,62530.3,62739.96,62530.3,62580.0
2024-04-27 10:30:00,62580.0,62780.0,62287.41,62345.0
2024-04-27 11:00:00,62314.32,62600.0,62251.0,62598.99
2024-04-27 11:30:00,62598.99,62697.99,62400.01,62649.0
2024-04-27 12:00:00,62649.0,62902.37,62600.0,62750.06
2024-04-27 12:30:00,62750.06,62900.0,62750.01,62790.0
2024-04-27 13:00:00,62895.0,63050.0,62791.0,63000.0
2024-04-27 13:30:00,62997.94,63100.0,62782.0,63080.0
2024-04-27 14:00:00,63080.0,63252.99,62987.0,62987.12
2024-04-27 14:30:00,62987.12,63108.0,62900.02,62973.0
2024-04-27 15:00:00,62973.0,62973.0,62720.0,62932.94
2024-04-27 15:30:00,62720.0,62930.0,62450.0,62698.8
2024-04-27 16:00:00,62698.8,62856.0,62514.84,62524.0
2024-04-27 16:30:00,62514.84,62699.99,62406.91,62406.91
2024-04-27 17:00:00,62400.0,62639.97,62400.0,62457.0
2024-04-27 17:30:00,62465.56,63258.0,62465.56,63189.0
2024-04-27 18:00:00,63129.08,63298.0,62600.0,62998.0
2024-04-27 18:30:00,62900.0,63101.0,62899.99,63000.01
2024-04-27 19:00:00,63100.0,63198.9,62975.0,62975.0
2024-04-27 19:30:00,63099.0,63200.0,62975.0,63198.9
2024-04-27 20:00:00,63100.03,63250.0,62920.04,62999.0
2024-04-27 20:30:00,62997.0,62999.0,62850.0,62898.0
2024-04-27 21:00:00,62898.0,63089.97,62818.0,62818.0
2024-04-27 21:30:00,62818.0,63050.0,62800.0,62909.0
2024-04-27 22:00:00,62999.0,63098.0,62999.0,63000.0
2024-04-27 22:30:00,63000.0,63000.0,62828.52,62830.0
2024-04-27 23:00:00,62830.0,63200.0,62830.0,63001.16
2024-04-27 23:30:00,63001.17,63220.0,62998.0,63220.0
2024-04-28 00:00:00,63220.0,63300.0,63220.0,63300.0
2024-04-28 00:30:00,63300.0,63300.0,63250.0,63250.0
2024-04-28 01:00:00,63250.0,63450.0,62800.01,63449.56
2024-04-28 01:30:00,63449.56,63590.0,63447.99,63510.0
2024-04-28 02:00:00,63510.0,63589.88,63510.0,63510.0
2024-04-28 02:30:00,63510.0,64000.0,63510.0,63999.91
2024-04-28 03:00:00,63999.88,64100.0,63750.01,63750.02
2024-04-28 03:30:00,63750.02,64079.98,63530.0,63749.01
2024-04-28 04:00:00,63760.68,63760.88,63544.89,63759.0
2024-04-28 04:30:00,63565.41,63758.99,63300.0,63499.0
2024-04-28 05:00:00,63499.0,63669.84,63336.52,63578.0
2024-04-28 05:30:00,63578.0,63679.93,63400.44,63600.0
2024-04-28 06:00:00,63600.0,63679.0,63336.0,63547.7
2024-04-28 06:30:00,63369.1,63849.99,63368.99,63849.99
2024-04-28 07:00:00,63750.0,63849.98,63600.0,63600.0
2024-04-28 07:30:00,63649.0,63700.0,63600.0,63692.0
2024-04-28 08:00:00,63602.0,63691.0,63540.0,63649.99
2024-04-28 08:30:00,63580.01,63690.0,63400.01,63659.99
2024-04-28 09:00:00,63659.99,63659.99,63400.0,63510.03
2024-04-28 09:30:00,63590.03,63590.03,63297.79,63320.0
2024-04-28 10:00:00,63298.0,63390.0,63104.16,63200.0
2024-04-28 10:30:00,63218.0,63396.5,63200.0,63344.0
2024-04-28 11:00:00,63396.5,63446.8,63210.0,63220.04
2024-04-28 11:30:00,63220.04,63350.0,63220.04,63220.05
2024-04-28 12:00:00,63220.05,63344.0,63220.04,63315.0
2024-04-28 12:30:00,63310.0,63350.0,63300.0,63315.0
2024-04-28 13:00:00,63315.0,63498.4,63315.0,63352.0
2024-04-28 13:30:00,63352.0,63556.22,63352.0,63500.0
2024-04-28 14:00:00,63555.0,63590.0,63354.04,63354.09
2024-04-28 14:30:00,63354.09,63398.0,63350.0,63360.0
2024-04-28 15:00:00,63398.0,63400.0,63350.0,63398.0
2024-04-28 15:30:00,63398.0,63500.0,63351.0,63351.1
2024-04-28 16:00:00,63351.1,63539.87,63351.0,63539.87
2024-04-28 16:30:00,63539.87,63599.0,63357.0,63460.0
2024-04-28 17:00:00,63570.0,63579.99,63360.04,63416.12
2024-04-28 17:30:00,63416.12,63580.0,63415.0,63580.0
2024-04-28 18:00:00,63580.0,63580.0,63360.07,63415.0
2024-04-28 18:30:00,63573.51,63599.0,63350.0,63452.31
2024-04-28 19:00:00,63453.33,63598.98,63420.0,63420.04
2024-04-28 19:30:00,63420.04,63590.0,63420.04,63420.07
2024-04-28 20:00:00,63421.0,63500.0,63350.0,63400.0
2024-04-28 20:30:00,63350.0,63444.0,63350.0,63390.0
2024-04-28 21:00:00,63390.0,63445.0,63350.0,63390.0
2024-04-28 21:30:00,63390.0,63435.0,63350.0,63351.0
2024-04-28 22:00:00,63351.0,63351.0,63220.05,63221.05
2024-04-28 22:30:00,63221.05,63305.0,62718.08,62750.0
2024-04-28 23:00:00,62750.0,62994.69,62701.0,62831.99
2024-04-28 23:30:00,62831.99,62831.99,62701.02,62831.99
2024-04-29 00:00:00,62991.0,63090.0,62831.99,63089.33
2024-04-29 00:30:00,63089.33,63089.33,62881.15,63008.18
2024-04-29 01:00:00,63008.18,63197.93,63008.15,63090.01
2024-04-29 01:30:00,63090.25,63199.67,63008.16,63008.16
2024-04-29 02:00:00,63008.16,63114.98,62800.0,62800.0
2024-04-29 02:30:00,62800.0,63007.06,62510.0,62570.3
2024-04-29 03:00:00,62570.3,62686.72,62413.0,62686.24
2024-04-29 03:30:00,62599.84,62686.62,62270.0,62272.0
2024-04-29 04:00:00,62260.0,62490.53,62144.97,62290.0
2024-04-29 04:30:00,62294.0,62567.38,62220.0,62306.01
2024-04-29 05:00:00,62305.05,62499.99,62001.0,62100.0
2024-04-29 05:30:00,62010.0,62249.99,62000.0,62239.9
2024-04-29 06:00:00,62200.0,62248.0,61850.0,61899.0
2024-04-29 06:30:00,61948.99,61950.0,61640.0,61748.0
2024-04-29 07:00:00,61750.0,61949.99,61550.0,61758.0
2024-04-29 07:30:00,61758.0,61968.0,61758.0,61948.0
2024-04-29 08:00:00,61948.0,62099.0,61845.73,61881.0
2024-04-29 08:30:00,61881.0,62191.37,61880.0,62191.37
2024-04-29 09:00:00,62098.89,62191.32,61901.22,61901.22
2024-04-29 09:30:00,61999.0,62250.0,61847.05,62081.67
2024-04-29 10:00:00,62195.0,62344.98,62180.0,62298.95
2024-04-29 10:30:00,62298.95,62298.95,62000.04,62000.19
2024-04-29 11:00:00,62000.12,62100.0,62000.0,62030.0
2024-04-29 11:30:00,62020.0,62147.0,61900.0,61901.0
2024-04-29 12:00:00,61900.0,62202.05,61900.0,62000.0
2024-04-29 12:30:00,62000.0,62498.97,61851.1,62400.0
2024-04-29 13:00:00,62487.98,62496.9,62278.98,62489.0
2024-04-29 13:30:00,62489.0,62489.0,61650.0,61749.0
2024-04-29 14:00:00,61750.0,62489.0,61612.0,62398.0
2024-04-29 14:30:00,62398.0,62560.0,62256.33,62385.0
2024-04-29 15:00:00,62406.87,62558.0,62340.0,62558.0
2024-04-29 15:30:00,62558.0,62699.99,62522.16,62600.0
2024-04-29 16:00:00,62600.0,62647.0,62525.24,62528.24
2024-04-29 16:30:00,62650.0,62650.0,62330.51,62333.0
2024-04-29 17:00:00,62330.51,62649.8,62330.51,62649.8
2024-04-29 17:30:00,62607.82,62800.0,62489.89,62634.97
2024-04-29 18:00:00,62634.97,62639.97,62422.26,62486.91
2024-04-29 18:30:00,62493.0,62493.0,62278.48,62334.09
2024-04-29 19:00:00,62334.09,62400.0,62134.69,62134.69
2024-04-29 19:30:00,62134.7,62500.0,62134.69,62500.0
2024-04-29 20:00:00,62391.02,62749.99,62391.02,62562.28
2024-04-29 20:30:00,62562.28,62699.0,62120.0,62599.0
2024-04-29 21:00:00,62599.0,62699.95,62375.5,62495.65
2024-04-29 21:30:00,62495.65,62699.99,62473.2,62654.23
2024-04-29 22:00:00,62654.23,63000.0,62654.23,63000.0
2024-04-29 22:30:00,63020.0,63600.0,63020.0,63600.0
2024-04-29 23:00:00,63600.0,64000.11,63550.0,63709.99
2024-04-29 23:30:00,63722.0,63860.0,63397.39,63649.96
2024-04-30 00:00:00,63657.81,63657.81,63330.67,63376.13
2024-04-30 00:30:00,63569.7,64200.0,63471.0,64092.49
2024-04-30 01:00:00,64092.49,64200.0,63882.07,64009.0
2024-04-30 01:30:00,64066.87,64066.87,63500.0,63500.0
2024-04-30 02:00:00,63339.21,63477.23,62860.57,63296.32
2024-04-30 02:30:00,63296.32,63751.74,63143.48,63694.0
2024-04-30 03:00:00,63751.0,63751.0,63344.01,63345.04
2024-04-30 03:30:00,63345.04,63671.84,63175.65,63449.92
2024-04-30 04:00:00,63400.0,63449.97,63124.02,63124.02
2024-04-30 04:30:00,63039.91,63238.91,63039.91,63238.73
2024-04-30 05:00:00,63238.7,63238.7,63000.0,63000.0
2024-04-30 05:30:00,63000.0,63050.0,62723.44,62818.97
2024-04-30 06:00:00,62929.99,63179.97,62818.98,63168.68
2024-04-30 06:30:00,63163.52,63238.73,62890.67,63200.0
2024-04-30 07:00:00,63200.0,63200.0,63031.1,63190.0
2024-04-30 07:30:00,63190.0,63190.0,62900.0,62900.0
2024-04-30 08:00:00,62900.0,62980.0,62501.0,62506.0
2024-04-30 08:30:00,62501.0,62599.99,61800.0,61821.01
2024-04-30 09:00:00,61820.01,62128.67,61700.0,61877.84
2024-04-30 09:30:00,62128.62,62128.62,61656.0,61750.0
2024-04-30 10:00:00,61690.0,61827.86,61500.0,61827.86
2024-04-30 10:30:00,61827.84,61827.92,61552.98,61728.0
2024-04-30 11:00:00,61728.0,61799.97,61351.0,61351.0
2024-04-30 11:30:00,61350.0,61350.0,61010.01,61177.97
2024-04-30 12:00:00,61177.97,61275.0,60800.04,61222.0
2024-04-30 12:30:00,61273.0,61300.0,61123.0,61215.33
2024-04-30 13:00:00,61239.97,61257.0,61022.6,61121.0
2024-04-30 13:30:00,61050.0,61250.0,60800.04,60801.0
2024-04-30 14:00:00,60800.04,60890.0,60360.0,60500.0
2024-04-30 14:30:00,60499.9,61405.93,60439.94,61125.04
2024-04-30 15:00:00,61125.04,61280.0,60510.0,60889.0
2024-04-30 15:30:00,60899.84,60899.94,60600.0,60800.0
2024-04-30 16:00:00,60799.94,60899.94,60300.0,60349.99
2024-04-30 16:30:00,60300.0,60525.0,60200.0,60350.0
2024-04-30 17:00:00,60317.0,60483.97,60119.0,60300.0
2024-04-30 17:30:00,60300.0,60370.0,60015.0,60370.0
2024-04-30 18:00:00,60370.0,60398.96,60151.0,60391.75
2024-04-30 18:30:00,60391.73,60391.73,60102.0,60107.15
2024-04-30 19:00:00,60107.24,60500.0,59889.0,59901.99
2024-04-30 19:30:00,59901.99,60199.0,59100.0,59200.0
2024-04-30 20:00:00,59120.0,59988.0,59120.0,59699.0
2024-04-30 20:30:00,59698.79,60100.0,59593.06,59969.0
2024-04-30 21:00:00,59888.09,60300.0,59888.0,60299.0
2024-04-30 21:30:00,60299.0,60409.94,60230.0,60251.0
2024-04-30 22:00:00,60299.97,60649.8,60110.05,60649.8
2024-04-30 22:30:00,60650.0,60927.0,60435.7,60500.01
2024-04-30 23:00:00,60520.01,60610.36,60510.0,60550.0
2024-04-30 23:30:00,60562.0,60922.16,60562.0,60799.94
2024-05-01 00:00:00,60799.94,60857.9,60500.0,60500.0
2024-05-01 00:30:00,60500.0,60500.0,60000.0,60102.39
2024-05-01 01:00:00,60102.39,60364.39,59970.24,60364.39
2024-05-01 01:30:00,60364.39,60378.96,59970.0,60000.77
2024-05-01 02:00:00,60000.77,60200.0,59510.0,59828.58
2024-05-01 02:30:00,59558.46,59850.0,59558.22,59789.81
2024-05-01 03:00:00,59789.78,59999.01,59613.1,59999.0
2024-05-01 03:30:00,59998.99,60189.11,59800.02,60189.11
2024-05-01 04:00:00,60188.19,60300.0,60000.0,60148.0
2024-05-01 04:30:00,60148.0,60250.0,60100.0,60249.91
2024-05-01 05:00:00,60249.91,60249.97,59800.06,59850.0
2024-05-01 05:30:00,59851.02,60150.0,59800.0,59865.0
2024-05-01 06:00:00,59865.0,59870.09,59505.0,59505.01
2024-05-01 06:30:00,59505.01,59699.95,59500.0,59500.0
2024-05-01 07:00:00,59475.0,59475.0,57510.0,57753.97
2024-05-01 07:30:00,57700.0,58000.0,57110.0,57300.0
2024-05-01 08:00:00,57250.0,57500.0,56500.0,56800.0
2024-05-01 08:30:00,56800.0,57000.0,56500.0,56900.0
2024-05-01 09:00:00,56992.0,57749.99,56700.0,57300.0
2024-05-01 09:30:00,57350.0,57500.0,57000.0,57100.0
2024-05-01 10:00:00,57100.01,57347.63,56702.0,57333.0
2024-05-01 10:30:00,57333.0,57699.99,57250.0,57600.0
2024-05-01 11:00:00,57600.01,57788.0,57302.0,57593.99
2024-05-01 11:30:00,57588.22,57730.0,57321.01,57610.46
2024-05-01 12:00:00,57615.0,57981.0,57615.0,57950.0
2024-05-01 12:30:00,57950.0,58329.99,57718.0,57751.0
2024-05-01 13:00:00,57800.03,57910.55,57501.0,57550.0
2024-05-01 13:30:00,57550.0,57589.97,57140.0,57159.01
2024-05-01 14:00:00,57140.0,57290.0,57011.0,57103.0
2024-05-01 14:30:00,57106.03,57437.35,57106.03,57240.0
2024-05-01 15:00:00,57297.0,57297.0,56600.0,56860.01
2024-05-01 15:30:00,56947.0,56950.0,56638.0,56730.0
2024-05-01 16:00:00,56670.0,57050.01,56530.0,57050.01
2024-05-01 16:30:00,57100.0,57292.99,56610.0,56738.02
2024-05-01 17:00:00,56760.0,56900.0,56500.0,56900.0
2024-05-01 17:30:00,56900.0,57247.37,56808.0,57162.85
2024-05-01 18:00:00,57162.85,57900.0,57000.0,57887.75
2024-05-01 18:30:00,57885.0,59378.12,57540.0,58700.01
2024-05-01 19:00:00,58673.87,59400.0,57600.0,57884.65
2024-05-01 19:30:00,57900.0,57900.0,56799.3,56850.0
2024-05-01 20:00:00,56889.91,57226.47,56700.0,57199.0
2024-05-01 20:30:00,57150.0,57500.0,56666.0,57350.0
2024-05-01 21:00:00,57380.0,58118.36,57203.02,58117.33
2024-05-01 21:30:00,58117.33,58118.33,57414.86,57602.24
2024-05-01 22:00:00,57602.28,58100.0,57602.24,57800.04
2024-05-01 22:30:00,57800.04,57996.98,57650.2,57800.0
2024-05-01 23:00:00,57750.0,57918.0,57608.0,57900.0
2024-05-01 23:30:00,57899.0,58453.29,57899.0,58300.0
2024-05-02 00:00:00,58300.0,58450.0,57815.06,57820.01
2024-05-02 00:30:00,57820.01,58000.0,57414.87,57414.87
2024-05-02 01:00:00,57594.6,57721.85,57380.0,57452.04
2024-05-02 01:30:00,57437.0,57437.0,56788.18,57067.95
2024-05-02 02:00:00,56898.0,57099.0,56757.89,57089.99
2024-05-02 02:30:00,57090.0,57450.0,56925.46,57200.22
2024-05-02 03:00:00,57200.25,57399.92,57114.01,57340.0
2024-05-02 03:30:00,57340.0,57387.47,57132.07,57216.88
2024-05-02 04:00:00,57216.88,57400.0,57132.13,57349.0
2024-05-02 04:30:00,57349.0,57449.98,57000.0,57100.0
2024-05-02 05:00:00,57100.0,57450.0,57000.0,57000.0
2024-05-02 05:30:00,57000.05,57299.85,56925.46,57057.01
2024-05-02 06:00:00,57100.0,57450.0,57086.28,57450.0
2024-05-02 06:30:00,57450.0,57499.88,57256.46,57470.0
2024-05-02 07:00:00,57470.0,57800.0,57311.19,57530.0
2024-05-02 07:30:00,57530.0,57690.0,57469.93,57500.0
2024-05-02 08:00:00,57500.0,58000.0,57470.96,57980.0
2024-05-02 08:30:00,57979.97,57979.97,57531.35,57710.0
2024-05-02 09:00:00,57710.0,57918.66,57603.01,57899.88
2024-05-02 09:30:00,57889.94,57889.94,57531.01,57749.0
2024-05-02 10:00:00,57747.8,57747.8,57625.0,57630.0
2024-05-02 10:30:00,57630.0,57850.0,57510.0,57680.19
2024-05-02 11:00:00,57680.19,58400.0,57680.19,58150.3
2024-05-02 11:30:00,58359.73,58500.0,58000.0,58380.0
2024-05-02 12:00:00,58439.0,59000.0,58260.05,58600.0
2024-05-02 12:30:00,58600.0,58969.0,58420.0,58421.03
2024-05-02 13:00:00,58421.03,58620.0,58400.0,58620.0
2024-05-02 13:30:00,58620.0,58620.0,58111.0,58119.62
2024-05-02 14:00:00,58349.88,58495.0,58120.0,58492.93
2024-05-02 14:30:00,58492.93,59100.0,58308.61,58988.94
2024-05-02 15:00:00,58979.0,59260.01,58752.34,59146.0
2024-05-02 15:30:00,59146.0,59290.0,59010.01,59101.0
2024-05-02 16:00:00,59135.89,59135.89,58701.0,58999.93
2024-05-02 16:30:00,58934.01,58999.93,58701.01,58721.07
2024-05-02 17:00:00,58888.97,59200.0,58721.02,59199.7
2024-05-02 17:30:00,59197.97,59197.97,58830.0,59006.19
2024-05-02 18:00:00,59194.94,59340.0,58777.0,58900.0
2024-05-02 18:30:00,58900.0,59368.0,58800.05,59280.0
2024-05-02 19:00:00,59190.0,59190.0,58901.0,59143.08
2024-05-02 19:30:00,59140.0,59185.93,58901.0,59149.91
2024-05-02 20:00:00,59101.03,59199.0,59009.0,59050.0
2024-05-02 20:30:00,59149.95,59149.95,58391.89,58500.0
2024-05-02 21:00:00,58500.0,58700.0,58403.0,58700.0
2024-05-02 21:30:00,58700.0,59198.0,58380.0,58850.0
2024-05-02 22:00:00,58850.0,59089.99,58700.03,59000.0
2024-05-02 22:30:00,59000.0,59088.51,58793.93,59088.51
2024-05-02 23:00:00,59088.51,59088.52,58874.37,59087.65
2024-05-02 23:30:00,59087.65,59088.51,58862.64,59000.0
2024-05-03 00:00:00,59000.0,59087.08,58600.0,58600.0
2024-05-03 00:30:00,58600.0,58819.95,58500.01,58800.0
2024-05-03 01:00:00,58800.0,59088.0,58800.0,59088.0
2024-05-03 01:30:00,59088.0,59123.99,58897.31,59000.0
2024-05-03 02:00:00,59000.0,59480.0,58931.0,59400.0
2024-05-03 02:30:00,59400.0,59480.0,59200.05,59201.0
2024-05-03 03:00:00,59201.04,59798.02,59201.01,59590.07
2024-05-03 03:30:00,59590.07,59728.0,59315.0,59315.17
2024-05-03 04:00:00,59499.98,59600.0,59261.84,59597.99
2024-05-03 04:30:00,59418.7,59426.0,59201.0,59398.47
2024-05-03 05:00:00,59398.47,59399.0,59201.0,59208.01
2024-05-03 05:30:00,59208.16,59396.9,59208.15,59389.9
2024-05-03 06:00:00,59389.9,59389.9,59100.0,59150.0
2024-05-03 06:30:00,59100.0,59150.0,58900.09,58900.09
2024-05-03 07:00:00,58900.09,59199.9,58900.09,59000.02
2024-05-03 07:30:00,59194.99,59195.0,58600.0,58900.0
2024-05-03 08:00:00,58900.0,59070.94,58825.62,59000.01
2024-05-03 08:30:00,59070.0,59299.95,58858.98,59099.0
2024-05-03 09:00:00,59099.0,59300.0,59099.0,59300.0
2024-05-03 09:30:00,59300.0,59400.0,59101.0,59223.03
2024-05-03 10:00:00,59152.08,59334.99,59101.0,59189.0
2024-05-03 10:30:00,59190.0,59190.0,58631.02,58751.0
2024-05-03 11:00:00,58751.0,59024.98,58650.0,58873.0
2024-05-03 11:30:00,58873.0,59250.0,58800.0,59099.93
2024-05-03 12:00:00,58852.3,59000.03,58700.02,58897.98
2024-05-03 12:30:00,58897.98,60213.0,58897.98,60200.0
2024-05-03 13:00:00,60213.0,60873.11,60115.23,60600.01
2024-05-03 13:30:00,60700.0,61400.0,60700.0,61321.0
2024-05-03 14:00:00,61321.0,61699.0,60900.86,61401.0
2024-05-03 14:30:00,61401.0,61542.29,61237.0,61400.0
2024-05-03 15:00:00,61400.0,61420.0,60900.01,61000.0
2024-05-03 15:30:00,61000.0,61400.0,61000.0,61271.03
2024-05-03 16:00:00,61271.04,61690.0,61271.01,61690.0
2024-05-03 16:30:00,61690.0,61699.0,61300.0,61400.0
2024-05-03 17:00:00,61434.0,61689.0,61240.0,61689.0
2024-05-03 17:30:00,61689.0,61732.0,61402.01,61599.0
2024-05-03 18:00:00,61599.0,61726.0,61423.21,61465.02
2024-05-03 18:30:00,61689.99,61689.99,61465.02,61680.0
2024-05-03 19:00:00,61680.0,61680.0,61300.0,61489.99
2024-05-03 19:30:00,61489.99,61680.0,61350.0,61680.0
2024-05-03 20:00:00,61685.0,62500.0,61587.02,62499.0
2024-05-03 20:30:00,62499.0,62850.0,62345.67,62495.0
2024-05-03 21:00:00,62495.0,62740.9,62200.0,62200.03
2024-05-03 21:30:00,62201.0,62400.0,62029.02,62347.0
2024-05-03 22:00:00,62345.0,62700.0,62213.0,62699.0
2024-05-03 22:30:00,62699.0,62700.0,62482.25,62520.0
2024-05-03 23:00:00,62501.0,62840.0,62357.02,62840.0
2024-05-03 23:30:00,62840.0,62890.9,62361.76,62501.04
2024-05-04 00:00:00,62501.04,62849.99,62361.69,62620.04
2024-05-04 00:30:00,62620.04,62800.0,62620.04,62700.0
2024-05-04 01:00:00,62700.0,62998.98,62620.04,62998.98
2024-05-04 01:30:00,62999.0,63000.0,62500.03,62759.97
2024-05-04 02:00:00,62759.97,62759.97,62101.0,62310.77
2024-05-04 02:30:00,62488.97,62499.96,62200.01,62400.0
2024-05-04 03:00:00,62400.0,62499.9,62300.01,62499.0
2024-05-04 03:30:00,62450.0,62499.9,62265.07,62268.65
2024-05-04 04:00:00,62270.0,62695.0,62269.0,62400.0
2024-05-04 04:30:00,62400.0,62775.0,62340.44,62775.0
2024-05-04 05:00:00,62774.99,63125.0,62750.0,62750.0
2024-05-04 05:30:00,62774.0,63090.95,62701.01,63090.0
2024-05-04 06:00:00,63089.98,63150.0,62800.0,62849.0
2024-05-04 06:30:00,62849.0,62850.0,62500.0,62668.99
2024-05-04 07:00:00,62668.99,62749.98,62323.0,62489.42
2024-05-04 07:30:00,62600.0,62744.99,62520.0,62538.0
2024-05-04 08:00:00,62538.0,62699.0,62411.0,62599.0
2024-05-04 08:30:00,62599.0,62745.0,62546.3,62745.0
2024-05-04 09:00:00,62745.0,62901.0,62688.88,62900.0
2024-05-04 09:30:00,62900.0,62949.95,62725.0,62898.0
2024-05-04 10:00:00,62726.0,62934.81,62704.97,62934.81
2024-05-04 10:30:00,62948.99,63900.0,62920.45,63900.0
2024-05-04 11:00:00,63914.0,63989.0,63600.0,63860.0
2024-05-04 11:30:00,63880.0,63950.0,63311.0,63489.0
2024-05-04 12:00:00,63350.01,63659.0,63320.0,63600.0
2024-05-04 12:30:00,63600.0,63636.55,63522.0,63605.51
2024-05-04 13:00:00,63605.51,63800.0,63500.0,63519.0
2024-05-04 13:30:00,63518.21,63519.0,63120.46,63259.06
2024-05-04 14:00:00,63255.15,63285.18,63152.0,63246.26
2024-05-04 14:30:00,63285.18,63600.0,63246.27,63499.0
2024-05-04 15:00:00,63500.0,63500.0,63151.03,63241.46
2024-05-04 15:30:00,63151.03,63342.99,63060.27,63189.0
2024-05-04 16:00:00,63112.5,63188.99,62879.0,63082.91
2024-05-04 16:30:00,63082.91,63449.93,63000.0,63359.0
2024-05-04 17:00:00,63359.0,63450.01,63000.5,63081.0
2024-05-04 17:30:00,63207.99,63349.92,63081.0,63254.99
2024-05-04 18:00:00,63254.99,63349.0,63150.0,63254.0
2024-05-04 18:30:00,63348.99,63508.96,63000.5,63180.02
2024-05-04 19:00:00,63472.96,63472.96,63240.0,63389.0
2024-05-04 19:30:00,63389.0,63700.0,63256.03,63608.2
2024-05-04 20:00:00,63555.0,63762.62,63051.0,63698.0
2024-05-04 20:30:00,63698.0,63699.0,63361.0,63427.78
2024-05-04 21:00:00,63427.78,63900.0,63407.0,63898.03
2024-05-04 21:30:00,63897.95,63897.95,63051.0,63490.0
2024-05-04 22:00:00,63490.0,63500.0,63200.0,63320.5
2024-05-04 22:30:00,63214.38,63321.0,63135.83,63200.0
2024-05-04 23:00:00,63140.0,63450.0,63140.0,63450.0
2024-05-04 23:30:00,63450.0,63549.0,63370.48,63499.01
2024-05-05 00:00:00,63539.0,63600.0,63529.66,63600.0
2024-05-05 00:30:00,63600.0,63600.0,63141.01,63200.0
2024-05-05 01:00:00,63141.01,63200.0,62851.0,62890.0
2024-05-05 01:30:00,62851.01,62890.0,62490.0,62880.0
2024-05-05 02:00:00,62880.0,63199.97,62499.0,63197.01
2024-05-05 02:30:00,62947.8,63194.47,62441.07,62590.15
2024-05-05 03:00:00,62668.24,62988.78,62593.56,62593.56
2024-05-05 03:30:00,62593.56,62899.99,62200.0,62798.98
2024-05-05 04:00:00,62800.0,63000.0,62499.0,62980.0
2024-05-05 04:30:00,62980.0,62999.9,62841.91,62874.87
2024-05-05 05:00:00,62874.87,62961.8,62827.37,62961.15
2024-05-05 05:30:00,62961.15,62961.15,62688.88,62725.23
2024-05-05 06:00:00,62750.0,62946.17,62200.0,62854.35
2024-05-05 06:30:00,62897.72,63000.0,62897.71,62962.94
2024-05-05 07:00:00,62962.94,63400.0,62962.94,63278.35
2024-05-05 07:30:00,63300.0,63542.0,63300.0,63500.03
2024-05-05 08:00:00,63542.0,63542.0,63304.05,63490.0
2024-05-05 08:30:00,63400.0,63540.01,63304.05,63352.03
2024-05-05 09:00:00,63352.03,63479.2,63304.05,63400.0
2024-05-05 09:30:00,63399.02,63399.02,63247.79,63300.0
2024-05-05 10:00:00,63247.8,63386.0,63247.79,63384.98
2024-05-05 10:30:00,63250.0,63385.98,63100.01,63200.0
2024-05-05 11:00:00,63214.28,63500.0,63214.28,63479.2
2024-05-05 11:30:00,63374.0,63577.0,63374.0,63417.57
2024-05-05 12:00:00,63417.57,63600.0,63413.57,63413.57
2024-05-05 12:30:00,63413.57,63598.0,63304.1,63454.0
2024-05-05 13:00:00,63545.0,63841.99,63305.11,63788.0
2024-05-05 13:30:00,63600.0,63828.91,63461.5,63710.3
2024-05-05 14:00:00,63710.29,63710.29,63475.0,63504.01
2024-05-05 14:30:00,63639.0,63746.04,63502.0,63635.01
2024-05-05 15:00:00,63710.0,63969.37,63630.0,63900.0
2024-05-05 15:30:00,63900.0,64200.0,63809.48,64089.51
2024-05-05 16:00:00,64019.09,64147.99,63942.45,64000.0
2024-05-05 16:30:00,63999.0,64000.0,63809.5,63850.0
2024-05-05 17:00:00,63870.0,64085.0,63812.0,63975.77
2024-05-05 17:30:00,63955.36,63996.0,63800.0,63800.0
2024-05-05 18:00:00,63800.0,63800.01,63551.0,63561.01
2024-05-05 18:30:00,63561.0,63729.0,63480.0,63518.0
2024-05-05 19:00:00,63520.0,63595.0,63480.0,63514.04
2024-05-05 19:30:00,63559.0,63559.0,63434.25,63434.25
2024-05-05 20:00:00,63434.25,63498.88,63349.0,63349.0
2024-05-05 20:30:00,63361.0,63494.82,63250.77,63307.0
2024-05-05 21:00:00,63313.0,63496.0,63311.0,63496.0
2024-05-05 21:30:00,63500.0,63590.0,63400.0,63590.0
2024-05-05 22:00:00,63590.0,63590.0,63500.0,63500.01
2024-05-05 22:30:00,63500.01,63590.0,63410.01,63501.0
2024-05-05 23:00:00,63550.0,63810.0,63550.0,63810.0
2024-05-05 23:30:00,63810.0,63839.0,63600.12,63700.01
2024-05-06 00:00:00,63700.01,64000.0,63600.21,63890.0
2024-05-06 00:30:00,63890.0,64000.0,63727.87,63999.91
2024-05-06 01:00:00,63999.91,64190.0,63855.77,63900.03
2024-05-06 01:30:00,63900.05,64099.87,63650.0,63700.0
2024-05-06 02:00:00,63700.0,63988.96,63700.0,63733.65
2024-05-06 02:30:00,63833.0,63833.0,63700.0,63832.02
2024-05-06 03:00:00,63700.0,63846.3,63512.12,63517.0
2024-05-06 03:30:00,63517.0,63798.98,63410.02,63720.0
2024-05-06 04:00:00,63720.0,63795.0,63520.34,63555.67
2024-05-06 04:30:00,63555.67,63800.0,63555.67,63795.95
2024-05-06 05:00:00,63801.78,64118.83,63718.95,64116.9
2024-05-06 05:30:00,64035.57,64114.9,63799.46,63818.0
2024-05-06 06:00:00,63818.0,64047.98,63764.42,63979.43
2024-05-06 06:30:00,63979.43,64047.98,63799.0,63900.0
2024-05-06 07:00:00,63900.01,63920.0,63800.0,63808.0
2024-05-06 07:30:00,63808.0,64009.0,63808.0,64000.0
2024-05-06 08:00:00,64040.0,65000.0,63970.0,65000.0
2024-05-06 08:30:00,64999.0,65200.0,64773.39,64800.0
2024-05-06 09:00:00,64773.39,65038.37,64713.69,64899.99
2024-05-06 09:30:00,64899.99,64998.99,64745.19,64928.0
2024-05-06 10:00:00,64928.0,64928.0,64602.0,64650.15
2024-05-06 10:30:00,64650.18,64650.27,63603.0,63916.97
2024-05-06 11:00:00,63916.97,64220.0,63850.0,64099.96
2024-05-06 11:30:00,64097.0,64200.0,63950.11,64097.0
2024-05-06 12:00:00,64098.99,64099.0,63785.0,63785.0
2024-05-06 12:30:00,63785.0,63957.0,62524.3,63200.0
2024-05-06 13:00:00,63360.0,63500.0,63000.08,63279.94
2024-05-06 13:30:00,63280.0,64000.0,63280.0,63651.0
2024-05-06 14:00:00,63700.0,64000.0,63651.0,63847.96
2024-05-06 14:30:00,63847.96,63847.96,63199.0,63199.0
2024-05-06 15:00:00,63151.0,63180.8,62699.0,63149.0
2024-05-06 15:30:00,63149.0,63500.46,63130.0,63414.53
2024-05-06 16:00:00,63500.0,63699.98,63105.68,63340.0
2024-05-06 16:30:00,63340.0,63340.0,63000.0,63000.2
2024-05-06 17:00:00,63000.2,63199.99,62920.0,63096.97
2024-05-06 17:30:00,63096.95,63096.95,62710.0,63022.0
2024-05-06 18:00:00,63050.0,63199.98,63050.0,63111.0
2024-05-06 18:30:00,63110.0,63281.73,62923.0,63281.73
2024-05-06 19:00:00,63281.73,63281.73,62700.0,62850.0
2024-05-06 19:30:00,62925.99,63004.91,62700.0,63000.0
2024-05-06 20:00:00,62990.0,63149.9,62900.0,63149.9
2024-05-06 20:30:00,63000.0,63149.9,62967.03,63130.0
2024-05-06 21:00:00,63130.0,63449.0,63100.0,63415.0
2024-05-06 21:30:00,63438.0,63438.0,63250.08,63380.0
2024-05-06 22:00:00,63260.21,63398.0,63230.2,63332.99
2024-05-06 22:30:00,63332.99,63398.0,63062.0,63200.0
2024-05-06 23:00:00,63200.0,63391.4,62982.05,63000.0
2024-05-06 23:30:00,63000.0,63192.42,62959.0,63000.0
2024-05-07 00:00:00,62959.0,63100.0,62865.0,62865.0
2024-05-07 00:30:00,62900.0,63400.0,62899.0,63084.0
2024-05-07 01:00:00,63084.0,63463.52,63007.54,63463.52
2024-05-07 01:30:00,63390.0,63600.0,63150.98,63600.0
2024-05-07 02:00:00,63600.0,63700.0,63377.03,63690.0
2024-05-07 02:30:00,63692.0,63695.85,63400.53,63622.99
2024-05-07 03:00:00,63622.99,63622.99,62865.0,62865.0
2024-05-07 03:30:00,62865.0,63313.18,62800.0,63100.13
2024-05-07 04:00:00,63297.99,63298.85,63000.3,63281.23
2024-05-07 04:30:00,63281.23,63313.27,63170.0,63196.18
2024-05-07 05:00:00,63170.0,63279.33,62940.81,63104.78
2024-05-07 05:30:00,63036.09,63313.27,62904.0,63200.0
2024-05-07 06:00:00,63200.0,63300.0,63100.0,63119.0
2024-05-07 06:30:00,63110.0,63283.38,63110.0,63218.74
2024-05-07 07:00:00,63218.74,63413.77,63154.8,63413.77
2024-05-07 07:30:00,63413.77,63413.77,63249.11,63249.11
2024-05-07 08:00:00,63249.11,63900.0,63137.0,63900.0
2024-05-07 08:30:00,63900.0,63900.0,63600.0,63796.28
2024-05-07 09:00:00,63796.28,63892.0,63501.01,63865.69
2024-05-07 09:30:00,63865.69,63880.0,63655.64,63660.0
2024-05-07 10:00:00,63660.0,63787.99,63404.0,63529.69
2024-05-07 10:30:00,63529.69,64000.0,63529.69,63843.89
2024-05-07 11:00:00,63800.0,63926.9,63737.14,63800.0
2024-05-07 11:30:00,63755.0,63800.0,63248.22,63362.37
2024-05-07 12:00:00,63362.37,63500.0,63217.82,63415.0
2024-05-07 12:30:00,63415.0,63450.0,63371.62,63410.0
2024-05-07 13:00:00,63410.0,63450.0,63367.62,63445.99
2024-05-07 13:30:00,63440.0,63450.0,63114.79,63125.0
2024-05-07 14:00:00,63184.34,63250.0,63008.0,63227.3
2024-05-07 14:30:00,63227.3,63625.0,63000.0,63536.6
2024-05-07 15:00:00,63647.88,63851.0,63335.53,63467.0
2024-05-07 15:30:00,63540.0,63540.0,63320.01,63320.06
2024-05-07 16:00:00,63319.74,63469.98,63284.68,63304.0
2024-05-07 16:30:00,63303.0,63320.0,63100.0,63220.0
2024-05-07 17:00:00,63220.0,63320.0,63201.0,63310.0
2024-05-07 17:30:00,63310.0,63310.0,63121.0,63299.0
2024-05-07 18:00:00,63200.0,63298.0,62911.02,62911.02
2024-05-07 18:30:00,62980.0,63181.8,62500.0,63016.0
2024-05-07 19:00:00,63016.0,63199.97,62900.01,63099.84
2024-05-07 19:30:00,63000.19,63095.99,62850.01,62850.01
2024-05-07 20:00:00,62851.01,63097.0,62850.0,63000.0
2024-05-07 20:30:00,62999.99,62999.99,62851.0,62875.0
2024-05-07 21:00:00,62875.0,63000.0,62851.0,62900.01
2024-05-07 21:30:00,62900.01,63000.0,62800.0,62978.91
2024-05-07 22:00:00,62978.89,62978.89,62650.0,62930.0
2024-05-07 22:30:00,62930.0,62949.85,62700.27,62714.55
2024-05-07 23:00:00,62714.55,62899.84,62000.0,62320.0
2024-05-07 23:30:00,62150.56,62489.99,62150.56,62399.5
2024-05-08 00:00:00,62210.12,62479.91,62210.0,62260.45
2024-05-08 00:30:00,62479.62,62642.58,62000.0,62423.69
2024-05-08 01:00:00,62423.69,62588.99,62418.45,62419.23
2024-05-08 01:30:00,62419.23,62500.0,62250.39,62250.39
2024-05-08 02:00:00,62250.39,62750.0,62250.39,62749.0
2024-05-08 02:30:00,62680.83,62744.91,62590.03,62590.09
2024-05-08 03:00:00,62590.09,62700.0,62402.1,62560.0
2024-05-08 03:30:00,62450.01,62744.91,62450.01,62700.0
2024-05-08 04:00:00,62749.0,62828.0,62560.01,62562.05
2024-05-08 04:30:00,62562.28,62699.62,62151.87,62200.0
2024-05-08 05:00:00,62200.0,62450.0,62056.0,62400.0
2024-05-08 05:30:00,62400.0,62595.87,62225.0,62225.0
2024-05-08 06:00:00,62225.0,62395.0,62000.0,62001.0
2024-05-08 06:30:00,62028.0,62187.99,62002.0,62063.0
2024-05-08 07:00:00,62100.0,62185.91,61910.0,61911.0
2024-05-08 07:30:00,61955.0,62064.01,61812.13,61820.01
2024-05-08 08:00:00,61820.01,62000.0,61717.0,61938.28
2024-05-08 08:30:00,61938.28,62183.99,61823.0,62084.99
2024-05-08 09:00:00,62083.13,62146.0,61730.0,62068.99
2024-05-08 09:30:00,61820.4,62098.0,61730.0,62098.0
2024-05-08 10:00:00,62065.01,62200.0,61999.02,62195.0
2024-05-08 10:30:00,62195.0,62289.0,62171.92,62285.0
2024-05-08 11:00:00,62285.0,62287.99,61791.41,61826.0
2024-05-08 11:30:00,61998.97,62148.0,61828.1,62148.0
2024-05-08 12:00:00,62000.21,62289.0,62000.21,62283.89
2024-05-08 12:30:00,62283.89,62283.89,61836.04,61837.33
2024-05-08 13:00:00,62027.21,62027.22,61625.38,61645.73
2024-05-08 13:30:00,61800.0,62198.97,61600.0,62198.97
2024-05-08 14:00:00,62149.99,62349.0,61801.04,62201.0
2024-05-08 14:30:00,62201.0,62397.99,62201.0,62392.0
2024-05-08 15:00:00,62392.0,62393.99,61652.0,61955.0
2024-05-08 15:30:00,61950.0,62200.0,61752.01,62000.0
2024-05-08 16:00:00,62000.0,62149.97,61853.13,62003.0
2024-05-08 16:30:00,62001.0,62100.0,62000.0,62000.01
2024-05-08 17:00:00,62099.0,62300.0,62050.12,62150.0
2024-05-08 17:30:00,62180.0,62288.9,62060.05,62279.0
2024-05-08 18:00:00,62278.97,62517.06,62147.0,62450.0
2024-05-08 18:30:00,62450.0,62520.0,62300.0,62398.0
2024-05-08 19:00:00,62300.1,62399.99,61900.0,61999.97
2024-05-08 19:30:00,61999.97,62200.0,61999.97,62052.0
2024-05-08 20:00:00,62052.06,62150.0,61568.0,61640.94
2024-05-08 20:30:00,61555.0,61742.11,61420.0,61423.3
2024-05-08 21:00:00,61423.3,61600.0,61318.1,61600.0
2024-05-08 21:30:00,61600.0,61620.0,61301.0,61306.0
2024-05-08 22:00:00,61306.0,61418.0,61100.0,61200.0
2024-05-08 22:30:00,61200.0,61260.0,61102.0,61102.0
2024-05-08 23:00:00,61100.01,61102.0,60885.0,60885.0
2024-05-08 23:30:00,60850.98,61097.0,60850.98,61008.03
2024-05-09 00:00:00,61008.15,61270.0,61008.15,61126.49
2024-05-09 00:30:00,61126.49,61270.0,61126.49,61250.01
2024-05-09 01:00:00,61250.01,61499.95,61250.01,61499.57
2024-05-09 01:30:00,61499.36,61499.36,61302.3,61325.48
2024-05-09 02:00:00,61325.48,61528.0,61325.48,61499.99
2024-05-09 02:30:00,61528.0,61598.99,61364.44,61598.94
2024-05-09 03:00:00,61598.94,61598.94,61360.94,61361.17
2024-05-09 03:30:00,61361.17,61500.0,61361.14,61500.0
2024-05-09 04:00:00,61500.0,61537.0,61127.05,61127.05
2024-05-09 04:30:00,61449.27,61450.0,61127.59,61420.0
2024-05-09 05:00:00,61420.0,61520.0,61390.0,61519.97
2024-05-09 05:30:00,61519.83,61548.98,61390.0,61548.98
2024-05-09 06:00:00,61537.0,61600.0,61500.0,61550.0
2024-05-09 06:30:00,61550.0,61600.0,61390.0,61587.93
2024-05-09 07:00:00,61391.03,61579.64,61391.03,61497.93
2024-05-09 07:30:00,61497.93,61497.93,61008.0,61010.02
2024-05-09 08:00:00,61101.0,61300.0,61010.03,61103.0
2024-05-09 08:30:00,61102.0,61260.0,61051.0,61100.0
2024-05-09 09:00:00,61100.0,61198.0,60900.0,60976.0
2024-05-09 09:30:00,60977.0,61196.49,60850.98,61196.37
2024-05-09 10:00:00,61099.0,61099.0,60885.0,60885.0
2024-05-09 10:30:00,60951.0,61098.91,60800.0,60800.0
2024-05-09 11:00:00,60800.0,61040.28,60610.04,60801.14
2024-05-09 11:30:00,60800.0,61300.0,60754.09,61081.99
2024-05-09 12:00:00,60900.28,61137.0,60900.28,61097.0
2024-05-09 12:30:00,61098.0,61398.0,61098.0,61350.9
2024-05-09 13:00:00,61350.9,61395.0,61190.03,61190.03
2024-05-09 13:30:00,61190.03,61298.0,60840.0,61147.5
2024-05-09 14:00:00,61147.35,61300.0,61000.0,61055.0
2024-05-09 14:30:00,61055.0,61249.38,61002.0,61236.0
2024-05-09 15:00:00,61236.0,61900.0,61023.02,61900.0
2024-05-09 15:30:00,61937.0,62031.0,61700.0,61900.0
2024-05-09 16:00:00,61900.0,62400.0,61754.05,62399.0
2024-05-09 16:30:00,62399.0,62400.0,61700.0,61700.0
2024-05-09 17:00:00,61680.0,61800.0,61600.0,61800.0
2024-05-09 17:30:00,61771.0,62030.95,61770.0,61813.0
2024-05-09 18:00:00,61813.03,62023.0,61690.0,62000.0
2024-05-09 18:30:00,61998.95,62023.0,61804.07,62022.99
2024-05-09 19:00:00,61930.0,62300.0,61930.0,62220.0
2024-05-09 19:30:00,62220.0,62220.0,62010.16,62199.2
2024-05-09 20:00:00,62199.2,62321.0,62100.0,62259.0
2024-05-09 20:30:00,62130.0,62400.0,62118.65,62399.0
2024-05-09 21:00:00,62401.36,62637.0,62350.0,62494.75
2024-05-09 21:30:00,62420.0,62423.17,62300.0,62400.0
2024-05-09 22:00:00,62343.08,62528.97,62343.08,62528.97
2024-05-09 22:30:00,62528.97,63200.0,62345.06,63100.0
2024-05-09 23:00:00,63148.99,63148.99,62600.0,62650.0
2024-05-09 23:30:00,62650.0,63137.17,62600.0,62904.23
2024-05-10 00:00:00,62904.23,62904.23,62602.01,62895.8
2024-05-10 00:30:00,62739.99,62845.48,62343.09,62650.0
2024-05-10 01:00:00,62650.0,62785.76,62600.0,62785.02
2024-05-10 01:30:00,62785.02,62785.02,62602.62,62780.94
2024-05-10 02:00:00,62780.94,62780.94,62431.24,62605.44
2024-05-10 02:30:00,62605.45,62786.9,62457.91,62770.9
2024-05-10 03:00:00,62770.9,62770.9,62500.84,62665.98
2024-05-10 03:30:00,62714.71,62714.71,62508.01,62599.9
2024-05-10 04:00:00,62520.1,62714.72,62520.1,62700.0
2024-05-10 04:30:00,62700.0,62827.99,62700.0,62827.9
2024-05-10 05:00:00,62845.47,62850.0,62525.8,62540.0
2024-05-10 05:30:00,62540.0,62779.89,62523.15,62599.0
2024-05-10 06:00:00,62599.0,62850.0,62599.0,62650.02
2024-05-10 06:30:00,62797.95,63000.0,62650.02,62989.0
2024-05-10 07:00:00,62989.0,63100.0,62700.01,63079.96
2024-05-10 07:30:00,63079.92,63079.92,62800.0,62800.0
2024-05-10 08:00:00,62800.0,62850.0,62750.0,62780.0
2024-05-10 08:30:00,62780.0,62800.0,62750.0,62785.0
2024-05-10 09:00:00,62785.0,62799.9,62611.01,62611.01
2024-05-10 09:30:00,62611.0,62800.0,62611.0,62713.0
2024-05-10 10:00:00,62713.0,62799.0,62623.05,62789.0
2024-05-10 10:30:00,62789.0,62878.97,62670.0,62828.96
2024-05-10 11:00:00,62878.0,62878.97,62670.0,62750.03
2024-05-10 11:30:00,62750.03,63066.0,62683.3,63066.0
2024-05-10 12:00:00,63066.0,63125.0,62850.02,62850.09
2024-05-10 12:30:00,62999.98,63047.81,62750.0,62840.0
2024-05-10 13:00:00,62840.0,62897.23,62700.0,62887.7
2024-05-10 13:30:00,62755.03,62911.0,62715.15,62855.0
2024-05-10 14:00:00,62855.0,62900.0,61920.0,61920.0
2024-05-10 14:30:00,61925.0,61999.0,60700.0,61000.0
2024-05-10 15:00:00,60950.0,61321.86,60650.0,61152.0
2024-05-10 15:30:00,61199.0,61315.0,60820.0,60900.0
2024-05-10 16:00:00,61002.98,61337.18,60450.0,60900.0
2024-05-10 16:30:00,60890.84,61292.0,60849.97,61199.64
2024-05-10 17:00:00,61199.63,61399.0,60450.0,60583.62
2024-05-10 17:30:00,60583.63,60695.03,60300.0,60619.99
2024-05-10 18:00:00,60619.99,60619.99,60308.0,60500.01
2024-05-10 18:30:00,60500.02,60900.0,60500.02,60760.2
2024-05-10 19:00:00,60776.82,60899.0,60643.12,60644.13
2024-05-10 19:30:00,60644.13,60842.68,60622.0,60799.0
2024-05-10 20:00:00,60800.0,60997.94,60700.05,60708.0
2024-05-10 20:30:00,60700.16,60748.29,60550.0,60550.0
2024-05-10 21:00:00,60541.0,60590.52,60510.0,60581.8
2024-05-10 21:30:00,60581.8,60676.99,60522.0,60620.0
2024-05-10 22:00:00,60676.87,60900.0,60620.0,60800.0
2024-05-10 22:30:00,60800.0,60886.0,60747.06,60747.39
2024-05-10 23:00:00,60747.39,60995.97,60747.39,60974.38
2024-05-10 23:30:00,60974.38,60999.0,60900.0,60954.99
2024-05-11 00:00:00,60954.99,60954.99,60900.0,60903.0
2024-05-11 00:30:00,60903.0,60903.0,60747.15,60792.32
2024-05-11 01:00:00,60792.32,60998.0,60792.32,60998.0
2024-05-11 01:30:00,60997.95,60997.95,60631.0,60899.85
2024-05-11 02:00:00,60899.85,60906.45,60650.03,60838.78
2024-05-11 02:30:00,60838.67,60967.18,60838.67,60900.0
2024-05-11 03:00:00,60870.0,60958.83,60870.0,60888.6
2024-05-11 03:30:00,60888.6,61199.0,60650.0,60650.06
2024-05-11 04:00:00,60650.06,60799.99,60650.06,60799.99
2024-05-11 04:30:00,60799.99,60800.06,60730.0,60736.0
2024-05-11 05:00:00,60736.0,60935.9,60736.0,60802.03
2024-05-11 05:30:00,60802.03,60900.0,60802.03,60899.84
2024-05-11 06:00:00,60899.84,60989.99,60850.0,60989.99
2024-05-11 06:30:00,60989.99,61060.0,60899.86,60900.12
2024-05-11 07:00:00,60900.15,60998.99,60900.15,60998.99
2024-05-11 07:30:00,60998.99,60998.99,60933.6,60966.09
2024-05-11 08:00:00,60966.09,61077.01,60900.0,60910.01
2024-05-11 08:30:00,60899.86,60912.74,60821.01,60889.99
2024-05-11 09:00:00,60889.99,60889.99,60750.0,60799.99
2024-05-11 09:30:00,60799.99,60889.88,60654.97,60889.88
2024-05-11 10:00:00,60889.88,60922.36,60660.02,60701.85
2024-05-11 10:30:00,60915.47,60915.47,60652.3,60700.0
2024-05-11 11:00:00,60700.0,60700.0,60520.0,60598.97
2024-05-11 11:30:00,60598.98,60699.97,60598.98,60699.88
2024-05-11 12:00:00,60699.88,60789.96,60600.83,60633.02
2024-05-11 12:30:00,60789.46,60798.83,60650.0,60653.12
2024-05-11 13:00:00,60761.39,60818.04,60654.0,60806.94
2024-05-11 13:30:00,60656.15,60946.89,60656.0,60940.0
2024-05-11 14:00:00,60851.3,60999.0,60830.01,60858.0
2024-05-11 14:30:00,60830.01,60840.0,60725.0,60800.0
2024-05-11 15:00:00,60750.05,61383.0,60670.0,61176.76
2024-05-11 15:30:00,61048.49,61365.0,60731.38,61234.97
2024-05-11 16:00:00,61234.97,61365.0,61100.77,61304.0
2024-05-11 16:30:00,61341.95,61365.0,61150.0,61165.0
2024-05-11 17:00:00,61216.86,61250.0,60801.01,60900.36
2024-05-11 17:30:00,60900.36,61109.15,60900.36,61049.97
2024-05-11 18:00:00,61049.97,61104.88,60921.13,61104.88
2024-05-11 18:30:00,61104.88,61220.0,61050.0,61220.0
2024-05-11 19:00:00,61210.0,61219.97,61109.97,61110.0
2024-05-11 19:30:00,61110.0,61110.0,61000.06,61100.0
2024-05-11 20:00:00,61100.0,61101.12,61000.0,61000.0
2024-05-11 20:30:00,61000.0,61079.32,60809.8,60830.34
2024-05-11 21:00:00,60830.5,61000.0,60830.5,60972.91
2024-05-11 21:30:00,60972.91,60972.91,60840.0,60841.19
2024-05-11 22:00:00,60964.81,60980.82,60880.12,60900.0
2024-05-11 22:30:00,60900.0,60954.77,60831.68,60905.64
2024-05-11 23:00:00,60905.24,60954.7,60830.15,60940.98
2024-05-11 23:30:00,60953.0,60953.0,60756.0,60756.0
2024-05-12 00:00:00,60755.0,61046.5,60673.9,60987.93
2024-05-12 00:30:00,60987.93,61100.0,60867.67,61028.96
2024-05-12 01:00:00,61028.96,61028.96,60962.89,60962.89
2024-05-12 01:30:00,60962.89,60962.89,60801.41,60802.21
2024-05-12 02:00:00,60802.21,60907.37,60802.21,60907.37
2024-05-12 02:30:00,60907.37,60993.03,60850.0,60950.0
2024-05-12 03:00:00,60986.77,60987.03,60850.91,60940.91
2024-05-12 03:30:00,60940.91,61000.0,60870.0,60870.0
2024-05-12 04:00:00,60870.0,61040.0,60849.0,61010.0
2024-05-12 04:30:00,61010.0,61100.0,61010.0,61010.12
2024-05-12 05:00:00,61080.0,61080.0,61010.0,61010.0
2024-05-12 05:30:00,61060.0,61061.0,60870.22,60872.13
2024-05-12 06:00:00,60872.13,60968.0,60872.03,60954.9
2024-05-12 06:30:00,60954.9,60954.9,60803.0,60865.0
2024-05-12 07:00:00,60865.0,60872.03,60800.0,60871.0
2024-05-12 07:30:00,60800.0,60870.92,60640.0,60660.27
2024-05-12 08:00:00,60769.97,60907.45,60700.0,60907.45
2024-05-12 08:30:00,60907.45,61097.94,60815.01,60900.0
2024-05-12 09:00:00,60900.0,60998.55,60815.02,60978.29
2024-05-12 09:30:00,60978.29,60998.29,60816.26,60997.81
2024-05-12 10:00:00,60997.81,61100.0,60853.0,61100.0
2024-05-12 10:30:00,61100.0,61250.0,60966.76,61129.49
2024-05-12 11:00:00,61129.49,61130.0,60970.01,61000.0
2024-05-12 11:30:00,61000.0,61184.97,60970.0,60970.51
2024-05-12 12:00:00,61095.82,61250.0,60910.0,61178.62
2024-05-12 12:30:00,61178.62,61178.62,60920.03,60921.23
2024-05-12 13:00:00,60920.14,61159.8,60920.14,61118.74
2024-05-12 13:30:00,61118.74,61169.0,60937.01,61004.34
2024-05-12 14:00:00,61166.73,61198.0,61004.43,61198.0
2024-05-12 14:30:00,61190.0,61198.0,61000.0,61000.0
2024-05-12 15:00:00,61000.0,61184.93,61000.0,61032.18
2024-05-12 15:30:00,61180.0,61330.0,61071.0,61143.0
2024-05-12 16:00:00,61221.0,61650.0,61140.0,61580.0
2024-05-12 16:30:00,61580.0,61660.0,61120.01,61299.98
2024-05-12 17:00:00,61299.87,61491.91,61122.0,61331.03
2024-05-12 17:30:00,61330.0,61550.0,61171.01,61550.0
2024-05-12 18:00:00,61550.0,61550.0,61353.04,61353.04
2024-05-12 18:30:00,61353.04,61413.0,61202.01,61237.0
2024-05-12 19:00:00,61240.0,61344.91,61111.0,61189.97
2024-05-12 19:30:00,61189.97,61250.0,61115.62,61126.01
2024-05-12 20:00:00,61235.0,61242.0,61101.92,61242.0
2024-05-12 20:30:00,61122.0,61399.95,61044.65,61260.82
2024-05-12 21:00:00,61237.79,61273.93,60930.0,60937.0
2024-05-12 21:30:00,60936.98,61200.0,60932.03,61115.0
2024-05-12 22:00:00,61114.33,61218.0,61114.33,61218.0
2024-05-12 22:30:00,61200.0,61200.0,61038.0,61193.0
2024-05-12 23:00:00,61193.0,61300.0,61131.94,61300.0
2024-05-12 23:30:00,61300.0,61328.61,61045.15,61328.61
2024-05-13 00:00:00,61329.0,61455.99,61038.0,61455.99
2024-05-13 00:30:00,61490.0,61553.0,61250.0,61250.64
2024-05-13 01:00:00,61250.64,61533.33,61047.27,61379.09
2024-05-13 01:30:00,61379.09,61379.09,61038.0,61038.0
2024-05-13 02:00:00,61200.0,61299.67,61020.0,61030.0
2024-05-13 02:30:00,61020.0,61020.0,60850.0,61000.0
2024-05-13 03:00:00,61000.0,61041.83,60650.0,60650.33
2024-05-13 03:30:00,60650.33,60999.95,60650.33,60950.0
2024-05-13 04:00:00,60800.72,61000.0,60770.06,60949.57
2024-05-13 04:30:00,60949.57,60949.64,60651.0,60686.23
2024-05-13 05:00:00,60687.0,60849.94,60686.23,60846.79
2024-05-13 05:30:00,60846.79,60948.99,60707.07,60721.0
2024-05-13 06:00:00,60721.0,61181.95,60721.0,61140.0
2024-05-13 06:30:00,61140.0,61400.0,61001.0,61299.0
2024-05-13 07:00:00,61349.0,61540.0,61222.27,61499.0
2024-05-13 07:30:00,61401.0,62100.0,61274.81,62012.0
2024-05-13 08:00:00,62011.01,62500.0,62011.01,62384.73
2024-05-13 08:30:00,62384.73,62649.99,62236.57,62500.1
2024-05-13 09:00:00,62500.0,62876.0,62500.0,62820.0
2024-05-13 09:30:00,62820.0,62866.0,62500.0,62598.62
2024-05-13 10:00:00,62598.62,62650.0,62303.01,62304.0
2024-05-13 10:30:00,62303.2,62398.99,61813.0,62301.0
2024-05-13 11:00:00,62297.0,62392.98,62150.0,62299.93
2024-05-13 11:30:00,62162.13,62390.0,62162.11,62273.1
2024-05-13 12:00:00,62273.1,62497.99,62160.01,62195.02
2024-05-13 12:30:00,62370.0,62500.0,62287.81,62490.0
2024-05-13 13:00:00,62490.0,62567.0,62488.0,62500.0
2024-05-13 13:30:00,62547.98,62550.0,62253.0,62500.0
2024-05-13 14:00:00,62500.0,62699.99,62362.0,62616.2
2024-05-13 14:30:00,62616.2,62688.0,62500.0,62550.0
2024-05-13 15:00:00,62550.0,62650.0,62351.0,62630.0
2024-05-13 15:30:00,62502.0,62800.0,62502.0,62757.7
2024-05-13 16:00:00,62757.49,63000.0,62532.02,62901.01
2024-05-13 16:30:00,62901.01,62970.0,62551.15,62720.0
2024-05-13 17:00:00,62700.01,62798.0,62395.25,62411.03
2024-05-13 17:30:00,62411.03,62600.0,62352.02,62490.0
2024-05-13 18:00:00,62490.0,62499.7,62000.0,62231.0
2024-05-13 18:30:00,62231.0,62499.9,62230.71,62499.9
2024-05-13 19:00:00,62500.0,62699.99,62401.06,62531.0
2024-05-13 19:30:00,62600.0,62765.0,62531.0,62680.0
2024-05-13 20:00:00,62680.0,62770.0,62620.0,62661.97
2024-05-13 20:30:00,62577.28,62787.0,62230.71,62755.99
2024-05-13 21:00:00,62710.0,62749.0,62634.87,62635.0
2024-05-13 21:30:00,62615.11,62615.12,62423.16,62588.99
2024-05-13 22:00:00,62588.99,62588.99,62423.17,62500.0
2024-05-13 22:30:00,62500.0,62500.0,62380.16,62499.99
2024-05-13 23:00:00,62499.99,62588.99,62380.2,62588.0
2024-05-13 23:30:00,62588.0,62588.97,62433.51,62588.97
2024-05-14 00:00:00,62588.97,62588.97,62455.0,62587.0
2024-05-14 00:30:00,62587.0,62604.0,62455.0,62459.9
2024-05-14 01:00:00,62459.9,62523.76,62459.9,62501.21
2024-05-14 01:30:00,62501.24,62599.0,62252.0,62252.0
2024-05-14 02:00:00,62251.0,62597.8,62251.0,62449.54
2024-05-14 02:30:00,62449.54,62449.54,62250.0,62260.0
2024-05-14 03:00:00,62260.0,62445.89,62158.0,62169.0
2024-05-14 03:30:00,62168.01,62398.92,62149.39,62150.0
2024-05-14 04:00:00,62150.0,62389.0,62020.01,62370.0
2024-05-14 04:30:00,62370.0,62370.0,62066.99,62159.0
2024-05-14 05:00:00,62159.0,62299.99,62159.0,62299.99
2024-05-14 05:30:00,62299.99,62590.96,62290.01,62499.99
2024-05-14 06:00:00,62499.99,62588.41,61105.0,61461.0
2024-05-14 06:30:00,61569.89,61835.46,61569.73,61800.0
2024-05-14 07:00:00,61800.0,61822.0,61678.1,61810.0
2024-05-14 07:30:00,61814.0,61814.0,61600.14,61788.0
2024-05-14 08:00:00,61749.0,61749.0,61437.0,61620.0
2024-05-14 08:30:00,61556.0,61620.0,61408.41,61544.99
2024-05-14 09:00:00,61544.99,61700.0,61450.0,61545.0
2024-05-14 09:30:00,61697.0,61699.0,61500.0,61590.0
2024-05-14 10:00:00,61590.0,61595.0,61225.0,61341.0
2024-05-14 10:30:00,61341.0,61410.0,61241.0,61410.0
2024-05-14 11:00:00,61410.0,61748.96,61409.98,61748.96
2024-05-14 11:30:00,61747.96,61824.0,61600.0,61650.99
2024-05-14 12:00:00,61769.7,61824.0,61550.01,61551.0
2024-05-14 12:30:00,61551.01,61660.6,61241.1,61300.0
2024-05-14 13:00:00,61310.01,61650.0,61300.0,61524.04
2024-05-14 13:30:00,61524.04,61700.0,61400.0,61430.69
2024-05-14 14:00:00,61430.69,61824.9,61100.0,61750.0
2024-05-14 14:30:00,61742.96,61811.75,61400.0,61544.94
2024-05-14 15:00:00,61550.06,61800.0,61550.0,61680.0
2024-05-14 15:30:00,61680.0,61700.0,61500.05,61687.0
2024-05-14 16:00:00,61684.94,61684.94,61301.0,61399.0
2024-05-14 16:30:00,61399.0,61508.93,61000.01,61200.12
2024-05-14 17:00:00,61200.12,61356.6,61080.0,61222.0
2024-05-14 17:30:00,61222.0,61350.89,61080.0,61249.0
2024-05-14 18:00:00,61249.0,61348.99,61150.0,61227.97
2024-05-14 18:30:00,61227.97,61467.53,61200.0,61400.0
2024-05-14 19:00:00,61400.0,61492.0,61227.97,61492.0
2024-05-14 19:30:00,61599.94,61599.94,61253.0,61576.97
2024-05-14 20:00:00,61539.92,61577.0,61400.0,61557.0
2024-05-14 20:30:00,61410.01,61599.69,61260.0,61262.07
2024-05-14 21:00:00,61262.07,61499.77,61260.0,61429.99
2024-05-14 21:30:00,61429.99,61550.0,61260.0,61536.0
2024-05-14 22:00:00,61416.81,61549.0,61416.79,61416.81
2024-05-14 22:30:00,61416.81,61599.98,61260.01,61540.0
2024-05-14 23:00:00,61540.0,61544.97,61292.68,61484.91
2024-05-14 23:30:00,61484.91,61543.94,61480.0,61535.94
2024-05-15 00:00:00,61535.94,61545.0,61515.0,61515.0
2024-05-15 00:30:00,61515.0,61550.0,61260.0,61260.02
2024-05-15 01:00:00,61260.02,61529.91,61260.01,61528.15
2024-05-15 01:30:00,61260.17,61527.64,61260.17,61525.71
2024-05-15 02:00:00,61525.71,61600.0,61360.0,61405.68
2024-05-15 02:30:00,61405.68,61600.0,61405.68,61450.06
2024-05-15 03:00:00,61450.06,61735.0,61450.06,61700.0
2024-05-15 03:30:00,61735.0,61804.0,61734.0,61750.0
2024-05-15 04:00:00,61798.0,61799.0,61650.0,61657.13
2024-05-15 04:30:00,61657.13,61800.0,61603.01,61795.9
2024-05-15 05:00:00,61795.67,61824.0,61620.46,61823.0
2024-05-15 05:30:00,61823.0,61824.9,61660.0,61734.4
2024-05-15 06:00:00,61734.4,61800.0,61675.0,61794.0
2024-05-15 06:30:00,61675.0,61774.92,61500.01,61774.91
2024-05-15 07:00:00,61774.91,61774.91,61531.89,61532.9
2024-05-15 07:30:00,61648.98,61949.9,61536.02,61727.96
2024-05-15 08:00:00,61745.0,61886.98,61665.02,61672.0
2024-05-15 08:30:00,61700.0,61820.0,61672.0,61675.53
2024-05-15 09:00:00,61675.53,61800.0,61550.0,61580.01
2024-05-15 09:30:00,61583.01,62405.28,61583.01,62335.99
2024-05-15 10:00:00,62293.37,62444.0,62037.68,62400.0
2024-05-15 10:30:00,62443.0,62450.0,62185.14,62185.14
2024-05-15 11:00:00,62250.0,62298.0,62100.0,62100.01
2024-05-15 11:30:00,62100.01,62150.0,61909.68,62080.0
2024-05-15 12:00:00,62037.0,62251.01,62037.0,62226.0
2024-05-15 12:30:00,62227.0,63300.0,62227.0,63232.25
2024-05-15 13:00:00,63232.0,63555.0,62800.0,63555.0
2024-05-15 13:30:00,63555.0,64010.0,63251.0,63651.91
2024-05-15 14:00:00,63700.0,63800.0,63300.0,63789.0
2024-05-15 14:30:00,63770.0,63955.0,63744.45,63944.0
2024-05-15 15:00:00,63944.0,64433.3,63901.0,64390.0
2024-05-15 15:30:00,64400.0,64440.0,64000.0,64212.44
2024-05-15 16:00:00,64212.44,64519.0,64212.0,64280.07
2024-05-15 16:30:00,64280.07,64487.0,64216.01,64344.0
2024-05-15 17:00:00,64346.4,64500.0,64158.0,64500.0
2024-05-15 17:30:00,64161.0,64700.0,64161.0,64668.0
2024-05-15 18:00:00,64599.52,64840.0,64513.42,64840.0
2024-05-15 18:30:00,64834.06,65130.0,64750.0,65122.0
2024-05-15 19:00:00,65122.0,65487.99,64800.02,65420.0
2024-05-15 19:30:00,65420.0,66180.0,65300.0,65516.85
2024-05-15 20:00:00,65516.85,65544.0,64990.0,65499.0
2024-05-15 20:30:00,65330.0,65544.0,64800.05,65448.53
2024-05-15 21:00:00,65448.53,65468.9,65311.2,65427.0
2024-05-15 21:30:00,65378.62,65490.34,65060.0,65352.11
2024-05-15 22:00:00,65352.11,65830.36,65301.01,65746.0
2024-05-15 22:30:00,65814.99,65814.99,65502.01,65689.99
2024-05-15 23:00:00,65689.95,65800.0,65505.02,65799.0
2024-05-15 23:30:00,65799.0,65899.24,65678.31,65750.01
2024-05-16 00:00:00,65725.4,66000.0,65725.4,65897.8
2024-05-16 00:30:00,65897.8,65897.8,65603.54,65622.21
2024-05-16 01:00:00,65622.21,65676.61,65548.92,65595.1
2024-05-16 01:30:00,65595.1,65676.0,65200.0,65476.33
2024-05-16 02:00:00,65476.33,65660.0,65470.0,65531.74
2024-05-16 02:30:00,65531.74,65740.45,65202.0,65448.23
2024-05-16 03:00:00,65448.23,65599.97,65332.04,65599.97
2024-05-16 03:30:00,65650.0,65740.47,65515.96,65699.0
2024-05-16 04:00:00,65699.0,65699.0,65270.0,65388.36
2024-05-16 04:30:00,65400.0,65499.98,65265.0,65341.78
2024-05-16 05:00:00,65341.78,65399.99,65251.01,65270.98
2024-05-16 05:30:00,65270.98,65500.0,65251.01,65337.71
2024-05-16 06:00:00,65375.0,65469.1,65052.01,65469.1
2024-05-16 06:30:00,65458.56,65696.92,65458.56,65590.0
2024-05-16 07:00:00,65590.0,65696.98,65501.0,65690.0
2024-05-16 07:30:00,65690.0,65850.0,65659.0,65700.0
2024-05-16 08:00:00,65700.0,65919.0,65603.14,65800.08
2024-05-16 08:30:00,65849.99,65880.0,65610.0,65879.0
2024-05-16 09:00:00,65879.0,65950.0,65650.0,65650.01
2024-05-16 09:30:00,65699.0,65919.98,65641.17,65914.98
2024-05-16 10:00:00,65919.98,65919.98,65729.0,65779.0
2024-05-16 10:30:00,65778.7,65893.98,65619.35,65727.0
2024-05-16 11:00:00,65693.8,65750.0,65600.0,65748.98
2024-05-16 11:30:00,65703.14,65990.0,65650.71,65989.99
2024-05-16 12:00:00,65994.99,66066.0,65800.0,65806.0
2024-05-16 12:30:00,65806.0,66000.0,65555.0,65555.0
2024-05-16 13:00:00,65555.0,65600.0,65251.0,65499.0
2024-05-16 13:30:00,65499.0,65863.0,65499.0,65788.34
2024-05-16 14:00:00,65788.34,65900.0,65430.76,65698.99
2024-05-16 14:30:00,65500.01,65668.99,65360.0,65489.95
2024-05-16 15:00:00,65449.99,65449.99,65088.0,65275.0
2024-05-16 15:30:00,65397.95,65433.0,65167.0,65351.22
2024-05-16 16:00:00,65347.95,65347.95,64800.0,64989.76
2024-05-16 16:30:00,65000.0,65000.0,64635.96,64635.96
2024-05-16 17:00:00,64640.0,64899.59,64300.0,64390.0
2024-05-16 17:30:00,64350.0,64867.99,64202.0,64858.99
2024-05-16 18:00:00,64858.97,64858.97,64611.01,64661.06
2024-05-16 18:30:00,64675.06,64860.0,64661.0,64857.0
2024-05-16 19:00:00,64858.0,65200.0,64701.01,65200.0
2024-05-16 19:30:00,65200.01,65299.99,64731.0,64896.0
2024-05-16 20:00:00,64896.0,64896.0,64770.01,64860.0
2024-05-16 20:30:00,64859.0,64869.0,64625.74,64860.0
2024-05-16 21:00:00,64870.0,64999.98,64822.34,64900.03
2024-05-16 21:30:00,64900.03,65200.0,64813.42,65199.9
2024-05-16 22:00:00,65199.9,65250.0,64775.28,64785.03
2024-05-16 22:30:00,64785.03,65197.99,64785.0,65189.0
2024-05-16 23:00:00,65189.0,65193.0,64900.08,64900.09
2024-05-16 23:30:00,64900.09,65167.32,64900.09,65000.13
2024-05-17 00:00:00,65099.6,65187.91,65000.34,65180.0
2024-05-17 00:30:00,65180.0,65180.0,65000.0,65179.97
2024-05-17 01:00:00,65179.97,65179.97,64900.08,64900.23
2024-05-17 01:30:00,64900.08,65179.54,64900.08,64935.24
2024-05-17 02:00:00,64935.24,65000.0,64901.05,64901.05
2024-05-17 02:30:00,64900.0,65000.0,64900.0,64946.03
2024-05-17 03:00:00,64946.03,65179.9,64900.65,65179.9
2024-05-17 03:30:00,65179.9,65430.05,65178.0,65400.28
2024-05-17 04:00:00,65432.0,65444.0,65175.31,65399.99
2024-05-17 04:30:00,65300.12,65400.0,65300.0,65380.0
2024-05-17 05:00:00,65380.0,65380.0,65240.0,65300.0
2024-05-17 05:30:00,65300.0,65380.0,65230.0,65380.0
2024-05-17 06:00:00,65300.1,65300.1,65175.0,65175.0
2024-05-17 06:30:00,65175.0,65650.0,65175.0,65619.0
2024-05-17 07:00:00,65477.0,65998.0,65477.0,65820.0
2024-05-17 07:30:00,65830.0,65990.0,65685.05,65990.0
2024-05-17 08:00:00,65995.0,65995.0,65718.83,65939.0
2024-05-17 08:30:00,65930.0,65930.0,65676.0,65850.0
2024-05-17 09:00:00,65849.0,65850.0,65690.0,65850.0
2024-05-17 09:30:00,65850.0,65900.0,65708.91,65900.0
2024-05-17 10:00:00,65830.46,65939.0,65823.09,65939.0
2024-05-17 10:30:00,65939.0,65980.0,65825.01,65980.0
2024-05-17 11:00:00,65988.99,65999.0,65714.16,65928.99
2024-05-17 11:30:00,65917.97,65933.0,65723.1,65898.92
2024-05-17 12:00:00,65718.43,65900.0,65716.54,65829.05
2024-05-17 12:30:00,65829.05,66081.0,65821.9,65950.0
2024-05-17 13:00:00,65999.5,65999.5,65750.0,65800.0
2024-05-17 13:30:00,65821.0,65821.0,65350.0,65538.1
2024-05-17 14:00:00,65538.1,65999.8,65454.19,65997.0
2024-05-17 14:30:00,65998.0,66300.0,65845.05,66300.0
2024-05-17 15:00:00,66300.0,66900.0,66251.0,66850.0
2024-05-17 15:30:00,66899.0,66999.0,66652.25,66800.0
2024-05-17 16:00:00,66800.0,66979.99,66662.87,66899.95
2024-05-17 16:30:00,66899.95,66899.95,66615.0,66615.0
2024-05-17 17:00:00,66614.0,66650.0,66454.02,66650.0
2024-05-17 17:30:00,66649.99,66679.0,66350.0,66400.0
2024-05-17 18:00:00,66399.0,66399.0,66001.0,66270.0
2024-05-17 18:30:00,66299.0,66666.0,66270.0,66666.0
2024-05-17 19:00:00,66666.0,66740.0,66502.0,66740.0
2024-05-17 19:30:00,66740.0,66750.0,66505.0,66662.99
2024-05-17 20:00:00,66666.66,66750.0,66515.0,66650.0
2024-05-17 20:30:00,66698.9,66750.0,66200.0,66749.82
2024-05-17 21:00:00,66749.82,66749.82,66534.09,66650.0
2024-05-17 21:30:00,66545.95,66693.33,66500.0,66600.0
2024-05-17 22:00:00,66650.0,66650.94,66500.0,66500.0
2024-05-17 22:30:00,66500.0,66585.0,66500.0,66585.0
2024-05-17 23:00:00,66585.0,66600.0,66500.0,66500.01
2024-05-17 23:30:00,66500.01,66667.0,66500.0,66667.0
2024-05-18 00:00:00,66509.76,66700.0,66509.76,66700.0
2024-05-18 00:30:00,66667.0,66699.0,66490.01,66505.7
2024-05-18 01:00:00,66505.7,66689.49,66505.14,66507.94
2024-05-18 01:30:00,66507.94,66698.78,66505.72,66698.42
2024-05-18 02:00:00,66698.42,66698.62,66505.0,66505.15
2024-05-18 02:30:00,66505.15,66697.9,66400.0,66500.0
2024-05-18 03:00:00,66688.84,66688.84,66429.01,66659.84
2024-05-18 03:30:00,66659.62,66687.0,66502.0,66504.0
2024-05-18 04:00:00,66656.0,66688.72,66505.0,66610.0
2024-05-18 04:30:00,66610.0,66690.0,66552.0,66575.01
2024-05-18 05:00:00,66575.01,66690.0,66574.0,66600.0
2024-05-18 05:30:00,66690.0,66690.0,66506.0,66683.0
2024-05-18 06:00:00,66683.0,66690.0,66511.0,66682.91
2024-05-18 06:30:00,66682.91,66720.0,66525.3,66689.67
2024-05-18 07:00:00,66720.0,66890.0,66720.0,66890.0
2024-05-18 07:30:00,66890.0,66949.99,66678.88,66700.06
2024-05-18 08:00:00,66700.12,66887.69,66678.88,66839.85
2024-05-18 08:30:00,66700.0,66799.91,66602.02,66750.0
2024-05-18 09:00:00,66750.0,66839.84,66666.0,66799.0
2024-05-18 09:30:00,66700.29,67000.0,66700.29,66995.88
2024-05-18 10:00:00,66994.0,66999.99,66820.23,66999.0
2024-05-18 10:30:00,66999.0,67000.0,66800.0,66938.0
2024-05-18 11:00:00,66939.0,67000.0,66939.0,66980.0
2024-05-18 11:30:00,66980.0,66990.1,66950.0,66950.0
2024-05-18 12:00:00,66959.0,66960.0,66801.0,66900.0
2024-05-18 12:30:00,66899.0,66900.0,66606.28,66699.0
2024-05-18 13:00:00,66606.32,66890.68,66600.01,66879.68
2024-05-18 13:30:00,66879.62,66879.9,66505.0,66505.0
2024-05-18 14:00:00,66500.0,66700.0,66500.0,66691.0
2024-05-18 14:30:00,66530.03,66699.99,66360.47,66369.0
2024-05-18 15:00:00,66369.0,66599.99,66340.68,66340.68
2024-05-18 15:30:00,66340.68,66555.0,66340.68,66416.0
2024-05-18 16:00:00,66416.0,66750.0,66416.0,66739.0
2024-05-18 16:30:00,66739.0,66739.0,66555.0,66555.0
2024-05-18 17:00:00,66555.0,66739.0,66555.0,66580.46
2024-05-18 17:30:00,66580.46,66600.0,66501.01,66599.0
2024-05-18 18:00:00,66600.0,66678.0,66450.02,66453.0
2024-05-18 18:30:00,66450.02,66453.0,66417.0,66417.0
2024-05-18 19:00:00,66417.0,66450.0,66320.0,66320.04
2024-05-18 19:30:00,66333.0,66453.0,66333.0,66453.0
2024-05-18 20:00:00,66590.0,66678.0,66453.04,66678.0
2024-05-18 20:30:00,66660.0,66700.0,66560.0,66561.0
2024-05-18 21:00:00,66561.0,66730.0,66500.0,66500.02
2024-05-18 21:30:00,66500.02,66650.0,66500.0,66644.0
2024-05-18 22:00:00,66644.0,66666.0,66508.0,66666.0
2024-05-18 22:30:00,66620.0,66670.46,66502.0,66666.0
2024-05-18 23:00:00,66666.0,66730.0,66666.0,66710.01
2024-05-18 23:30:00,66710.01,66730.0,66667.0,66729.99
2024-05-19 00:00:00,66729.99,66729.99,66667.01,66667.01
2024-05-19 00:30:00,66667.01,66726.99,66640.0,66640.0
2024-05-19 01:00:00,66640.01,66725.61,66500.0,66725.6
2024-05-19 01:30:00,66725.6,66725.6,66490.0,66686.18
2024-05-19 02:00:00,66686.18,66689.0,66490.01,66689.0
2024-05-19 02:30:00,66689.0,66748.12,66573.54,66657.61
2024-05-19 03:00:00,66657.61,66750.0,66657.31,66750.0
2024-05-19 03:30:00,66750.0,66995.0,66573.3,66810.0
2024-05-19 04:00:00,66987.97,66987.97,66580.55,66894.97
2024-05-19 04:30:00,66894.97,66894.97,66608.0,66649.9
2024-05-19 05:00:00,66649.9,66850.0,66609.0,66830.0
2024-05-19 05:30:00,66828.0,66844.7,66644.35,66681.0
2024-05-19 06:00:00,66680.0,66810.0,66644.16,66700.0
2024-05-19 06:30:00,66700.0,66810.0,66545.0,66545.0
2024-05-19 07:00:00,66600.0,66797.72,66501.01,66790.0
2024-05-19 07:30:00,66697.72,66844.0,66605.4,66824.13
2024-05-19 08:00:00,66824.13,66840.0,66693.75,66729.2
2024-05-19 08:30:00,66768.12,66800.0,66570.94,66780.0
2024-05-19 09:00:00,66780.0,66780.0,66513.52,66682.99
2024-05-19 09:30:00,66683.0,66789.99,66601.0,66739.99
2024-05-19 10:00:00,66755.0,66820.0,66755.0,66799.0
2024-05-19 10:30:00,66798.0,67429.0,66790.07,67093.0
2024-05-19 11:00:00,67000.0,67000.0,66562.68,66650.0
2024-05-19 11:30:00,66700.0,67000.0,66650.0,66871.4
2024-05-19 12:00:00,66872.0,66900.0,66553.44,66553.44
2024-05-19 12:30:00,66553.44,66768.95,66453.22,66453.22
2024-05-19 13:00:00,66453.1,66569.96,66350.0,66360.01
2024-05-19 13:30:00,66360.0,66716.91,66313.04,66585.02
2024-05-19 14:00:00,66585.02,66709.9,66508.0,66555.92
2024-05-19 14:30:00,66581.07,66668.99,66350.0,66427.83
2024-05-19 15:00:00,66427.83,66558.98,66350.0,66494.0
2024-05-19 15:30:00,66391.98,66498.97,66300.11,66420.0
2024-05-19 16:00:00,66464.0,66500.0,66255.0,66255.0
2024-05-19 16:30:00,66279.99,66500.0,66159.12,66160.12
2024-05-19 17:00:00,66160.12,66299.98,66100.0,66299.98
2024-05-19 17:30:00,66299.98,66400.0,66131.22,66395.0
2024-05-19 18:00:00,66244.22,66479.99,66200.0,66233.2
2024-05-19 18:30:00,66233.04,66233.22,66117.77,66120.0
2024-05-19 19:00:00,66121.01,66220.0,65824.02,65950.0
2024-05-19 19:30:00,65950.0,65950.0,65632.0,65635.0
2024-05-19 20:00:00,65632.0,65998.75,65632.0,65996.02
2024-05-19 20:30:00,65998.75,65998.75,65685.96,65886.12
2024-05-19 21:00:00,65887.18,65937.0,65716.0,65717.2
2024-05-19 21:30:00,65717.2,65937.0,65660.0,65857.05
2024-05-19 22:00:00,65857.05,65937.0,65800.0,65893.11
2024-05-19 22:30:00,65893.11,65938.0,65893.11,65937.0
2024-05-19 23:00:00,65937.0,65996.02,65855.06,65995.0
2024-05-19 23:30:00,65995.0,65995.0,65900.0,65950.0
2024-05-20 00:00:00,65995.0,65995.0,65803.0,65812.0
2024-05-20 00:30:00,65812.0,66100.0,65812.0,66100.0
2024-05-20 01:00:00,66000.01,66149.0,65853.68,66000.0
2024-05-20 01:30:00,66000.0,66173.0,65803.31,66151.0
2024-05-20 02:00:00,66151.0,66500.0,66151.0,66500.0
2024-05-20 02:30:00,66500.0,66500.0,66280.03,66305.0
2024-05-20 03:00:00,66304.95,66498.09,66300.0,66300.0
2024-05-20 03:30:00,66300.0,66484.42,66280.0,66286.85
2024-05-20 04:00:00,66286.85,66469.97,66177.59,66200.04
2024-05-20 04:30:00,66220.04,66851.19,66220.04,66851.19
2024-05-20 05:00:00,66698.04,66950.0,66698.03,66890.0
2024-05-20 05:30:00,66889.99,66889.99,66701.02,66750.0
2024-05-20 06:00:00,66750.0,66800.0,66599.9,66650.0
2024-05-20 06:30:00,66650.0,66650.0,66241.0,66339.97
2024-05-20 07:00:00,66339.97,66599.99,66103.01,66450.12
2024-05-20 07:30:00,66596.1,66597.0,66420.66,66594.72
2024-05-20 08:00:00,66595.0,66900.0,66595.0,66650.0
2024-05-20 08:30:00,66667.06,66700.0,66420.6,66530.0
2024-05-20 09:00:00,66421.01,66650.0,66420.6,66494.0
2024-05-20 09:30:00,66600.0,66707.0,66600.0,66670.0
2024-05-20 10:00:00,66650.0,66830.0,66421.98,66799.98
2024-05-20 10:30:00,66799.99,66799.99,66585.52,66799.91
2024-05-20 11:00:00,66799.91,66799.91,66750.0,66799.91
2024-05-20 11:30:00,66779.45,66799.91,66585.12,66600.0
2024-05-20 12:00:00,66600.0,66705.55,66587.0,66685.0
2024-05-20 12:30:00,66685.0,66750.0,66587.0,66700.0
2024-05-20 13:00:00,66699.99,66799.89,66620.03,66750.03
2024-05-20 13:30:00,66750.03,66799.91,66600.0,66799.88
2024-05-20 14:00:00,66799.88,66800.06,66611.0,66700.0
2024-05-20 14:30:00,66700.0,66793.32,66614.3,66699.0
2024-05-20 15:00:00,66699.0,66949.0,66616.0,66939.0
2024-05-20 15:30:00,66939.0,66949.0,66697.82,66948.89
2024-05-20 16:00:00,66917.67,67398.7,66917.67,67234.18
2024-05-20 16:30:00,67234.18,68000.0,67200.0,67900.0
2024-05-20 17:00:00,67900.0,68349.0,67900.0,68000.0
2024-05-20 17:30:00,68140.0,68140.0,67700.02,67970.0
2024-05-20 18:00:00,67973.0,68139.8,67829.45,67999.98
2024-05-20 18:30:00,67999.99,68400.0,67946.42,68399.0
2024-05-20 19:00:00,68399.0,68850.0,68240.0,68849.0
2024-05-20 19:30:00,68848.0,69500.0,68610.0,69450.0
2024-05-20 20:00:00,69481.3,69780.0,68480.0,69129.99
2024-05-20 20:30:00,69139.0,69249.99,68500.0,68725.0
2024-05-20 21:00:00,68984.94,68996.02,68250.0,68750.0
2024-05-20 21:30:00,68750.0,69200.0,68692.76,69198.98
2024-05-20 22:00:00,69198.98,69400.0,69052.13,69396.81
2024-05-20 22:30:00,69396.82,69397.82,69206.84,69206.84
2024-05-20 23:00:00,69250.0,70491.0,69206.84,70491.0
2024-05-20 23:30:00,70491.0,70935.0,70300.0,70904.17
2024-05-21 00:00:00,70915.0,71000.0,70564.21,70999.99
2024-05-21 00:30:00,70999.96,71009.0,70701.5,70735.96
2024-05-21 01:00:00,70735.97,70782.93,70211.46,70392.48
2024-05-21 01:30:00,70392.48,70699.99,69800.0,70568.84
2024-05-21 02:00:00,70569.84,70749.95,70000.0,70597.99
2024-05-21 02:30:00,70511.04,70798.88,70300.08,70794.64
2024-05-21 03:00:00,70798.88,70798.88,70005.0,70741.02
2024-05-21 03:30:00,70771.5,70962.99,70105.0,70839.03
2024-05-21 04:00:00,70791.17,70791.17,70370.05,70503.3
2024-05-21 04:30:00,70583.91,70648.0,70116.06,70116.06
2024-05-21 05:00:00,70415.0,70560.12,70117.02,70495.95
2024-05-21 05:30:00,70502.9,70940.0,70170.0,70901.0
2024-05-21 06:00:00,70930.0,70940.0,70705.47,70766.74
2024-05-21 06:30:00,70766.74,70900.46,70745.04,70801.0
2024-05-21 07:00:00,70800.0,70897.01,70506.18,70589.53
2024-05-21 07:30:00,70589.54,70665.95,70300.0,70498.0
2024-05-21 08:00:00,70478.57,70500.0,70368.85,70441.0
2024-05-21 08:30:00,70440.95,70647.0,70399.63,70450.0
2024-05-21 09:00:00,70450.0,70647.97,70403.0,70460.0
2024-05-21 09:30:00,70460.01,70647.97,70445.11,70640.0
2024-05-21 10:00:00,70640.0,70800.0,70506.28,70798.99
2024-05-21 10:30:00,70730.01,70798.49,70471.0,70534.78
2024-05-21 11:00:00,70590.0,70900.0,69500.0,70730.0
2024-05-21 11:30:00,70730.0,70939.0,70560.0,70750.0
2024-05-21 12:00:00,70750.0,70917.97,70625.0,70702.0
2024-05-21 12:30:00,70793.0,70898.98,70700.0,70762.27
2024-05-21 13:00:00,70762.27,70850.0,70416.41,70440.0
2024-05-21 13:30:00,70421.67,70776.88,70000.01,70101.83
2024-05-21 14:00:00,70101.83,70370.0,69889.0,69908.43
2024-05-21 14:30:00,69889.0,70400.0,69800.0,69870.0
2024-05-21 15:00:00,69870.0,69995.94,69716.35,69880.0
2024-05-21 15:30:00,69880.0,69880.0,69215.0,69350.11
2024-05-21 16:00:00,69350.0,69790.0,69201.0,69699.99
2024-05-21 16:30:00,69680.0,69768.0,69393.62,69393.62
2024-05-21 17:00:00,69393.62,69405.02,69300.0,69388.0
2024-05-21 17:30:00,69330.0,69799.0,69330.0,69686.99
2024-05-21 18:00:00,69591.05,69772.0,69500.0,69579.93
2024-05-21 18:30:00,69579.93,69700.0,69310.01,69501.0
2024-05-21 19:00:00,69502.12,69772.0,69253.0,69253.0
2024-05-21 19:30:00,69252.0,69259.0,68888.0,69100.1
2024-05-21 20:00:00,69166.02,69411.29,69000.0,69252.14
2024-05-21 20:30:00,69252.14,69649.8,69252.14,69649.2
2024-05-21 21:00:00,69649.2,69649.2,69205.0,69340.0
2024-05-21 21:30:00,69340.0,69598.94,69306.0,69493.9
2024-05-21 22:00:00,69496.0,69900.0,69493.93,69900.0
2024-05-21 22:30:00,69900.0,70001.0,69772.0,70001.0
2024-05-21 23:00:00,70000.0,70100.0,69970.0,70100.0
2024-05-21 23:30:00,70118.0,70299.96,70076.0,70100.0
2024-05-22 00:00:00,70007.04,70249.98,70007.03,70199.56
2024-05-22 00:30:00,70199.56,70199.56,70009.15,70009.21
2024-05-22 01:00:00,70010.03,70136.52,69986.0,70000.54
2024-05-22 01:30:00,70000.54,70135.41,69950.0,69953.6
2024-05-22 02:00:00,69953.6,70190.0,69953.6,70150.0
2024-05-22 02:30:00,70190.0,70190.0,69900.0,69900.0
2024-05-22 03:00:00,69900.0,69900.0,69717.89,69898.7
2024-05-22 03:30:00,69898.7,69898.7,69718.79,69718.79
2024-05-22 04:00:00,69718.79,69891.97,69366.31,69720.07
2024-05-22 04:30:00,69720.07,69720.15,69200.0,69200.0
2024-05-22 05:00:00,69200.0,69700.0,69200.0,69699.99
2024-05-22 05:30:00,69699.99,69700.0,69496.02,69501.56
2024-05-22 06:00:00,69501.5,69890.0,69501.5,69776.2
2024-05-22 06:30:00,69552.02,69776.1,69552.02,69650.0
2024-05-22 07:00:00,69747.85,69747.85,69553.3,69556.05
2024-05-22 07:30:00,69556.05,69649.79,69451.03,69550.0
2024-05-22 08:00:00,69550.0,69746.0,69255.0,69746.0
2024-05-22 08:30:00,69746.0,69889.99,69611.78,69849.54
2024-05-22 09:00:00,69614.79,69849.43,69600.0,69823.59
2024-05-22 09:30:00,69823.52,69825.53,69600.0,69719.99
2024-05-22 10:00:00,69751.09,69851.0,69700.32,69850.0
2024-05-22 10:30:00,69850.0,69900.0,69801.52,69899.94
2024-05-22 11:00:00,69900.0,69906.0,69789.0,69800.0
2024-05-22 11:30:00,69800.0,69883.0,69513.0,69513.0
2024-05-22 12:00:00,69502.0,69759.0,69501.0,69759.0
2024-05-22 12:30:00,69759.0,69800.0,69300.0,69520.47
2024-05-22 13:00:00,69400.33,69673.0,69400.33,69505.48
2024-05-22 13:30:00,69505.81,69636.01,69210.0,69300.03
2024-05-22 14:00:00,69388.0,69850.0,69300.0,69303.1
2024-05-22 14:30:00,69303.12,69840.0,69300.0,69779.82
2024-05-22 15:00:00,69840.0,69900.0,69637.2,69900.0
2024-05-22 15:30:00,69900.0,70399.0,69801.21,70349.0
2024-05-22 16:00:00,70349.0,70400.0,70201.03,70300.0
2024-05-22 16:30:00,70210.0,70393.22,69911.98,69915.0
2024-05-22 17:00:00,69915.0,70150.0,69900.0,70062.15
2024-05-22 17:30:00,70149.0,70149.0,69500.0,69711.16
2024-05-22 18:00:00,69790.76,69790.76,69251.0,69369.58
2024-05-22 18:30:00,69369.52,69529.63,69250.0,69501.0
2024-05-22 19:00:00,69501.0,69697.98,69443.0,69502.03
2024-05-22 19:30:00,69502.03,69694.0,69502.03,69598.9
2024-05-22 20:00:00,69506.11,69699.0,69506.11,69510.22
2024-05-22 20:30:00,69510.0,69510.22,69316.0,69404.0
2024-05-22 21:00:00,69407.96,69407.99,69000.01,69173.9
2024-05-22 21:30:00,69173.9,69568.0,69173.9,69273.53
2024-05-22 22:00:00,69498.89,69498.89,69177.03,69177.34
2024-05-22 22:30:00,69298.48,69298.48,69000.0,69065.0
2024-05-22 23:00:00,69146.82,69200.62,69005.0,69171.76
2024-05-22 23:30:00,69171.76,69288.22,69015.8,69208.99
2024-05-23 00:00:00,69208.99,69298.66,69042.03,69298.66
2024-05-23 00:30:00,69298.66,69389.89,69209.39,69389.89
2024-05-23 01:00:00,69389.89,69389.89,69251.05,69251.31
2024-05-23 01:30:00,69251.31,69400.0,69251.03,69300.39
2024-05-23 02:00:00,69399.99,69498.73,69399.99,69498.73
2024-05-23 02:30:00,69498.73,69499.0,69400.0,69400.0
2024-05-23 03:00:00,69400.0,69879.0,69375.27,69420.0
2024-05-23 03:30:00,69420.0,69717.91,69300.5,69419.43
2024-05-23 04:00:00,69419.43,69419.43,69294.83,69294.83
2024-05-23 04:30:00,69300.0,69480.0,69300.0,69401.0
2024-05-23 05:00:00,69401.0,69473.05,69305.09,69305.4
2024-05-23 05:30:00,69305.4,69438.2,69200.01,69399.91
2024-05-23 06:00:00,69398.23,69398.23,69200.04,69350.0
2024-05-23 06:30:00,69350.0,69465.42,69350.0,69463.0
2024-05-23 07:00:00,69463.0,69473.0,69389.0,69392.0
2024-05-23 07:30:00,69392.0,69750.0,69391.0,69520.16
2024-05-23 08:00:00,69580.0,69700.16,69520.0,69689.94
2024-05-23 08:30:00,69559.0,69687.83,69389.0,69405.01
2024-05-23 09:00:00,69479.0,69700.2,69405.0,69700.13
2024-05-23 09:30:00,69500.0,69698.83,69400.01,69456.12
2024-05-23 10:00:00,69456.12,69599.91,69455.09,69499.0
2024-05-23 10:30:00,69499.0,69599.98,69400.0,69400.0
2024-05-23 11:00:00,69449.99,69670.0,69350.11,69669.99
2024-05-23 11:30:00,69669.99,69849.78,69669.99,69825.77
2024-05-23 12:00:00,69825.77,69849.0,69736.17,69841.01
2024-05-23 12:30:00,69841.01,69849.0,69200.0,69457.17
2024-05-23 13:00:00,69457.17,69457.19,69166.0,69250.0
2024-05-23 13:30:00,69250.0,69900.0,68250.0,68301.0
2024-05-23 14:00:00,68301.0,68499.99,67800.0,68100.0
2024-05-23 14:30:00,68099.99,68099.99,67801.0,67915.54
2024-05-23 15:00:00,67915.53,68313.95,67824.0,68250.0
2024-05-23 15:30:00,68203.0,68344.18,68019.0,68218.11
2024-05-23 16:00:00,68199.99,68431.74,67819.97,68062.79
2024-05-23 16:30:00,67900.07,68180.79,67900.0,67901.5
2024-05-23 17:00:00,67901.0,68000.0,67850.0,68000.0
2024-05-23 17:30:00,68000.0,68152.0,67701.0,67717.0
2024-05-23 18:00:00,67701.0,67717.0,66900.0,67089.0
2024-05-23 18:30:00,67089.0,67500.0,67050.0,67465.47
2024-05-23 19:00:00,67465.47,67500.0,67352.0,67437.96
2024-05-23 19:30:00,67450.0,68100.0,67299.99,67299.99
2024-05-23 20:00:00,67200.0,68000.0,66750.0,67399.09
2024-05-23 20:30:00,67468.0,67952.95,67323.55,67940.0
2024-05-23 21:00:00,67855.0,68500.0,67225.56,67467.3
2024-05-23 21:30:00,67467.3,68100.0,67467.3,68089.91
2024-05-23 22:00:00,68089.9,68089.9,67600.0,67649.97
2024-05-23 22:30:00,67649.97,67732.78,67569.9,67732.75
2024-05-23 23:00:00,67732.41,67808.74,67569.9,67744.97
2024-05-23 23:30:00,67743.99,68071.59,67644.0,68000.0
2024-05-24 00:00:00,67999.96,68071.58,67650.02,67650.03
2024-05-24 00:30:00,67650.03,68086.02,67650.03,67769.73
2024-05-24 01:00:00,67769.73,67915.29,67714.97,67714.97
2024-05-24 01:30:00,67714.97,67714.97,67650.02,67650.04
2024-05-24 02:00:00,67715.0,67886.32,67650.03,67886.32
2024-05-24 02:30:00,67886.32,67910.99,67650.03,67910.99
2024-05-24 03:00:00,67910.99,68014.65,67910.99,67911.09
2024-05-24 03:30:00,67911.09,68000.02,67911.09,67930.45
2024-05-24 04:00:00,67930.45,67930.45,67850.0,67852.99
2024-05-24 04:30:00,67852.99,67852.99,67650.13,67768.74
2024-05-24 05:00:00,67651.2,67769.15,67553.01,67553.01
2024-05-24 05:30:00,67510.0,67618.48,67150.0,67175.36
2024-05-24 06:00:00,67175.52,67599.99,67175.52,67176.51
2024-05-24 06:30:00,67176.51,67500.0,66900.0,66900.0
2024-05-24 07:00:00,66900.0,67250.0,66802.0,67250.0
2024-05-24 07:30:00,67250.0,67250.0,66890.0,67000.18
2024-05-24 08:00:00,67000.18,67252.17,66802.0,66808.74
2024-05-24 08:30:00,66802.0,67200.0,66750.0,67199.97
2024-05-24 09:00:00,67199.91,67299.0,67100.45,67248.1
2024-05-24 09:30:00,67100.57,67399.0,67100.57,67389.85
2024-05-24 10:00:00,67400.0,67494.91,67301.09,67305.09
2024-05-24 10:30:00,67397.79,67500.0,67308.19,67360.97
2024-05-24 11:00:00,67360.97,67497.94,67350.0,67385.0
2024-05-24 11:30:00,67385.0,67449.97,67305.0,67369.99
2024-05-24 12:00:00,67369.99,67500.0,67316.0,67400.12
2024-05-24 12:30:00,67499.57,67500.0,67316.48,67496.97
2024-05-24 13:00:00,67422.01,67500.0,67305.03,67321.0
2024-05-24 13:30:00,67370.0,67480.41,66930.0,67085.52
2024-05-24 14:00:00,67085.52,67749.0,67001.06,67748.97
2024-05-24 14:30:00,67749.0,67908.99,67529.74,67749.84
2024-05-24 15:00:00,67749.75,68250.0,67700.0,68190.0
2024-05-24 15:30:00,68190.0,68298.99,68130.5,68279.97
2024-05-24 16:00:00,68136.2,68470.97,67900.18,67914.01
2024-05-24 16:30:00,67915.01,68300.0,67915.0,68297.97
2024-05-24 17:00:00,68297.98,68530.0,68297.98,68504.0
2024-05-24 17:30:00,68416.1,68738.27,68416.1,68700.0
2024-05-24 18:00:00,68700.0,69099.0,68690.0,68799.0
2024-05-24 18:30:00,68865.97,68865.97,68602.01,68698.02
2024-05-24 19:00:00,68698.03,68790.0,68455.01,68790.0
2024-05-24 19:30:00,68716.21,68980.0,68450.0,68980.0
2024-05-24 20:00:00,68980.0,68980.0,68687.99,68689.37
2024-05-24 20:30:00,68689.87,68791.0,68487.84,68748.78
2024-05-24 21:00:00,68688.85,68748.0,68600.36,68711.0
2024-05-24 21:30:00,68711.0,68740.0,68488.12,68600.0
2024-05-24 22:00:00,68526.21,68600.0,68525.0,68525.02
2024-05-24 22:30:00,68525.02,68739.94,68522.02,68522.02
2024-05-24 23:00:00,68522.02,68525.0,68488.12,68488.12
2024-05-24 23:30:00,68488.12,68522.02,68487.92,68521.99
2024-05-25 00:00:00,68487.92,68525.0,68487.84,68489.0
2024-05-25 00:30:00,68525.0,68525.0,68450.0,68450.0
2024-05-25 01:00:00,68450.0,68524.99,68450.0,68524.99
2024-05-25 01:30:00,68524.99,68696.77,68524.98,68525.12
2024-05-25 02:00:00,68525.12,68650.0,68525.0,68525.0
2024-05-25 02:30:00,68525.0,68695.0,68525.0,68650.0
2024-05-25 03:00:00,68599.5,68696.77,68599.5,68599.8
2024-05-25 03:30:00,68599.8,68696.62,68534.0,68534.0
2024-05-25 04:00:00,68533.0,68696.0,68533.0,68696.0
2024-05-25 04:30:00,68696.0,68696.0,68535.11,68535.11
2024-05-25 05:00:00,68535.12,68696.0,68533.0,68534.31
2024-05-25 05:30:00,68534.31,68689.67,68534.31,68600.0
2024-05-25 06:00:00,68566.91,68640.0,68535.43,68600.0
2024-05-25 06:30:00,68550.0,68618.94,68400.0,68400.0
2024-05-25 07:00:00,68400.0,68689.98,68300.01,68410.0
2024-05-25 07:30:00,68410.0,68600.0,68400.05,68588.76
2024-05-25 08:00:00,68588.76,68700.0,68588.76,68700.0
2024-05-25 08:30:00,68718.0,68999.0,68680.01,68700.05
2024-05-25 09:00:00,68701.0,69000.0,68701.0,68999.0
2024-05-25 09:30:00,68922.0,69000.0,68881.93,68886.72
2024-05-25 10:00:00,68884.66,68998.74,68770.09,68844.99
2024-05-25 10:30:00,68844.99,69300.0,68755.05,69299.0
2024-05-25 11:00:00,69299.0,69345.0,69100.01,69278.12
2024-05-25 11:30:00,69278.12,69299.0,69000.0,69000.0
2024-05-25 12:00:00,69000.0,69192.88,68768.0,69089.99
2024-05-25 12:30:00,68998.06,69087.91,68680.0,68730.0
2024-05-25 13:00:00,68897.97,69000.0,68680.13,69000.0
2024-05-25 13:30:00,69000.0,69100.0,68751.0,68885.0
2024-05-25 14:00:00,68752.34,68884.91,68752.34,68752.5
2024-05-25 14:30:00,68752.98,68753.0,68627.21,68750.0
2024-05-25 15:00:00,68750.0,68754.03,68627.21,68754.03
2024-05-25 15:30:00,68690.0,68883.54,68690.0,68699.01
2024-05-25 16:00:00,68699.0,68799.0,68655.0,68799.0
2024-05-25 16:30:00,68799.0,68799.0,68656.0,68756.01
2024-05-25 17:00:00,68756.01,68883.93,68700.02,68880.0
2024-05-25 17:30:00,68879.82,68880.0,68796.0,68813.48
2024-05-25 18:00:00,68813.49,69000.0,68813.49,68954.81
2024-05-25 18:30:00,68954.81,69171.0,68900.0,69171.0
2024-05-25 19:00:00,69175.0,69200.0,69020.0,69020.01
2024-05-25 19:30:00,69020.01,69100.0,69000.0,69000.0
2024-05-25 20:00:00,69000.0,69000.0,68813.5,68814.0
2024-05-25 20:30:00,68813.5,68996.93,68700.0,68850.0
2024-05-25 21:00:00,68850.0,68850.0,68750.02,68800.0
2024-05-25 21:30:00,68800.0,68850.0,68800.0,68850.0
2024-05-25 22:00:00,68850.0,68850.0,68800.0,68800.01
2024-05-25 22:30:00,68800.01,68807.21,68800.0,68800.01
2024-05-25 23:00:00,68800.01,69000.0,68800.01,68999.01
2024-05-25 23:30:00,68999.01,69000.0,68999.01,68999.02
2024-05-26 00:00:00,69000.0,69000.01,68751.0,68763.86
2024-05-26 00:30:00,68763.86,68947.91,68763.86,68945.64
2024-05-26 01:00:00,68945.64,68995.78,68764.62,68995.78
2024-05-26 01:30:00,68995.78,68999.99,68773.37,68988.84
2024-05-26 02:00:00,68988.75,68988.75,68773.84,68774.77
2024-05-26 02:30:00,68774.77,68954.09,68774.77,68896.97
2024-05-26 03:00:00,68896.97,68899.94,68805.15,68805.15
2024-05-26 03:30:00,68805.15,68900.0,68805.15,68900.0
2024-05-26 04:00:00,68900.0,68900.0,68810.0,68810.0
2024-05-26 04:30:00,68810.0,68900.0,68805.0,68860.0
2024-05-26 05:00:00,68860.0,68900.0,68780.0,68780.0
2024-05-26 05:30:00,68780.0,68999.96,68780.0,68801.0
2024-05-26 06:00:00,68876.0,69000.0,68801.0,68810.0
2024-05-26 06:30:00,68810.0,68898.99,68780.0,68780.0
2024-05-26 07:00:00,68800.0,68998.9,68776.0,68800.0
2024-05-26 07:30:00,68850.0,69000.0,68800.0,68995.0
2024-05-26 08:00:00,69000.0,69149.99,68880.0,68995.0
2024-05-26 08:30:00,68995.0,69000.0,68801.0,68930.0
2024-05-26 09:00:00,68940.0,69090.0,68802.0,68902.02
2024-05-26 09:30:00,68900.0,68997.97,68773.84,68775.0
2024-05-26 10:00:00,68773.84,68899.99,68710.0,68889.97
2024-05-26 10:30:00,68880.0,68899.99,68800.0,68801.03
2024-05-26 11:00:00,68801.03,68899.99,68801.03,68851.0
2024-05-26 11:30:00,68851.0,68890.0,68801.02,68802.2
2024-05-26 12:00:00,68802.25,68890.0,68800.0,68850.0
2024-05-26 12:30:00,68850.0,68887.0,68800.0,68800.0
2024-05-26 13:00:00,68800.0,68886.86,68702.01,68702.72
2024-05-26 13:30:00,68702.72,68886.36,68701.12,68886.0
2024-05-26 14:00:00,68886.0,68887.0,68880.34,68886.99
2024-05-26 14:30:00,68886.99,69000.0,68880.0,68999.96
2024-05-26 15:00:00,68880.09,69049.99,68880.09,68996.0
2024-05-26 15:30:00,68996.0,69000.0,68600.0,68655.0
2024-05-26 16:00:00,68655.0,68747.0,68502.0,68570.0
2024-05-26 16:30:00,68505.0,68725.99,68420.12,68505.0
2024-05-26 17:00:00,68500.0,68648.7,68435.0,68620.0
2024-05-26 17:30:00,68640.0,68742.0,68610.0,68611.0
2024-05-26 18:00:00,68610.0,68648.91,68450.0,68453.09
2024-05-26 18:30:00,68640.0,68647.71,68454.3,68600.0
2024-05-26 19:00:00,68600.0,68710.0,68520.03,68600.0
2024-05-26 19:30:00,68600.0,68720.0,68550.0,68720.0
2024-05-26 20:00:00,68719.97,68741.92,68551.01,68551.02
2024-05-26 20:30:00,68551.02,68741.99,68460.0,68502.0
2024-05-26 21:00:00,68502.11,68707.09,68459.0,68459.0
2024-05-26 21:30:00,68461.0,68500.0,68024.0,68270.0
2024-05-26 22:00:00,68200.09,68300.0,68200.0,68300.0
2024-05-26 22:30:00,68302.0,68429.68,68250.0,68250.13
2024-05-26 23:00:00,68250.13,68429.8,68200.0,68200.0
2024-05-26 23:30:00,68300.0,68425.97,68200.0,68409.97
2024-05-27 00:00:00,68409.97,68448.99,68202.59,68220.37
2024-05-27 00:30:00,68220.37,68737.99,68220.37,68700.0
2024-05-27 01:00:00,68700.0,68750.0,68660.0,68660.06
2024-05-27 01:30:00,68660.06,69000.0,68660.06,69000.0
2024-05-27 02:00:00,68998.98,69000.0,68902.1,68902.31
2024-05-27 02:30:00,68902.31,69000.0,68876.0,68876.0
2024-05-27 03:00:00,68859.0,68859.0,68762.8,68762.81
2024-05-27 03:30:00,68763.0,68763.0,68600.25,68600.25
2024-05-27 04:00:00,68600.01,68749.85,68370.08,68650.55
2024-05-27 04:30:00,68699.99,68699.99,68404.1,68500.93
2024-05-27 05:00:00,68500.93,68681.59,68300.0,68300.0
2024-05-27 05:30:00,68290.28,68566.37,68290.28,68500.0
2024-05-27 06:00:00,68500.0,68613.53,68313.0,68315.16
2024-05-27 06:30:00,68315.16,68564.7,68215.01,68290.28
2024-05-27 07:00:00,68215.0,68566.0,68215.0,68431.0
2024-05-27 07:30:00,68431.0,68595.0,68304.04,68594.0
2024-05-27 08:00:00,68594.0,68597.91,68514.0,68568.0
2024-05-27 08:30:00,68568.0,68599.63,68221.0,68497.62
2024-05-27 09:00:00,68497.62,68497.62,68150.01,68299.0
2024-05-27 09:30:00,68298.0,68474.99,68220.0,68260.0
2024-05-27 10:00:00,68260.01,68400.0,68260.0,68260.12
2024-05-27 10:30:00,68260.12,68386.0,68200.0,68215.0
2024-05-27 11:00:00,68211.0,68387.0,68114.0,68199.0
2024-05-27 11:30:00,68115.05,68116.0,68000.05,68015.0
2024-05-27 12:00:00,68099.0,68329.96,68013.0,68148.9
2024-05-27 12:30:00,68100.0,68470.0,68070.05,68349.99
2024-05-27 13:00:00,68349.99,68600.0,68270.03,68510.0
2024-05-27 13:30:00,68595.0,68627.43,68470.0,68502.07
2024-05-27 14:00:00,68520.0,68700.0,68520.0,68700.0
2024-05-27 14:30:00,68700.0,69034.0,68641.0,68979.44
2024-05-27 15:00:00,69000.0,69585.0,68979.44,69277.84
2024-05-27 15:30:00,69278.0,70000.0,69278.0,69900.0
2024-05-27 16:00:00,69800.02,70200.0,69800.02,70003.0
2024-05-27 16:30:00,70003.0,70131.62,69700.0,69700.0
2024-05-27 17:00:00,69700.0,69979.97,69655.0,69715.0
2024-05-27 17:30:00,69710.02,69808.8,69689.04,69718.13
2024-05-27 18:00:00,69718.13,69766.97,69600.0,69635.82
2024-05-27 18:30:00,69635.81,69700.0,69490.34,69500.0
2024-05-27 19:00:00,69532.03,69649.0,69490.34,69550.0
2024-05-27 19:30:00,69550.0,69586.0,69000.0,69110.0
2024-05-27 20:00:00,69110.0,69614.04,69100.1,69300.07
2024-05-27 20:30:00,69300.22,69385.0,69206.28,69227.29
2024-05-27 21:00:00,69227.29,69400.0,69222.0,69251.41
2024-05-27 21:30:00,69251.42,69450.99,69251.42,69399.15
2024-05-27 22:00:00,69405.94,69405.94,69289.25,69289.25
2024-05-27 22:30:00,69289.31,69640.0,69260.01,69260.01
2024-05-27 23:00:00,69260.01,69401.0,69260.0,69260.0
2024-05-27 23:30:00,69260.0,69260.1,69206.01,69206.28
2024-05-28 00:00:00,69206.01,69260.1,69061.0,69200.0
2024-05-28 00:30:00,69200.0,69200.0,69066.0,69100.0
2024-05-28 01:00:00,69100.0,69239.99,69100.0,69125.0
2024-05-28 01:30:00,69125.0,69389.91,68520.1,68549.97
2024-05-28 02:00:00,68520.11,68650.0,68400.8,68649.67
2024-05-28 02:30:00,68649.47,68649.47,68505.06,68645.23
2024-05-28 03:00:00,68645.41,68645.41,68150.0,68197.97
2024-05-28 03:30:00,68199.97,68199.97,67757.53,68049.0
2024-05-28 04:00:00,68024.16,68199.98,67758.0,67758.0
2024-05-28 04:30:00,67758.0,67884.92,67500.0,67884.92
2024-05-28 05:00:00,67884.91,68150.0,67777.92,67890.71
2024-05-28 05:30:00,67890.71,68569.0,67884.91,68008.57
2024-05-28 06:00:00,68086.48,68102.82,67905.43,67908.13
2024-05-28 06:30:00,67908.13,68158.09,67852.67,68077.09
2024-05-28 07:00:00,68077.09,68077.09,67855.0,67860.0
2024-05-28 07:30:00,67860.0,67927.46,67750.0,67770.1
2024-05-28 08:00:00,67771.99,68045.88,67617.01,68041.98
2024-05-28 08:30:00,68038.0,68311.04,67967.0,68224.35
2024-05-28 09:00:00,68225.36,68225.36,67967.01,68000.0
2024-05-28 09:30:00,67967.0,68395.57,67966.0,68300.0
2024-05-28 10:00:00,68300.0,68660.0,68225.36,68430.01
2024-05-28 10:30:00,68430.01,68440.0,68044.23,68396.94
2024-05-28 11:00:00,68251.21,68400.0,68070.0,68299.97
2024-05-28 11:30:00,68299.97,68333.0,68100.0,68298.84
2024-05-28 12:00:00,68150.0,68296.86,68044.25,68122.0
2024-05-28 12:30:00,68180.0,68299.73,68044.44,68121.0
2024-05-28 13:00:00,68167.92,68167.99,68001.0,68167.99
2024-05-28 13:30:00,68167.99,68229.04,67600.0,67600.0
2024-05-28 14:00:00,67600.0,67999.99,67500.0,67997.55
2024-05-28 14:30:00,67965.36,67997.34,67680.0,67969.9
2024-05-28 15:00:00,67900.0,68016.35,67680.0,68016.15
2024-05-28 15:30:00,68016.15,68280.0,67900.06,68200.01
2024-05-28 16:00:00,68200.02,68279.0,67900.0,67900.0
2024-05-28 16:30:00,67900.0,67999.85,67635.01,67823.85
2024-05-28 17:00:00,67823.74,67940.0,67660.01,67899.18
2024-05-28 17:30:00,67899.15,67996.0,67800.0,67800.0
2024-05-28 18:00:00,67800.0,67995.0,67800.0,67880.14
2024-05-28 18:30:00,67880.14,67880.17,67360.0,67864.97
2024-05-28 19:00:00,67700.01,68200.0,67700.01,68050.24
2024-05-28 19:30:00,68050.24,68298.7,68050.24,68200.0
2024-05-28 20:00:00,68290.0,68298.37,68101.0,68101.0
2024-05-28 20:30:00,68102.0,68151.0,67991.0,67991.0
2024-05-28 21:00:00,68000.24,68340.0,67991.0,68139.0
2024-05-28 21:30:00,68139.0,68338.97,68000.02,68338.97
2024-05-28 22:00:00,68338.97,68349.0,68200.65,68300.0
2024-05-28 22:30:00,68300.0,68348.0,68250.0,68250.04
2024-05-28 23:00:00,68201.65,68348.0,68000.0,68150.0
2024-05-28 23:30:00,68150.0,68347.81,68015.02,68245.8
2024-05-29 00:00:00,68245.8,68245.8,68050.5,68180.0
2024-05-29 00:30:00,68180.0,68348.99,68180.0,68245.01
2024-05-29 01:00:00,68245.01,68348.99,68204.54,68250.0
2024-05-29 01:30:00,68250.0,68348.0,68050.71,68347.9
2024-05-29 02:00:00,68347.9,68400.0,68065.52,68400.0
2024-05-29 02:30:00,68400.0,68400.99,68348.0,68400.99
2024-05-29 03:00:00,68400.16,68472.0,68239.97,68472.0
2024-05-29 03:30:00,68472.0,68500.0,68359.41,68385.0
2024-05-29 04:00:00,68385.0,68650.0,68304.8,68450.0
2024-05-29 04:30:00,68450.0,68639.0,68418.1,68437.06
2024-05-29 05:00:00,68618.62,68618.62,68351.0,68438.19
2024-05-29 05:30:00,68438.19,68588.88,68352.11,68354.1
2024-05-29 06:00:00,68352.28,68479.85,68138.27,68359.86
2024-05-29 06:30:00,68359.86,68359.86,68072.0,68150.0
2024-05-29 07:00:00,68150.0,68160.6,68000.0,68000.0
2024-05-29 07:30:00,68001.0,68105.0,67910.0,67910.0
2024-05-29 08:00:00,67900.5,67900.5,67600.0,67800.0
2024-05-29 08:30:00,67829.85,67970.0,67709.99,67725.0
2024-05-29 09:00:00,67725.0,67969.99,67680.0,67685.0
2024-05-29 09:30:00,67684.97,67930.0,67500.11,67929.76
2024-05-29 10:00:00,67922.69,68112.14,67819.0,67922.0
2024-05-29 10:30:00,68112.03,68112.03,67852.02,67860.0
2024-05-29 11:00:00,67957.24,67998.0,67819.0,67997.26
2024-05-29 11:30:00,67997.26,68000.0,67702.03,67702.21
2024-05-29 12:00:00,67702.21,67980.0,67702.03,67902.33
2024-05-29 12:30:00,67902.33,67902.33,67600.0,67873.0
2024-05-29 13:00:00,67653.39,68099.0,67653.39,67854.64
2024-05-29 13:30:00,67720.23,67966.33,67600.0,67608.97
2024-05-29 14:00:00,67700.0,67938.92,67700.0,67700.0
2024-05-29 14:30:00,67730.0,67730.0,67532.0,67599.94
2024-05-29 15:00:00,67599.97,67752.17,67502.0,67752.17
2024-05-29 15:30:00,67752.17,67752.17,67450.0,67455.0
2024-05-29 16:00:00,67451.0,67575.01,67169.97,67250.0
2024-05-29 16:30:00,67499.59,67814.35,67200.0,67709.24
2024-05-29 17:00:00,67617.45,67709.23,67406.28,67590.0
2024-05-29 17:30:00,67590.0,67668.99,67437.01,67519.97
2024-05-29 18:00:00,67519.97,67637.25,67436.0,67489.99
2024-05-29 18:30:00,67489.99,67504.41,67301.0,67400.0
2024-05-29 19:00:00,67449.95,67650.0,67351.05,67650.0
2024-05-29 19:30:00,67508.84,67650.0,67300.0,67300.0
2024-05-29 20:00:00,67319.97,67440.17,67260.0,67266.09
2024-05-29 20:30:00,67299.98,67470.0,67299.98,67470.0
2024-05-29 21:00:00,67470.0,67470.0,67440.15,67470.0
2024-05-29 21:30:00,67470.0,67668.99,67440.15,67616.99
2024-05-29 22:00:00,67650.0,67770.0,67617.0,67750.0
2024-05-29 22:30:00,67750.0,67770.0,67631.01,67700.0
2024-05-29 23:00:00,67700.0,67834.07,67631.01,67809.33
2024-05-29 23:30:00,67807.99,67814.75,67631.01,67751.67
2024-05-30 00:00:00,67651.0,67800.83,67651.0,67660.0
2024-05-30 00:30:00,67660.0,67663.77,67605.06,67605.27
2024-05-30 01:00:00,67605.27,67813.06,67605.27,67741.18
2024-05-30 01:30:00,67741.18,67814.7,67605.33,67740.96
2024-05-30 02:00:00,67742.4,67950.0,67742.0,67950.0
2024-05-30 02:30:00,67950.0,68000.0,67850.07,67851.7
2024-05-30 03:00:00,67851.7,67989.7,67851.7,67860.4
2024-05-30 03:30:00,67860.4,68100.0,67860.0,68100.0
2024-05-30 04:00:00,67953.0,68099.91,67671.44,67846.21
2024-05-30 04:30:00,67846.21,68163.99,67750.0,67750.0
2024-05-30 05:00:00,67750.01,67880.0,67615.36,67844.53
2024-05-30 05:30:00,67650.0,67999.89,67650.0,67900.22
2024-05-30 06:00:00,67900.25,67997.98,67700.0,67700.01
2024-05-30 06:30:00,67700.01,67879.64,67650.0,67655.0
2024-05-30 07:00:00,67769.0,67769.0,67500.0,67546.99
2024-05-30 07:30:00,67500.0,67780.0,67440.15,67440.15
2024-05-30 08:00:00,67440.15,67449.99,67000.0,67000.02
2024-05-30 08:30:00,67004.0,67499.99,67000.0,67438.35
2024-05-30 09:00:00,67438.35,67500.0,67389.0,67499.0
2024-05-30 09:30:00,67390.97,67500.0,67250.0,67480.0
2024-05-30 10:00:00,67480.0,67500.0,67250.55,67250.55
2024-05-30 10:30:00,67442.0,67799.97,67100.0,67744.96
2024-05-30 11:00:00,67474.0,67789.0,67442.99,67789.0
2024-05-30 11:30:00,67623.3,67789.0,67374.95,67408.84
2024-05-30 12:00:00,67374.95,67749.97,67275.65,67577.58
2024-05-30 12:30:00,67577.58,67825.96,67577.58,67775.0
2024-05-30 13:00:00,67682.99,68000.0,67602.0,67964.99
2024-05-30 13:30:00,67803.03,68294.0,67645.55,68201.34
2024-05-30 14:00:00,68201.34,68400.0,68073.15,68213.08
2024-05-30 14:30:00,68224.58,68343.99,67400.0,67843.0
2024-05-30 15:00:00,67931.31,67999.0,67744.94,67980.0
2024-05-30 15:30:00,67975.38,68253.73,67975.38,68209.0
2024-05-30 16:00:00,68076.01,68205.0,67905.21,68057.8
2024-05-30 16:30:00,68049.0,68200.0,67950.0,68200.0
2024-05-30 17:00:00,68153.0,68600.0,68153.0,68580.0
2024-05-30 17:30:00,68541.73,68999.0,68541.73,68955.0
2024-05-30 18:00:00,68955.0,68955.0,68626.01,68832.9
2024-05-30 18:30:00,68832.9,68912.42,68697.33,68887.99
2024-05-30 19:00:00,68888.0,68912.42,68512.04,68512.04
2024-05-30 19:30:00,68472.61,68698.62,68090.11,68248.0
2024-05-30 20:00:00,68248.0,68249.0,67902.0,68188.9
2024-05-30 20:30:00,68005.79,68188.93,68005.71,68052.08
2024-05-30 21:00:00,68052.08,68170.0,67960.0,67960.12
2024-05-30 21:30:00,68120.0,68250.0,67951.84,68244.94
2024-05-30 22:00:00,68199.82,68199.82,67951.84,68000.0
2024-05-30 22:30:00,68000.0,68188.99,67951.84,68150.0
2024-05-30 23:00:00,68150.0,68188.42,67951.85,67954.46
2024-05-30 23:30:00,68185.8,68188.99,67952.04,67952.05
2024-05-31 00:00:00,67952.05,68187.83,67952.05,68001.08
2024-05-31 00:30:00,68001.08,68067.99,68000.0,68009.0
2024-05-31 01:00:00,68009.0,68188.99,68004.61,68004.61
2024-05-31 01:30:00,68188.99,68188.99,68006.3,68006.3
2024-05-31 02:00:00,68006.3,68245.0,68001.0,68185.99
2024-05-31 02:30:00,68185.99,68250.0,68185.99,68185.99
2024-05-31 03:00:00,68185.98,68185.98,68030.43,68030.44
2024-05-31 03:30:00,68185.34,68239.99,67952.05,68144.91
2024-05-31 04:00:00,68144.9,68150.0,68100.9,68130.62
2024-05-31 04:30:00,68119.99,68240.0,68100.9,68100.9
2024-05-31 05:00:00,68100.9,68250.0,67954.06,67964.09
2024-05-31 05:30:00,67964.09,68249.57,67952.04,68000.0
2024-05-31 06:00:00,68000.0,68000.0,67921.07,67921.07
2024-05-31 06:30:00,67921.07,67921.07,67787.84,67787.84
2024-05-31 07:00:00,67787.84,67981.03,67784.66,67980.0
2024-05-31 07:30:00,67981.03,68000.0,67700.0,67708.23
2024-05-31 08:00:00,67708.23,67998.91,67708.23,67782.08
2024-05-31 08:30:00,67782.08,67890.0,67782.08,67890.0
2024-05-31 09:00:00,67860.0,67998.0,67700.0,67937.89
2024-05-31 09:30:00,67937.94,67937.94,67624.01,67651.01
2024-05-31 10:00:00,67882.83,67934.4,67651.0,67820.0
2024-05-31 10:30:00,67820.0,67939.9,67820.0,67939.9
2024-05-31 11:00:00,67939.8,68200.0,67939.8,68001.32
2024-05-31 11:30:00,68010.03,68250.0,68010.03,68043.12
2024-05-31 12:00:00,68043.12,68278.99,68043.12,68278.05
2024-05-31 12:30:00,68278.05,68700.0,68278.05,68497.52
2024-05-31 13:00:00,68300.09,68497.82,68294.87,68310.0
2024-05-31 13:30:00,68497.75,68497.82,68020.0,68020.0
2024-05-31 14:00:00,68020.0,68173.98,67701.0,67707.05
2024-05-31 14:30:00,67706.15,67912.96,67310.0,67490.0
2024-05-31 15:00:00,67552.99,67598.63,67300.0,67567.48
2024-05-31 15:30:00,67568.99,67568.99,67201.0,67210.0
2024-05-31 16:00:00,67299.99,67309.99,66808.0,67021.99
2024-05-31 16:30:00,67022.0,67224.86,66850.01,67224.86
2024-05-31 17:00:00,67224.86,68200.0,67199.98,67509.99
2024-05-31 17:30:00,67509.99,67544.18,67350.0,67399.99
2024-05-31 18:00:00,67399.99,67550.0,67360.0,67464.99
2024-05-31 18:30:00,67370.0,67527.56,67250.0,67320.28
2024-05-31 19:00:00,67320.28,67525.76,67199.98,67508.94
2024-05-31 19:30:00,67508.91,67850.0,67490.0,67756.0
2024-05-31 20:00:00,67673.0,67728.86,67550.36,67633.0
2024-05-31 20:30:00,67633.0,67788.98,67600.0,67632.0
2024-05-31 21:00:00,67632.0,67749.97,67632.0,67679.92
2024-05-31 21:30:00,67679.92,67679.92,67410.91,67411.36
2024-05-31 22:00:00,67410.2,67737.67,67410.2,67658.0
2024-05-31 22:30:00,67658.0,67729.66,67500.52,67681.08
2024-05-31 23:00:00,67681.08,67681.08,67310.0,67310.01
2024-05-31 23:30:00,67319.97,67523.0,67250.0,67523.0
2024-06-01 00:00:00,67522.99,67719.76,67395.54,67607.64
2024-06-01 00:30:00,67607.64,67723.12,67550.0,67723.12
2024-06-01 01:00:00,67723.12,67723.13,67550.0,67550.0
2024-06-01 01:30:00,67550.0,67673.7,67550.0,67551.01
2024-06-01 02:00:00,67550.01,67550.07,67550.01,67550.07
2024-06-01 02:30:00,67600.0,67804.04,67550.02,67749.96
2024-06-01 03:00:00,67803.94,67803.94,67550.01,67550.01
2024-06-01 03:30:00,67550.01,67601.1,67550.0,67550.01
2024-06-01 04:00:00,67520.29,67601.1,67511.69,67511.69
2024-06-01 04:30:00,67511.0,67601.1,67455.01,67455.01
2024-06-01 05:00:00,67455.01,67601.1,67455.0,67569.78
2024-06-01 05:30:00,67569.78,67655.0,67455.0,67593.91
2024-06-01 06:00:00,67593.91,67655.0,67519.5,67520.4
2024-06-01 06:30:00,67520.4,67520.4,67482.9,67500.01
2024-06-01 07:00:00,67500.01,67654.96,67482.95,67500.62
2024-06-01 07:30:00,67500.86,67625.0,67455.0,67619.97
2024-06-01 08:00:00,67619.97,67619.97,67455.01,67460.48
2024-06-01 08:30:00,67460.48,67612.94,67457.0,67500.0
2024-06-01 09:00:00,67500.0,67619.97,67500.0,67575.0
2024-06-01 09:30:00,67544.0,67654.55,67501.01,67623.0
2024-06-01 10:00:00,67623.0,67655.0,67510.0,67521.09
2024-06-01 10:30:00,67521.09,67530.0,67501.0,67530.0
2024-06-01 11:00:00,67530.0,67647.88,67530.0,67644.0
2024-06-01 11:30:00,67644.0,67644.0,67575.0,67644.0
2024-06-01 12:00:00,67644.0,67644.0,67545.18,67620.0
2024-06-01 12:30:00,67620.0,67684.0,67620.0,67670.0
2024-06-01 13:00:00,67670.0,67684.0,67620.0,67645.0
2024-06-01 13:30:00,67645.0,67745.0,67640.0,67698.99
2024-06-01 14:00:00,67698.99,67745.0,67601.0,67640.0
2024-06-01 14:30:00,67640.0,67745.0,67640.0,67745.0
2024-06-01 15:00:00,67745.0,67840.0,67745.0,67750.0
2024-06-01 15:30:00,67750.0,67818.0,67650.01,67798.81
2024-06-01 16:00:00,67650.45,67700.0,67520.01,67646.28
2024-06-01 16:30:00,67647.0,67798.98,67520.05,67522.11
2024-06-01 17:00:00,67522.11,67749.91,67522.11,67736.33
2024-06-01 17:30:00,67736.28,67736.28,67500.02,67689.91
2024-06-01 18:00:00,67650.0,67883.0,67650.0,67700.8
2024-06-01 18:30:00,67701.06,67702.0,67600.03,67600.03
2024-06-01 19:00:00,67700.49,67700.49,67503.69,67698.94
2024-06-01 19:30:00,67698.94,67701.78,67500.02,67701.6
2024-06-01 20:00:00,67510.2,67799.58,67500.0,67550.07
2024-06-01 20:30:00,67798.7,67798.91,67600.15,67650.57
2024-06-01 21:00:00,67650.57,67798.97,67650.0,67793.35
2024-06-01 21:30:00,67793.35,67793.5,67651.0,67789.51
2024-06-01 22:00:00,67694.22,67790.0,67694.02,67715.0
2024-06-01 22:30:00,67715.0,67779.97,67715.0,67779.9
2024-06-01 23:00:00,67716.0,67779.98,67716.0,67779.96
2024-06-01 23:30:00,67779.96,67800.0,67715.02,67720.06
2024-06-02 00:00:00,67846.93,67855.38,67720.0,67720.18
2024-06-02 00:30:00,67720.18,67889.99,67720.12,67887.94
2024-06-02 01:00:00,67887.91,67887.91,67715.02,67880.6
2024-06-02 01:30:00,67880.6,67884.46,67715.0,67730.0
2024-06-02 02:00:00,67715.12,67872.69,67712.0,67872.45
2024-06-02 02:30:00,67872.45,67873.0,67705.0,67705.0
2024-06-02 03:00:00,67705.09,67795.56,67650.0,67708.03
2024-06-02 03:30:00,67708.03,67708.03,67530.0,67532.0
2024-06-02 04:00:00,67532.0,67707.85,67500.05,67510.5
2024-06-02 04:30:00,67510.5,67707.91,67510.5,67600.0
2024-06-02 05:00:00,67600.0,67790.0,67525.02,67617.1
2024-06-02 05:30:00,67525.02,67617.0,67436.0,67436.0
2024-06-02 06:00:00,67451.31,67616.51,67310.0,67400.03
2024-06-02 06:30:00,67400.03,67569.82,67323.81,67498.0
2024-06-02 07:00:00,67498.0,67569.85,67344.01,67350.34
2024-06-02 07:30:00,67350.43,67566.15,67350.0,67450.0
2024-06-02 08:00:00,67498.0,67539.96,67353.1,67354.06
2024-06-02 08:30:00,67354.06,67554.56,67354.06,67548.9
2024-06-02 09:00:00,67554.54,67616.9,67353.1,67353.1
2024-06-02 09:30:00,67353.1,67420.18,67264.0,67270.0
2024-06-02 10:00:00,67270.01,67399.0,67198.97,67198.97
2024-06-02 10:30:00,67202.0,67369.0,67180.0,67180.0
2024-06-02 11:00:00,67260.0,67298.7,67080.0,67260.0
2024-06-02 11:30:00,67298.0,67874.3,67260.0,67870.0
2024-06-02 12:00:00,67790.0,67870.0,67455.21,67748.77
2024-06-02 12:30:00,67748.74,67819.0,67536.87,67542.01
2024-06-02 13:00:00,67769.9,67810.0,67542.04,67700.15
2024-06-02 13:30:00,67700.3,67819.0,67540.9,67688.64
2024-06-02 14:00:00,67688.64,67889.99,67628.17,67865.49
2024-06-02 14:30:00,67865.49,68000.0,67750.0,67899.0
2024-06-02 15:00:00,67899.0,68000.0,67667.98,67672.0
2024-06-02 15:30:00,67672.0,67799.0,67542.01,67638.01
2024-06-02 16:00:00,67650.0,67872.8,67535.72,67780.0
2024-06-02 16:30:00,67600.0,67849.2,67600.0,67633.93
2024-06-02 17:00:00,67633.93,67652.0,67467.0,67522.0
2024-06-02 17:30:00,67467.0,67630.0,67320.26,67426.09
2024-06-02 18:00:00,67426.09,67539.97,67230.0,67250.0
2024-06-02 18:30:00,67250.0,67597.95,67201.0,67230.97
2024-06-02 19:00:00,67596.99,67597.0,67100.0,67256.26
2024-06-02 19:30:00,67256.26,67500.0,67196.28,67420.0
2024-06-02 20:00:00,67420.0,67596.77,67350.0,67350.0
2024-06-02 20:30:00,67500.0,67915.0,67303.03,67603.76
2024-06-02 21:00:00,67848.48,67848.48,67500.04,67550.03
2024-06-02 21:30:00,67550.03,67650.0,67501.0,67501.01
2024-06-02 22:00:00,67501.01,67649.0,67400.0,67430.76
2024-06-02 22:30:00,67481.0,67648.79,67400.0,67648.79
2024-06-02 23:00:00,67400.0,67649.97,67350.01,67645.94
2024-06-02 23:30:00,67413.1,67610.6,67356.09,67414.0
2024-06-03 00:00:00,67414.0,67603.0,67300.01,67597.26
2024-06-03 00:30:00,67597.26,67621.87,67300.04,67621.16
2024-06-03 01:00:00,67329.1,67835.0,67329.1,67776.22
2024-06-03 01:30:00,67776.22,68000.0,67776.0,67998.0
2024-06-03 02:00:00,67998.0,68400.0,67964.81,68285.93
2024-06-03 02:30:00,68169.85,68300.0,68000.05,68001.11
2024-06-03 03:00:00,68001.12,68201.0,67902.4,67950.09
2024-06-03 03:30:00,67998.0,68299.99,67998.0,68010.01
2024-06-03 04:00:00,68269.78,68269.78,68000.0,68020.11
2024-06-03 04:30:00,68198.66,68294.77,68030.0,68294.49
2024-06-03 05:00:00,68102.15,68294.76,68101.0,68119.8
2024-06-03 05:30:00,68200.0,68439.99,68119.8,68417.0
2024-06-03 06:00:00,68417.0,68600.0,68217.91,68600.0
2024-06-03 06:30:00,68600.0,68800.0,68120.0,68766.99
2024-06-03 07:00:00,68766.99,68766.99,68302.0,68397.94
2024-06-03 07:30:00,68397.94,68500.0,68358.32,68401.0
2024-06-03 08:00:00,68466.0,68800.0,68401.0,68800.0
2024-06-03 08:30:00,68740.34,68920.0,68515.01,68800.0
2024-06-03 09:00:00,68799.0,68800.0,68511.0,68514.72
2024-06-03 09:30:00,68514.72,68750.0,68511.0,68537.36
2024-06-03 10:00:00,68738.86,68740.0,68537.39,68621.05
2024-06-03 10:30:00,68621.05,68750.0,68500.0,68501.0
2024-06-03 11:00:00,68501.0,68889.99,68500.0,68709.44
2024-06-03 11:30:00,68709.44,68874.63,68401.0,68621.46
2024-06-03 12:00:00,68680.0,68925.0,68430.0,68922.56
2024-06-03 12:30:00,68914.46,69226.0,68827.0,69202.07
2024-06-03 13:00:00,69050.01,69250.0,69050.01,69130.67
2024-06-03 13:30:00,69199.0,69799.96,69105.95,69333.94
2024-06-03 14:00:00,69333.94,69520.0,69205.55,69300.0
2024-06-03 14:30:00,69236.0,69299.0,68247.0,68400.0
2024-06-03 15:00:00,68400.0,68899.99,68397.95,68809.88
2024-06-03 15:30:00,68780.0,69150.0,68620.0,69149.99
2024-06-03 16:00:00,69198.0,69299.0,68810.0,68810.0
2024-06-03 16:30:00,68810.0,68999.57,68702.56,68800.15
2024-06-03 17:00:00,68800.15,68800.15,68600.99,68636.17
2024-06-03 17:30:00,68636.17,68950.0,68636.17,68949.0
2024-06-03 18:00:00,68949.0,69000.0,68636.21,68850.0
2024-06-03 18:30:00,68850.0,69000.0,68800.02,68990.0
2024-06-03 19:00:00,68990.0,68999.08,68800.0,68995.81
2024-06-03 19:30:00,68950.0,68993.45,68513.03,68602.02
2024-06-03 20:00:00,68602.02,69150.0,68602.02,69150.0
2024-06-03 20:30:00,69150.0,69150.0,68811.04,68900.5
2024-06-03 21:00:00,68881.0,68900.5,68811.04,68812.0
2024-06-03 21:30:00,68896.85,68950.0,68710.01,68945.75
2024-06-03 22:00:00,68945.75,68945.75,68612.0,68700.0
2024-06-03 22:30:00,68701.02,68900.0,68698.0,68900.0
2024-06-03 23:00:00,68900.0,68900.0,68612.02,68612.02
2024-06-03 23:30:00,68612.02,68824.99,68612.02,68789.86
2024-06-04 00:00:00,68789.86,68790.0,68612.02,68790.0
2024-06-04 00:30:00,68790.0,68837.91,68612.03,68837.91
2024-06-04 01:00:00,68837.91,68837.91,68615.0,68615.0
2024-06-04 01:30:00,68615.0,68900.0,68615.0,68825.0
2024-06-04 02:00:00,68825.0,68939.51,68753.14,68939.51
2024-06-04 02:30:00,68939.86,68939.86,68630.01,68938.91
2024-06-04 03:00:00,68939.17,68939.17,68653.08,68937.69
2024-06-04 03:30:00,68855.0,68950.0,68704.99,68704.99
2024-06-04 04:00:00,68704.99,68997.0,68704.99,68723.71
2024-06-04 04:30:00,68723.99,68992.99,68700.0,68700.0
2024-06-04 05:00:00,68700.0,68800.0,68623.15,68680.0
2024-06-04 05:30:00,68680.0,68680.0,68625.01,68625.01
2024-06-04 06:00:00,68625.01,68800.0,68612.01,68615.0
2024-06-04 06:30:00,68798.91,68799.0,68506.35,68510.1
2024-06-04 07:00:00,68510.1,68746.8,68500.02,68538.01
2024-06-04 07:30:00,68738.7,68738.7,68538.06,68547.2
2024-06-04 08:00:00,68547.2,68996.0,68547.2,68697.92
2024-06-04 08:30:00,68609.0,68983.99,68550.0,68559.99
2024-06-04 09:00:00,68500.0,68699.94,68450.0,68559.02
2024-06-04 09:30:00,68559.02,68625.97,68440.0,68452.06
2024-06-04 10:00:00,68440.19,68623.99,68440.19,68550.45
2024-06-04 10:30:00,68622.0,68699.97,68595.06,68622.1
2024-06-04 11:00:00,68678.0,68858.0,68622.18,68821.82
2024-06-04 11:30:00,68750.0,68800.0,68623.35,68625.68
2024-06-04 12:00:00,68625.68,68800.0,68623.16,68776.01
2024-06-04 12:30:00,68776.01,68800.0,68620.46,68636.24
2024-06-04 13:00:00,68620.46,68990.0,68600.0,68990.0
2024-06-04 13:30:00,68990.0,69333.0,68827.24,69230.0
2024-06-04 14:00:00,69230.0,69498.0,69150.0,69297.7
2024-06-04 14:30:00,69343.37,69343.37,69017.57,69288.05
2024-06-04 15:00:00,69150.0,69699.88,69150.0,69599.0
2024-06-04 15:30:00,69542.27,70000.0,69400.0,69998.91
2024-06-04 16:00:00,69998.87,70399.0,69204.0,70323.0
2024-06-04 16:30:00,70323.0,70496.0,69615.0,70278.0
2024-06-04 17:00:00,70264.58,70280.0,69800.0,70011.27
2024-06-04 17:30:00,70011.27,70149.9,69751.0,70149.9
2024-06-04 18:00:00,70120.99,70500.0,69610.01,70412.24
2024-06-04 18:30:00,70412.24,70500.0,70071.0,70386.98
2024-06-04 19:00:00,70343.03,70383.99,70006.0,70056.16
2024-06-04 19:30:00,70056.15,70057.0,69626.0,69996.99
2024-06-04 20:00:00,69997.0,69997.0,69770.0,69899.99
2024-06-04 20:30:00,69899.99,70057.0,69759.54,69947.42
2024-06-04 21:00:00,69947.42,70040.0,69881.08,70040.0
2024-06-04 21:30:00,70040.0,70105.0,69966.68,70027.07
2024-06-04 22:00:00,70105.0,70228.0,70056.65,70171.25
2024-06-04 22:30:00,70171.25,70171.25,70008.09,70071.64
2024-06-04 23:00:00,70071.64,70093.78,70042.45,70042.45
2024-06-04 23:30:00,70042.45,70093.78,70002.73,70056.05
2024-06-05 00:00:00,70093.78,70126.16,70008.68,70105.7
2024-06-05 00:30:00,70160.0,70390.0,70105.7,70294.0
2024-06-05 01:00:00,70294.0,70485.82,70259.32,70444.61
2024-06-05 01:30:00,70444.61,70710.0,70444.61,70601.6
2024-06-05 02:00:00,70601.6,70709.0,70000.0,70485.0
2024-06-05 02:30:00,70485.0,70699.0,70300.0,70587.0
2024-06-05 03:00:00,70587.0,70689.9,70320.78,70320.78
2024-06-05 03:30:00,70320.78,70483.84,70238.55,70483.84
2024-06-05 04:00:00,70483.84,70600.0,70238.56,70485.39
2024-06-05 04:30:00,70476.09,70699.0,70400.01,70698.0
2024-06-05 05:00:00,70698.0,70707.0,70314.0,70580.0
2024-06-05 05:30:00,70580.0,70600.0,70238.58,70494.26
2024-06-05 06:00:00,70500.0,70500.0,70296.23,70455.14
2024-06-05 06:30:00,70479.24,70599.0,70455.5,70598.0
2024-06-05 07:00:00,70598.0,70710.0,70586.0,70650.0
2024-06-05 07:30:00,70650.0,70800.0,70616.2,70777.0
2024-06-05 08:00:00,70777.0,70777.0,70533.58,70606.17
2024-06-05 08:30:00,70621.0,70689.7,70408.68,70423.56
2024-06-05 09:00:00,70423.56,70695.0,70403.6,70650.0
2024-06-05 09:30:00,70650.0,70695.0,70350.0,70382.55
2024-06-05 10:00:00,70396.15,70540.0,70327.0,70327.0
2024-06-05 10:30:00,70327.0,70500.0,70260.71,70393.37
2024-06-05 11:00:00,70393.37,70485.0,70301.98,70400.0
2024-06-05 11:30:00,70389.6,70567.58,70389.6,70541.0
2024-06-05 12:00:00,70540.0,70561.07,70354.45,70551.0
2024-06-05 12:30:00,70551.0,70700.0,70321.0,70588.2
2024-06-05 13:00:00,70588.2,70799.0,70490.0,70501.83
2024-06-05 13:30:00,70615.71,70789.96,70320.0,70320.9
2024-06-05 14:00:00,70320.0,70425.0,70111.11,70322.02
2024-06-05 14:30:00,70322.02,70699.0,70322.02,70463.08
2024-06-05 15:00:00,70463.08,70991.0,70325.0,70991.0
2024-06-05 15:30:00,70967.87,71148.0,70800.0,71000.0
2024-06-05 16:00:00,71138.0,71200.0,70802.0,71197.0
2024-06-05 16:30:00,71190.0,71200.0,70901.0,71025.0
2024-06-05 17:00:00,70904.0,71088.0,70850.0,71000.0
2024-06-05 17:30:00,70921.65,71200.0,70850.0,71174.07
2024-06-05 18:00:00,71200.0,71229.99,70801.0,70803.18
2024-06-05 18:30:00,70803.18,70998.99,70705.0,70800.0
2024-06-05 19:00:00,70750.01,70803.23,70512.43,70562.54
2024-06-05 19:30:00,70560.0,70900.0,70555.5,70804.28
2024-06-05 20:00:00,70900.0,70900.0,70703.69,70886.0
2024-06-05 20:30:00,70725.0,70987.56,70564.0,70948.7
2024-06-05 21:00:00,70948.54,70948.85,70628.02,70877.28
2024-06-05 21:30:00,70870.0,70929.0,70759.07,70761.06
2024-06-05 22:00:00,70898.12,71000.0,70758.95,70999.0
2024-06-05 22:30:00,70999.0,71000.0,70801.69,70929.0
2024-06-05 23:00:00,70929.0,71000.0,70600.0,70758.87
2024-06-05 23:30:00,70758.72,70875.55,70601.0,70802.0
2024-06-06 00:00:00,70801.03,70990.0,70800.0,70803.09
2024-06-06 00:30:00,70803.54,70970.97,70803.0,70804.0
2024-06-06 01:00:00,70804.0,70880.0,70801.0,70801.0
2024-06-06 01:30:00,70801.0,70880.0,70606.0,70878.05
2024-06-06 02:00:00,70878.05,70900.0,70702.06,70733.21
2024-06-06 02:30:00,70733.21,70900.0,70733.21,70740.09
2024-06-06 03:00:00,70740.09,70900.0,70740.09,70900.0
2024-06-06 03:30:00,70740.33,70979.78,70740.23,70919.61
2024-06-06 04:00:00,70919.61,70977.92,70740.64,70752.19
2024-06-06 04:30:00,70752.14,70998.1,70702.03,70702.15
2024-06-06 05:00:00,70702.16,70970.0,70401.0,70405.0
2024-06-06 05:30:00,70401.0,70500.0,70301.0,70400.0
2024-06-06 06:00:00,70404.99,70620.0,70393.87,70468.0
2024-06-06 06:30:00,70468.0,70496.0,70329.13,70435.48
2024-06-06 07:00:00,70496.0,70620.0,70357.72,70619.98
2024-06-06 07:30:00,70620.0,70900.0,70471.0,70608.2
2024-06-06 08:00:00,70690.0,70900.0,70471.0,70650.25
2024-06-06 08:30:00,70742.21,70742.21,70475.0,70742.21
2024-06-06 09:00:00,70742.21,70926.47,70500.0,70600.25
2024-06-06 09:30:00,70692.15,70908.67,70601.83,70700.0
2024-06-06 10:00:00,70700.0,70916.09,70625.21,70807.95
2024-06-06 10:30:00,70717.05,70915.97,70510.0,70520.0
2024-06-06 11:00:00,70529.99,70626.12,70521.07,70530.0
2024-06-06 11:30:00,70522.0,70879.91,70522.0,70562.82
2024-06-06 12:00:00,70562.82,70900.0,70562.82,70841.0
2024-06-06 12:30:00,70898.7,70900.0,70651.0,70787.12
2024-06-06 13:00:00,70787.12,70833.0,70651.0,70653.11
2024-06-06 13:30:00,70653.11,70998.1,70653.11,70905.82
2024-06-06 14:00:00,70900.0,70900.0,70653.0,70700.09
2024-06-06 14:30:00,70700.09,71224.99,70700.09,71040.64
2024-06-06 15:00:00,71040.64,71249.97,71035.17,71192.54
2024-06-06 15:30:00,71192.54,71220.11,70948.49,70948.49
2024-06-06 16:00:00,70948.49,71000.0,70808.0,70900.0
2024-06-06 16:30:00,70808.0,70808.0,70663.14,70664.03
2024-06-06 17:00:00,70663.18,70846.1,70588.24,70840.0
2024-06-06 17:30:00,70840.0,70848.32,70664.36,70840.12
2024-06-06 18:00:00,70847.22,70848.32,70393.47,70664.36
2024-06-06 18:30:00,70663.14,70663.14,70493.07,70612.43
2024-06-06 19:00:00,70612.43,70663.14,70393.17,70491.64
2024-06-06 19:30:00,70491.64,70491.64,70089.22,70089.22
2024-06-06 20:00:00,70001.0,70150.0,69801.01,70117.72
2024-06-06 20:30:00,70298.0,70400.0,70117.72,70395.0
2024-06-06 21:00:00,70350.0,70450.0,70242.73,70397.0
2024-06-06 21:30:00,70397.0,70397.0,70290.0,70350.0
2024-06-06 22:00:00,70350.0,70450.0,70248.2,70450.0
2024-06-06 22:30:00,70450.0,70500.0,70292.61,70450.0
2024-06-06 23:00:00,70450.0,70500.0,70388.9,70450.0
2024-06-06 23:30:00,70500.0,70500.0,70307.48,70499.66
2024-06-07 00:00:00,70499.66,70499.99,70284.04,70343.09
2024-06-07 00:30:00,70343.09,70499.99,70343.09,70499.99
2024-06-07 01:00:00,70499.99,70500.0,70385.02,70385.02
2024-06-07 01:30:00,70373.3,70500.0,70238.96,70403.12
2024-06-07 02:00:00,70403.12,70499.99,70280.37,70280.37
2024-06-07 02:30:00,70280.37,70350.0,70267.6,70267.6
2024-06-07 03:00:00,70267.6,70526.0,70267.6,70525.85
2024-06-07 03:30:00,70526.0,70600.0,70473.41,70600.0
2024-06-07 04:00:00,70600.0,70706.92,70600.0,70682.0
2024-06-07 04:30:00,70682.0,70880.0,70681.0,70778.52
2024-06-07 05:00:00,70778.52,70885.0,70703.88,70810.53
2024-06-07 05:30:00,70810.53,70990.0,70791.67,70800.9
2024-06-07 06:00:00,70800.9,70867.11,70742.31,70758.0
2024-06-07 06:30:00,70758.0,70826.34,70734.27,70819.99
2024-06-07 07:00:00,70819.99,70867.11,70819.98,70826.34
2024-06-07 07:30:00,70826.34,70893.06,70826.34,70890.14
2024-06-07 08:00:00,70890.14,70890.14,70728.05,70799.0
2024-06-07 08:30:00,70799.0,70800.0,70720.0,70720.08
2024-06-07 09:00:00,70720.08,70790.0,70701.0,70701.61
2024-06-07 09:30:00,70708.87,70800.0,70663.25,70778.95
2024-06-07 10:00:00,70778.95,70895.0,70774.19,70821.66
2024-06-07 10:30:00,70821.66,70898.0,70721.76,70820.96
2024-06-07 11:00:00,70732.0,70900.0,70730.0,70825.72
2024-06-07 11:30:00,70825.72,71175.0,70825.72,71168.0
2024-06-07 12:00:00,71100.0,71453.0,70966.0,71361.83
2024-06-07 12:30:00,71336.92,71400.0,70400.0,70850.06
2024-06-07 13:00:00,70850.0,71069.49,70752.74,70939.34
2024-06-07 13:30:00,71000.0,71379.99,70903.1,71105.0
2024-06-07 14:00:00,71105.0,71196.0,70816.19,70816.19
2024-06-07 14:30:00,70816.19,70975.3,70800.0,70975.3
2024-06-07 15:00:00,70991.29,71000.0,70821.44,70830.0
2024-06-07 15:30:00,70992.6,70992.6,70721.0,70752.0
2024-06-07 16:00:00,70752.0,70830.0,70720.0,70818.06
2024-06-07 16:30:00,70818.06,70818.06,70600.0,70600.0
2024-06-07 17:00:00,70600.0,70600.0,70300.0,70349.08
2024-06-07 17:30:00,70349.08,70450.0,69805.0,69805.0
2024-06-07 18:00:00,69805.0,70433.43,69000.0,69072.0
2024-06-07 18:30:00,69100.0,69800.0,69050.0,69128.0
2024-06-07 19:00:00,69128.0,69400.0,68872.0,69320.49
2024-06-07 19:30:00,69320.49,69400.0,69100.06,69302.07
2024-06-07 20:00:00,69302.07,69302.07,69100.0,69110.99
2024-06-07 20:30:00,69110.99,69250.41,69001.0,69120.06
2024-06-07 21:00:00,69120.15,69400.0,69120.15,69350.0
2024-06-07 21:30:00,69400.0,69400.0,69200.0,69251.0
2024-06-07 22:00:00,69200.0,69326.97,69180.0,69270.0
2024-06-07 22:30:00,69270.0,69438.77,69200.0,69438.77
2024-06-07 23:00:00,69438.77,69438.77,69250.45,69436.31
2024-06-07 23:30:00,69436.31,69436.31,69300.0,69300.96
2024-06-08 00:00:00,69300.96,69400.0,69300.96,69300.96
2024-06-08 00:30:00,69300.96,69400.0,69300.96,69399.82
2024-06-08 01:00:00,69399.82,69399.82,69300.0,69300.33
2024-06-08 01:30:00,69300.33,69400.0,69300.33,69305.21
2024-06-08 02:00:00,69250.0,69385.85,69250.0,69250.3
2024-06-08 02:30:00,69250.3,69400.0,69250.3,69385.85
2024-06-08 03:00:00,69385.85,69438.77,69201.16,69438.67
2024-06-08 03:30:00,69438.67,69456.0,69278.39,69278.39
2024-06-08 04:00:00,69278.39,69400.0,69278.39,69300.55
2024-06-08 04:30:00,69398.91,69398.94,69201.15,69298.76
2024-06-08 05:00:00,69212.02,69298.64,69201.15,69204.03
2024-06-08 05:30:00,69298.31,69384.99,69205.09,69210.6
2024-06-08 06:00:00,69229.99,69300.0,69208.0,69298.98
2024-06-08 06:30:00,69211.0,69378.06,69208.0,69336.0
2024-06-08 07:00:00,69336.0,69369.94,69220.0,69279.0
2024-06-08 07:30:00,69279.0,69389.0,69279.0,69315.0
2024-06-08 08:00:00,69330.0,69400.0,69300.0,69300.0
2024-06-08 08:30:00,69300.0,69391.8,69290.0,69383.06
2024-06-08 09:00:00,69290.0,69390.0,69201.15,69201.15
2024-06-08 09:30:00,69207.0,69299.94,69099.07,69297.6
2024-06-08 10:00:00,69297.6,69297.6,69070.0,69070.0
2024-06-08 10:30:00,69070.0,69246.45,69070.0,69205.0
2024-06-08 11:00:00,69239.91,69246.44,69198.0,69246.44
2024-06-08 11:30:00,69246.44,69246.44,69090.1,69091.1
2024-06-08 12:00:00,69091.1,69144.0,69011.01,69080.0
2024-06-08 12:30:00,69080.0,69090.0,69000.0,69040.0
2024-06-08 13:00:00,69040.0,69149.9,69000.0,69085.0
2024-06-08 13:30:00,69085.0,69100.0,69000.0,69050.05
2024-06-08 14:00:00,69080.0,69144.0,69080.0,69144.0
2024-06-08 14:30:00,69144.0,69144.0,69000.0,69140.0
2024-06-08 15:00:00,69140.0,69200.0,69050.0,69056.79
2024-06-08 15:30:00,69050.0,69200.0,69015.0,69015.0
2024-06-08 16:00:00,69015.0,69190.0,69000.0,69000.18
2024-06-08 16:30:00,69000.18,69297.99,69000.1,69148.0
2024-06-08 17:00:00,69001.0,69277.84,69001.0,69250.0
2024-06-08 17:30:00,69250.0,69275.0,69101.88,69275.0
2024-06-08 18:00:00,69200.02,69275.0,69111.0,69275.0
2024-06-08 18:30:00,69275.0,69275.0,69117.0,69118.0
2024-06-08 19:00:00,69200.0,69270.0,69150.0,69150.0
2024-06-08 19:30:00,69210.0,69275.0,69150.0,69150.0
2024-06-08 20:00:00,69275.0,69275.0,69150.0,69200.0
2024-06-08 20:30:00,69297.98,69300.0,69117.0,69280.91
2024-06-08 21:00:00,69269.85,69282.0,69117.14,69117.14
2024-06-08 21:30:00,69117.14,69250.0,69117.0,69117.0
2024-06-08 22:00:00,69117.0,69281.22,69105.0,69110.0
2024-06-08 22:30:00,69110.0,69274.04,69103.07,69104.12
2024-06-08 23:00:00,69104.12,69265.72,69103.08,69103.44
2024-06-08 23:30:00,69103.44,69103.44,69103.08,69103.44
2024-06-09 00:00:00,69103.44,69265.7,69103.44,69265.35
2024-06-09 00:30:00,69265.35,69265.35,69100.0,69215.63
2024-06-09 01:00:00,69215.63,69222.08,69050.0,69050.0
2024-06-09 01:30:00,69050.0,69264.97,69050.0,69101.29
2024-06-09 02:00:00,69101.29,69101.35,69100.27,69100.27
2024-06-09 02:30:00,69100.27,69100.63,69050.45,69050.45
2024-06-09 03:00:00,69050.45,69149.98,69050.0,69050.0
2024-06-09 03:30:00,69050.0,69149.98,69048.0,69149.98
2024-06-09 04:00:00,69150.0,69150.0,69049.0,69150.0
2024-06-09 04:30:00,69150.0,69150.0,69048.0,69048.0
2024-06-09 05:00:00,69048.0,69149.85,69000.0,69100.0
2024-06-09 05:30:00,69000.0,69200.0,69000.0,69199.99
2024-06-09 06:00:00,69199.99,69200.0,69000.0,69013.09
2024-06-09 06:30:00,69200.0,69200.0,69010.83,69096.0
2024-06-09 07:00:00,69013.0,69100.0,69006.01,69070.0
2024-06-09 07:30:00,69070.0,69070.0,69010.0,69012.0
2024-06-09 08:00:00,69012.0,69069.0,69005.01,69050.0
2024-06-09 08:30:00,69050.0,69098.98,69005.01,69006.0
2024-06-09 09:00:00,69091.97,69091.97,69000.0,69039.99
2024-06-09 09:30:00,69039.99,69091.97,69000.01,69049.0
2024-06-09 10:00:00,69049.0,69049.0,69000.01,69002.0
2024-06-09 10:30:00,69025.0,69044.0,69010.0,69010.0
2024-06-09 11:00:00,69010.0,69187.99,69010.0,69030.0
2024-06-09 11:30:00,69030.0,69196.92,69010.0,69196.92
2024-06-09 12:00:00,69196.92,69196.92,69031.0,69189.99
2024-06-09 12:30:00,69189.99,69320.0,69038.0,69319.99
2024-06-09 13:00:00,69300.0,69340.0,69200.0,69339.97
2024-06-09 13:30:00,69339.97,69339.97,69113.01,69278.97
2024-06-09 14:00:00,69278.97,69339.92,69135.0,69137.0
2024-06-09 14:30:00,69137.03,69398.0,69137.0,69398.0
2024-06-09 15:00:00,69398.0,69449.99,69351.3,69351.33
2024-06-09 15:30:00,69351.33,69449.99,69351.06,69351.24
2024-06-09 16:00:00,69351.24,69489.0,69351.24,69449.99
2024-06-09 16:30:00,69489.0,69494.97,69300.21,69302.0
2024-06-09 17:00:00,69302.0,69446.0,69200.01,69400.0
2024-06-09 17:30:00,69300.0,69439.0,69200.01,69439.0
2024-06-09 18:00:00,69439.0,69495.98,69300.0,69470.09
2024-06-09 18:30:00,69495.98,69495.98,69390.03,69495.98
2024-06-09 19:00:00,69495.98,69699.0,69390.24,69547.91
2024-06-09 19:30:00,69689.89,69698.97,69446.03,69504.0
2024-06-09 20:00:00,69504.0,69599.89,69420.0,69421.0
2024-06-09 20:30:00,69420.24,69599.99,69420.0,69425.27
2024-06-09 21:00:00,69426.0,69529.97,69425.3,69425.3
2024-06-09 21:30:00,69426.0,69539.0,69420.0,69500.0
2024-06-09 22:00:00,69430.0,69500.0,69421.0,69421.0
2024-06-09 22:30:00,69421.0,69500.0,69421.0,69421.0
2024-06-09 23:00:00,69421.0,69500.0,69391.0,69391.0
2024-06-09 23:30:00,69391.0,69500.0,69390.15,69500.0
2024-06-10 00:00:00,69500.0,69500.0,69390.03,69390.03
2024-06-10 00:30:00,69390.03,69479.03,69350.0,69479.03
2024-06-10 01:00:00,69479.03,69479.03,69350.0,69350.0
2024-06-10 01:30:00,69350.0,69479.03,69350.0,69479.03
2024-06-10 02:00:00,69479.03,69500.0,69362.0,69362.0
2024-06-10 02:30:00,69362.0,69365.0,69362.0,69365.0
2024-06-10 03:00:00,69365.0,69500.0,69350.0,69350.0
2024-06-10 03:30:00,69350.0,69500.0,69300.0,69300.42
2024-06-10 04:00:00,69300.42,69430.0,69270.0,69270.0
2024-06-10 04:30:00,69270.0,69400.0,69210.0,69399.0
2024-06-10 05:00:00,69231.0,69399.81,69200.0,69200.0
2024-06-10 05:30:00,69200.0,69210.0,69101.0,69101.0
2024-06-10 06:00:00,69101.0,69199.0,69077.0,69099.0
2024-06-10 06:30:00,69099.0,69389.77,69077.0,69200.0
2024-06-10 07:00:00,69200.0,69200.0,69020.0,69040.05
2024-06-10 07:30:00,69100.0,69200.0,69050.0,69100.0
2024-06-10 08:00:00,69100.0,69309.99,69007.77,69305.0
2024-06-10 08:30:00,69305.0,69389.99,69200.0,69300.12
2024-06-10 09:00:00,69300.12,69389.76,69150.0,69199.88
2024-06-10 09:30:00,69199.88,69379.62,69160.0,69160.02
2024-06-10 10:00:00,69160.01,69360.0,69160.01,69200.0
2024-06-10 10:30:00,69200.0,69308.84,69111.02,69299.76
2024-06-10 11:00:00,69299.76,69300.0,69112.06,69200.09
2024-06-10 11:30:00,69200.09,69295.0,69113.0,69181.15
2024-06-10 12:00:00,69181.18,69249.81,69118.03,69243.0
2024-06-10 12:30:00,69210.0,69243.0,69112.06,69112.06
2024-06-10 13:00:00,69112.06,69200.0,69112.06,69112.06
2024-06-10 13:30:00,69158.57,69200.0,69112.06,69112.07
2024-06-10 14:00:00,69112.07,69200.0,69069.0,69069.0
2024-06-10 14:30:00,69069.0,69299.0,69069.0,69299.0
2024-06-10 15:00:00,69300.0,69599.0,69298.99,69599.0
2024-06-10 15:30:00,69599.0,69795.98,69391.83,69790.0
2024-06-10 16:00:00,69770.0,69790.0,69500.0,69510.03
2024-06-10 16:30:00,69510.03,69600.0,69510.0,69600.0
2024-06-10 17:00:00,69600.0,69600.0,69386.0,69579.0
2024-06-10 17:30:00,69579.0,69596.0,69386.0,69595.99
2024-06-10 18:00:00,69596.0,69749.0,69574.0,69575.06
2024-06-10 18:30:00,69575.09,69738.11,69450.01,69650.0
2024-06-10 19:00:00,69650.0,69650.0,69301.0,69450.0
2024-06-10 19:30:00,69450.0,69500.0,69300.0,69397.0
2024-06-10 20:00:00,69397.0,69399.0,69200.0,69300.0
2024-06-10 20:30:00,69300.0,69400.0,69200.1,69208.5
2024-06-10 21:00:00,69250.0,69250.0,69120.0,69123.0
2024-06-10 21:30:00,69130.0,69398.98,69100.0,69398.12
2024-06-10 22:00:00,69398.12,69398.12,69117.0,69386.91
2024-06-10 22:30:00,69386.91,69386.91,69150.0,69298.14
2024-06-10 23:00:00,69151.1,69300.0,69150.0,69300.0
2024-06-10 23:30:00,69300.0,69300.0,69152.0,69152.03
2024-06-11 00:00:00,69152.03,69300.0,69152.0,69220.03
2024-06-11 00:30:00,69220.03,69290.0,69152.27,69153.81
2024-06-11 01:00:00,69153.81,69280.0,69150.0,69280.0
2024-06-11 01:30:00,69280.0,69280.0,68600.0,68600.0
2024-06-11 02:00:00,68600.0,68616.81,68034.0,68054.16
2024-06-11 02:30:00,68194.87,68200.0,68000.0,68199.73
2024-06-11 03:00:00,68199.73,68400.0,68150.0,68399.97
2024-06-11 03:30:00,68290.03,68398.91,68150.0,68299.88
2024-06-11 04:00:00,68300.0,68377.94,67750.0,67860.0
2024-06-11 04:30:00,67899.96,68097.67,67766.1,67999.97
2024-06-11 05:00:00,67999.96,67999.96,67899.01,67899.04
2024-06-11 05:30:00,67899.04,67934.54,67750.0,67800.0
2024-06-11 06:00:00,67800.0,67900.0,67650.0,67699.99
2024-06-11 06:30:00,67700.0,67777.81,67567.0,67600.03
2024-06-11 07:00:00,67600.03,67900.0,67555.0,67750.0
2024-06-11 07:30:00,67900.4,68390.0,67552.0,67553.0
2024-06-11 08:00:00,67552.0,68925.0,67400.0,67437.07
2024-06-11 08:30:00,67435.0,67680.8,67435.0,67649.44
2024-06-11 09:00:00,67649.48,67675.69,67361.0,67361.0
2024-06-11 09:30:00,67361.0,67380.1,67025.0,67030.0
2024-06-11 10:00:00,67100.0,67280.0,66900.0,67236.97
2024-06-11 10:30:00,67236.97,67280.0,66901.0,66902.0
2024-06-11 11:00:00,66902.0,67027.97,66850.0,66999.94
2024-06-11 11:30:00,66977.93,66999.97,66828.0,66901.0
2024-06-11 12:00:00,66901.0,67180.99,66900.0,67000.0
2024-06-11 12:30:00,67000.0,67180.0,66910.0,67119.22
2024-06-11 13:00:00,67111.0,67331.26,66960.15,67279.71
2024-06-11 13:30:00,67279.7,67279.71,66720.0,66729.0
2024-06-11 14:00:00,66729.0,67050.58,66718.0,66999.99
2024-06-11 14:30:00,66999.99,67131.56,66901.01,66951.0
2024-06-11 15:00:00,66979.81,67079.29,66730.02,66800.0
2024-06-11 15:30:00,66887.72,66921.75,66300.0,66300.0
2024-06-11 16:00:00,66330.78,66849.91,66300.0,66521.21
2024-06-11 16:30:00,66498.0,66696.46,66496.76,66506.06
2024-06-11 17:00:00,66506.06,66665.48,66298.0,66298.0
2024-06-11 17:30:00,66361.99,66889.0,66307.01,66836.0
2024-06-11 18:00:00,66850.0,67049.0,66720.0,67001.1
2024-06-11 18:30:00,67000.0,67288.0,66984.67,67118.45
2024-06-11 19:00:00,67118.45,67313.35,67020.01,67239.97
2024-06-11 19:30:00,67160.0,67612.54,67153.24,67550.0
2024-06-11 20:00:00,67550.0,67550.0,67200.01,67404.84
2024-06-11 20:30:00,67300.0,67407.74,67155.0,67157.04
2024-06-11 21:00:00,67200.0,67349.99,67200.0,67348.99
2024-06-11 21:30:00,67348.98,67384.51,67300.0,67384.51
2024-06-11 22:00:00,67384.52,67646.38,67351.0,67353.0
2024-06-11 22:30:00,67351.0,67470.0,67299.9,67311.31
2024-06-11 23:00:00,67311.31,67549.48,67311.31,67529.73
2024-06-11 23:30:00,67529.73,67529.73,67310.51,67446.54
2024-06-12 00:00:00,67396.05,67396.32,67267.0,67396.32
2024-06-12 00:30:00,67396.32,67396.32,67200.0,67250.0
2024-06-12 01:00:00,67250.0,67250.0,67084.0,67084.0
2024-06-12 01:30:00,67084.0,67092.73,67000.0,67001.0
2024-06-12 02:00:00,67001.0,67500.0,67001.0,67499.0
2024-06-12 02:30:00,67499.0,67499.0,67158.55,67450.44
2024-06-12 03:00:00,67450.44,67450.44,67250.01,67290.96
2024-06-12 03:30:00,67290.96,67415.08,67290.96,67415.02
2024-06-12 04:00:00,67415.02,67588.98,67311.63,67415.0
2024-06-12 04:30:00,67415.25,67591.16,67415.0,67435.0
2024-06-12 05:00:00,67434.35,67434.35,67333.03,67350.0
2024-06-12 05:30:00,67350.0,67350.11,67125.44,67125.44
2024-06-12 06:00:00,67125.44,67348.97,67125.44,67246.9
2024-06-12 06:30:00,67246.9,67297.79,67198.0,67200.0
2024-06-12 07:00:00,67286.94,67349.0,67180.0,67347.41
2024-06-12 07:30:00,67347.41,67350.0,67197.34,67346.0
2024-06-12 08:00:00,67295.0,67472.97,67198.01,67307.2
2024-06-12 08:30:00,67307.2,67399.0,67306.9,67311.13
2024-06-12 09:00:00,67311.13,67480.0,67311.13,67479.97
2024-06-12 09:30:00,67479.97,67739.99,67448.0,67700.0
2024-06-12 10:00:00,67590.34,67950.0,67590.34,67899.85
2024-06-12 10:30:00,67899.82,67950.0,67800.01,67950.0
2024-06-12 11:00:00,67950.0,67970.0,67803.06,67803.15
2024-06-12 11:30:00,67803.09,67860.0,67595.64,67700.3
2024-06-12 12:00:00,67759.0,67851.0,67595.3,67650.1
2024-06-12 12:30:00,67888.97,69400.0,67851.0,69129.01
2024-06-12 13:00:00,69129.03,69340.03,68988.38,69003.0
2024-06-12 13:30:00,69003.0,69285.0,68850.0,69193.82
2024-06-12 14:00:00,69001.42,69510.0,69001.42,69385.01
2024-06-12 14:30:00,69400.0,69580.0,69324.9,69500.0
2024-06-12 15:00:00,69500.0,69617.0,69370.0,69400.0
2024-06-12 15:30:00,69400.0,69568.0,69112.3,69245.01
2024-06-12 16:00:00,69399.0,69400.0,69112.3,69115.01
2024-06-12 16:30:00,69115.02,69249.0,68836.75,69200.0
2024-06-12 17:00:00,69202.07,69249.0,69053.62,69214.0
2024-06-12 17:30:00,69214.0,69299.0,68928.0,69298.0
2024-06-12 18:00:00,69171.49,69260.01,68500.01,68989.95
2024-06-12 18:30:00,68714.96,68990.0,68500.0,68500.0
2024-06-12 19:00:00,68400.01,68735.82,68300.0,68482.09
2024-06-12 19:30:00,68300.0,68300.03,67100.0,67462.18
2024-06-12 20:00:00,67511.94,67948.99,67201.0,67880.0
2024-06-12 20:30:00,68900.0,69200.0,67879.97,67901.01
2024-06-12 21:00:00,67901.01,68139.94,67901.01,68137.7
2024-06-12 21:30:00,68137.7,68405.35,68011.47,68404.0
2024-06-12 22:00:00,68401.0,68401.0,68200.0,68349.0
2024-06-12 22:30:00,68349.0,68349.0,68200.59,68250.0
2024-06-12 23:00:00,68250.0,68344.0,68000.01,68000.01
2024-06-12 23:30:00,68000.01,68190.0,68000.01,68001.62
2024-06-13 00:00:00,68001.62,68189.76,67930.12,68003.0
2024-06-13 00:30:00,68003.0,68285.87,68003.0,68285.87
2024-06-13 01:00:00,68285.27,68285.27,68007.07,68007.07
2024-06-13 01:30:00,68007.07,68008.2,67701.0,67929.55
2024-06-13 02:00:00,67929.55,67929.55,67705.62,67918.87
2024-06-13 02:30:00,67918.58,67918.59,67600.0,67600.0
2024-06-13 03:00:00,67600.0,67600.0,67500.0,67500.0
2024-06-13 03:30:00,67500.0,67598.67,67100.0,67338.22
2024-06-13 04:00:00,67339.19,67594.9,67339.19,67590.0
2024-06-13 04:30:00,67590.0,67799.95,67202.0,67285.0
2024-06-13 05:00:00,67449.94,67543.23,67283.11,67516.01
2024-06-13 05:30:00,67499.97,67679.81,67404.1,67503.0
2024-06-13 06:00:00,67503.0,67651.08,67351.15,67351.17
2024-06-13 06:30:00,67473.79,67475.0,67351.09,67450.0
2024-06-13 07:00:00,67475.0,67560.0,67378.38,67500.02
2024-06-13 07:30:00,67500.02,68000.0,67500.02,67774.45
2024-06-13 08:00:00,67774.45,67812.23,67567.06,67650.0
2024-06-13 08:30:00,67650.0,67701.13,67560.12,67570.0
2024-06-13 09:00:00,67636.67,67636.67,67378.0,67496.71
2024-06-13 09:30:00,67489.99,67489.99,67252.0,67340.0
2024-06-13 10:00:00,67416.0,67421.35,67255.0,67345.0
2024-06-13 10:30:00,67345.0,67919.0,67298.0,67900.0
2024-06-13 11:00:00,67890.0,67920.0,67600.68,67750.08
2024-06-13 11:30:00,67751.0,67935.97,67600.66,67735.37
2024-06-13 12:00:00,67735.28,67917.99,67650.0,67700.0
2024-06-13 12:30:00,67789.97,68300.0,67500.0,67619.81
2024-06-13 13:00:00,67619.81,68042.07,67500.04,67808.76
2024-06-13 13:30:00,67849.0,68194.03,67520.01,67595.17
2024-06-13 14:00:00,67595.17,67600.0,67055.01,67055.01
2024-06-13 14:30:00,67100.0,67581.0,67055.01,67499.87
2024-06-13 15:00:00,67458.99,67458.99,67001.0,67085.99
2024-06-13 15:30:00,67001.0,67086.0,66400.0,66500.0
2024-06-13 16:00:00,66500.0,67106.13,66420.0,66637.64
2024-06-13 16:30:00,66637.58,66700.0,66500.0,66650.0
2024-06-13 17:00:00,66650.0,66898.99,66650.0,66889.76
2024-06-13 17:30:00,66889.76,66899.0,66661.0,66801.51
2024-06-13 18:00:00,66900.15,66983.52,66783.32,66977.56
2024-06-13 18:30:00,66977.56,66977.56,66661.0,66887.86
2024-06-13 19:00:00,66887.86,66938.14,66711.01,66900.82
2024-06-13 19:30:00,66900.82,66900.82,66661.25,66670.0
2024-06-13 20:00:00,66670.0,66790.0,66670.0,66785.0
2024-06-13 20:30:00,66770.99,66953.58,66660.66,66686.12
2024-06-13 21:00:00,66686.12,66806.73,66679.0,66804.99
2024-06-13 21:30:00,66804.99,66861.0,66798.33,66803.77
2024-06-13 22:00:00,66803.77,66861.0,66802.01,66830.0
2024-06-13 22:30:00,66830.0,66966.73,66830.0,66865.0
2024-06-13 23:00:00,66865.0,66902.26,66701.76,66830.0
2024-06-13 23:30:00,66830.0,66830.0,66792.16,66820.0
2024-06-14 00:00:00,66820.0,66846.71,66736.0,66736.0
2024-06-14 00:30:00,66736.0,66792.16,66735.0,66776.48
2024-06-14 01:00:00,66791.78,66792.16,66655.0,66750.9
2024-06-14 01:30:00,66750.9,66881.51,66550.0,66880.44
2024-06-14 02:00:00,66880.44,66902.12,66799.99,66902.05
2024-06-14 02:30:00,66902.0,66902.2,66809.71,66902.2
2024-06-14 03:00:00,66920.5,66956.0,66700.0,66700.0
2024-06-14 03:30:00,66700.0,66750.0,66548.92,66699.85
2024-06-14 04:00:00,66699.85,66750.0,66560.59,66750.0
2024-06-14 04:30:00,66750.0,66868.0,66590.12,66808.99
2024-06-14 05:00:00,66808.99,66863.1,66601.44,66863.1
2024-06-14 05:30:00,66863.1,67140.0,66863.1,67138.0
2024-06-14 06:00:00,67138.0,67138.0,66902.23,67026.93
2024-06-14 06:30:00,67000.0,67092.12,66902.0,67040.77
2024-06-14 07:00:00,67040.74,67130.83,66901.95,67019.52
2024-06-14 07:30:00,67019.52,67091.39,66906.0,66997.0
2024-06-14 08:00:00,66997.0,67179.0,66820.35,67178.99
2024-06-14 08:30:00,67145.0,67255.29,67060.0,67232.46
2024-06-14 09:00:00,67232.46,67298.99,67000.0,67091.97
2024-06-14 09:30:00,67091.94,67095.6,66901.0,66901.0
2024-06-14 10:00:00,66900.06,66910.0,66808.01,66889.88
2024-06-14 10:30:00,66890.0,66962.41,66825.1,66827.25
2024-06-14 11:00:00,66827.39,67000.0,66827.39,66938.01
2024-06-14 11:30:00,66930.0,66990.57,66700.0,66700.0
2024-06-14 12:00:00,66850.0,67067.98,66642.7,67066.0
2024-06-14 12:30:00,67066.0,67067.83,66860.0,66860.01
2024-06-14 13:00:00,66860.01,67099.0,66802.0,67095.85
2024-06-14 13:30:00,67100.0,67199.91,66802.01,67099.94
2024-06-14 14:00:00,67099.94,67099.94,66680.0,66680.0
2024-06-14 14:30:00,66680.0,66799.87,66561.77,66791.0
2024-06-14 15:00:00,66791.0,66796.13,66701.24,66750.01
2024-06-14 15:30:00,66796.13,66802.54,66200.0,66399.31
2024-06-14 16:00:00,66500.88,66500.88,65500.0,65500.0
2024-06-14 16:30:00,65432.0,65835.78,65240.0,65300.0
2024-06-14 17:00:00,65240.0,65585.22,65105.0,65585.22
2024-06-14 17:30:00,65582.99,65900.0,65323.16,65418.85
2024-06-14 18:00:00,65410.0,65516.54,65150.0,65340.05
2024-06-14 18:30:00,65340.05,65880.0,65172.0,65540.0
2024-06-14 19:00:00,65530.0,66000.0,65393.42,65462.4
2024-06-14 19:30:00,65462.42,65746.45,65401.0,65512.97
2024-06-14 20:00:00,65432.33,65820.35,65430.03,65820.35
2024-06-14 20:30:00,65849.0,66200.0,65682.0,65700.44
2024-06-14 21:00:00,65797.89,66144.78,65700.53,66144.77
2024-06-14 21:30:00,66144.78,66538.65,65950.0,66150.0
2024-06-14 22:00:00,66150.0,66150.0,65800.03,65824.69
2024-06-14 22:30:00,65824.76,66033.67,65824.76,66019.97
2024-06-14 23:00:00,66019.97,66029.87,65824.84,65880.18
2024-06-14 23:30:00,65880.18,65980.0,65830.0,65850.32
2024-06-15 00:00:00,65850.32,66118.74,65830.17,66036.26
2024-06-15 00:30:00,66099.97,66189.82,66000.01,66189.06
2024-06-15 01:00:00,66189.06,66189.99,66001.21,66002.5
2024-06-15 01:30:00,66002.7,66170.0,66001.01,66168.15
2024-06-15 02:00:00,66196.96,66196.96,66020.38,66022.0
2024-06-15 02:30:00,66022.0,66279.9,66022.0,66247.0
2024-06-15 03:00:00,66247.0,66251.0,66150.52,66251.0
2024-06-15 03:30:00,66190.0,66200.0,66190.0,66195.0
2024-06-15 04:00:00,66195.0,66251.0,66150.0,66150.0
2024-06-15 04:30:00,66150.09,66250.95,66100.0,66100.01
2024-06-15 05:00:00,66237.63,66250.98,66100.0,66249.98
2024-06-15 05:30:00,66133.36,66249.98,66022.01,66120.01
2024-06-15 06:00:00,66120.01,66463.7,66120.0,66275.06
2024-06-15 06:30:00,66275.0,66275.12,66035.04,66037.3
2024-06-15 07:00:00,66037.57,66202.64,66000.0,66003.03
2024-06-15 07:30:00,66003.12,66099.6,65820.89,65833.09
2024-06-15 08:00:00,65833.09,65989.95,65700.0,65873.29
2024-06-15 08:30:00,65985.0,66090.62,65899.0,66085.0
2024-06-15 09:00:00,66003.0,66200.0,66003.0,66025.18
2024-06-15 09:30:00,66180.06,66193.23,66035.0,66165.76
2024-06-15 10:00:00,66165.76,66299.9,66165.76,66165.76
2024-06-15 10:30:00,66165.76,66345.28,66081.0,66165.0
2024-06-15 11:00:00,66217.92,66217.92,65900.01,66092.0
2024-06-15 11:30:00,66092.0,66200.0,66092.0,66101.0
2024-06-15 12:00:00,66101.0,66200.0,66101.0,66150.0
2024-06-15 12:30:00,66150.0,66199.93,66000.0,66020.01
2024-06-15 13:00:00,66020.01,66199.97,66020.01,66150.0
2024-06-15 13:30:00,66150.0,66199.0,66100.0,66100.0
2024-06-15 14:00:00,66026.0,66100.0,66001.0,66002.0
2024-06-15 14:30:00,66002.0,66100.0,66002.0,66002.0
2024-06-15 15:00:00,66002.0,66200.43,66002.0,66007.0
2024-06-15 15:30:00,66050.0,66200.0,66007.0,66070.0
2024-06-15 16:00:00,66070.0,66200.0,66070.0,66100.0
2024-06-15 16:30:00,66192.99,66192.99,66000.06,66000.06
2024-06-15 17:00:00,66120.0,66189.99,66000.0,66057.12
2024-06-15 17:30:00,66057.12,66188.0,66057.0,66183.97
2024-06-15 18:00:00,66100.0,66184.0,66042.0,66042.0
2024-06-15 18:30:00,66060.09,66175.0,65918.0,66000.0
2024-06-15 19:00:00,66000.0,66000.0,65786.93,65989.0
2024-06-15 19:30:00,65904.0,66099.99,65904.0,66000.0
2024-06-15 20:00:00,66000.0,66100.0,65762.97,65974.37
2024-06-15 20:30:00,65974.41,66099.87,65800.0,66099.83
2024-06-15 21:00:00,66012.03,66097.89,65810.53,65997.6
2024-06-15 21:30:00,65997.6,66096.0,65997.0,66004.43
2024-06-15 22:00:00,66004.43,66096.82,66003.02,66003.35
2024-06-15 22:30:00,66003.35,66097.0,66003.05,66096.0
2024-06-15 23:00:00,66096.0,66097.0,66032.0,66097.0
2024-06-15 23:30:00,66097.0,66180.0,66032.34,66149.73
2024-06-16 00:00:00,66032.01,66032.01,66031.0,66031.0
2024-06-16 00:30:00,66031.0,66178.73,66031.0,66032.44
2024-06-16 01:00:00,66032.44,66165.62,66031.0,66165.62
2024-06-16 01:30:00,66165.62,66178.36,66002.02,66002.02
2024-06-16 02:00:00,66002.02,66177.77,66002.02,66176.04
2024-06-16 02:30:00,66002.69,66003.28,66002.69,66003.25
2024-06-16 03:00:00,66093.38,66182.0,66003.04,66003.97
2024-06-16 03:30:00,66004.03,66004.24,65950.05,65950.05
2024-06-16 04:00:00,65950.05,66003.02,65762.98,65763.37
2024-06-16 04:30:00,65767.27,66000.0,65767.27,65900.0
2024-06-16 05:00:00,65900.0,66002.83,65789.32,65830.0
2024-06-16 05:30:00,65990.0,66002.47,65821.0,65899.0
2024-06-16 06:00:00,66003.02,66178.67,65899.0,66000.0
2024-06-16 06:30:00,66050.21,66149.98,65841.03,66145.97
2024-06-16 07:00:00,66145.97,66178.77,65914.13,65927.38
2024-06-16 07:30:00,65930.69,66149.97,65855.45,65900.0
2024-06-16 08:00:00,65855.45,66119.56,65855.4,65900.01
2024-06-16 08:30:00,65900.01,66110.0,65900.01,65909.16
2024-06-16 09:00:00,65909.16,66115.0,65909.15,66115.0
2024-06-16 09:30:00,66115.0,66119.79,65911.15,66085.0
2024-06-16 10:00:00,66085.0,66119.0,65920.01,66000.0
2024-06-16 10:30:00,66021.0,66500.0,66000.0,66500.0
2024-06-16 11:00:00,66499.0,66500.0,66250.04,66441.91
2024-06-16 11:30:00,66441.91,66441.91,66000.0,66349.99
2024-06-16 12:00:00,66060.0,66349.85,66034.4,66300.0
2024-06-16 12:30:00,66340.0,66340.0,66190.0,66336.88
2024-06-16 13:00:00,66336.88,66350.0,66195.0,66350.0
2024-06-16 13:30:00,66345.0,66388.35,66200.0,66250.0
2024-06-16 14:00:00,66387.99,66485.1,66253.0,66300.0
2024-06-16 14:30:00,66450.0,66450.0,66287.0,66442.94
2024-06-16 15:00:00,66442.88,66442.88,66287.0,66300.0
2024-06-16 15:30:00,66289.51,66410.0,66289.51,66410.0
2024-06-16 16:00:00,66411.0,66429.0,66399.0,66399.0
2024-06-16 16:30:00,66399.0,66399.0,66215.02,66215.02
2024-06-16 17:00:00,66215.02,66439.0,66205.01,66430.0
2024-06-16 17:30:00,66399.0,66474.98,66204.0,66204.0
2024-06-16 18:00:00,66204.0,66300.0,66201.0,66300.0
2024-06-16 18:30:00,66398.99,66399.0,66204.0,66252.01
2024-06-16 19:00:00,66252.01,66397.0,66252.0,66397.0
2024-06-16 19:30:00,66397.0,66397.0,66253.11,66295.0
2024-06-16 20:00:00,66253.11,66300.0,66211.0,66253.0
2024-06-16 20:30:00,66396.96,66397.0,66204.1,66385.88
2024-06-16 21:00:00,66210.27,66360.97,66210.0,66212.12
2024-06-16 21:30:00,66330.0,66349.9,66212.18,66215.03
2024-06-16 22:00:00,66215.03,66485.0,66215.03,66300.13
2024-06-16 22:30:00,66300.13,66485.0,66300.07,66466.58
2024-06-16 23:00:00,66466.58,66500.0,66466.58,66500.0
2024-06-16 23:30:00,66500.0,66500.0,66470.0,66500.0
2024-06-17 00:00:00,66471.0,66500.0,66470.0,66471.0
2024-06-17 00:30:00,66500.0,66500.0,66470.0,66470.0
2024-06-17 01:00:00,66470.0,66470.0,66046.91,66100.01
2024-06-17 01:30:00,66100.01,66219.99,66100.0,66219.57
2024-06-17 02:00:00,66220.0,66400.0,66001.0,66009.0
2024-06-17 02:30:00,66001.0,66249.88,66001.0,66001.0
2024-06-17 03:00:00,66001.0,66245.43,66001.0,66030.2
2024-06-17 03:30:00,66017.62,66241.37,65909.15,65940.0
2024-06-17 04:00:00,65940.0,66100.0,65910.01,66100.0
2024-06-17 04:30:00,66100.0,66197.99,65910.0,66149.46
2024-06-17 05:00:00,66149.46,66149.46,65928.94,66098.0
2024-06-17 05:30:00,66098.0,66100.0,65915.64,65915.64
2024-06-17 06:00:00,65915.64,66049.99,65855.41,65855.42
2024-06-17 06:30:00,65800.0,66040.29,65500.0,65629.75
2024-06-17 07:00:00,65629.75,66133.0,65513.0,66079.97
2024-06-17 07:30:00,66079.94,66204.97,65762.52,66068.66
2024-06-17 08:00:00,66068.66,66068.66,65770.1,65805.03
2024-06-17 08:30:00,65805.12,65997.53,65782.06,65995.29
2024-06-17 09:00:00,65995.29,66077.99,65800.0,65999.77
2024-06-17 09:30:00,65999.77,65999.96,65522.0,65690.42
2024-06-17 10:00:00,65522.03,65690.15,65410.0,65502.0
2024-06-17 10:30:00,65501.0,65679.0,65501.0,65678.67
2024-06-17 11:00:00,65600.0,65750.0,65600.0,65680.1
2024-06-17 11:30:00,65680.1,65908.02,65552.0,65678.77
2024-06-17 12:00:00,65678.77,65700.0,65552.0,65557.66
2024-06-17 12:30:00,65599.0,65677.6,65420.0,65540.0
2024-06-17 13:00:00,65539.99,65540.01,65381.25,65539.95
2024-06-17 13:30:00,65400.0,65539.98,65170.0,65170.0
2024-06-17 14:00:00,65170.0,65533.37,65100.0,65401.15
2024-06-17 14:30:00,65403.18,65827.46,65300.44,65465.43
2024-06-17 15:00:00,65300.51,65665.7,65260.0,65420.02
2024-06-17 15:30:00,65320.0,65649.08,65170.01,65170.04
2024-06-17 16:00:00,65200.0,65471.95,65170.04,65471.94
2024-06-17 16:30:00,65471.94,65626.03,65362.54,65500.0
2024-06-17 17:00:00,65620.0,65695.0,65504.0,65689.0
2024-06-17 17:30:00,65689.0,66111.0,65577.02,66100.0
2024-06-17 18:00:00,66149.0,66599.0,66100.0,66511.04
2024-06-17 18:30:00,66513.92,66860.0,66279.87,66595.0
2024-06-17 19:00:00,66595.0,66596.0,66302.41,66579.9
2024-06-17 19:30:00,66579.9,66579.98,66163.59,66380.0
2024-06-17 20:00:00,66350.0,66355.0,65800.65,66040.0
2024-06-17 20:30:00,66100.0,66398.88,65927.16,65985.25
2024-06-17 21:00:00,65985.25,66200.0,65927.19,66065.31
2024-06-17 21:30:00,66065.32,66400.0,66065.3,66180.0
2024-06-17 22:00:00,66399.96,66400.0,66171.14,66171.14
2024-06-17 22:30:00,66171.14,66299.99,66100.0,66177.29
2024-06-17 23:00:00,66300.0,66389.79,66120.99,66299.0
2024-06-17 23:30:00,66121.28,66289.49,66120.78,66122.0
2024-06-18 00:00:00,66122.0,66270.0,65801.01,65923.48
2024-06-18 00:30:00,65923.48,66000.0,65280.0,65390.0
2024-06-18 01:00:00,65550.0,65553.99,65250.0,65250.0
2024-06-18 01:30:00,65250.01,65510.91,64954.97,64975.0
2024-06-18 02:00:00,64980.0,65300.0,64555.0,65298.97
2024-06-18 02:30:00,65102.63,65409.0,65100.06,65205.07
2024-06-18 03:00:00,65210.04,65407.29,65100.0,65121.89
2024-06-18 03:30:00,65147.83,65363.29,65120.97,65182.1
2024-06-18 04:00:00,65182.1,65550.0,65180.0,65550.0
2024-06-18 04:30:00,65549.94,65549.94,65363.32,65545.86
2024-06-18 05:00:00,65375.0,65546.28,65375.0,65500.0
2024-06-18 05:30:00,65376.3,65496.0,65376.0,65376.01
2024-06-18 06:00:00,65376.01,65490.0,65376.0,65376.0
2024-06-18 06:30:00,65376.0,65490.0,65375.0,65375.0
2024-06-18 07:00:00,65375.0,65457.0,65375.0,65457.0
2024-06-18 07:30:00,65420.0,65500.0,65375.0,65380.01
2024-06-18 08:00:00,65497.0,65497.0,65363.84,65364.0
2024-06-18 08:30:00,65363.84,65589.93,65300.0,65499.0
2024-06-18 09:00:00,65371.0,65650.0,65282.51,65282.52
2024-06-18 09:30:00,65200.01,65899.0,65200.01,65223.29
2024-06-18 10:00:00,65467.12,65467.12,65200.0,65210.21
2024-06-18 10:30:00,65220.75,65369.97,65200.0,65200.6
2024-06-18 11:00:00,65200.69,65299.0,65120.0,65284.86
2024-06-18 11:30:00,65284.86,65284.86,65010.0,65226.84
2024-06-18 12:00:00,65224.92,65224.92,65000.0,65000.0
2024-06-18 12:30:00,65000.0,65119.9,64900.0,64900.93
2024-06-18 13:00:00,65049.99,65049.99,64699.99,64885.0
2024-06-18 13:30:00,64860.0,64860.0,64555.0,64671.0
2024-06-18 14:00:00,64671.0,65104.97,64400.0,64998.97
2024-06-18 14:30:00,64998.97,65166.01,64451.0,64500.0
2024-06-18 15:00:00,64411.0,64665.82,64301.0,64404.0
2024-06-18 15:30:00,64405.0,64900.0,64405.0,64579.97
2024-06-18 16:00:00,64598.0,64787.46,64300.0,64583.13
2024-06-18 16:30:00,64351.07,64583.22,64351.07,64500.0
2024-06-18 17:00:00,64561.99,64799.83,64550.0,64550.0
2024-06-18 17:30:00,64549.87,64615.74,64423.0,64568.0
2024-06-18 18:00:00,64500.0,64568.0,64423.0,64560.0
2024-06-18 18:30:00,64560.0,64568.0,64452.03,64559.0
2024-06-18 19:00:00,64501.0,64557.06,64400.0,64400.0
2024-06-18 19:30:00,64430.0,64430.0,64130.0,64279.0
2024-06-18 20:00:00,64150.0,64425.0,64150.0,64400.0
2024-06-18 20:30:00,64400.0,64677.0,64130.0,64645.03
2024-06-18 21:00:00,64677.0,64994.96,64512.0,64805.1
2024-06-18 21:30:00,64805.1,65040.0,64800.0,65000.0
2024-06-18 22:00:00,65040.0,65040.0,64800.8,64989.97
2024-06-18 22:30:00,64989.97,65098.99,64801.24,65000.0
2024-06-18 23:00:00,65000.0,65000.0,64827.31,64998.77
2024-06-18 23:30:00,64998.77,64998.77,64828.17,64828.44
2024-06-19 00:00:00,64828.44,64996.0,64800.52,64800.52
2024-06-19 00:30:00,64800.52,65000.0,64800.52,64963.94
2024-06-19 01:00:00,64963.94,65101.0,64963.94,65100.93
2024-06-19 01:30:00,65100.89,65100.89,64800.0,64900.03
2024-06-19 02:00:00,65040.5,65128.85,64906.61,65128.85
2024-06-19 02:30:00,65198.0,65200.0,65101.03,65198.0
2024-06-19 03:00:00,65200.0,65300.0,65101.51,65300.0
2024-06-19 03:30:00,65300.0,65300.0,64200.0,65087.25
2024-06-19 04:00:00,65087.25,65300.0,65080.0,65109.02
2024-06-19 04:30:00,65109.02,65299.99,65080.0,65218.0
2024-06-19 05:00:00,65220.0,65220.0,64959.58,64990.0
2024-06-19 05:30:00,64990.0,65133.0,64959.61,65124.0
2024-06-19 06:00:00,65099.0,65199.0,65005.68,65019.48
2024-06-19 06:30:00,65019.48,65260.57,65019.48,65250.0
2024-06-19 07:00:00,65250.0,65290.0,65054.07,65054.07
2024-06-19 07:30:00,65054.07,65199.75,65000.0,65000.0
2024-06-19 08:00:00,65000.0,65150.0,65000.0,65000.0
2024-06-19 08:30:00,65000.0,65000.0,64800.0,64901.0
2024-06-19 09:00:00,64989.0,64997.0,64701.0,64702.0
2024-06-19 09:30:00,64702.0,64990.0,64665.95,64800.41
2024-06-19 10:00:00,64900.0,64990.0,64720.07,64800.74
2024-06-19 10:30:00,64800.0,64994.0,64721.05,64994.0
2024-06-19 11:00:00,64994.0,65150.0,64920.0,65000.01
2024-06-19 11:30:00,65000.01,65000.01,64730.0,64898.33
2024-06-19 12:00:00,64898.33,64898.46,64897.12,64898.46
2024-06-19 12:30:00,64898.46,65019.99,64681.0,64750.0
2024-06-19 13:00:00,64750.0,64999.75,64750.0,64780.13
2024-06-19 13:30:00,64780.13,64996.84,64750.06,64750.58
2024-06-19 14:00:00,64988.99,64988.99,64750.64,64858.93
2024-06-19 14:30:00,64858.93,64858.93,64698.0,64698.22
2024-06-19 15:00:00,64698.22,64837.0,64654.44,64836.37
2024-06-19 15:30:00,64700.15,64835.84,64601.01,64712.0
2024-06-19 16:00:00,64712.0,64816.39,64600.0,64816.39
2024-06-19 16:30:00,64816.39,64976.96,64700.0,64710.0
2024-06-19 17:00:00,64700.3,64814.2,64625.53,64812.0
2024-06-19 17:30:00,64727.71,64850.15,64618.06,64848.55
2024-06-19 18:00:00,64650.0,64970.0,64650.0,64850.0
2024-06-19 18:30:00,64850.0,64850.0,64600.0,64600.0
2024-06-19 19:00:00,64600.0,64795.97,64490.0,64490.0
2024-06-19 19:30:00,64490.0,64960.0,64490.0,64500.19
2024-06-19 20:00:00,64789.16,64789.16,64400.0,64490.0
2024-06-19 20:30:00,64490.0,64689.9,64370.0,64551.0
2024-06-19 21:00:00,64579.98,64689.99,64388.4,64676.04
2024-06-19 21:30:00,64676.04,64740.0,64536.96,64595.64
2024-06-19 22:00:00,64595.64,64739.0,64400.01,64715.0
2024-06-19 22:30:00,64715.0,64738.85,64523.0,64600.0
2024-06-19 23:00:00,64526.01,64700.0,64526.01,64601.0
2024-06-19 23:30:00,64601.0,64695.0,64500.0,64500.0
2024-06-20 00:00:00,64500.0,64689.39,64406.0,64436.01
2024-06-20 00:30:00,64436.01,64600.0,64436.01,64600.0
2024-06-20 01:00:00,64600.0,64790.0,64600.0,64790.0
2024-06-20 01:30:00,64969.97,64969.97,64677.38,64967.69
2024-06-20 02:00:00,64967.69,64967.69,64545.13,64964.08
2024-06-20 02:30:00,64964.08,64964.08,64663.05,64750.67
2024-06-20 03:00:00,64900.0,64900.03,64750.0,64809.0
2024-06-20 03:30:00,64809.0,64958.89,64710.04,64799.0
2024-06-20 04:00:00,64799.0,64899.7,64638.75,64675.07
2024-06-20 04:30:00,64675.07,64898.99,64675.07,64895.98
2024-06-20 05:00:00,64895.98,64959.66,64776.38,64959.0
2024-06-20 05:30:00,64959.0,65063.0,64899.9,65063.0
2024-06-20 06:00:00,65063.0,65100.0,65010.02,65050.0
2024-06-20 06:30:00,65062.0,65100.0,64998.0,65079.99
2024-06-20 07:00:00,65081.1,65400.0,65000.0,65397.59
2024-06-20 07:30:00,65397.59,65498.96,65323.21,65340.0
2024-06-20 08:00:00,65380.0,65479.98,65340.0,65458.0
2024-06-20 08:30:00,65341.01,65458.0,65166.22,65239.0
2024-06-20 09:00:00,65239.0,65250.0,65144.28,65150.13
2024-06-20 09:30:00,65165.0,65245.0,65130.08,65244.98
2024-06-20 10:00:00,65244.98,65440.0,65103.73,65288.43
2024-06-20 10:30:00,65190.05,65726.37,65190.05,65726.37
2024-06-20 11:00:00,65749.99,65870.0,65450.0,65870.0
2024-06-20 11:30:00,65870.0,65999.0,65626.0,65703.0
2024-06-20 12:00:00,65703.01,65900.0,65464.02,65699.0
2024-06-20 12:30:00,65671.66,65803.89,65500.0,65700.46
2024-06-20 13:00:00,65700.46,65700.46,64933.46,65000.0
2024-06-20 13:30:00,65000.0,65201.01,64800.0,64995.0
2024-06-20 14:00:00,64995.0,65000.0,64550.0,64908.24
2024-06-20 14:30:00,64997.96,65079.96,64722.16,64992.0
2024-06-20 15:00:00,64800.31,64991.71,64680.01,64680.01
2024-06-20 15:30:00,64680.01,64897.93,64650.0,64650.0
2024-06-20 16:00:00,64650.0,64679.97,64500.0,64500.15
2024-06-20 16:30:00,64500.15,64680.0,64496.0,64657.0
2024-06-20 17:00:00,64657.0,64849.99,64600.0,64650.17
2024-06-20 17:30:00,64650.33,64850.0,64650.27,64828.24
2024-06-20 18:00:00,64850.0,64909.99,64661.25,64900.0
2024-06-20 18:30:00,64900.0,65000.0,64717.11,64999.0
2024-06-20 19:00:00,64999.0,65000.0,64806.12,64820.0
2024-06-20 19:30:00,64820.0,64820.01,64800.0,64800.0
2024-06-20 20:00:00,64800.0,64990.0,64730.04,64820.01
2024-06-20 20:30:00,64936.96,64990.0,64360.0,64900.0
2024-06-20 21:00:00,64900.0,64988.82,64619.38,64983.52
2024-06-20 21:30:00,64983.52,64988.99,64704.6,64988.99
2024-06-20 22:00:00,64894.76,64988.0,64894.76,64900.01
2024-06-20 22:30:00,64900.01,64989.0,64896.0,64896.0
2024-06-20 23:00:00,64896.0,64900.0,64809.18,64898.0
2024-06-20 23:30:00,64898.0,64898.0,64800.0,64800.0
2024-06-21 00:00:00,64800.0,64879.7,64600.0,64764.8
2024-06-21 00:30:00,64757.06,64964.9,64600.06,64869.16
2024-06-21 01:00:00,64869.12,64869.27,64601.94,64788.26
2024-06-21 01:30:00,64788.26,64873.97,64618.43,64829.49
2024-06-21 02:00:00,64829.49,64988.9,64829.49,64977.1
2024-06-21 02:30:00,64977.1,64977.1,64681.13,64681.13
2024-06-21 03:00:00,64681.13,64863.9,64600.3,64862.32
2024-06-21 03:30:00,64603.67,64605.55,64444.0,64444.0
2024-06-21 04:00:00,64415.0,64500.0,64324.09,64400.0
2024-06-21 04:30:00,64300.01,64400.0,64250.0,64400.0
2024-06-21 05:00:00,64400.0,64400.0,64257.0,64300.0
2024-06-21 05:30:00,64300.0,64400.0,64261.0,64400.0
2024-06-21 06:00:00,64400.0,64400.0,64261.0,64400.0
2024-06-21 06:30:00,64400.0,64400.0,64302.0,64380.0
2024-06-21 07:00:00,64380.0,64607.1,64380.0,64510.3
2024-06-21 07:30:00,64602.01,64602.01,64158.0,64158.0
2024-06-21 08:00:00,64602.01,64602.01,64155.0,64290.0
2024-06-21 08:30:00,64290.0,64290.0,63500.0,63673.58
2024-06-21 09:00:00,63673.52,63800.0,63560.0,63800.0
2024-06-21 09:30:00,63800.0,64239.98,63800.0,64100.0
2024-06-21 10:00:00,64100.0,64100.0,63750.0,63950.0
2024-06-21 10:30:00,63830.3,63999.99,63765.0,63900.0
2024-06-21 11:00:00,63850.0,64043.48,63808.17,64000.0
2024-06-21 11:30:00,64000.0,64025.0,63700.0,63710.0
2024-06-21 12:00:00,63711.0,63851.29,63550.0,63761.27
2024-06-21 12:30:00,63700.0,63890.0,63635.03,63820.0
2024-06-21 13:00:00,63821.0,63889.99,63633.0,63633.0
2024-06-21 13:30:00,63633.0,63850.0,63500.0,63551.01
2024-06-21 14:00:00,63551.01,64000.0,63512.15,63821.11
2024-06-21 14:30:00,64000.0,64161.1,63999.67,64100.0
2024-06-21 15:00:00,64100.0,64149.0,63884.0,63946.05
2024-06-21 15:30:00,63946.05,63946.08,63500.0,63775.31
2024-06-21 16:00:00,63775.17,63775.17,63550.0,63766.35
2024-06-21 16:30:00,63766.35,63780.0,63641.04,63650.0
2024-06-21 17:00:00,63650.0,63785.0,63500.0,63500.01
2024-06-21 17:30:00,63555.69,63762.43,63500.0,63755.99
2024-06-21 18:00:00,63755.99,63860.0,63502.84,63800.15
2024-06-21 18:30:00,63859.0,64000.0,63801.0,64000.0
2024-06-21 19:00:00,64000.0,64100.61,63855.09,63941.0
2024-06-21 19:30:00,63941.0,64145.0,63941.0,63953.82
2024-06-21 20:00:00,63953.93,64160.0,63610.0,64011.2
2024-06-21 20:30:00,64011.48,64149.8,63671.67,63997.31
2024-06-21 21:00:00,63997.31,64000.0,63730.0,63884.82
2024-06-21 21:30:00,63884.82,64091.11,63730.21,63850.02
2024-06-21 22:00:00,63850.02,64143.0,63850.02,64142.99
2024-06-21 22:30:00,64142.99,64150.0,64089.12,64090.0
2024-06-21 23:00:00,64090.0,64161.1,64088.0,64090.0
2024-06-21 23:30:00,64090.0,64090.0,64000.06,64089.91
2024-06-22 00:00:00,64089.91,64089.91,64088.94,64088.94
2024-06-22 00:30:00,64000.0,64092.04,63900.0,63900.0
2024-06-22 01:00:00,63900.0,64086.02,63850.02,63899.0
2024-06-22 01:30:00,63899.0,63899.0,63853.22,63856.44
2024-06-22 02:00:00,63850.03,64086.97,63850.03,63899.52
2024-06-22 02:30:00,63899.52,64161.06,63899.52,63976.7
2024-06-22 03:00:00,64160.28,64161.0,64000.0,64001.97
2024-06-22 03:30:00,64001.97,64161.0,64001.97,64161.0
2024-06-22 04:00:00,64161.0,64161.1,64001.72,64003.19
2024-06-22 04:30:00,64003.19,64198.0,64002.5,64164.1
2024-06-22 05:00:00,64164.1,64195.96,63900.01,63907.09
2024-06-22 05:30:00,63907.09,64189.95,63907.09,63999.11
2024-06-22 06:00:00,64119.99,64188.0,63999.11,64100.0
2024-06-22 06:30:00,64100.0,64190.0,64000.02,64026.02
2024-06-22 07:00:00,64026.02,64190.88,63915.01,63915.01
2024-06-22 07:30:00,64026.0,64150.0,64026.0,64150.0
2024-06-22 08:00:00,64150.0,64150.0,63877.31,64143.96
2024-06-22 08:30:00,63884.06,64142.98,63857.25,64000.06
2024-06-22 09:00:00,64000.06,64100.0,63850.02,63851.12
2024-06-22 09:30:00,63851.16,64088.85,63823.68,64040.0
2024-06-22 10:00:00,63999.0,64089.97,63893.0,64089.97
2024-06-22 10:30:00,64089.0,64089.0,63904.0,63905.0
2024-06-22 11:00:00,63905.0,64088.62,63904.22,63904.22
2024-06-22 11:30:00,63904.22,64089.0,63904.0,64089.0
2024-06-22 12:00:00,64089.0,64142.0,64089.0,64089.0
2024-06-22 12:30:00,64089.0,64139.0,63997.0,64000.0
2024-06-22 13:00:00,63920.0,64135.99,63909.0,63909.0
2024-06-22 13:30:00,63909.0,64128.47,63909.0,63950.0
2024-06-22 14:00:00,63950.57,64117.0,63903.5,64012.0
2024-06-22 14:30:00,64012.0,64124.9,64000.0,64000.03
2024-06-22 15:00:00,64000.03,64099.99,63907.0,63907.12
2024-06-22 15:30:00,63907.12,64089.45,63907.0,63910.03
2024-06-22 16:00:00,63911.24,64074.91,63911.24,64050.0
2024-06-22 16:30:00,64050.0,64075.0,63911.0,64000.0
2024-06-22 17:00:00,64000.0,64075.0,63912.0,63912.09
2024-06-22 17:30:00,63912.0,64049.0,63912.0,63912.09
2024-06-22 18:00:00,63912.09,63999.0,63911.0,63912.0
2024-06-22 18:30:00,63989.0,63990.0,63911.0,63989.0
2024-06-22 19:00:00,63990.0,64049.0,63890.0,63900.0
2024-06-22 19:30:00,63901.02,64042.0,63851.0,63851.0
2024-06-22 20:00:00,63920.0,63997.0,63850.0,63850.0
2024-06-22 20:30:00,63830.0,63930.0,63823.68,63930.0
2024-06-22 21:00:00,63850.0,63930.0,63820.0,63905.0
2024-06-22 21:30:00,63930.0,63998.0,63930.0,63930.0
2024-06-22 22:00:00,63930.0,63997.0,63930.0,63997.0
2024-06-22 22:30:00,63997.0,63998.0,63930.0,63930.0
2024-06-22 23:00:00,63930.0,63997.0,63905.0,63905.0
2024-06-22 23:30:00,63997.0,63997.0,63920.0,63996.0
2024-06-23 00:00:00,63996.0,63996.0,63858.14,63995.0
2024-06-23 00:30:00,63995.0,64000.0,63991.0,64000.0
2024-06-23 01:00:00,64000.0,64139.0,63980.0,64130.0
2024-06-23 01:30:00,64130.0,64187.0,63980.0,64006.7
2024-06-23 02:00:00,64006.7,64006.7,63980.0,63980.0
2024-06-23 02:30:00,63980.0,64186.49,63980.0,64184.95
2024-06-23 03:00:00,64184.95,64209.0,63984.69,64207.34
2024-06-23 03:30:00,64207.34,64207.34,64005.15,64009.84
2024-06-23 04:00:00,64009.84,64180.0,64009.84,64179.94
2024-06-23 04:30:00,64179.94,64179.94,63983.36,64000.0
2024-06-23 05:00:00,64013.96,64177.22,63950.01,63950.01
2024-06-23 05:30:00,64000.0,64098.99,63904.0,64000.0
2024-06-23 06:00:00,64000.0,64150.0,63903.97,64100.0
2024-06-23 06:30:00,63909.01,64099.65,63909.0,63935.0
2024-06-23 07:00:00,63935.0,64100.0,63912.96,64100.0
2024-06-23 07:30:00,64100.0,64100.0,63915.45,63915.45
2024-06-23 08:00:00,64096.0,64100.0,63913.45,64095.0
2024-06-23 08:30:00,64095.0,64095.0,63939.71,63992.0
2024-06-23 09:00:00,63993.0,64150.0,63993.0,64149.0
2024-06-23 09:30:00,64149.0,64149.0,63950.0,64092.0
2024-06-23 10:00:00,64092.0,64099.0,63924.0,63924.0
2024-06-23 10:30:00,63924.0,64098.99,63924.0,63925.0
2024-06-23 11:00:00,64000.0,64000.0,63903.97,63998.0
2024-06-23 11:30:00,63998.0,63998.0,63900.0,63996.0
2024-06-23 12:00:00,63996.0,63998.0,63900.0,63998.0
2024-06-23 12:30:00,63998.0,64000.0,63951.0,63952.0
2024-06-23 13:00:00,63999.99,64069.0,63951.0,63951.0
2024-06-23 13:30:00,63999.0,64069.99,63833.12,63834.06
2024-06-23 14:00:00,63999.0,63999.0,63800.0,63800.0
2024-06-23 14:30:00,63800.0,63996.93,63800.0,63905.0
2024-06-23 15:00:00,63905.0,63929.0,63809.0,63811.48
2024-06-23 15:30:00,63811.48,63925.98,63730.0,63771.0
2024-06-23 16:00:00,63730.01,63800.0,63706.06,63799.99
2024-06-23 16:30:00,63730.0,63799.0,63623.8,63630.0
2024-06-23 17:00:00,63632.22,63730.97,63530.0,63719.0
2024-06-23 17:30:00,63719.0,63795.0,63648.92,63648.92
2024-06-23 18:00:00,63692.0,63789.99,63625.68,63640.0
2024-06-23 18:30:00,63788.98,63789.99,63640.0,63720.0
2024-06-23 19:00:00,63720.0,63789.99,63670.0,63789.99
2024-06-23 19:30:00,63789.99,63820.0,63702.0,63702.0
2024-06-23 20:00:00,63750.0,63820.0,63700.0,63700.0
2024-06-23 20:30:00,63799.0,63799.0,63500.0,63501.0
2024-06-23 21:00:00,63501.0,63733.16,63275.0,63400.0
2024-06-23 21:30:00,63400.0,63759.69,63276.0,63453.75
2024-06-23 22:00:00,63453.75,63699.99,63301.0,63312.0
2024-06-23 22:30:00,63312.0,63496.93,63275.0,63299.0
2024-06-23 23:00:00,63299.0,63318.46,63223.0,63255.0
2024-06-23 23:30:00,63250.0,63397.78,62824.0,62824.01
2024-06-24 00:00:00,62824.01,62979.8,62800.0,62800.0
2024-06-24 00:30:00,62800.0,63000.0,62790.0,62807.08
2024-06-24 01:00:00,62807.23,62998.92,62807.23,62998.71
2024-06-24 01:30:00,62998.62,63150.0,62810.72,63150.0
2024-06-24 02:00:00,63150.0,63299.93,63001.31,63296.63
2024-06-24 02:30:00,63296.63,63296.63,62100.0,62301.02
2024-06-24 03:00:00,62457.62,62800.0,62447.49,62797.58
2024-06-24 03:30:00,62797.58,62926.85,62711.78,62713.0
2024-06-24 04:00:00,62713.0,62899.9,62500.0,62720.85
2024-06-24 04:30:00,62720.82,62870.95,62500.26,62789.89
2024-06-24 05:00:00,62789.89,62800.0,62250.01,62499.88
2024-06-24 05:30:00,62500.0,62608.49,62268.03,62389.3
2024-06-24 06:00:00,62275.15,62388.95,62032.0,62299.7
2024-06-24 06:30:00,62289.97,62399.95,62151.18,62259.17
2024-06-24 07:00:00,62210.31,62300.91,62012.01,62020.32
2024-06-24 07:30:00,62150.55,62400.0,62030.17,62151.43
2024-06-24 08:00:00,62100.0,62399.98,62055.0,62390.0
2024-06-24 08:30:00,62390.0,62700.0,62313.0,62399.01
2024-06-24 09:00:00,62493.75,62697.0,62008.0,62011.0
2024-06-24 09:30:00,62011.0,62011.0,61001.0,61451.39
2024-06-24 10:00:00,61460.8,61500.0,61242.0,61242.08
2024-06-24 10:30:00,61242.12,61369.0,61150.0,61240.37
2024-06-24 11:00:00,61240.38,61241.23,60999.0,60999.0
2024-06-24 11:30:00,60999.99,61242.06,60800.0,61201.0
2024-06-24 12:00:00,61201.0,61701.0,61174.0,61283.0
2024-06-24 12:30:00,61283.0,61300.0,60800.02,61105.53
2024-06-24 13:00:00,60913.09,61107.12,60900.01,61107.12
2024-06-24 13:30:00,61150.0,61592.93,61150.0,61550.0
2024-06-24 14:00:00,61550.0,61799.96,61359.0,61362.66
2024-06-24 14:30:00,61350.0,61486.24,61110.02,61361.39
2024-06-24 15:00:00,61361.4,61371.39,61123.15,61200.0
2024-06-24 15:30:00,61200.0,61200.0,60800.0,60800.04
2024-06-24 16:00:00,60800.04,60905.24,60620.0,60899.96
2024-06-24 16:30:00,60899.0,60900.0,60100.0,60218.57
2024-06-24 17:00:00,60219.0,60451.19,60001.01,60022.56
2024-06-24 17:30:00,60009.0,60337.78,60000.0,60256.0
2024-06-24 18:00:00,60255.0,60450.39,59890.0,60450.39
2024-06-24 18:30:00,60450.39,60450.39,60300.0,60444.0
2024-06-24 19:00:00,60420.0,60470.39,60008.02,60008.42
2024-06-24 19:30:00,60010.0,60900.0,59200.0,59242.95
2024-06-24 20:00:00,59242.98,59561.4,59009.03,59011.0
2024-06-24 20:30:00,59009.03,59549.99,58795.0,59549.95
2024-06-24 21:00:00,59549.92,59899.96,59482.62,59870.94
2024-06-24 21:30:00,59725.01,60800.0,59725.01,60134.87
2024-06-24 22:00:00,60137.18,60341.95,60000.09,60199.99
2024-06-24 22:30:00,60198.0,60500.0,60050.0,60179.34
2024-06-24 23:00:00,60106.1,60229.17,60055.1,60228.87
2024-06-24 23:30:00,60228.87,60436.68,60228.87,60349.97
2024-06-25 00:00:00,60249.37,60329.62,60112.87,60318.0
2024-06-25 00:30:00,60318.0,60476.0,60152.63,60470.6
2024-06-25 01:00:00,60470.6,60500.0,60288.26,60454.98
2024-06-25 01:30:00,60372.9,60446.2,60297.03,60411.25
2024-06-25 02:00:00,60455.0,60550.0,60411.26,60533.87
2024-06-25 02:30:00,60533.87,60699.67,60412.22,60649.76
2024-06-25 03:00:00,60649.52,61200.0,60474.1,61200.0
2024-06-25 03:30:00,61200.0,61538.08,61115.95,61115.95
2024-06-25 04:00:00,61288.94,61381.2,61116.12,61284.41
2024-06-25 04:30:00,61284.41,61300.0,61200.17,61300.0
2024-06-25 05:00:00,61350.75,61421.46,61212.37,61354.78
2024-06-25 05:30:00,61354.78,61359.59,61000.0,61083.13
2024-06-25 06:00:00,61083.13,61083.13,60870.0,61000.01
2024-06-25 06:30:00,61000.01,61500.0,60906.43,61233.99
2024-06-25 07:00:00,61233.98,61233.98,60875.21,60875.21
2024-06-25 07:30:00,60881.0,60881.0,60534.0,60635.82
2024-06-25 08:00:00,60502.27,60943.08,60502.27,60819.0
2024-06-25 08:30:00,60731.0,60887.63,60600.18,60883.41
2024-06-25 09:00:00,60887.63,60999.0,60884.0,60900.0
2024-06-25 09:30:00,60901.0,61485.12,60900.01,61413.31
2024-06-25 10:00:00,61413.17,61485.0,61163.0,61284.91
2024-06-25 10:30:00,61284.91,61284.91,61182.0,61248.9
2024-06-25 11:00:00,61248.9,61248.9,61000.0,61245.87
2024-06-25 11:30:00,61170.01,61210.0,61000.0,61197.47
2024-06-25 12:00:00,61100.03,61198.9,61000.0,61002.17
2024-06-25 12:30:00,61003.08,61198.84,61003.0,61059.97
2024-06-25 13:00:00,61059.97,61196.92,61003.0,61196.92
2024-06-25 13:30:00,61196.92,61199.99,61003.23,61194.73
2024-06-25 14:00:00,61194.73,61807.95,61100.01,61800.0
2024-06-25 14:30:00,61807.95,61927.17,61640.01,61821.35
2024-06-25 15:00:00,61800.0,61999.0,61300.0,61741.57
2024-06-25 15:30:00,61722.01,61984.12,61722.01,61850.0
2024-06-25 16:00:00,61850.0,61998.79,61500.05,61529.11
2024-06-25 16:30:00,61529.11,61549.97,61300.0,61437.45
2024-06-25 17:00:00,61300.0,61800.0,61300.0,61799.9
2024-06-25 17:30:00,61799.74,61799.74,61499.93,61499.93
2024-06-25 18:00:00,61499.97,61899.99,61111.0,61750.03
2024-06-25 18:30:00,61900.0,62000.0,61602.06,62000.0
2024-06-25 19:00:00,61990.01,62200.0,61654.49,61848.87
2024-06-25 19:30:00,61664.42,62159.19,61650.0,62159.14
2024-06-25 20:00:00,62159.14,62159.19,61798.68,61976.59
2024-06-25 20:30:00,61976.59,62196.0,61820.13,61820.48
2024-06-25 21:00:00,61820.48,61970.58,61800.0,61890.0
2024-06-25 21:30:00,61900.0,61999.99,61820.32,61900.0
2024-06-25 22:00:00,61900.0,62087.74,61853.0,62087.74
2024-06-25 22:30:00,62087.74,62087.74,61853.0,61944.98
2024-06-25 23:00:00,61944.98,61980.82,61600.01,61726.5
2024-06-25 23:30:00,61726.52,61749.97,61600.48,61725.91
2024-06-26 00:00:00,61747.94,61750.0,61606.75,61750.0
2024-06-26 00:30:00,61750.0,61750.0,61650.21,61650.78
2024-06-26 01:00:00,61650.78,62071.61,61650.78,61728.32
2024-06-26 01:30:00,61728.32,62084.0,61728.32,62084.0
2024-06-26 02:00:00,62084.0,62088.0,61993.97,62088.0
2024-06-26 02:30:00,62015.55,62088.0,62015.55,62087.88
2024-06-26 03:00:00,62087.88,62088.0,61950.0,62003.74
2024-06-26 03:30:00,62003.74,62003.74,61800.04,61800.12
2024-06-26 04:00:00,61800.02,61850.0,61660.0,61700.02
2024-06-26 04:30:00,61700.0,61700.0,61606.0,61606.0
2024-06-26 05:00:00,61606.01,61779.99,61501.0,61501.0
2024-06-26 05:30:00,61501.0,61739.98,61501.0,61550.0
2024-06-26 06:00:00,61556.0,61599.99,61500.0,61500.0
2024-06-26 06:30:00,61500.0,61500.0,61275.0,61358.28
2024-06-26 07:00:00,61429.0,61500.46,61250.0,61250.03
2024-06-26 07:30:00,61250.17,61655.0,61250.17,61649.97
2024-06-26 08:00:00,61600.01,61647.95,61250.35,61300.7
2024-06-26 08:30:00,61300.76,61654.99,61000.0,61140.06
2024-06-26 09:00:00,61283.73,61284.3,61150.0,61200.0
2024-06-26 09:30:00,61200.0,61270.0,61115.03,61266.94
2024-06-26 10:00:00,61115.28,61269.9,60814.63,61000.0
2024-06-26 10:30:00,60999.97,61268.99,60823.17,60999.0
2024-06-26 11:00:00,60911.0,61285.0,60911.0,61275.0
2024-06-26 11:30:00,61250.0,61275.0,61184.9,61185.62
2024-06-26 12:00:00,61185.62,61283.0,61000.1,61275.0
2024-06-26 12:30:00,61275.0,61283.0,61100.0,61282.79
2024-06-26 13:00:00,61282.79,61344.88,61131.0,61344.88
2024-06-26 13:30:00,61344.88,61650.0,61344.88,61647.99
2024-06-26 14:00:00,61401.09,61650.0,61344.97,61409.01
2024-06-26 14:30:00,61409.0,61630.0,61409.0,61630.0
2024-06-26 15:00:00,61500.01,61625.96,61060.18,61100.0
2024-06-26 15:30:00,61070.09,61378.97,61070.09,61101.02
2024-06-26 16:00:00,61101.11,61480.0,61101.11,61300.37
2024-06-26 16:30:00,61300.37,61300.49,61069.0,61069.47
2024-06-26 17:00:00,61189.67,61189.67,60690.0,60756.57
2024-06-26 17:30:00,60756.57,61150.0,60756.57,60999.0
2024-06-26 18:00:00,60911.06,60999.0,60800.0,60988.93
2024-06-26 18:30:00,60800.24,60978.96,60651.0,60849.82
2024-06-26 19:00:00,60849.82,60849.82,60520.0,60600.0
2024-06-26 19:30:00,60600.0,60900.0,60520.0,60670.06
2024-06-26 20:00:00,60670.07,60800.0,60601.0,60602.68
2024-06-26 20:30:00,60602.47,60796.56,60601.0,60793.52
2024-06-26 21:00:00,60793.52,60799.0,60601.0,60748.0
2024-06-26 21:30:00,60750.0,60799.0,60737.36,60799.0
2024-06-26 22:00:00,60799.0,60799.0,60639.0,60645.01
2024-06-26 22:30:00,60645.01,60798.82,60601.0,60615.06
2024-06-26 23:00:00,60615.03,60794.32,60520.02,60698.3
2024-06-26 23:30:00,60698.3,60698.3,60550.7,60650.0
2024-06-27 00:00:00,60650.0,60697.76,60524.0,60697.72
2024-06-27 00:30:00,60697.72,60799.0,60536.31,60593.77
2024-06-27 01:00:00,60593.77,60687.99,60593.77,60687.99
2024-06-27 01:30:00,60687.99,60799.0,60675.68,60797.0
2024-06-27 02:00:00,60797.0,60799.0,60650.0,60650.06
2024-06-27 02:30:00,60650.06,60651.58,60650.0,60650.01
2024-06-27 03:00:00,60651.55,60799.0,60557.0,60799.0
2024-06-27 03:30:00,60799.0,60799.0,60637.0,60637.42
2024-06-27 04:00:00,60799.0,60959.99,60668.7,60959.93
2024-06-27 04:30:00,60959.93,60959.99,60752.23,60900.0
2024-06-27 05:00:00,60900.0,60959.78,60796.0,60802.0
2024-06-27 05:30:00,60796.0,60805.01,60531.0,60668.88
2024-06-27 06:00:00,60531.03,60749.98,60520.02,60520.03
2024-06-27 06:30:00,60521.02,60649.99,60520.02,60559.0
2024-06-27 07:00:00,60559.0,60729.99,60522.0,60729.87
2024-06-27 07:30:00,60729.87,60729.87,60522.0,60728.74
2024-06-27 08:00:00,60522.4,60727.74,60507.0,60551.0
2024-06-27 08:30:00,60550.0,60689.83,60369.0,60402.09
2024-06-27 09:00:00,60402.09,60690.0,60402.09,60690.0
2024-06-27 09:30:00,60690.0,61069.4,60664.65,61000.0
2024-06-27 10:00:00,61005.87,61249.99,60802.02,60999.0
2024-06-27 10:30:00,60924.04,61137.0,60735.7,60800.0
2024-06-27 11:00:00,60800.0,61000.0,60800.0,60853.03
2024-06-27 11:30:00,60853.06,61088.99,60853.03,60900.0
2024-06-27 12:00:00,60900.0,61100.0,60900.0,60993.84
2024-06-27 12:30:00,60993.84,61150.0,60822.94,60941.12
2024-06-27 13:00:00,61119.55,61478.96,60899.0,61350.01
2024-06-27 13:30:00,61400.95,61500.0,61350.01,61451.51
2024-06-27 14:00:00,61497.0,61998.96,61497.0,61900.0
2024-06-27 14:30:00,61820.07,61900.0,61305.0,61305.0
2024-06-27 15:00:00,61300.01,61586.43,61010.05,61395.61
2024-06-27 15:30:00,61395.61,61395.61,61148.05,61394.51
2024-06-27 16:00:00,61394.51,61394.51,61149.54,61227.78
2024-06-27 16:30:00,61299.0,61394.61,61148.94,61326.39
2024-06-27 17:00:00,61326.39,61567.58,61307.52,61566.0
2024-06-27 17:30:00,61566.0,61566.0,61400.0,61497.99
2024-06-27 18:00:00,61429.36,61497.99,61350.01,61420.0
2024-06-27 18:30:00,61420.0,61555.99,61350.0,61350.0
2024-06-27 19:00:00,61400.0,61418.99,61161.05,61398.78
2024-06-27 19:30:00,61176.0,61393.03,61109.12,61349.93
2024-06-27 20:00:00,61349.93,61349.93,61049.0,61269.99
2024-06-27 20:30:00,61098.24,61249.99,61021.0,61100.0
2024-06-27 21:00:00,61100.0,61384.99,61100.0,61102.75
2024-06-27 21:30:00,61102.75,61289.54,61100.0,61112.4
2024-06-27 22:00:00,61288.89,61289.0,61099.39,61275.0
2024-06-27 22:30:00,61275.0,61288.8,61199.99,61199.99
2024-06-27 23:00:00,61199.99,61288.8,61172.97,61190.35
2024-06-27 23:30:00,61190.35,61288.8,61173.96,61173.96
2024-06-28 00:00:00,61173.96,61288.8,61171.28,61288.8
2024-06-28 00:30:00,61288.8,61288.8,61080.0,61080.01
2024-06-28 01:00:00,61080.01,61700.01,61080.0,61700.0
2024-06-28 01:30:00,61700.0,61800.0,61420.72,61420.73
2024-06-28 02:00:00,61610.0,61796.37,61540.58,61793.52
2024-06-28 02:30:00,61793.52,61793.52,61385.61,61400.0
2024-06-28 03:00:00,61400.0,61621.99,61385.62,61621.07
2024-06-28 03:30:00,61620.66,61621.84,61400.26,61500.0
2024-06-28 04:00:00,61390.01,61608.84,61188.66,61188.66
2024-06-28 04:30:00,61188.66,61349.0,61161.0,61273.36
2024-06-28 05:00:00,61349.0,61349.0,61188.66,61188.66
2024-06-28 05:30:00,61188.66,61188.66,61084.0,61100.0
2024-06-28 06:00:00,61100.0,61188.66,61100.0,61150.0
2024-06-28 06:30:00,61165.72,61300.0,61150.0,61249.01
2024-06-28 07:00:00,61249.01,61396.21,61180.0,61181.84
2024-06-28 07:30:00,61181.84,61300.0,61080.01,61292.84
2024-06-28 08:00:00,61291.95,61291.95,60900.0,60980.0
2024-06-28 08:30:00,60980.02,61296.67,60970.04,61199.7
2024-06-28 09:00:00,61017.09,61200.0,61001.14,61016.0
2024-06-28 09:30:00,61050.0,61293.99,61016.02,61200.0
2024-06-28 10:00:00,61200.0,61290.0,61196.0,61196.0
2024-06-28 10:30:00,61198.0,61294.0,61108.52,61291.09
2024-06-28 11:00:00,61117.41,61294.0,61117.41,61281.3
2024-06-28 11:30:00,61294.0,61443.29,61255.0,61399.0
2024-06-28 12:00:00,61399.0,61500.0,61282.27,61283.01
2024-06-28 12:30:00,61400.0,61499.45,61111.37,61112.36
2024-06-28 13:00:00,61112.36,61279.96,61111.37,61279.96
2024-06-28 13:30:00,61279.96,61421.46,61115.77,61120.0
2024-06-28 14:00:00,61121.0,61399.61,60970.05,60970.06
2024-06-28 14:30:00,60989.0,61000.0,60530.0,60666.0
2024-06-28 15:00:00,60666.0,60923.35,60600.0,60734.98
2024-06-28 15:30:00,60850.0,60950.0,60800.03,60850.23
2024-06-28 16:00:00,60850.23,60963.9,60735.0,60755.0
2024-06-28 16:30:00,60755.18,60849.65,60600.0,60700.01
2024-06-28 17:00:00,60700.01,60999.69,60650.0,60851.18
2024-06-28 17:30:00,60851.18,60999.59,60501.0,60649.94
2024-06-28 18:00:00,60649.94,60649.94,60511.03,60649.87
2024-06-28 18:30:00,60649.87,60886.1,60648.0,60648.02
2024-06-28 19:00:00,60885.7,60885.7,60200.0,60251.03
2024-06-28 19:30:00,60251.03,60409.61,60100.0,60100.0
2024-06-28 20:00:00,60087.72,60350.0,60068.58,60300.0
2024-06-28 20:30:00,60300.0,60349.99,60100.35,60200.0
2024-06-28 21:00:00,60200.0,60402.34,60200.0,60399.94
2024-06-28 21:30:00,60399.94,60403.64,60200.91,60213.24
2024-06-28 22:00:00,60389.53,60409.95,60213.32,60225.34
2024-06-28 22:30:00,60320.89,60432.87,60226.01,60231.24
2024-06-28 23:00:00,60246.98,60428.97,60246.98,60428.97
2024-06-28 23:30:00,60428.97,60466.41,60300.54,60300.54
2024-06-29 00:00:00,60479.63,60631.75,60300.99,60514.37
2024-06-29 00:30:00,60511.0,60750.0,60511.0,60750.0
2024-06-29 01:00:00,60750.0,60925.02,60749.99,60900.03
2024-06-29 01:30:00,60900.03,60964.6,60900.03,60900.09
2024-06-29 02:00:00,60900.09,60999.84,60731.3,60936.8
2024-06-29 02:30:00,60936.8,60936.8,60520.22,60522.0
2024-06-29 03:00:00,60522.0,60522.0,60521.55,60522.0
2024-06-29 03:30:00,60522.0,60550.0,60522.0,60550.0
2024-06-29 04:00:00,60550.0,60639.99,60500.0,60511.0
2024-06-29 04:30:00,60610.0,60697.94,60400.0,60695.03
2024-06-29 05:00:00,60695.03,60695.03,60400.0,60649.97
2024-06-29 05:30:00,60649.97,60649.97,60403.18,60500.0
2024-06-29 06:00:00,60500.0,60647.52,60400.0,60400.0
2024-06-29 06:30:00,60400.0,60649.99,60400.0,60649.99
2024-06-29 07:00:00,60649.99,60849.0,60630.0,60719.19
2024-06-29 07:30:00,60820.0,60847.0,60662.61,60721.0
2024-06-29 08:00:00,60721.0,60845.99,60720.0,60720.0
2024-06-29 08:30:00,60720.0,60843.94,60554.0,60554.12
2024-06-29 09:00:00,60554.17,60700.0,60553.98,60700.0
2024-06-29 09:30:00,60700.0,60700.0,60553.98,60554.01
2024-06-29 10:00:00,60554.01,60694.99,60554.01,60685.0
2024-06-29 10:30:00,60700.0,60800.0,60567.18,60700.0
2024-06-29 11:00:00,60700.0,60750.0,60570.2,60749.41
2024-06-29 11:30:00,60749.41,60999.99,60596.19,60811.24
2024-06-29 12:00:00,60949.93,61189.0,60753.01,60754.01
2024-06-29 12:30:00,60880.0,60959.99,60716.0,60716.09
2024-06-29 13:00:00,60716.09,60898.61,60714.01,60714.01
2024-06-29 13:30:00,60799.0,61100.0,60714.01,60897.94
2024-06-29 14:00:00,60820.0,60820.0,60606.19,60707.55
2024-06-29 14:30:00,60707.55,60898.65,60609.19,60609.92
2024-06-29 15:00:00,60609.92,60896.69,60609.92,60626.83
2024-06-29 15:30:00,60700.0,60900.0,60626.47,60704.56
2024-06-29 16:00:00,60900.0,60900.0,60700.0,60799.99
2024-06-29 16:30:00,60700.01,60858.99,60700.0,60850.83
2024-06-29 17:00:00,60700.0,60850.0,60600.0,60839.88
2024-06-29 17:30:00,60839.62,60839.62,60570.21,60600.01
2024-06-29 18:00:00,60700.0,60749.99,60600.0,60608.57
2024-06-29 18:30:00,60608.57,60669.0,60552.98,60621.56
2024-06-29 19:00:00,60621.56,60848.6,60552.98,60603.39
2024-06-29 19:30:00,60603.39,60955.0,60603.39,60750.66
2024-06-29 20:00:00,60898.08,60899.07,60750.0,60751.0
2024-06-29 20:30:00,60751.03,60893.85,60751.03,60783.0
2024-06-29 21:00:00,60783.0,60893.5,60750.5,60893.32
2024-06-29 21:30:00,60770.0,60850.0,60770.0,60850.0
2024-06-29 22:00:00,60850.0,60893.35,60750.0,60888.91
2024-06-29 22:30:00,60888.91,60889.0,60750.0,60750.01
2024-06-29 23:00:00,60750.01,60877.84,60750.0,60750.0
2024-06-29 23:30:00,60750.0,60877.75,60650.5,60650.51
2024-06-30 00:00:00,60875.37,60875.37,60620.0,60620.0
2024-06-30 00:30:00,60620.0,60700.0,60600.0,60632.88
2024-06-30 01:00:00,60632.88,60700.0,60600.0,60700.0
2024-06-30 01:30:00,60876.03,60876.03,60600.59,60600.59
2024-06-30 02:00:00,60600.57,60610.15,60552.98,60552.99
2024-06-30 02:30:00,60552.99,60610.09,60500.0,60610.09
2024-06-30 03:00:00,60610.09,60861.01,60610.09,60610.1
2024-06-30 03:30:00,60610.1,60860.21,60500.0,60505.85
2024-06-30 04:00:00,60505.99,60799.56,60429.52,60429.52
2024-06-30 04:30:00,60429.52,60689.71,60376.58,60376.95
2024-06-30 05:00:00,60351.24,60689.19,60351.0,60597.69
2024-06-30 05:30:00,60597.69,60688.93,60380.11,60500.0
2024-06-30 06:00:00,60500.0,60580.0,60500.0,60500.0
2024-06-30 06:30:00,60500.0,60800.0,60500.0,60684.98
2024-06-30 07:00:00,60684.97,61369.36,60684.97,61249.99
2024-06-30 07:30:00,61250.0,61363.0,61005.37,61050.12
2024-06-30 08:00:00,61243.99,61358.99,61020.0,61195.0
2024-06-30 08:30:00,61194.88,61195.0,61053.32,61150.0
2024-06-30 09:00:00,61150.0,61367.0,61105.35,61299.0
2024-06-30 09:30:00,61164.83,61367.0,61150.01,61343.91
2024-06-30 10:00:00,61150.68,61352.0,61125.9,61125.9
2024-06-30 10:30:00,61125.91,61333.0,61102.12,61111.0
2024-06-30 11:00:00,61111.0,61300.0,61111.0,61212.0
2024-06-30 11:30:00,61212.0,61334.0,61205.54,61330.0
2024-06-30 12:00:00,61115.38,61332.0,61115.38,61197.16
2024-06-30 12:30:00,61197.16,61200.0,61000.04,61032.16
2024-06-30 13:00:00,61032.16,61200.0,61032.16,61127.3
2024-06-30 13:30:00,61200.0,61334.0,61200.0,61334.0
2024-06-30 14:00:00,61334.0,61368.0,61274.06,61287.0
2024-06-30 14:30:00,61300.0,61300.0,61196.0,61220.0
2024-06-30 15:00:00,61220.0,61298.0,61211.0,61225.0
2024-06-30 15:30:00,61224.31,61355.0,61224.31,61265.42
2024-06-30 16:00:00,61350.0,61374.96,61206.03,61263.0
2024-06-30 16:30:00,61369.94,61400.0,61250.0,61314.33
2024-06-30 17:00:00,61314.2,61450.0,61314.2,61444.0
2024-06-30 17:30:00,61450.0,61450.0,61353.71,61401.0
2024-06-30 18:00:00,61399.0,61410.0,61250.82,61300.0
2024-06-30 18:30:00,61300.0,61666.0,61300.0,61666.0
2024-06-30 19:00:00,61695.0,61695.0,61400.01,61648.0
2024-06-30 19:30:00,61648.0,61650.0,61535.22,61616.87
2024-06-30 20:00:00,61616.87,61899.0,61570.17,61850.0
2024-06-30 20:30:00,61850.0,61909.0,61595.59,61696.0
2024-06-30 21:00:00,61696.0,61837.45,61509.0,61532.07
2024-06-30 21:30:00,61533.17,61798.63,61533.15,61649.99
2024-06-30 22:00:00,61649.99,62480.0,61605.72,62478.89
2024-06-30 22:30:00,62478.92,62500.0,62342.53,62469.0
2024-06-30 23:00:00,62402.0,62600.0,62402.0,62499.0
2024-06-30 23:30:00,62499.0,62623.0,62461.0,62500.01
2024-07-01 00:00:00,62500.0,62623.88,62244.02,62249.5
2024-07-01 00:30:00,62249.5,62500.0,62249.5,62410.55
2024-07-01 01:00:00,62500.0,63131.0,62500.0,63100.0
2024-07-01 01:30:00,63100.0,63320.0,63082.51,63180.0
2024-07-01 02:00:00,63320.0,63380.0,63105.05,63245.0
2024-07-01 02:30:00,63243.07,63250.0,62928.69,62950.0
2024-07-01 03:00:00,62950.0,63250.0,62949.94,63018.0
2024-07-01 03:30:00,62999.2,63100.0,62700.0,63000.0
2024-07-01 04:00:00,63000.0,63000.0,62800.0,62906.04
2024-07-01 04:30:00,62898.21,62906.05,62700.0,62842.0
2024-07-01 05:00:00,62842.0,63199.95,62840.0,63184.7
2024-07-01 05:30:00,63184.7,63200.0,62993.0,63006.0
2024-07-01 06:00:00,63006.0,63100.0,62882.22,63000.0
2024-07-01 06:30:00,63002.0,63088.0,62898.9,62999.0
2024-07-01 07:00:00,62900.0,62990.0,62899.0,62911.81
2024-07-01 07:30:00,62900.0,63145.97,62856.8,63145.97
2024-07-01 08:00:00,63145.98,63149.0,62801.0,62801.01
2024-07-01 08:30:00,62801.01,62840.0,62402.0,62590.0
2024-07-01 09:00:00,62590.0,62590.0,62402.0,62403.0
2024-07-01 09:30:00,62403.0,62580.0,62403.0,62570.0
2024-07-01 10:00:00,62580.0,62654.0,62570.0,62580.0
2024-07-01 10:30:00,62575.0,62654.0,62573.0,62653.0
2024-07-01 11:00:00,62654.0,62654.0,62500.0,62501.0
2024-07-01 11:30:00,62600.0,62600.0,62365.0,62365.0
2024-07-01 12:00:00,62365.0,62550.0,62327.0,62401.03
2024-07-01 12:30:00,62401.0,62548.13,62327.01,62499.0
2024-07-01 13:00:00,62539.0,62649.56,62499.0,62500.49
2024-07-01 13:30:00,62649.0,62654.0,62313.0,62313.39
2024-07-01 14:00:00,62313.39,62593.75,62313.23,62350.33
2024-07-01 14:30:00,62588.34,62588.34,62391.0,62500.0
2024-07-01 15:00:00,62500.0,62656.0,62450.56,62656.0
2024-07-01 15:30:00,62656.0,62840.0,62608.0,62839.98
2024-07-01 16:00:00,62840.0,63196.99,62750.0,63082.63
2024-07-01 16:30:00,63097.94,63150.0,62885.92,62885.92
2024-07-01 17:00:00,62848.0,62986.0,62750.0,62985.0
2024-07-01 17:30:00,62980.0,63200.0,62917.01,63199.9
2024-07-01 18:00:00,63200.0,63400.0,63120.44,63129.38
2024-07-01 18:30:00,63120.0,63340.0,63001.58,63220.64
2024-07-01 19:00:00,63299.0,63300.0,63000.0,63001.0
2024-07-01 19:30:00,62980.04,63000.0,62316.02,62680.74
2024-07-01 20:00:00,62899.85,63000.0,62334.0,63000.0
2024-07-01 20:30:00,62978.0,63082.0,62845.68,62886.0
2024-07-01 21:00:00,62886.0,62887.16,62806.0,62806.0
2024-07-01 21:30:00,62806.0,62989.65,62701.0,62849.96
2024-07-01 22:00:00,62849.96,62879.94,62400.01,62400.01
2024-07-01 22:30:00,62400.01,62726.93,62400.0,62522.79
2024-07-01 23:00:00,62522.79,62787.83,62522.79,62787.83
2024-07-01 23:30:00,62501.0,62699.77,62410.05,62650.0
2024-07-02 00:00:00,62650.0,62687.97,62403.0,62687.84
2024-07-02 00:30:00,62687.84,62687.97,62520.0,62618.86
2024-07-02 01:00:00,62618.86,62620.0,62430.92,62507.65
2024-07-02 01:30:00,62507.65,62507.65,62429.12,62453.25
2024-07-02 02:00:00,62453.25,62620.0,62453.25,62620.0
2024-07-02 02:30:00,62687.97,62700.0,62621.0,62680.0
2024-07-02 03:00:00,62680.0,62680.0,62621.0,62680.0
2024-07-02 03:30:00,62680.0,62888.97,62680.0,62799.0
2024-07-02 04:00:00,62799.0,62888.99,62689.21,62888.45
2024-07-02 04:30:00,62888.32,62888.83,62676.97,62676.98
2024-07-02 05:00:00,62676.98,62885.66,62600.0,62619.77
2024-07-02 05:30:00,62619.77,62747.89,62619.77,62747.89
2024-07-02 06:00:00,62747.89,62849.87,62577.36,62577.36
2024-07-02 06:30:00,62577.36,62577.36,62500.0,62501.2
2024-07-02 07:00:00,62501.2,62699.99,62335.0,62444.0
2024-07-02 07:30:00,62440.0,62444.0,62250.01,62250.01
2024-07-02 08:00:00,62250.01,62400.0,62244.0,62293.47
2024-07-02 08:30:00,62293.49,62439.99,62293.47,62438.01
2024-07-02 09:00:00,62438.0,62699.98,62438.0,62441.13
2024-07-02 09:30:00,62438.0,62638.39,62438.0,62440.12
2024-07-02 10:00:00,62440.12,62583.23,62294.0,62294.3
2024-07-02 10:30:00,62294.53,62555.0,62294.04,62500.0
2024-07-02 11:00:00,62500.0,62583.06,62500.0,62550.0
2024-07-02 11:30:00,62550.0,62699.0,62500.0,62600.0
2024-07-02 12:00:00,62600.0,62698.7,62510.0,62510.0
2024-07-02 12:30:00,62510.0,62776.99,62401.0,62774.85
2024-07-02 13:00:00,62773.99,62773.99,62700.0,62700.0
2024-07-02 13:30:00,62769.0,62770.0,62461.19,62461.2
2024-07-02 14:00:00,62461.2,62461.24,62002.0,62154.96
2024-07-02 14:30:00,62154.96,62154.96,61721.0,61860.0
2024-07-02 15:00:00,61862.01,62000.0,61801.21,61976.95
2024-07-02 15:30:00,61976.95,61976.95,61812.0,61820.0
2024-07-02 16:00:00,61815.0,61839.97,61600.18,61625.21
2024-07-02 16:30:00,61625.24,61995.77,61625.24,61799.0
2024-07-02 17:00:00,61799.0,61990.8,61750.0,61990.8
2024-07-02 17:30:00,61990.0,62072.98,61860.56,62040.0
2024-07-02 18:00:00,62040.0,62200.0,62040.0,62199.0
2024-07-02 18:30:00,62199.0,62200.0,62120.24,62196.0
2024-07-02 19:00:00,62196.0,62199.0,61900.26,61900.26
2024-07-02 19:30:00,62050.95,62050.98,61811.0,61811.0
2024-07-02 20:00:00,61811.0,62000.0,61810.02,61999.0
2024-07-02 20:30:00,61901.62,62080.91,61901.62,61955.06
2024-07-02 21:00:00,61955.06,62075.0,61825.03,61930.0
2024-07-02 21:30:00,61987.54,61999.99,61901.87,61975.05
2024-07-02 22:00:00,61968.74,61999.97,61930.0,61999.97
2024-07-02 22:30:00,61999.97,62000.0,61920.0,62000.0
2024-07-02 23:00:00,61999.99,62000.0,61920.0,61930.0
2024-07-02 23:30:00,61930.0,62000.0,61930.0,61950.0
2024-07-03 00:00:00,61950.0,62098.98,61950.0,62098.98
2024-07-03 00:30:00,62098.98,62098.98,61972.07,62098.98
2024-07-03 01:00:00,62098.98,62098.98,61900.0,61900.0
2024-07-03 01:30:00,61900.0,62061.65,61450.0,61450.0
2024-07-03 02:00:00,61450.0,61450.0,61260.0,61260.0
2024-07-03 02:30:00,61260.0,61260.0,61100.0,61248.66
2024-07-03 03:00:00,61248.66,61289.85,60650.0,60720.61
2024-07-03 03:30:00,60720.61,60720.61,60648.63,60650.02
2024-07-03 04:00:00,60710.0,60897.08,60650.02,60800.06
2024-07-03 04:30:00,60800.06,60800.06,60638.0,60638.0
2024-07-03 05:00:00,60649.24,60799.21,60649.0,60701.03
2024-07-03 05:30:00,60701.03,61000.0,60693.0,60990.0
2024-07-03 06:00:00,61000.0,61200.0,61000.0,61188.97
2024-07-03 06:30:00,61100.0,61139.97,60986.0,60986.0
2024-07-03 07:00:00,60985.01,61061.7,60910.0,60910.0
2024-07-03 07:30:00,60910.0,61037.37,60800.0,60800.24
2024-07-03 08:00:00,60800.24,60929.66,60750.3,60800.0
2024-07-03 08:30:00,60791.1,60800.0,60638.02,60638.02
2024-07-03 09:00:00,60621.01,60705.34,60420.39,60705.34
2024-07-03 09:30:00,60705.34,60705.34,60587.25,60648.96
2024-07-03 10:00:00,60646.99,60648.9,60100.0,60125.0
2024-07-03 10:30:00,60158.99,60368.41,60000.0,60368.41
2024-07-03 11:00:00,60368.41,60477.02,60205.0,60220.01
2024-07-03 11:30:00,60220.01,60448.39,60205.0,60448.39
2024-07-03 12:00:00,60448.39,60448.39,60215.0,60356.94
2024-07-03 12:30:00,60356.0,60356.96,60012.95,60110.0
2024-07-03 13:00:00,60150.29,60369.51,59899.99,60369.51
2024-07-03 13:30:00,60369.51,60649.88,60290.03,60637.88
2024-07-03 14:00:00,60637.88,60649.89,60480.0,60480.0
2024-07-03 14:30:00,60400.0,60442.58,60216.05,60250.1
2024-07-03 15:00:00,60250.1,60516.46,60123.0,60494.43
2024-07-03 15:30:00,60494.43,60534.6,60269.36,60269.36
2024-07-03 16:00:00,60269.36,60632.17,60250.0,60632.17
2024-07-03 16:30:00,60632.17,60632.17,60268.2,60440.15
2024-07-03 17:00:00,60440.15,60546.15,60440.0,60519.99
2024-07-03 17:30:00,60509.97,60509.98,60200.03,60295.0
2024-07-03 18:00:00,60300.0,60414.17,60210.03,60413.89
2024-07-03 18:30:00,60413.0,60413.83,60299.97,60299.97
2024-07-03 19:00:00,60290.97,60300.0,59911.01,60106.69
2024-07-03 19:30:00,60132.1,60132.1,59800.0,59801.1
2024-07-03 20:00:00,59800.0,59886.53,59774.1,59793.99
2024-07-03 20:30:00,59793.0,59872.41,59650.0,59650.0
2024-07-03 21:00:00,59700.0,59872.4,59595.0,59839.0
2024-07-03 21:30:00,59840.0,60300.0,59840.0,60300.0
2024-07-03 22:00:00,60300.0,60300.0,60051.05,60282.02
2024-07-03 22:30:00,60282.02,60379.87,60203.61,60379.43
2024-07-03 23:00:00,60380.0,60400.0,60280.01,60399.6
2024-07-03 23:30:00,60280.78,60397.3,60280.0,60280.0
2024-07-04 00:00:00,60280.0,60399.0,60220.0,60350.0
2024-07-04 00:30:00,60350.0,60405.0,60350.0,60405.0
2024-07-04 01:00:00,60405.0,60413.74,59940.06,60180.12
2024-07-04 01:30:00,60180.12,60214.25,59050.0,59050.0
2024-07-04 02:00:00,59050.0,59627.17,58800.0,58840.1
2024-07-04 02:30:00,58994.76,59170.09,58846.08,59099.74
2024-07-04 03:00:00,59099.74,59100.04,58920.0,58920.0
2024-07-04 03:30:00,58920.0,59381.43,58843.61,59300.0
2024-07-04 04:00:00,59100.25,59300.0,58901.54,59019.99
2024-07-04 04:30:00,59010.67,59100.0,58900.0,59099.73
2024-07-04 05:00:00,59099.73,59100.0,58911.0,59070.8
2024-07-04 05:30:00,59030.0,59300.0,58912.0,59199.57
2024-07-04 06:00:00,59199.49,59199.49,58880.0,58880.0
2024-07-04 06:30:00,58882.0,59321.66,58800.0,59000.0
2024-07-04 07:00:00,59000.0,59299.99,58910.0,58914.0
2024-07-04 07:30:00,58913.99,58989.94,58300.0,58480.0
2024-07-04 08:00:00,58651.9,58900.0,58200.01,58300.0
2024-07-04 08:30:00,58200.03,58486.53,57700.0,57800.0
2024-07-04 09:00:00,57800.03,58689.0,57560.0,57899.0
2024-07-04 09:30:00,57899.0,58479.99,57700.23,57998.99
2024-07-04 10:00:00,57998.98,58260.0,57815.0,58199.95
2024-07-04 10:30:00,58198.98,58200.0,57908.0,58099.97
2024-07-04 11:00:00,58099.97,58688.0,58030.08,58290.0
2024-07-04 11:30:00,58280.0,58450.23,58280.0,58280.0
2024-07-04 12:00:00,58430.0,58430.0,57700.04,57900.0
2024-07-04 12:30:00,57900.0,58000.0,57600.0,57600.0
2024-07-04 13:00:00,57802.96,57946.0,57190.0,57190.03
2024-07-04 13:30:00,57170.0,57941.0,57010.0,57879.93
2024-07-04 14:00:00,57835.0,58125.0,57338.99,57400.0
2024-07-04 14:30:00,57300.06,58120.0,57300.06,57800.0
2024-07-04 15:00:00,57800.0,58398.0,57800.0,58000.0
2024-07-04 15:30:00,58000.0,58688.0,57806.0,58687.98
2024-07-04 16:00:00,58660.0,58660.0,58277.7,58390.0
2024-07-04 16:30:00,58300.0,58600.0,58107.77,58549.92
2024-07-04 17:00:00,58550.0,58599.0,58300.07,58599.0
2024-07-04 17:30:00,58599.0,58720.0,58590.0,58600.01
2024-07-04 18:00:00,58600.01,58800.0,58325.01,58600.0
2024-07-04 18:30:00,58794.99,59000.0,58331.04,58334.01
2024-07-04 19:00:00,58334.02,58699.97,58332.01,58699.21
2024-07-04 19:30:00,58699.97,58700.0,58522.18,58600.0
2024-07-04 20:00:00,58600.0,58697.0,58336.23,58336.23
2024-07-04 20:30:00,58336.23,58639.0,58325.0,58598.0
2024-07-04 21:00:00,58599.0,58994.99,58410.11,58800.0
2024-07-04 21:30:00,58780.0,58988.0,58702.01,58963.41
2024-07-04 22:00:00,58963.41,58993.98,58800.0,58800.0
2024-07-04 22:30:00,58785.0,58830.0,58360.01,58360.01
2024-07-04 23:00:00,58360.01,58501.88,58279.0,58360.0
2024-07-04 23:30:00,58360.0,58360.0,57300.0,57300.05
2024-07-05 00:00:00,57300.05,58000.0,57241.0,57254.0
2024-07-05 00:30:00,57261.0,57999.78,57213.0,57500.02
2024-07-05 01:00:00,57500.02,57998.92,57101.0,57200.01
2024-07-05 01:30:00,57200.01,57707.0,57101.0,57218.78
2024-07-05 02:00:00,57218.69,57399.99,57075.0,57075.0
2024-07-05 02:30:00,57050.0,57388.86,56780.0,56789.01
2024-07-05 03:00:00,56780.0,56872.0,55500.76,55870.0
2024-07-05 03:30:00,55870.0,56080.0,55155.0,55405.54
2024-07-05 04:00:00,55300.04,55300.04,53000.0,54486.69
2024-07-05 04:30:00,54544.59,54576.35,54000.0,54000.0
2024-07-05 05:00:00,54090.0,54900.0,53635.0,54400.0
2024-07-05 05:30:00,54400.0,54900.0,53800.0,54798.97
2024-07-05 06:00:00,54799.0,54799.0,54000.02,54300.0
2024-07-05 06:30:00,54259.0,54499.6,53777.0,54439.81
2024-07-05 07:00:00,54439.97,55542.0,54150.0,54450.0
2024-07-05 07:30:00,54499.99,55000.0,54000.0,54490.01
2024-07-05 08:00:00,54490.01,54700.0,54405.0,54427.57
2024-07-05 08:30:00,54420.01,54427.57,54184.6,54184.6
2024-07-05 09:00:00,54184.6,54301.13,53888.0,54301.13
2024-07-05 09:30:00,54301.15,54591.46,54230.41,54550.0
2024-07-05 10:00:00,54573.93,55498.0,54450.01,54917.39
2024-07-05 10:30:00,54917.25,55099.92,54877.03,54881.75
2024-07-05 11:00:00,54881.75,56400.0,54881.75,55401.75
2024-07-05 11:30:00,55401.75,55900.0,55320.0,55537.48
2024-07-05 12:00:00,55500.0,56000.0,55242.16,55446.91
2024-07-05 12:30:00,55479.11,55799.0,55001.0,55015.01
2024-07-05 13:00:00,55015.01,55567.73,54901.0,55439.98
2024-07-05 13:30:00,55400.04,55805.95,55400.01,55800.0
2024-07-05 14:00:00,55800.0,55800.0,55350.01,55350.22
2024-07-05 14:30:00,55350.19,55834.67,55350.0,55700.15
2024-07-05 15:00:00,55825.36,56300.0,55720.06,56300.0
2024-07-05 15:30:00,56300.0,56480.0,56195.0,56400.0
2024-07-05 16:00:00,56400.0,56599.0,56206.03,56422.57
2024-07-05 16:30:00,56549.0,56549.0,55050.0,56101.95
2024-07-05 17:00:00,56394.91,56800.0,56160.12,56797.97
2024-07-05 17:30:00,56797.94,56900.0,56412.0,56600.0
2024-07-05 18:00:00,56600.0,56600.0,55750.04,56333.0
2024-07-05 18:30:00,56333.0,56699.93,56333.0,56550.0
2024-07-05 19:00:00,56550.0,56658.91,56133.49,56500.06
2024-07-05 19:30:00,56500.06,56658.75,56434.0,56440.0
2024-07-05 20:00:00,56440.0,56440.0,56160.53,56389.97
2024-07-05 20:30:00,56375.0,56388.91,56160.02,56161.28
2024-07-05 21:00:00,56299.88,56547.74,56177.34,56399.43
2024-07-05 21:30:00,56201.94,56550.0,56201.94,56543.99
2024-07-05 22:00:00,56519.99,56743.99,56282.28,56738.5
2024-07-05 22:30:00,56738.5,56738.5,56553.0,56600.0
2024-07-05 23:00:00,56638.0,56693.97,56553.09,56670.0
2024-07-05 23:30:00,56670.0,56782.72,56553.23,56553.4
2024-07-06 00:00:00,56554.0,56714.89,56330.42,56346.0
2024-07-06 00:30:00,56346.0,56782.72,56250.0,56543.99
2024-07-06 01:00:00,56544.03,56544.03,56250.0,56250.0
2024-07-06 01:30:00,56201.05,56250.0,55976.0,56246.89
2024-07-06 02:00:00,56012.0,56246.06,55800.0,55910.14
2024-07-06 02:30:00,55910.3,56479.99,55907.99,56479.92
2024-07-06 03:00:00,56479.92,56479.92,56117.8,56458.8
2024-07-06 03:30:00,56460.5,56460.5,56188.22,56351.75
2024-07-06 04:00:00,56351.75,56351.99,56139.29,56239.85
2024-07-06 04:30:00,56239.85,56239.97,55963.37,56134.25
2024-07-06 05:00:00,56134.25,56351.99,55807.0,56351.99
2024-07-06 05:30:00,56351.99,56518.46,56300.58,56420.0
2024-07-06 06:00:00,56301.84,56579.62,56054.0,56578.83
2024-07-06 06:30:00,56578.83,56597.12,56460.0,56499.84
2024-07-06 07:00:00,56499.89,56741.59,56400.37,56701.99
2024-07-06 07:30:00,56701.99,56701.99,56600.1,56650.0
2024-07-06 08:00:00,56650.0,56693.74,56500.16,56693.73
2024-07-06 08:30:00,56693.74,56701.99,56502.25,56599.73
2024-07-06 09:00:00,56599.73,56900.0,56500.0,56500.0
2024-07-06 09:30:00,56549.18,56792.33,56411.17,56789.99
2024-07-06 10:00:00,56789.99,56790.0,56700.01,56727.5
2024-07-06 10:30:00,56727.49,56799.0,56564.0,56798.0
2024-07-06 11:00:00,56798.0,56798.0,56699.3,56750.0
2024-07-06 11:30:00,56749.96,56758.94,56699.4,56700.01
2024-07-06 12:00:00,56700.0,56759.0,56700.0,56758.97
2024-07-06 12:30:00,56758.97,56758.97,56432.72,56600.0
2024-07-06 13:00:00,56600.0,56759.3,56542.93,56759.3
2024-07-06 13:30:00,56759.3,57000.0,56750.01,56999.96
2024-07-06 14:00:00,56999.97,57200.0,56654.74,56666.96
2024-07-06 14:30:00,56703.4,57089.13,56703.0,57080.0
2024-07-06 15:00:00,57031.0,57199.93,56961.0,57199.93
2024-07-06 15:30:00,57199.9,57367.31,57100.04,57289.0
2024-07-06 16:00:00,57299.0,57900.0,57007.01,57794.18
2024-07-06 16:30:00,57794.07,57980.0,57520.0,57955.76
2024-07-06 17:00:00,57817.9,57980.0,57523.2,57888.26
2024-07-06 17:30:00,57879.97,57912.78,57700.0,57900.0
2024-07-06 18:00:00,57900.0,57940.0,57721.0,57750.05
2024-07-06 18:30:00,57750.03,57834.58,57750.0,57801.0
2024-07-06 19:00:00,57800.0,57834.58,57783.06,57834.58
2024-07-06 19:30:00,57891.83,57930.0,57810.03,57813.46
2024-07-06 20:00:00,57813.41,58078.0,57813.39,58050.0
2024-07-06 20:30:00,57993.0,58110.0,57930.0,58089.9
2024-07-06 21:00:00,58089.9,58214.26,57833.04,57856.03
2024-07-06 21:30:00,58011.03,58011.03,57790.0,57938.6
2024-07-06 22:00:00,57938.35,57938.35,57800.03,57935.25
2024-07-06 22:30:00,57935.76,58151.49,57827.77,58109.0
2024-07-06 23:00:00,58109.0,58500.0,57872.51,58408.3
2024-07-06 23:30:00,58330.13,58431.7,58091.3,58220.88
2024-07-07 00:00:00,58220.88,58280.11,58103.6,58103.6
2024-07-07 00:30:00,58103.6,58146.18,57925.11,57926.0
2024-07-07 01:00:00,57926.0,57992.73,57890.0,57894.5
2024-07-07 01:30:00,57894.5,58160.0,57893.0,58160.0
2024-07-07 02:00:00,58160.0,58309.15,58160.0,58268.21
2024-07-07 02:30:00,58268.21,58380.0,57954.43,58379.97
2024-07-07 03:00:00,58390.0,58392.33,57893.0,57893.32
2024-07-07 03:30:00,57893.32,58035.88,57890.0,57890.01
2024-07-07 04:00:00,57890.01,57898.96,57824.9,57824.91
2024-07-07 04:30:00,57805.2,57824.9,57400.01,57494.91
2024-07-07 05:00:00,57415.0,57550.0,57200.0,57510.0
2024-07-07 05:30:00,57510.0,57719.57,57390.06,57508.07
2024-07-07 06:00:00,57508.07,57589.44,57302.03,57499.0
2024-07-07 06:30:00,57500.0,57500.0,57316.17,57371.46
2024-07-07 07:00:00,57371.46,57498.95,57085.0,57085.0
2024-07-07 07:30:00,57085.0,57459.4,56791.16,57294.14
2024-07-07 08:00:00,57286.1,57416.5,57000.46,57160.08
2024-07-07 08:30:00,57160.07,57295.96,57130.0,57295.96
2024-07-07 09:00:00,57295.96,57450.0,57295.96,57400.0
2024-07-07 09:30:00,57400.0,57619.99,57400.0,57619.0
2024-07-07 10:00:00,57619.0,57781.62,57550.0,57602.93
2024-07-07 10:30:00,57781.23,57820.0,57410.0,57410.01
2024-07-07 11:00:00,57410.0,57410.0,57200.0,57206.33
2024-07-07 11:30:00,57385.41,57399.85,57203.21,57208.12
2024-07-07 12:00:00,57208.12,57450.5,57208.12,57400.0
2024-07-07 12:30:00,57400.0,57444.59,57198.24,57199.99
2024-07-07 13:00:00,57199.99,57268.7,56700.0,56957.8
2024-07-07 13:30:00,56910.0,56999.99,56550.0,56550.03
2024-07-07 14:00:00,56550.01,56651.99,56513.0,56650.0
2024-07-07 14:30:00,56650.0,56798.97,56500.0,56664.84
2024-07-07 15:00:00,56659.97,56786.96,56500.0,56550.72
2024-07-07 15:30:00,56553.57,56947.0,56553.56,56700.37
2024-07-07 16:00:00,56700.44,56850.0,56700.03,56825.0
2024-07-07 16:30:00,56850.0,57000.0,56826.0,57000.0
2024-07-07 17:00:00,57000.0,57050.0,56703.57,56868.5
2024-07-07 17:30:00,56704.67,57049.99,56704.67,57049.98
2024-07-07 18:00:00,57049.0,57100.0,56906.1,57099.98
2024-07-07 18:30:00,56907.27,57100.0,56907.06,57099.99
2024-07-07 19:00:00,57099.99,57099.99,56721.91,56721.93
2024-07-07 19:30:00,56849.96,56998.0,56701.0,56800.01
2024-07-07 20:00:00,56800.01,57110.99,56800.01,57108.96
2024-07-07 20:30:00,56906.12,57150.99,56839.12,57148.5
2024-07-07 21:00:00,57150.9,57150.9,55994.87,56178.4
2024-07-07 21:30:00,56062.01,56526.0,56062.01,56526.0
2024-07-07 22:00:00,56407.1,56699.97,56407.1,56482.56
2024-07-07 22:30:00,56482.56,56562.41,56243.0,56243.0
2024-07-07 23:00:00,56213.03,56330.0,56213.0,56319.75
2024-07-07 23:30:00,56215.0,56250.0,55667.97,55722.26
2024-07-08 00:00:00,55722.32,55905.06,55235.82,55754.11
2024-07-08 00:30:00,55754.11,55900.0,55151.0,55152.0
2024-07-08 01:00:00,55187.12,55187.12,54355.0,54800.0
2024-07-08 01:30:00,54800.0,55200.0,54380.0,55001.45
2024-07-08 02:00:00,55001.45,55255.2,54386.02,55255.2
2024-07-08 02:30:00,55255.2,55449.32,55254.99,55270.08
2024-07-08 03:00:00,55270.0,55419.0,54501.04,54969.88
2024-07-08 03:30:00,54939.64,55150.0,54585.04,54993.23
2024-07-08 04:00:00,54993.3,55250.0,54993.3,55126.87
2024-07-08 04:30:00,55240.0,55574.02,55238.0,55546.33
2024-07-08 05:00:00,55546.26,55819.0,55390.07,55530.9
2024-07-08 05:30:00,55530.9,55530.9,55296.99,55389.0
2024-07-08 06:00:00,55389.0,55784.13,55289.93,55784.06
2024-07-08 06:30:00,55783.94,55797.73,55501.0,55684.36
2024-07-08 07:00:00,55684.36,55800.0,55501.0,55776.75
2024-07-08 07:30:00,55776.69,55800.0,55600.52,55690.5
2024-07-08 08:00:00,55799.98,56600.0,55630.03,56550.24
2024-07-08 08:30:00,56550.25,57699.98,56300.0,57600.0
2024-07-08 09:00:00,57600.0,57800.0,57258.17,57600.16
2024-07-08 09:30:00,57600.16,57600.16,57084.89,57202.88
2024-07-08 10:00:00,57200.0,57369.99,57089.49,57217.02
2024-07-08 10:30:00,57200.0,57200.0,56400.0,56400.0
2024-07-08 11:00:00,56499.97,56977.5,56401.03,56898.0
2024-07-08 11:30:00,56814.45,57099.82,56814.2,56905.23
2024-07-08 12:00:00,56905.0,57028.94,56300.0,56851.27
2024-07-08 12:30:00,56800.0,57162.0,56660.04,56993.64
2024-07-08 13:00:00,56993.61,57138.0,56710.08,57015.54
2024-07-08 13:30:00,57015.06,57120.0,56750.0,56799.99
2024-07-08 14:00:00,56889.98,57099.98,55855.0,55855.0
2024-07-08 14:30:00,55800.0,56244.25,55053.11,55941.88
2024-07-08 15:00:00,55900.06,56409.85,55751.19,56193.51
2024-07-08 15:30:00,56193.51,56347.73,55430.0,55430.0
2024-07-08 16:00:00,55430.0,55974.79,55299.0,55299.0
2024-07-08 16:30:00,55265.01,55958.98,55206.23,55834.4
2024-07-08 17:00:00,55662.77,55999.97,55480.0,55999.88
2024-07-08 17:30:00,55999.79,56228.56,55822.19,56200.0
2024-07-08 18:00:00,56199.99,56318.46,55844.43,56270.0
2024-07-08 18:30:00,56270.0,56639.13,56116.0,56210.0
2024-07-08 19:00:00,56369.91,56369.91,56103.0,56299.86
2024-07-08 19:30:00,56108.69,56301.0,55822.3,56300.0
2024-07-08 20:00:00,56301.0,56340.0,56056.19,56290.0
2024-07-08 20:30:00,56251.39,56340.0,56081.21,56250.0
2024-07-08 21:00:00,56250.0,56400.0,56067.09,56374.0
2024-07-08 21:30:00,56450.0,56609.59,56301.0,56589.98
2024-07-08 22:00:00,56490.0,56898.99,56400.0,56898.99
2024-07-08 22:30:00,56893.3,56893.3,56350.51,56358.27
2024-07-08 23:00:00,56358.27,56647.99,56350.0,56500.17
2024-07-08 23:30:00,56500.17,56619.97,56260.0,56499.74
2024-07-09 00:00:00,56265.97,56641.71,56258.51,56258.51
2024-07-09 00:30:00,56258.0,56449.59,56100.0,56399.83
2024-07-09 01:00:00,56399.83,56990.0,56139.4,56381.06
2024-07-09 01:30:00,56381.06,56639.91,56381.06,56639.91
2024-07-09 02:00:00,56639.91,56639.91,56231.13,56593.42
2024-07-09 02:30:00,56593.42,56998.0,56593.42,56998.0
2024-07-09 03:00:00,56998.0,57000.0,56718.57,56751.1
2024-07-09 03:30:00,56751.11,56990.29,56541.89,56990.29
2024-07-09 04:00:00,56990.29,57099.99,56751.43,57099.99
2024-07-09 04:30:00,57099.56,57199.0,56710.93,56885.3
2024-07-09 05:00:00,56885.3,57159.85,56810.92,57159.85
2024-07-09 05:30:00,57159.71,57159.71,57000.0,57100.0
2024-07-09 06:00:00,57099.0,57300.0,57002.02,57300.0
2024-07-09 06:30:00,57307.77,57499.0,57110.08,57200.78
2024-07-09 07:00:00,57350.9,57350.9,57050.0,57052.12
2024-07-09 07:30:00,57050.0,57189.96,56735.75,56807.01
2024-07-09 08:00:00,56806.19,57340.0,56608.01,57310.0
2024-07-09 08:30:00,57300.0,57616.66,57252.0,57410.0
2024-07-09 09:00:00,57410.0,57410.0,57270.0,57270.0
2024-07-09 09:30:00,57270.0,57389.0,57270.0,57350.0
2024-07-09 10:00:00,57300.0,57400.0,57200.02,57235.0
2024-07-09 10:30:00,57235.0,57288.67,56300.0,57020.0
2024-07-09 11:00:00,57020.0,57199.32,56937.63,57184.8
2024-07-09 11:30:00,57199.28,57199.32,57019.38,57180.0
2024-07-09 12:00:00,57199.32,57199.32,56956.1,57199.0
2024-07-09 12:30:00,56979.19,57199.94,56979.19,57179.8
2024-07-09 13:00:00,57179.89,57198.91,56844.52,57000.0
2024-07-09 13:30:00,57000.0,57197.94,56711.0,56999.0
2024-07-09 14:00:00,57000.92,57700.0,56526.5,57258.0
2024-07-09 14:30:00,57204.74,57397.54,56966.2,56967.0
2024-07-09 15:00:00,56940.0,56986.0,56651.06,56985.25
2024-07-09 15:30:00,56985.25,57000.0,56815.73,56999.0
2024-07-09 16:00:00,56999.0,57500.0,56999.0,57449.97
2024-07-09 16:30:00,57449.97,57449.97,57088.27,57299.75
2024-07-09 17:00:00,57299.75,57299.75,57000.0,57259.92
2024-07-09 17:30:00,57259.92,57259.92,56985.0,57085.0
2024-07-09 18:00:00,57085.0,57500.0,56231.26,57365.61
2024-07-09 18:30:00,57365.61,57888.77,57365.61,57535.0
2024-07-09 19:00:00,57471.86,57640.0,57323.41,57478.0
2024-07-09 19:30:00,57478.0,57540.0,57291.83,57376.43
2024-07-09 20:00:00,57376.43,57500.0,57311.89,57468.0
2024-07-09 20:30:00,57500.0,57650.0,57050.0,57590.0
2024-07-09 21:00:00,57540.0,57636.0,57464.73,57464.73
2024-07-09 21:30:00,57480.0,57624.0,57351.21,57351.21
2024-07-09 22:00:00,57351.21,57588.99,57351.21,57497.64
2024-07-09 22:30:00,57497.64,57799.99,57432.64,57677.55
2024-07-09 23:00:00,57677.55,57799.99,57454.99,57649.97
2024-07-09 23:30:00,57649.97,57680.29,57604.05,57679.96
2024-07-10 00:00:00,57679.96,57789.88,57310.0,57390.0
2024-07-10 00:30:00,57390.0,57390.0,57300.0,57300.0
2024-07-10 01:00:00,57300.0,57389.91,57200.0,57200.37
2024-07-10 01:30:00,57388.67,57608.4,57335.13,57335.13
2024-07-10 02:00:00,57335.13,57602.3,57299.08,57304.96
2024-07-10 02:30:00,57305.22,57608.21,57305.22,57590.0
2024-07-10 03:00:00,57590.0,57749.98,57456.08,57489.54
2024-07-10 03:30:00,57489.54,57739.99,57489.54,57736.99
2024-07-10 04:00:00,57736.0,58750.0,57736.0,58750.0
2024-07-10 04:30:00,58650.01,58868.0,58607.78,58868.0
2024-07-10 05:00:00,58885.0,58890.0,58630.89,58788.0
2024-07-10 05:30:00,58710.0,58772.22,58100.0,58544.41
2024-07-10 06:00:00,58597.63,58750.0,58544.41,58638.0
2024-07-10 06:30:00,58758.98,58880.0,58640.0,58818.0
2024-07-10 07:00:00,58879.0,58880.0,58621.46,58621.47
2024-07-10 07:30:00,58621.46,58750.0,58487.0,58500.0
2024-07-10 08:00:00,58538.0,58538.0,58204.89,58375.0
2024-07-10 08:30:00,58338.55,58375.0,58205.0,58300.0
2024-07-10 09:00:00,58300.0,58376.98,58113.0,58113.0
2024-07-10 09:30:00,58113.0,58200.0,58056.84,58200.0
2024-07-10 10:00:00,58200.0,58299.99,58085.0,58128.53
2024-07-10 10:30:00,58200.0,58470.0,58128.53,58380.0
2024-07-10 11:00:00,58380.0,58467.5,58250.0,58266.0
2024-07-10 11:30:00,58463.72,58463.72,58209.3,58250.01
2024-07-10 12:00:00,58340.0,58340.0,58050.01,58087.32
2024-07-10 12:30:00,58087.32,59000.0,57515.06,58000.0
2024-07-10 13:00:00,58000.0,59211.0,57532.33,57650.0
2024-07-10 13:30:00,57659.82,57849.51,57350.0,57503.0
2024-07-10 14:00:00,57503.0,57715.39,57300.0,57710.38
2024-07-10 14:30:00,57710.18,57710.18,57300.0,57539.73
2024-07-10 15:00:00,57400.09,57709.9,57200.0,57709.9
2024-07-10 15:30:00,57709.89,57799.76,57500.0,57500.0
2024-07-10 16:00:00,57501.0,57900.0,57406.0,57885.0
2024-07-10 16:30:00,57885.0,57885.0,57400.0,57400.0
2024-07-10 17:00:00,57400.0,57544.99,57260.01,57300.01
2024-07-10 17:30:00,57300.01,57516.6,57263.1,57499.79
2024-07-10 18:00:00,57499.79,57499.79,57333.0,57341.0
2024-07-10 18:30:00,57341.0,57497.9,57206.12,57479.11
2024-07-10 19:00:00,57479.11,57479.11,57259.73,57399.14
2024-07-10 19:30:00,57399.08,57496.67,57200.0,57278.0
2024-07-10 20:00:00,57278.0,57389.99,57050.03,57090.02
2024-07-10 20:30:00,57060.0,57321.74,56936.0,57179.98
2024-07-10 21:00:00,57179.98,57185.0,57010.0,57150.0
2024-07-10 21:30:00,57150.0,57496.97,57150.0,57260.0
2024-07-10 22:00:00,57260.0,57597.97,57203.07,57597.97
2024-07-10 22:30:00,57597.97,57653.86,57301.14,57579.94
2024-07-10 23:00:00,57359.04,57669.0,57359.04,57669.0
2024-07-10 23:30:00,57669.0,57669.0,57428.91,57441.35
2024-07-11 00:00:00,57441.35,57454.03,57300.0,57340.0
2024-07-11 00:30:00,57340.0,57398.36,57249.83,57398.36
2024-07-11 01:00:00,57398.36,57398.39,57153.01,57252.0
2024-07-11 01:30:00,57252.0,58000.0,57252.0,58000.0
2024-07-11 02:00:00,58000.0,58000.0,57716.74,57758.23
2024-07-11 02:30:00,57758.23,57758.23,57383.8,57383.8
2024-07-11 03:00:00,57383.8,57643.81,56866.0,57012.73
2024-07-11 03:30:00,57257.77,57377.02,57001.06,57200.22
2024-07-11 04:00:00,57200.22,57320.0,57200.22,57320.0
2024-07-11 04:30:00,57320.0,57699.99,57320.0,57322.29
2024-07-11 05:00:00,57322.29,57758.23,57322.29,57557.0
2024-07-11 05:30:00,57557.0,57860.0,57457.12,57800.18
2024-07-11 06:00:00,57809.0,57880.0,57647.98,57702.4
2024-07-11 06:30:00,57702.4,57845.0,57702.4,57708.9
2024-07-11 07:00:00,57708.9,57880.0,57609.0,57880.0
2024-07-11 07:30:00,57880.0,58000.0,57700.0,57870.0
2024-07-11 08:00:00,57870.0,57998.0,57728.95,57887.97
2024-07-11 08:30:00,57888.0,57888.0,57729.16,57800.0
2024-07-11 09:00:00,57859.0,58048.0,57800.36,58000.0
2024-07-11 09:30:00,58000.0,58048.0,57756.55,57987.0
2024-07-11 10:00:00,57852.57,58000.0,57851.09,57851.09
2024-07-11 10:30:00,57940.0,58100.0,57896.96,58100.0
2024-07-11 11:00:00,58099.0,58200.0,57960.71,58099.0
2024-07-11 11:30:00,58099.0,58496.99,58002.52,58489.98
2024-07-11 12:00:00,58485.98,58485.98,58098.4,58314.02
2024-07-11 12:30:00,58314.02,58900.0,58314.02,58315.0
2024-07-11 13:00:00,58444.97,58699.99,58200.0,58350.0
2024-07-11 13:30:00,58300.0,58760.0,58000.0,58441.57
2024-07-11 14:00:00,58441.57,58450.0,57320.01,57402.01
2024-07-11 14:30:00,57415.03,57934.63,57415.03,57779.98
2024-07-11 15:00:00,57779.98,57897.87,57200.0,57651.0
2024-07-11 15:30:00,57525.11,57640.0,57050.0,57199.8
2024-07-11 16:00:00,57199.79,57449.32,57049.0,57449.32
2024-07-11 16:30:00,57330.0,57653.96,57250.4,57450.03
2024-07-11 17:00:00,57450.03,57750.0,57450.03,57750.0
2024-07-11 17:30:00,57748.0,57893.92,57670.26,57857.5
2024-07-11 18:00:00,57857.5,57885.0,57600.0,57720.25
2024-07-11 18:30:00,57884.01,57884.01,57600.16,57650.0
2024-07-11 19:00:00,57650.0,57738.94,57321.04,57546.5
2024-07-11 19:30:00,57546.5,57546.66,57250.32,57349.82
2024-07-11 20:00:00,57349.82,57498.9,57200.0,57312.0
2024-07-11 20:30:00,57312.0,57449.98,57103.0,57448.2
2024-07-11 21:00:00,57448.2,57448.77,57220.0,57441.3
2024-07-11 21:30:00,57414.48,57414.48,57200.0,57200.0
2024-07-11 22:00:00,57200.0,57380.0,57200.0,57230.0
2024-07-11 22:30:00,57230.0,57351.08,57100.2,57101.28
2024-07-11 23:00:00,57101.28,57299.02,57101.28,57277.75
2024-07-11 23:30:00,57277.68,57277.68,57000.0,57100.7
2024-07-12 00:00:00,57259.0,57270.95,57150.1,57270.95
2024-07-12 00:30:00,57270.95,57399.0,57268.0,57268.0
2024-07-12 01:00:00,57313.24,57313.24,56550.0,56550.0
2024-07-12 01:30:00,56550.0,56700.0,56550.0,56700.0
2024-07-12 02:00:00,56700.0,57271.17,56700.0,57271.17
2024-07-12 02:30:00,57271.17,57399.91,57000.55,57153.3
2024-07-12 03:00:00,57153.3,57292.18,56796.42,56796.54
2024-07-12 03:30:00,56948.77,56948.77,56800.0,56800.0
2024-07-12 04:00:00,56800.0,56800.0,56600.0,56603.0
2024-07-12 04:30:00,56603.0,56802.94,56603.0,56802.94
2024-07-12 05:00:00,56803.0,56948.39,56803.0,56840.0
2024-07-12 05:30:00,56899.99,56900.0,56802.92,56840.0
2024-07-12 06:00:00,56840.0,57053.19,56840.0,57053.19
2024-07-12 06:30:00,57053.19,57346.97,57053.19,57116.43
2024-07-12 07:00:00,57166.1,57319.82,57000.07,57050.06
2024-07-12 07:30:00,57050.06,57099.97,56701.01,56801.17
2024-07-12 08:00:00,56801.17,57099.37,56801.17,57039.85
2024-07-12 08:30:00,57049.89,57150.0,56956.1,57149.87
2024-07-12 09:00:00,57149.87,57189.93,56901.0,56901.0
2024-07-12 09:30:00,57099.09,57099.09,56800.0,56820.03
2024-07-12 10:00:00,56820.03,57005.45,56667.0,56849.89
2024-07-12 10:30:00,56839.97,56900.97,56668.0,56900.97
2024-07-12 11:00:00,56900.97,57099.99,56741.04,57099.99
2024-07-12 11:30:00,57099.99,57099.99,56801.0,57043.75
2024-07-12 12:00:00,57043.75,57118.0,56877.15,57118.0
2024-07-12 12:30:00,57220.0,57290.0,56895.0,57189.6
2024-07-12 13:00:00,57180.0,57443.22,57017.53,57302.3
2024-07-12 13:30:00,57300.06,57500.0,57300.06,57500.0
2024-07-12 14:00:00,57498.42,57555.0,57353.31,57500.06
2024-07-12 14:30:00,57555.0,57600.0,57372.01,57373.5
2024-07-12 15:00:00,57373.5,57793.99,57372.01,57760.0
2024-07-12 15:30:00,57760.0,57799.0,57523.6,57770.95
2024-07-12 16:00:00,57740.0,57860.0,57610.0,57729.0
2024-07-12 16:30:00,57780.09,57950.0,57610.0,57695.0
2024-07-12 17:00:00,57708.49,57899.91,57626.77,57765.99
2024-07-12 17:30:00,57765.99,57899.81,57662.1,57784.46
2024-07-12 18:00:00,57784.46,57839.98,57673.35,57735.66
2024-07-12 18:30:00,57838.0,58070.0,57612.0,58000.0
2024-07-12 19:00:00,58000.0,58093.95,57612.05,57692.0
2024-07-12 19:30:00,57612.0,57612.0,57301.02,57372.01
2024-07-12 20:00:00,57350.0,57350.02,57139.99,57139.99
2024-07-12 20:30:00,57114.0,57265.88,57000.0,57260.0
2024-07-12 21:00:00,57265.0,57485.75,57200.84,57485.69
2024-07-12 21:30:00,57485.69,57600.0,57226.13,57353.0
2024-07-12 22:00:00,57583.52,57584.0,57371.19,57584.0
2024-07-12 22:30:00,57584.0,57612.0,57501.23,57612.0
2024-07-12 23:00:00,57612.0,57612.0,57500.0,57612.0
2024-07-12 23:30:00,57401.01,57612.0,57401.01,57612.0
2024-07-13 00:00:00,57612.0,57738.0,57612.0,57737.96
2024-07-13 00:30:00,57700.0,57737.88,57700.0,57700.0
2024-07-13 01:00:00,57700.0,57737.9,57700.0,57737.9
2024-07-13 01:30:00,57737.9,57737.9,57470.55,57500.72
2024-07-13 02:00:00,57504.33,57553.6,57467.9,57553.6
2024-07-13 02:30:00,57553.6,57736.92,57553.6,57600.46
2024-07-13 03:00:00,57600.64,57738.0,57488.95,57488.95
2024-07-13 03:30:00,57488.95,57737.92,57466.7,57596.81
2024-07-13 04:00:00,57596.93,57736.42,57525.01,57699.31
2024-07-13 04:30:00,57699.31,57699.31,57400.0,57443.5
2024-07-13 05:00:00,57443.5,57698.3,57386.82,57488.15
2024-07-13 05:30:00,57499.99,57693.99,57466.7,57630.12
2024-07-13 06:00:00,57679.87,57738.0,57582.78,57738.0
2024-07-13 06:30:00,57738.0,57888.87,57602.65,57602.65
2024-07-13 07:00:00,57602.65,57755.0,57600.0,57620.61
2024-07-13 07:30:00,57620.61,57900.0,57620.61,57800.0
2024-07-13 08:00:00,57700.0,57800.0,57662.52,57700.0
2024-07-13 08:30:00,57798.0,57799.0,57650.01,57789.91
2024-07-13 09:00:00,57650.3,57800.0,57600.0,57799.0
2024-07-13 09:30:00,57797.19,58300.0,57605.0,58198.74
2024-07-13 10:00:00,58198.74,58296.68,58100.0,58201.0
2024-07-13 10:30:00,58230.61,58230.61,57900.01,58028.64
2024-07-13 11:00:00,58028.64,58145.0,57955.44,58144.99
2024-07-13 11:30:00,58144.99,58210.0,58099.44,58137.57
2024-07-13 12:00:00,58137.57,58200.0,58008.48,58168.0
2024-07-13 12:30:00,58168.0,58450.0,58168.0,58400.0
2024-07-13 13:00:00,58400.0,58400.0,58213.94,58255.83
2024-07-13 13:30:00,58255.83,58400.0,58157.03,58157.03
2024-07-13 14:00:00,58157.03,58299.57,58091.49,58100.0
2024-07-13 14:30:00,58150.0,58449.99,58100.0,58220.0
2024-07-13 15:00:00,58220.0,58400.0,58220.0,58291.0
2024-07-13 15:30:00,58290.0,58400.0,58290.0,58387.21
2024-07-13 16:00:00,58387.21,58498.0,58290.0,58398.99
2024-07-13 16:30:00,58398.99,58398.99,58223.56,58223.56
2024-07-13 17:00:00,58223.56,58339.18,58210.0,58228.82
2024-07-13 17:30:00,58228.82,58339.99,58172.03,58249.38
2024-07-13 18:00:00,58320.0,58339.99,58226.44,58339.99
2024-07-13 18:30:00,58339.99,58339.99,58166.76,58298.0
2024-07-13 19:00:00,58166.76,58298.93,58151.02,58239.35
2024-07-13 19:30:00,58239.35,58299.0,58179.87,58199.14
2024-07-13 20:00:00,58199.14,58199.14,58169.84,58169.84
2024-07-13 20:30:00,58169.84,58247.0,58050.0,58174.11
2024-07-13 21:00:00,58174.11,58289.99,58145.12,58244.42
2024-07-13 21:30:00,58290.0,58313.0,58149.0,58313.0
2024-07-13 22:00:00,58329.0,58344.0,58143.03,58249.24
2024-07-13 22:30:00,58249.15,58950.0,58000.0,58900.0
2024-07-13 23:00:00,58950.0,59296.4,58851.13,58914.39
2024-07-13 23:30:00,59000.0,59189.97,58715.1,58715.1
2024-07-14 00:00:00,58757.99,59298.0,58757.99,59285.0
2024-07-14 00:30:00,59051.0,59321.0,59001.03,59321.0
2024-07-14 01:00:00,59337.49,59360.03,59157.0,59200.0
2024-07-14 01:30:00,59200.0,59400.0,59200.0,59239.11
2024-07-14 02:00:00,59248.25,59349.74,58980.13,59050.12
2024-07-14 02:30:00,58980.13,58980.13,58867.62,58871.1
2024-07-14 03:00:00,58871.1,59199.99,58850.0,59100.0
2024-07-14 03:30:00,59100.0,59100.0,58952.52,58992.64
2024-07-14 04:00:00,59074.0,59498.0,59066.82,59350.0
2024-07-14 04:30:00,59490.8,59495.0,59296.0,59495.0
2024-07-14 05:00:00,59494.0,59900.0,59325.03,59883.86
2024-07-14 05:30:00,59880.0,59900.0,59550.0,59816.53
2024-07-14 06:00:00,59789.23,59848.0,59400.0,59680.15
2024-07-14 06:30:00,59680.15,59770.0,59336.03,59413.47
2024-07-14 07:00:00,59413.47,59774.96,59413.47,59580.2
2024-07-14 07:30:00,59699.94,59769.98,59501.75,59633.52
2024-07-14 08:00:00,59633.52,59888.0,59633.52,59888.0
2024-07-14 08:30:00,59880.0,59895.0,59741.56,59845.0
2024-07-14 09:00:00,59845.0,59900.0,59600.04,59798.5
2024-07-14 09:30:00,59778.5,59900.0,59778.5,59900.0
2024-07-14 10:00:00,59899.99,59900.0,59681.29,59704.0
2024-07-14 10:30:00,59682.0,59904.0,59537.4,59537.44
2024-07-14 11:00:00,59537.45,59888.0,59510.01,59614.99
2024-07-14 11:30:00,59614.99,59700.88,59511.0,59655.96
2024-07-14 12:00:00,59640.37,59695.0,59350.0,59396.2
2024-07-14 12:30:00,59396.2,59396.2,59201.0,59202.33
2024-07-14 13:00:00,59202.0,59344.0,59159.76,59342.99
2024-07-14 13:30:00,59341.21,59344.0,59200.0,59256.08
2024-07-14 14:00:00,59256.08,59256.08,59159.76,59159.76
2024-07-14 14:30:00,59120.0,59700.0,59114.38,59698.79
2024-07-14 15:00:00,59698.54,59698.8,59450.71,59484.97
2024-07-14 15:30:00,59484.97,59690.0,59484.97,59650.0
2024-07-14 16:00:00,59650.0,59698.99,59559.54,59689.0
2024-07-14 16:30:00,59559.54,59800.0,59500.0,59650.0
2024-07-14 17:00:00,59650.0,59792.0,59650.0,59665.0
2024-07-14 17:30:00,59662.0,59665.0,59662.0,59662.0
2024-07-14 18:00:00,59662.0,59665.0,59523.5,59523.5
2024-07-14 18:30:00,59521.61,59660.0,59201.0,59569.08
2024-07-14 19:00:00,59569.08,59660.0,59526.97,59530.0
2024-07-14 19:30:00,59533.25,59649.59,59481.41,59507.41
2024-07-14 20:00:00,59481.41,59647.0,59453.39,59600.0
2024-07-14 20:30:00,59544.85,59920.0,59544.85,59711.88
2024-07-14 21:00:00,59711.88,60700.0,59600.01,60545.0
2024-07-14 21:30:00,60545.0,60950.0,60150.01,60950.0
2024-07-14 22:00:00,60999.0,61000.0,60326.13,60600.0
2024-07-14 22:30:00,60600.09,60799.0,60499.0,60600.0
2024-07-14 23:00:00,60620.0,60748.85,60500.0,60620.01
2024-07-14 23:30:00,60748.8,60799.0,60548.0,60548.0
2024-07-15 00:00:00,60548.0,60622.0,60310.0,60622.0
2024-07-15 00:30:00,60622.0,60818.99,60497.53,60818.99
2024-07-15 01:00:00,60820.0,61614.0,60798.0,61500.0
2024-07-15 01:30:00,61500.0,61500.0,61111.0,61199.81
2024-07-15 02:00:00,61199.81,61850.0,61199.81,61850.0
2024-07-15 02:30:00,61850.0,62300.0,61801.11,62200.0
2024-07-15 03:00:00,62200.0,62279.91,62054.06,62265.0
2024-07-15 03:30:00,62265.0,62600.0,62181.0,62500.0
2024-07-15 04:00:00,62500.0,62597.12,62148.6,62530.88
2024-07-15 04:30:00,62498.97,62498.97,62002.92,62100.0
2024-07-15 05:00:00,62136.98,62395.66,62000.9,62298.0
2024-07-15 05:30:00,62298.0,62500.0,62290.0,62470.0
2024-07-15 06:00:00,62416.2,62489.0,62275.9,62416.0
2024-07-15 06:30:00,62487.0,62878.99,62487.0,62779.97
2024-07-15 07:00:00,62779.91,62779.91,62414.82,62500.0
2024-07-15 07:30:00,62500.0,62669.0,62414.84,62420.02
2024-07-15 08:00:00,62420.0,62750.0,62397.24,62750.0
2024-07-15 08:30:00,62762.0,62849.0,62371.42,62405.0
2024-07-15 09:00:00,62495.0,62495.0,62140.0,62248.13
2024-07-15 09:30:00,62225.15,62419.09,62140.0,62332.98
2024-07-15 10:00:00,62332.99,62332.99,61801.0,62231.0
2024-07-15 10:30:00,62268.55,62297.0,61880.0,62059.51
2024-07-15 11:00:00,62059.52,62244.0,61803.11,61999.0
2024-07-15 11:30:00,61920.1,62239.98,61920.1,62090.0
2024-07-15 12:00:00,62080.45,62250.0,62080.0,62249.98
2024-07-15 12:30:00,62250.0,62300.0,62201.58,62248.0
2024-07-15 13:00:00,62248.0,62489.96,62248.0,62450.0
2024-07-15 13:30:00,62489.97,62547.99,62220.0,62500.0
2024-07-15 14:00:00,62500.0,62625.0,62300.06,62496.0
2024-07-15 14:30:00,62460.0,62768.0,62369.44,62768.0
2024-07-15 15:00:00,62768.0,62800.0,62599.99,62799.8
2024-07-15 15:30:00,62799.8,62800.0,62548.09,62551.0
2024-07-15 16:00:00,62549.0,62799.8,62537.0,62799.8
2024-07-15 16:30:00,62799.8,63195.0,62779.0,63100.0
2024-07-15 17:00:00,63100.0,63175.0,62300.0,63149.99
2024-07-15 17:30:00,63023.63,63169.0,62800.0,62800.0
2024-07-15 18:00:00,62849.97,63000.0,62775.37,63000.0
2024-07-15 18:30:00,63000.0,63110.0,62750.0,63099.99
2024-07-15 19:00:00,63045.0,63300.0,63033.51,63046.0
2024-07-15 19:30:00,63046.0,63232.04,62851.71,62999.85
2024-07-15 20:00:00,62999.85,63093.0,62858.03,63058.08
2024-07-15 20:30:00,63058.08,63200.0,63000.0,63200.0
2024-07-15 21:00:00,63197.77,63310.0,63056.5,63056.5
2024-07-15 21:30:00,63122.13,63300.0,63039.21,63274.99
2024-07-15 22:00:00,63200.06,63698.0,63100.0,63683.0
2024-07-15 22:30:00,63683.0,64200.0,63650.0,63850.01
2024-07-15 23:00:00,63851.0,64500.0,63850.01,64500.0
2024-07-15 23:30:00,64499.94,64800.0,64333.07,64570.01
2024-07-16 00:00:00,64570.01,64798.0,64229.23,64366.46
2024-07-16 00:30:00,64366.49,64519.79,64220.0,64500.0
2024-07-16 01:00:00,64238.33,64600.0,64222.09,64293.02
2024-07-16 01:30:00,64293.02,64600.0,64293.02,64600.0
2024-07-16 02:00:00,64600.0,64600.0,64400.0,64521.35
2024-07-16 02:30:00,64521.35,64649.0,64400.41,64648.95
2024-07-16 03:00:00,64648.95,64690.0,64414.44,64662.0
2024-07-16 03:30:00,64662.0,64662.0,64540.0,64640.0
2024-07-16 04:00:00,64639.99,64640.0,64499.97,64499.97
2024-07-16 04:30:00,64499.97,64499.97,64010.0,64020.0
2024-07-16 05:00:00,64020.0,64097.0,63586.16,63586.16
2024-07-16 05:30:00,63550.0,63768.94,63005.0,63160.0
2024-07-16 06:00:00,63106.03,63561.05,63106.03,63471.0
2024-07-16 06:30:00,63391.0,63391.0,62500.0,62500.0
2024-07-16 07:00:00,62490.0,62993.96,62202.0,62470.0
2024-07-16 07:30:00,62470.0,62699.9,62220.0,62520.0
2024-07-16 08:00:00,62425.54,62890.0,62400.01,62505.16
2024-07-16 08:30:00,62505.0,62505.15,62111.0,62388.73
2024-07-16 09:00:00,62388.74,63143.58,62321.38,63010.03
2024-07-16 09:30:00,63000.0,63131.71,62562.77,63000.0
2024-07-16 10:00:00,62877.07,63150.0,62877.04,63150.0
2024-07-16 10:30:00,63112.19,63450.0,63112.19,63400.0
2024-07-16 11:00:00,63400.0,63599.98,63112.06,63510.0
2024-07-16 11:30:00,63519.99,63600.0,63253.0,63489.9
2024-07-16 12:00:00,63387.0,63800.0,63255.0,63800.0
2024-07-16 12:30:00,63800.0,63900.0,63300.0,63300.0
2024-07-16 13:00:00,63300.0,63500.0,63200.1,63319.44
2024-07-16 13:30:00,63307.82,63600.0,63202.0,63202.0
2024-07-16 14:00:00,63200.0,63308.0,62872.46,63140.1
2024-07-16 14:30:00,63250.0,63439.97,63140.1,63363.09
2024-07-16 15:00:00,63363.09,64096.0,63363.09,64049.0
2024-07-16 15:30:00,64049.0,64500.0,63954.46,64445.1
2024-07-16 16:00:00,64445.0,64650.0,63801.0,64198.0
2024-07-16 16:30:00,64196.0,64199.99,63800.0,63917.0
2024-07-16 17:00:00,63918.0,63999.99,63701.01,63918.0
2024-07-16 17:30:00,63914.35,64194.98,63780.03,64030.54
2024-07-16 18:00:00,64030.54,64348.96,64000.0,64318.0
2024-07-16 18:30:00,64318.45,64318.45,64039.86,64276.79
2024-07-16 19:00:00,64295.7,64600.0,64231.0,64598.0
2024-07-16 19:30:00,64589.09,64689.0,64234.0,64678.06
2024-07-16 20:00:00,64678.06,64700.0,64479.46,64510.0
2024-07-16 20:30:00,64510.0,64648.87,64307.0,64307.0
2024-07-16 21:00:00,64307.0,64307.0,64110.0,64307.0
2024-07-16 21:30:00,64307.0,64500.0,64100.0,64100.0
2024-07-16 22:00:00,64100.0,64140.0,63800.08,63920.0
2024-07-16 22:30:00,63920.0,64200.0,63820.61,64068.0
2024-07-16 23:00:00,64210.64,64675.98,64200.0,64675.97
2024-07-16 23:30:00,64675.98,64789.0,64321.0,64600.32
2024-07-17 00:00:00,64600.32,64862.0,64600.32,64810.0
2024-07-17 00:30:00,64810.01,65000.0,64752.54,64974.17
2024-07-17 01:00:00,64974.17,65559.0,64946.77,65371.28
2024-07-17 01:30:00,65371.28,65900.0,65216.27,65547.93
2024-07-17 02:00:00,65400.09,65899.99,65155.02,65792.41
2024-07-17 02:30:00,65792.41,65792.41,65156.01,65156.1
2024-07-17 03:00:00,65156.01,65373.99,65009.7,65046.49
2024-07-17 03:30:00,65046.49,65499.97,65046.49,65437.9
2024-07-17 04:00:00,65433.99,65433.99,65274.76,65300.0
2024-07-17 04:30:00,65274.76,65389.81,65157.18,65333.54
2024-07-17 05:00:00,65333.54,65500.0,65277.14,65500.0
2024-07-17 05:30:00,65499.99,65569.0,65277.07,65277.16
2024-07-17 06:00:00,65277.16,65450.0,65207.34,65207.34
2024-07-17 06:30:00,65207.34,65208.0,65150.0,65150.0
2024-07-17 07:00:00,65134.0,65148.74,64960.37,64998.9
2024-07-17 07:30:00,64946.78,64998.9,64756.41,64756.41
2024-07-17 08:00:00,64756.41,64910.0,64369.2,64728.69
2024-07-17 08:30:00,64728.7,65000.01,64728.7,64940.0
2024-07-17 09:00:00,64880.74,65000.0,64820.03,64995.0
2024-07-17 09:30:00,64995.0,65006.0,64890.0,64997.05
2024-07-17 10:00:00,64989.05,64989.05,64800.0,64820.37
2024-07-17 10:30:00,64900.0,64900.0,64728.69,64730.0
2024-07-17 11:00:00,64730.0,64950.0,64503.0,64505.21
2024-07-17 11:30:00,64879.96,64879.96,64400.0,64450.0
2024-07-17 12:00:00,64450.0,64811.93,64380.0,64624.61
2024-07-17 12:30:00,64560.0,64779.72,64401.99,64585.0
2024-07-17 13:00:00,64585.0,64650.0,64401.0,64646.33
2024-07-17 13:30:00,64401.01,65000.0,64400.0,64999.97
2024-07-17 14:00:00,64806.56,64999.82,64411.07,64600.15
2024-07-17 14:30:00,64709.97,64993.03,64600.0,64700.0
2024-07-17 15:00:00,64900.0,64950.0,64777.0,64900.0
2024-07-17 15:30:00,64950.0,65000.0,64400.0,64400.0
2024-07-17 16:00:00,64400.0,64400.0,63855.0,63890.0
2024-07-17 16:30:00,63990.0,63999.94,63274.76,63999.89
2024-07-17 17:00:00,63999.82,64216.53,63070.0,63793.88
2024-07-17 17:30:00,63793.81,64199.84,63793.79,64055.12
2024-07-17 18:00:00,64055.12,64201.0,63900.1,64057.0
2024-07-17 18:30:00,64057.0,64205.0,64033.01,64190.0
2024-07-17 19:00:00,64190.0,64400.0,64065.0,64400.0
2024-07-17 19:30:00,64321.0,64497.99,64181.57,64181.57
2024-07-17 20:00:00,64181.57,64188.0,64042.54,64135.59
2024-07-17 20:30:00,64135.59,64181.56,64074.22,64100.0
2024-07-17 21:00:00,64100.0,64100.0,63700.06,63701.0
2024-07-17 21:30:00,63794.0,64130.0,63794.0,63930.43
2024-07-17 22:00:00,64098.0,64128.37,63802.0,64020.0
2024-07-17 22:30:00,64020.0,64100.0,63803.0,63900.2
2024-07-17 23:00:00,63900.2,63900.2,63803.0,63850.0
2024-07-17 23:30:00,63850.0,63999.0,63850.0,63850.0
2024-07-18 00:00:00,63850.0,63983.79,63809.0,63811.1
2024-07-18 00:30:00,63811.12,64248.59,63811.12,64199.87
2024-07-18 01:00:00,64150.0,64395.39,64150.0,64395.12
2024-07-18 01:30:00,64394.35,64394.36,64050.01,64389.2
2024-07-18 02:00:00,64389.2,64550.0,63987.29,64300.0
2024-07-18 02:30:00,64169.56,64399.91,64116.32,64349.74
2024-07-18 03:00:00,64349.74,64550.0,64178.41,64550.0
2024-07-18 03:30:00,64550.0,64555.0,64400.0,64410.0
2024-07-18 04:00:00,64410.0,64500.0,64205.69,64205.69
2024-07-18 04:30:00,64205.69,64349.37,64097.17,64140.0
2024-07-18 05:00:00,64140.0,64298.76,64001.06,64150.0
2024-07-18 05:30:00,64001.94,64487.91,64001.94,64400.0
2024-07-18 06:00:00,64400.0,64500.0,64289.88,64386.0
2024-07-18 06:30:00,64399.0,64539.0,64385.52,64508.16
2024-07-18 07:00:00,64508.16,64539.5,64385.52,64385.52
2024-07-18 07:30:00,64385.52,64400.0,64300.0,64300.0
2024-07-18 08:00:00,64300.0,64400.0,64234.09,64398.0
2024-07-18 08:30:00,64398.0,64400.0,64220.59,64400.0
2024-07-18 09:00:00,64405.0,64498.0,64359.11,64491.9
2024-07-18 09:30:00,64373.62,64539.5,64369.15,64420.0
2024-07-18 10:00:00,64420.0,64460.0,64157.23,64199.0
2024-07-18 10:30:00,64157.33,64300.0,64110.01,64295.0
2024-07-18 11:00:00,64201.0,64494.96,64111.0,64112.03
2024-07-18 11:30:00,64112.03,64479.95,64112.03,64309.0
2024-07-18 12:00:00,64313.0,64539.85,64303.0,64530.0
2024-07-18 12:30:00,64530.0,64720.09,64350.1,64545.03
2024-07-18 13:00:00,64650.0,64800.0,64650.0,64650.07
2024-07-18 13:30:00,64650.07,64798.91,64250.0,64250.0
2024-07-18 14:00:00,64250.0,64350.07,63991.0,63991.0
2024-07-18 14:30:00,63991.0,63991.0,63600.0,63783.65
2024-07-18 15:00:00,63750.0,63899.91,63300.0,63600.0
2024-07-18 15:30:00,63600.0,63939.97,63300.0,63306.03
2024-07-18 16:00:00,63308.0,63529.4,63250.97,63399.93
2024-07-18 16:30:00,63359.0,63879.0,63358.0,63794.0
2024-07-18 17:00:00,63794.0,63820.0,63399.99,63588.9
2024-07-18 17:30:00,63580.0,63588.9,63360.0,63360.1
2024-07-18 18:00:00,63360.0,63548.7,63353.0,63498.6
2024-07-18 18:30:00,63498.6,63498.93,63254.0,63300.01
2024-07-18 19:00:00,63300.01,63400.0,63201.1,63201.1
2024-07-18 19:30:00,63202.0,63549.88,63201.0,63490.01
2024-07-18 20:00:00,63423.12,63566.3,63423.12,63423.63
2024-07-18 20:30:00,63423.12,63700.0,63310.01,63700.0
2024-07-18 21:00:00,63701.0,63701.0,63553.0,63700.0
2024-07-18 21:30:00,63700.0,63753.04,63700.0,63713.0
2024-07-18 22:00:00,63717.0,63900.0,63610.02,63900.0
2024-07-18 22:30:00,63900.0,63939.99,63830.0,63830.21
2024-07-18 23:00:00,63830.03,63936.95,63700.01,63897.06
2024-07-18 23:30:00,63799.99,63897.99,63701.11,63897.4
2024-07-19 00:00:00,63897.4,63897.65,63610.0,63610.1
2024-07-19 00:30:00,63610.1,63753.9,63485.07,63485.07
2024-07-19 01:00:00,63485.07,63557.96,63252.04,63422.21
2024-07-19 01:30:00,63403.21,63557.99,63301.57,63557.99
2024-07-19 02:00:00,63557.99,63800.0,63320.01,63531.57
2024-07-19 02:30:00,63531.57,63765.04,63531.57,63760.41
2024-07-19 03:00:00,63760.41,63760.41,63414.99,63550.0
2024-07-19 03:30:00,63550.0,63936.0,63550.0,63877.0
2024-07-19 04:00:00,63936.0,63940.0,63752.19,63938.16
2024-07-19 04:30:00,63937.89,63937.96,63768.57,63937.78
2024-07-19 05:00:00,63769.18,63937.7,63768.6,63935.78
2024-07-19 05:30:00,63935.78,63935.78,63768.6,63914.0
2024-07-19 06:00:00,63914.0,64250.0,63756.56,64000.0
2024-07-19 06:30:00,64000.0,64205.0,63811.0,63852.0
2024-07-19 07:00:00,63852.0,63979.93,63500.01,63800.0
2024-07-19 07:30:00,63698.28,63792.12,63406.0,63650.57
2024-07-19 08:00:00,63650.57,63650.57,63400.0,63540.0
2024-07-19 08:30:00,63417.0,63710.0,63356.05,63594.99
2024-07-19 09:00:00,63594.99,63799.99,63538.5,63700.0
2024-07-19 09:30:00,63700.0,63759.89,63600.0,63600.0
2024-07-19 10:00:00,63600.0,63812.02,63600.0,63770.09
2024-07-19 10:30:00,63770.12,63993.89,63650.04,63699.99
2024-07-19 11:00:00,63657.0,63894.76,63624.89,63700.0
2024-07-19 11:30:00,63700.0,63859.91,63600.0,63630.0
2024-07-19 12:00:00,63630.0,63895.0,63630.0,63894.85
2024-07-19 12:30:00,63895.0,63990.0,63760.0,63990.0
2024-07-19 13:00:00,63990.0,63990.0,63760.01,63761.0
2024-07-19 13:30:00,63899.76,64750.0,63761.06,64749.0
2024-07-19 14:00:00,64701.0,65295.0,64578.27,65161.26
2024-07-19 14:30:00,65161.26,65280.0,64848.15,65280.0
2024-07-19 15:00:00,65270.0,65489.0,65000.0,65001.0
2024-07-19 15:30:00,65000.0,65348.0,64894.48,65296.0
2024-07-19 16:00:00,65281.71,65848.0,65190.0,65843.7
2024-07-19 16:30:00,65842.45,65911.0,65220.0,65910.0
2024-07-19 17:00:00,65909.0,66195.0,65650.0,66170.0
2024-07-19 17:30:00,66170.0,66300.0,65700.0,66300.0
2024-07-19 18:00:00,66300.0,66318.0,65715.0,66047.31
2024-07-19 18:30:00,65999.0,66195.01,65760.0,66195.01
2024-07-19 19:00:00,66195.0,66550.0,66195.0,66550.0
2024-07-19 19:30:00,66500.01,66850.0,66500.0,66677.27
2024-07-19 20:00:00,66677.27,66697.13,66000.0,66397.54
2024-07-19 20:30:00,66300.0,66589.97,66125.0,66446.1
2024-07-19 21:00:00,66446.1,66825.0,66380.16,66720.0
2024-07-19 21:30:00,66605.48,66797.97,66400.0,66402.9
2024-07-19 22:00:00,66402.9,66498.0,66402.9,66451.0
2024-07-19 22:30:00,66451.0,66498.0,66302.0,66302.0
2024-07-19 23:00:00,66302.0,66380.0,66281.36,66281.36
2024-07-19 23:30:00,66281.36,66281.36,66199.34,66209.67
2024-07-20 00:00:00,66172.23,66369.0,66114.0,66249.8
2024-07-20 00:30:00,66114.0,66299.36,66114.0,66117.0
2024-07-20 01:00:00,66117.0,66284.85,66116.0,66284.85
2024-07-20 01:30:00,66284.85,66284.85,66000.0,66000.0
2024-07-20 02:00:00,66000.0,66432.69,65886.44,66199.95
2024-07-20 02:30:00,66375.0,66450.0,66056.81,66179.84
2024-07-20 03:00:00,66180.2,66399.89,66180.2,66194.85
2024-07-20 03:30:00,66194.85,66194.85,66082.47,66162.2
2024-07-20 04:00:00,66162.2,66240.0,66080.0,66200.0
2024-07-20 04:30:00,66201.0,66250.0,66190.0,66240.0
2024-07-20 05:00:00,66240.0,66300.0,66240.0,66290.0
2024-07-20 05:30:00,66240.0,66290.0,66000.0,66180.0
2024-07-20 06:00:00,66100.0,66180.0,66050.0,66091.0
2024-07-20 06:30:00,66091.0,66200.0,66074.22,66128.14
2024-07-20 07:00:00,66133.9,66200.0,66056.25,66198.95
2024-07-20 07:30:00,66198.95,66199.0,66075.51,66075.51
2024-07-20 08:00:00,66075.51,66197.0,66050.0,66122.38
2024-07-20 08:30:00,66122.0,66199.0,66050.0,66057.02
2024-07-20 09:00:00,66057.02,66199.55,66057.02,66063.99
2024-07-20 09:30:00,66063.99,66299.99,66063.99,66200.0
2024-07-20 10:00:00,66299.99,66299.99,66155.0,66155.0
2024-07-20 10:30:00,66200.0,66293.0,66100.0,66120.18
2024-07-20 11:00:00,66120.0,66299.99,66101.16,66101.99
2024-07-20 11:30:00,66102.0,66198.0,66102.0,66110.0
2024-07-20 12:00:00,66110.0,66398.24,66102.01,66102.09
2024-07-20 12:30:00,66120.0,66199.0,66101.01,66101.01
2024-07-20 13:00:00,66150.0,66197.0,66090.0,66100.0
2024-07-20 13:30:00,66150.0,66197.0,65900.0,66049.79
2024-07-20 14:00:00,66049.79,66151.0,66049.79,66151.0
2024-07-20 14:30:00,66151.0,66331.0,66135.0,66209.0
2024-07-20 15:00:00,66310.46,66497.8,66299.0,66400.0
2024-07-20 15:30:00,66400.0,66516.99,66400.0,66500.01
2024-07-20 16:00:00,66500.01,66700.0,66457.0,66696.89
2024-07-20 16:30:00,66700.0,66717.87,66463.03,66648.0
2024-07-20 17:00:00,66648.0,67050.0,66310.46,66818.0
2024-07-20 17:30:00,66818.0,67064.1,66818.0,67000.2
2024-07-20 18:00:00,67000.2,67195.0,66840.02,67050.0
2024-07-20 18:30:00,67000.29,67188.0,67000.0,67165.0
2024-07-20 19:00:00,67165.0,67195.0,67002.0,67100.0
2024-07-20 19:30:00,67050.0,67110.0,66700.0,66845.0
2024-07-20 20:00:00,66845.0,66938.0,66704.0,66837.5
2024-07-20 20:30:00,66837.5,67007.77,66800.0,66901.0
2024-07-20 21:00:00,66901.0,66979.97,66302.01,66800.0
2024-07-20 21:30:00,66800.0,66800.0,66410.01,66698.99
2024-07-20 22:00:00,66698.99,66860.0,66600.0,66708.74
2024-07-20 22:30:00,66708.74,66880.0,66515.0,66692.31
2024-07-20 23:00:00,66692.31,66692.32,66605.38,66671.21
2024-07-20 23:30:00,66692.32,66692.32,66664.36,66690.0
2024-07-21 00:00:00,66690.0,66880.0,66669.6,66819.76
2024-07-21 00:30:00,66885.0,66889.4,66701.01,66702.0
2024-07-21 01:00:00,66702.0,66889.28,66702.0,66704.67
2024-07-21 01:30:00,66704.67,66979.99,66704.31,66979.4
2024-07-21 02:00:00,66979.4,66979.81,66805.37,66979.81
2024-07-21 02:30:00,66795.86,66979.99,66795.86,66950.0
2024-07-21 03:00:00,66950.0,67049.94,66860.0,66862.0
2024-07-21 03:30:00,66862.72,66999.98,66862.06,66989.67
2024-07-21 04:00:00,66989.67,67000.0,66860.0,66860.0
2024-07-21 04:30:00,66998.85,66998.86,66640.75,66921.6
2024-07-21 05:00:00,66921.6,66921.6,66605.46,66667.4
2024-07-21 05:30:00,66667.4,66800.0,66544.12,66544.12
2024-07-21 06:00:00,66544.12,66601.0,66239.06,66286.25
2024-07-21 06:30:00,66286.24,66497.89,66201.92,66339.99
2024-07-21 07:00:00,66339.99,66494.96,66166.0,66200.0
2024-07-21 07:30:00,66200.0,66398.0,66173.02,66235.34
2024-07-21 08:00:00,66396.51,66396.96,66238.06,66330.0
2024-07-21 08:30:00,66324.66,66397.96,66245.23,66390.0
2024-07-21 09:00:00,66385.0,66445.0,66315.72,66445.0
2024-07-21 09:30:00,66445.0,66500.0,66420.0,66476.58
2024-07-21 10:00:00,66476.58,66600.0,66462.09,66502.0
2024-07-21 10:30:00,66502.0,66688.97,66000.0,66334.3
2024-07-21 11:00:00,66334.3,66499.48,66334.3,66354.0
2024-07-21 11:30:00,66400.0,66400.0,66354.0,66399.0
2024-07-21 12:00:00,66399.0,66608.04,66399.0,66608.04
2024-07-21 12:30:00,66448.48,66697.97,66425.05,66499.0
2024-07-21 13:00:00,66499.0,66776.93,66461.99,66600.0
2024-07-21 13:30:00,66600.0,66600.0,66300.01,66358.0
2024-07-21 14:00:00,66310.0,66773.0,66310.0,66698.99
2024-07-21 14:30:00,66650.0,67000.0,66499.0,66806.0
2024-07-21 15:00:00,66792.06,66880.0,66578.56,66691.07
2024-07-21 15:30:00,66740.0,67000.0,66700.0,66775.0
2024-07-21 16:00:00,66775.0,66777.0,66500.0,66500.0
2024-07-21 16:30:00,66500.0,67000.0,66500.0,67000.0
2024-07-21 17:00:00,67000.0,67190.0,66871.2,66872.0
2024-07-21 17:30:00,66872.0,66890.0,66250.0,66300.97
2024-07-21 18:00:00,66275.0,66550.0,65502.0,66349.01
2024-07-21 18:30:00,66668.97,66800.0,65503.0,66450.21
2024-07-21 19:00:00,66450.0,66897.42,66343.62,66897.42
2024-07-21 19:30:00,66897.39,67091.11,66715.7,66766.24
2024-07-21 20:00:00,66850.0,67600.0,66766.24,67600.0
2024-07-21 20:30:00,67600.0,67685.0,66200.0,67298.0
2024-07-21 21:00:00,67248.44,67500.0,67155.3,67499.99
2024-07-21 21:30:00,67500.0,67699.9,67500.0,67699.9
2024-07-21 22:00:00,67699.9,67800.0,67547.83,67609.99
2024-07-21 22:30:00,67609.99,67734.97,67499.99,67699.05
2024-07-21 23:00:00,67690.0,67699.33,67521.51,67699.0
2024-07-21 23:30:00,67699.0,67699.0,67471.17,67500.0
2024-07-22 00:00:00,67619.82,67758.94,67594.13,67594.13
2024-07-22 00:30:00,67600.0,67910.0,67600.0,67758.94
2024-07-22 01:00:00,67758.94,67894.06,67443.26,67539.49
2024-07-22 01:30:00,67540.18,67772.79,67540.18,67550.01
2024-07-22 02:00:00,67442.01,67700.0,67342.5,67623.0
2024-07-22 02:30:00,67650.0,67761.0,67650.0,67760.0
2024-07-22 03:00:00,67760.0,67760.0,67500.0,67698.99
2024-07-22 03:30:00,67580.0,67580.0,67339.4,67390.0
2024-07-22 04:00:00,67390.0,67590.0,67316.76,67590.0
2024-07-22 04:30:00,67590.0,67595.95,67328.28,67379.32
2024-07-22 05:00:00,67379.32,67498.98,67218.95,67260.0
2024-07-22 05:30:00,67260.0,67310.99,67100.0,67134.0
2024-07-22 06:00:00,67102.87,67299.96,67080.0,67199.0
2024-07-22 06:30:00,67199.0,67199.0,66880.0,66888.0
2024-07-22 07:00:00,66888.0,67200.0,66761.0,66801.0
2024-07-22 07:30:00,66801.0,67099.55,66769.52,66775.01
2024-07-22 08:00:00,66775.0,67051.41,66770.2,66860.12
2024-07-22 08:30:00,66860.12,67020.43,66860.1,66866.0
2024-07-22 09:00:00,66860.1,66995.0,66601.0,66800.0
2024-07-22 09:30:00,66800.0,66973.8,66800.0,66913.6
2024-07-22 10:00:00,66913.6,67000.0,66913.6,67000.0
2024-07-22 10:30:00,67020.58,67020.58,66800.0,66883.42
2024-07-22 11:00:00,66896.32,66941.61,66800.0,66810.0
2024-07-22 11:30:00,66899.0,67188.0,66730.0,67050.0
2024-07-22 12:00:00,67050.0,67184.71,66971.1,67179.0
2024-07-22 12:30:00,67179.0,67180.0,67105.25,67180.0
2024-07-22 13:00:00,67180.0,67366.0,67161.56,67333.23
2024-07-22 13:30:00,67200.0,67430.0,66750.0,66750.0
2024-07-22 14:00:00,66750.0,67149.34,66700.0,66801.0
2024-07-22 14:30:00,66800.97,66920.99,66472.0,66490.07
2024-07-22 15:00:00,66490.1,66669.72,66490.07,66542.01
2024-07-22 15:30:00,66542.02,66961.41,66542.01,66961.41
2024-07-22 16:00:00,66940.0,66961.41,66505.38,66505.38
2024-07-22 16:30:00,66600.0,66900.0,66505.38,66800.03
2024-07-22 17:00:00,66800.03,66950.0,66800.03,66950.0
2024-07-22 17:30:00,66950.0,67300.0,66950.0,67213.52
2024-07-22 18:00:00,67213.5,67246.42,67098.48,67100.02
2024-07-22 18:30:00,67100.01,67199.0,67000.01,67185.0
2024-07-22 19:00:00,67183.91,67198.0,67000.01,67196.0
2024-07-22 19:30:00,67198.0,67700.0,67120.25,67699.0
2024-07-22 20:00:00,67660.93,67695.0,67505.23,67525.89
2024-07-22 20:30:00,67500.0,67625.89,67367.0,67491.43
2024-07-22 21:00:00,67600.0,67600.0,67211.0,67300.0
2024-07-22 21:30:00,67211.0,67439.94,67200.02,67290.67
2024-07-22 22:00:00,67398.0,67419.84,67100.01,67100.01
2024-07-22 22:30:00,67100.01,67484.99,67100.0,67449.35
2024-07-22 23:00:00,67449.34,67449.34,66950.0,66960.0
2024-07-22 23:30:00,66960.0,67070.67,66960.0,67005.36
2024-07-23 00:00:00,67005.36,67517.45,67005.36,67223.52
2024-07-23 00:30:00,67399.66,67399.67,67100.5,67142.19
2024-07-23 01:00:00,67142.19,67250.0,67000.0,67050.0
2024-07-23 01:30:00,67050.0,67138.18,67000.0,67000.45
2024-07-23 02:00:00,67000.45,67136.75,66950.0,66950.31
2024-07-23 02:30:00,66950.31,67381.69,66950.31,67083.21
2024-07-23 03:00:00,67083.21,67299.99,67083.21,67146.0
2024-07-23 03:30:00,67280.39,67280.39,67049.54,67081.13
2024-07-23 04:00:00,67081.13,67197.49,66950.0,66950.0
2024-07-23 04:30:00,66950.0,66955.99,66790.0,66800.0
2024-07-23 05:00:00,66750.2,66750.2,66200.0,66298.89
2024-07-23 05:30:00,66298.89,66298.89,66200.0,66224.0
2024-07-23 06:00:00,66225.0,66649.82,66223.97,66519.0
2024-07-23 06:30:00,66515.0,66519.0,66350.0,66450.3
2024-07-23 07:00:00,66450.3,66601.93,66250.0,66250.0
2024-07-23 07:30:00,66251.0,66629.46,66200.0,66280.01
2024-07-23 08:00:00,66280.01,66628.65,66200.0,66427.47
2024-07-23 08:30:00,66489.88,66684.85,66285.53,66429.0
2024-07-23 09:00:00,66499.0,66650.0,66376.39,66419.4
2024-07-23 09:30:00,66597.0,66891.92,66419.39,66750.0
2024-07-23 10:00:00,66749.0,66750.0,66404.2,66600.0
2024-07-23 10:30:00,66477.19,66700.0,66477.19,66698.99
2024-07-23 11:00:00,66600.0,66698.99,66079.48,66079.56
2024-07-23 11:30:00,66079.58,66477.0,66079.48,66306.12
2024-07-23 12:00:00,66470.0,66477.0,66252.04,66400.0
2024-07-23 12:30:00,66400.0,66400.0,66200.0,66389.9
2024-07-23 13:00:00,66388.45,66389.0,66200.0,66314.0
2024-07-23 13:30:00,66389.0,66400.0,65780.0,65949.94
2024-07-23 14:00:00,65799.06,66600.0,65799.06,66500.0
2024-07-23 14:30:00,66636.0,66895.19,65801.0,66745.0
2024-07-23 15:00:00,66745.0,66837.0,66300.0,66300.0
2024-07-23 15:30:00,66250.0,66700.0,66204.0,66250.09
2024-07-23 16:00:00,66250.09,66487.95,66214.06,66250.0
2024-07-23 16:30:00,66250.0,66250.0,65802.0,65802.0
2024-07-23 17:00:00,65801.0,66060.0,65622.0,65867.0
2024-07-23 17:30:00,66044.92,66044.92,65610.01,65896.0
2024-07-23 18:00:00,65890.0,65978.96,65735.0,65735.0
2024-07-23 18:30:00,65862.85,65862.85,65700.0,65700.0
2024-07-23 19:00:00,65700.0,65990.0,65621.0,65750.27
2024-07-23 19:30:00,65974.82,65974.82,65400.01,65403.3
2024-07-23 20:00:00,65403.3,65887.84,65400.0,65515.0
2024-07-23 20:30:00,65515.0,65600.0,65500.0,65599.51
2024-07-23 21:00:00,65599.0,65600.0,65451.0,65452.01
2024-07-23 21:30:00,65452.01,65689.19,65450.09,65598.12
2024-07-23 22:00:00,65598.12,65689.19,65598.12,65670.0
2024-07-23 22:30:00,65670.0,65689.19,65600.01,65669.0
2024-07-23 23:00:00,65689.19,65699.0,65598.12,65598.12
2024-07-23 23:30:00,65598.12,65600.0,65598.12,65598.12
2024-07-24 00:00:00,65598.12,65634.22,65451.02,65482.4
2024-07-24 00:30:00,65482.4,65697.15,65450.0,65450.0
2024-07-24 01:00:00,65450.0,65593.99,65408.02,65593.99
2024-07-24 01:30:00,65593.99,65593.99,65450.59,65450.59
2024-07-24 02:00:00,65450.59,65520.0,65380.0,65449.58
2024-07-24 02:30:00,65449.58,65600.0,65389.0,65588.12
2024-07-24 03:00:00,65600.0,65600.0,65462.0,65592.0
2024-07-24 03:30:00,65592.0,65699.0,65592.0,65696.0
2024-07-24 04:00:00,65696.0,65696.0,65486.91,65498.0
2024-07-24 04:30:00,65486.91,65677.99,65381.0,65462.0
2024-07-24 05:00:00,65381.0,65450.0,65302.0,65400.0
2024-07-24 05:30:00,65400.0,65450.0,65302.0,65304.05
2024-07-24 06:00:00,65304.05,65462.0,65304.05,65462.0
2024-07-24 06:30:00,65585.99,65669.0,65470.0,65669.0
2024-07-24 07:00:00,65484.57,65678.0,65383.39,65550.0
2024-07-24 07:30:00,65515.82,65794.99,65515.82,65690.0
2024-07-24 08:00:00,65690.0,65974.0,65690.0,65930.0
2024-07-24 08:30:00,65800.43,66138.0,65800.43,66125.0
2024-07-24 09:00:00,66125.0,66136.0,65900.0,66122.81
2024-07-24 09:30:00,65950.06,66149.0,65950.03,66137.0
2024-07-24 10:00:00,66137.0,66360.0,66002.01,66360.0
2024-07-24 10:30:00,66250.0,66345.98,66200.0,66200.3
2024-07-24 11:00:00,66200.3,66440.0,66200.1,66300.0
2024-07-24 11:30:00,66300.0,66329.88,65913.95,65914.07
2024-07-24 12:00:00,66098.96,66200.0,65914.13,66195.72
2024-07-24 12:30:00,66195.72,66200.0,65900.0,65999.0
2024-07-24 13:00:00,65999.0,66300.0,65852.09,66191.0
2024-07-24 13:30:00,66191.0,66657.92,66190.0,66190.0
2024-07-24 14:00:00,66190.0,66391.19,66120.78,66350.0
2024-07-24 14:30:00,66349.17,66549.0,66348.99,66500.0
2024-07-24 15:00:00,66431.5,66539.99,65920.0,66001.19
2024-07-24 15:30:00,66001.25,66199.81,65607.0,65850.0
2024-07-24 16:00:00,66133.45,66133.45,65556.0,65795.0
2024-07-24 16:30:00,65795.0,66142.0,65790.32,66000.0
2024-07-24 17:00:00,66000.0,66318.0,66000.0,66044.06
2024-07-24 17:30:00,66044.06,66531.98,66044.03,66145.0
2024-07-24 18:00:00,66145.0,66276.54,65867.07,65867.23
2024-07-24 18:30:00,65867.23,65998.97,65300.0,65420.0
2024-07-24 19:00:00,65420.0,65737.04,65300.04,65736.7
2024-07-24 19:30:00,65736.58,65739.99,65375.01,65617.23
2024-07-24 20:00:00,65442.13,65646.0,65442.13,65600.0
2024-07-24 20:30:00,65523.0,65646.0,65522.66,65645.0
2024-07-24 21:00:00,65646.0,65646.0,65405.0,65455.0
2024-07-24 21:30:00,65420.0,65460.0,65150.0,65454.53
2024-07-24 22:00:00,65454.43,65454.43,65156.0,65340.0
2024-07-24 22:30:00,65340.0,65350.0,65152.0,65277.0
2024-07-24 23:00:00,65206.0,65330.0,65100.0,65116.1
2024-07-24 23:30:00,65116.1,65295.96,65116.0,65291.0
2024-07-25 00:00:00,65291.0,65500.0,65290.99,65500.0
2024-07-25 00:30:00,65500.0,65500.0,65420.0,65420.09
2024-07-25 01:00:00,65420.09,65499.97,64220.0,64230.0
2024-07-25 01:30:00,64230.0,64474.84,64200.0,64213.27
2024-07-25 02:00:00,64213.4,64350.0,64012.0,64012.0
2024-07-25 02:30:00,64011.0,64200.97,63955.0,63959.0
2024-07-25 03:00:00,63959.0,64002.0,63951.0,64001.0
2024-07-25 03:30:00,64100.0,64199.52,63836.0,64056.99
2024-07-25 04:00:00,64057.69,64431.76,63836.0,64089.56
2024-07-25 04:30:00,64089.52,64277.03,63940.45,64276.77
2024-07-25 05:00:00,64276.68,64276.68,64057.0,64060.0
2024-07-25 05:30:00,64060.0,64299.96,64000.0,64249.79
2024-07-25 06:00:00,64200.0,64200.0,63970.0,64053.97
2024-07-25 06:30:00,64053.97,64328.0,63970.04,64266.0
2024-07-25 07:00:00,64195.99,64265.0,64166.0,64176.0
2024-07-25 07:30:00,64175.0,64265.0,64111.03,64219.93
2024-07-25 08:00:00,64111.04,64219.91,63900.0,63910.07
2024-07-25 08:30:00,63989.97,64250.0,63910.23,64199.99
2024-07-25 09:00:00,64150.09,64390.0,64122.0,64390.0
2024-07-25 09:30:00,64389.99,64389.99,64156.28,64327.71
2024-07-25 10:00:00,64211.0,64327.83,63800.0,63800.05
2024-07-25 10:30:00,63836.0,63976.44,63800.05,63975.03
2024-07-25 11:00:00,63975.03,64150.0,63840.01,64100.0
2024-07-25 11:30:00,64100.0,64149.0,64000.0,64134.88
2024-07-25 12:00:00,64134.83,64144.97,64000.55,64140.0
2024-07-25 12:30:00,64140.0,64149.97,63850.0,63922.63
2024-07-25 13:00:00,64000.0,64084.0,63850.0,64080.99
2024-07-25 13:30:00,64000.01,64150.0,63770.0,63950.0
2024-07-25 14:00:00,63770.07,64160.0,63490.0,64160.0
2024-07-25 14:30:00,64160.0,64500.0,63878.44,64404.97
2024-07-25 15:00:00,64404.97,64940.23,64400.0,64413.21
2024-07-25 15:30:00,64598.77,64650.0,64413.21,64499.0
2024-07-25 16:00:00,64499.0,64692.93,64413.25,64490.6
2024-07-25 16:30:00,64490.6,64849.98,64490.6,64715.0
2024-07-25 17:00:00,64769.0,64850.0,64715.0,64715.0
2024-07-25 17:30:00,64715.0,64768.8,64413.21,64694.87
2024-07-25 18:00:00,64695.0,64848.0,64590.03,64693.97
2024-07-25 18:30:00,64693.97,64693.97,64220.01,64345.0
2024-07-25 19:00:00,64302.0,64700.0,64192.39,64699.85
2024-07-25 19:30:00,64699.0,64699.0,64211.35,64499.64
2024-07-25 20:00:00,64499.64,64499.64,64200.0,64396.01
2024-07-25 20:30:00,64310.0,64780.0,64301.62,64780.0
2024-07-25 21:00:00,64780.0,65400.0,64780.0,65275.75
2024-07-25 21:30:00,65275.75,65520.0,65031.87,65359.47
2024-07-25 22:00:00,65359.46,65646.08,65301.0,65420.0
2024-07-25 22:30:00,65355.0,65428.0,65218.65,65273.0
2024-07-25 23:00:00,65218.65,65398.98,65200.02,65398.98
2024-07-25 23:30:00,65398.98,65399.0,65228.98,65399.0
2024-07-26 00:00:00,65399.0,65800.0,65302.2,65598.48
2024-07-26 00:30:00,65598.47,65954.07,65598.47,65954.07
2024-07-26 01:00:00,65930.52,66013.2,65930.52,66013.2
2024-07-26 01:30:00,65997.0,66050.0,65930.0,65932.0
2024-07-26 02:00:00,65932.0,66350.0,65932.0,66350.0
2024-07-26 02:30:00,66350.0,66636.0,66279.47,66630.06
2024-07-26 03:00:00,66630.09,66900.0,66617.49,66844.75
2024-07-26 03:30:00,66675.08,66844.68,66549.67,66600.04
2024-07-26 04:00:00,66600.04,66600.04,66250.0,66568.99
2024-07-26 04:30:00,66470.03,66792.99,66470.03,66490.13
2024-07-26 05:00:00,66490.13,66850.0,66215.0,66460.6
2024-07-26 05:30:00,66460.6,66649.82,66394.76,66403.31
2024-07-26 06:00:00,66403.3,66650.0,65800.0,66498.03
2024-07-26 06:30:00,66498.03,66666.0,66495.95,66666.0
2024-07-26 07:00:00,66666.0,66700.0,66464.47,66700.0
2024-07-26 07:30:00,66700.0,66700.0,66255.0,66421.77
2024-07-26 08:00:00,66405.58,66700.85,66405.58,66600.0
2024-07-26 08:30:00,66600.0,66748.0,66550.0,66560.0
2024-07-26 09:00:00,66560.0,66850.0,66560.0,66825.0
2024-07-26 09:30:00,66820.0,66973.0,66800.0,66963.0
2024-07-26 10:00:00,66950.0,66950.0,66800.0,66850.0
2024-07-26 10:30:00,66850.0,66850.0,66751.15,66794.24
2024-07-26 11:00:00,66797.0,66797.0,66715.0,66715.0
2024-07-26 11:30:00,66715.0,66833.37,66700.0,66828.89
2024-07-26 12:00:00,66846.0,66854.0,66770.0,66842.99
2024-07-26 12:30:00,66842.99,66843.0,66659.1,66783.42
2024-07-26 13:00:00,66783.42,66920.0,66659.11,66920.0
2024-07-26 13:30:00,66916.18,67449.0,66916.18,67392.92
2024-07-26 14:00:00,67392.92,67439.96,67082.99,67088.0
2024-07-26 14:30:00,67010.0,67087.0,66500.0,66745.01
2024-07-26 15:00:00,66745.01,67300.0,66745.01,67288.0
2024-07-26 15:30:00,67205.15,67288.0,66984.8,67000.0
2024-07-26 16:00:00,67000.0,67199.97,66980.0,67190.0
2024-07-26 16:30:00,67190.0,67199.0,66940.0,66940.0
2024-07-26 17:00:00,66940.0,67010.0,66841.0,66911.02
2024-07-26 17:30:00,66943.0,67100.0,66913.8,66990.0
2024-07-26 18:00:00,66915.0,67100.0,66859.88,66962.86
2024-07-26 18:30:00,66962.86,67153.94,66915.39,66996.72
2024-07-26 19:00:00,66999.0,67378.0,66996.72,67350.0
2024-07-26 19:30:00,67378.0,67600.0,67180.0,67400.0
2024-07-26 20:00:00,67484.99,67485.0,67259.07,67281.1
2024-07-26 20:30:00,67281.1,67399.0,66900.0,67148.0
2024-07-26 21:00:00,67148.0,67475.88,66952.39,67445.0
2024-07-26 21:30:00,67445.0,67705.0,67314.79,67465.0
2024-07-26 22:00:00,67465.0,67600.0,67380.0,67496.1
2024-07-26 22:30:00,67496.1,67600.0,67412.39,67438.4
2024-07-26 23:00:00,67438.4,67592.9,67438.4,67580.0
2024-07-26 23:30:00,67580.0,67592.9,67450.0,67450.0
2024-07-27 00:00:00,67450.0,67566.0,67390.0,67390.0
2024-07-27 00:30:00,67390.0,67498.0,67314.81,67378.62
2024-07-27 01:00:00,67378.62,67492.91,67300.0,67489.86
2024-07-27 01:30:00,67489.86,67489.86,67200.0,67200.0
2024-07-27 02:00:00,67200.0,67245.66,67160.07,67245.66
2024-07-27 02:30:00,67300.0,67495.0,67300.0,67487.26
2024-07-27 03:00:00,67487.26,67500.0,67285.78,67285.78
2024-07-27 03:30:00,67285.78,67489.0,67285.78,67295.11
2024-07-27 04:00:00,67295.11,67592.89,67288.46,67323.41
2024-07-27 04:30:00,67323.41,67376.74,67311.9,67361.74
2024-07-27 05:00:00,67400.0,67499.98,67361.74,67479.91
2024-07-27 05:30:00,67479.91,67493.5,67443.07,67443.07
2024-07-27 06:00:00,67443.08,67580.0,67401.36,67580.0
2024-07-27 06:30:00,67560.0,67628.0,67361.82,67579.11
2024-07-27 07:00:00,67579.11,67795.0,67536.21,67759.34
2024-07-27 07:30:00,67759.34,67794.9,67612.09,67719.0
2024-07-27 08:00:00,67615.0,67700.0,67555.46,67556.0
2024-07-27 08:30:00,67556.0,67610.0,67480.0,67549.0
2024-07-27 09:00:00,67480.0,67681.0,67450.0,67636.9
2024-07-27 09:30:00,67637.89,67890.0,67636.71,67864.0
2024-07-27 10:00:00,67800.0,67865.0,67680.6,67695.49
2024-07-27 10:30:00,67664.31,67855.46,67623.2,67815.97
2024-07-27 11:00:00,67716.09,67815.71,67582.09,67600.0
2024-07-27 11:30:00,67582.09,67837.92,67582.09,67799.97
2024-07-27 12:00:00,67799.97,67980.0,67707.01,67837.0
2024-07-27 12:30:00,67837.0,67977.7,67707.01,67879.71
2024-07-27 13:00:00,67879.7,68433.03,67851.0,68400.0
2024-07-27 13:30:00,68400.0,68931.4,68350.0,68687.52
2024-07-27 14:00:00,68688.52,69000.0,68400.11,68410.0
2024-07-27 14:30:00,68410.0,68690.98,68324.16,68435.47
2024-07-27 15:00:00,68449.0,68600.0,68230.72,68395.46
2024-07-27 15:30:00,68395.0,68395.0,68080.0,68300.01
2024-07-27 16:00:00,68300.01,68446.97,68021.0,68377.88
2024-07-27 16:30:00,68436.0,68446.99,68300.0,68300.1
2024-07-27 17:00:00,68300.1,68400.0,68019.91,68100.0
2024-07-27 17:30:00,68099.0,68320.0,68019.91,68297.95
2024-07-27 18:00:00,68250.0,68691.67,68250.0,68660.0
2024-07-27 18:30:00,68691.67,68691.67,68171.44,68300.0
2024-07-27 19:00:00,68300.0,68400.0,67837.79,68203.53
2024-07-27 19:30:00,68203.56,68400.0,67453.89,68027.34
2024-07-27 20:00:00,68027.31,68119.99,66200.0,66800.07
2024-07-27 20:30:00,66900.03,67700.0,66540.0,67301.47
2024-07-27 21:00:00,67301.5,68581.0,67199.19,68550.0
2024-07-27 21:30:00,68550.0,68581.0,67158.2,68300.0
2024-07-27 22:00:00,68300.0,68389.99,68050.0,68230.0
2024-07-27 22:30:00,68236.38,68300.0,68050.0,68289.72
2024-07-27 23:00:00,68071.75,68189.69,67657.76,67893.94
2024-07-27 23:30:00,67720.16,67893.55,67300.0,67301.32
2024-07-28 00:00:00,67294.32,67570.0,67000.0,67570.0
2024-07-28 00:30:00,67570.0,67570.0,67401.0,67468.79
2024-07-28 01:00:00,67555.78,67799.77,67523.4,67645.93
2024-07-28 01:30:00,67645.93,68000.0,67645.93,67740.35
2024-07-28 02:00:00,67740.35,67949.73,66850.0,67592.13
2024-07-28 02:30:00,67592.13,67700.0,67581.59,67700.0
2024-07-28 03:00:00,67700.0,67790.91,67579.71,67699.81
2024-07-28 03:30:00,67699.81,67749.82,67501.56,67525.09
2024-07-28 04:00:00,67525.09,67525.09,67440.5,67440.5
2024-07-28 04:30:00,67499.0,67499.0,67100.0,67100.0
2024-07-28 05:00:00,67100.0,67198.99,66751.0,67198.95
2024-07-28 05:30:00,67198.92,67253.22,66911.91,67193.0
2024-07-28 06:00:00,67194.0,67360.2,67193.0,67193.0
2024-07-28 06:30:00,67193.0,67399.99,67193.0,67194.96
2024-07-28 07:00:00,67194.96,67250.0,67100.05,67108.0
2024-07-28 07:30:00,67108.0,67348.0,67108.0,67348.0
2024-07-28 08:00:00,67399.99,67399.99,67005.0,67070.73
2024-07-28 08:30:00,67070.73,67199.0,66950.0,66950.1
2024-07-28 09:00:00,66950.0,67000.0,66833.86,66972.88
2024-07-28 09:30:00,66980.0,67198.47,66930.09,66980.0
2024-07-28 10:00:00,66980.0,67399.96,66921.84,67399.96
2024-07-28 10:30:00,67399.96,67470.0,67250.0,67388.0
2024-07-28 11:00:00,67388.0,67469.0,67388.0,67440.0
2024-07-28 11:30:00,67440.0,67649.0,67400.0,67640.0
2024-07-28 12:00:00,67610.0,67641.0,67458.86,67599.0
2024-07-28 12:30:00,67599.0,67879.99,67599.0,67599.23
2024-07-28 13:00:00,67600.0,67845.0,67599.23,67620.0
2024-07-28 13:30:00,67620.02,67698.99,67390.34,67600.0
2024-07-28 14:00:00,67600.0,67600.0,67410.0,67549.74
2024-07-28 14:30:00,67549.74,67598.0,67388.0,67450.0
2024-07-28 15:00:00,67450.0,67493.93,67300.2,67493.67
2024-07-28 15:30:00,67493.67,67493.92,67240.0,67479.99
2024-07-28 16:00:00,67265.0,67450.0,67261.0,67449.82
2024-07-28 16:30:00,67449.82,67480.0,67262.52,67305.0
2024-07-28 17:00:00,67300.0,67500.0,67261.0,67483.97
2024-07-28 17:30:00,67483.97,67500.0,67302.46,67500.0
2024-07-28 18:00:00,67500.0,67750.0,67500.0,67688.84
2024-07-28 18:30:00,67800.0,67800.0,67630.45,67799.99
2024-07-28 19:00:00,67799.99,67968.0,67680.3,67837.99
2024-07-28 19:30:00,67837.99,67946.99,67605.43,67720.5
2024-07-28 20:00:00,67720.54,67914.72,67366.0,67572.36
2024-07-28 20:30:00,67572.36,67700.46,67494.28,67525.19
2024-07-28 21:00:00,67525.19,67592.0,67327.58,67327.58
2024-07-28 21:30:00,67327.58,67581.0,67327.58,67522.41
2024-07-28 22:00:00,67522.41,67700.46,67490.13,67662.65
2024-07-28 22:30:00,67662.65,67796.95,67550.12,67777.97
2024-07-28 23:00:00,67777.97,67777.97,67550.12,67550.12
2024-07-28 23:30:00,67550.12,67777.77,67550.12,67777.75
2024-07-29 00:00:00,67778.0,68400.0,67707.11,68362.27
2024-07-29 00:30:00,68362.09,68398.0,68195.37,68223.47
2024-07-29 01:00:00,68223.47,68367.97,67800.0,68252.59
2024-07-29 01:30:00,68252.59,68400.0,68068.16,68200.0
2024-07-29 02:00:00,68196.0,68700.0,68164.05,68685.71
2024-07-29 02:30:00,68685.71,69000.0,68685.71,68994.73
2024-07-29 03:00:00,68994.73,69200.0,68864.05,68969.0
2024-07-29 03:30:00,68971.06,68988.0,68808.05,68814.9
2024-07-29 04:00:00,68814.9,68880.0,68700.2,68879.0
2024-07-29 04:30:00,68879.0,68985.0,68720.0,68837.14
2024-07-29 05:00:00,68933.35,69000.0,68874.78,69000.0
2024-07-29 05:30:00,69000.0,69200.0,69000.0,69156.0
2024-07-29 06:00:00,69156.0,69299.0,68250.0,69275.45
2024-07-29 06:30:00,69275.45,69292.93,68700.11,69086.29
2024-07-29 07:00:00,69086.39,69088.55,68600.0,68979.64
2024-07-29 07:30:00,68979.64,69084.96,68919.52,68963.85
2024-07-29 08:00:00,68963.85,69185.0,68963.85,69059.18
2024-07-29 08:30:00,69059.18,69110.0,68906.95,68994.73
2024-07-29 09:00:00,68939.72,69098.0,68939.72,69000.99
2024-07-29 09:30:00,69000.99,69098.0,68923.14,68955.0
2024-07-29 10:00:00,69005.56,69080.0,68801.1,69079.0
2024-07-29 10:30:00,69023.33,69277.0,69002.58,69184.8
2024-07-29 11:00:00,69141.0,69299.0,69130.68,69254.0
2024-07-29 11:30:00,69292.0,69298.89,69147.95,69148.0
2024-07-29 12:00:00,69148.0,69198.95,69000.0,69005.02
2024-07-29 12:30:00,69164.0,69400.0,69050.01,69284.69
2024-07-29 13:00:00,69284.69,69500.0,69180.22,69180.24
2024-07-29 13:30:00,69180.24,69300.12,68660.0,68801.01
2024-07-29 14:00:00,68801.01,68801.01,68410.0,68451.0
2024-07-29 14:30:00,68564.0,68644.43,67820.0,67820.0
2024-07-29 15:00:00,67900.0,68049.1,67350.0,67981.56
2024-07-29 15:30:00,67999.0,68184.52,67499.85,68184.51
2024-07-29 16:00:00,68184.51,68184.51,67253.0,67350.03
2024-07-29 16:30:00,67350.0,67350.0,66820.0,66989.99
2024-07-29 17:00:00,66900.0,67100.0,66611.0,66666.0
2024-07-29 17:30:00,66650.0,67046.16,66612.0,67000.0
2024-07-29 18:00:00,67000.0,67500.05,66903.0,67445.0
2024-07-29 18:30:00,67440.0,67445.0,67200.0,67444.0
2024-07-29 19:00:00,67445.0,67489.99,67371.97,67439.0
2024-07-29 19:30:00,67386.0,67439.0,67242.03,67291.9
2024-07-29 20:00:00,67242.1,67291.0,67050.0,67050.0
2024-07-29 20:30:00,67100.0,67291.8,67091.9,67277.0
2024-07-29 21:00:00,67277.0,67277.0,67038.12,67118.12
2024-07-29 21:30:00,67118.12,67291.9,67010.01,67291.9
2024-07-29 22:00:00,67291.9,67500.05,67205.9,67479.52
2024-07-29 22:30:00,67300.0,67478.89,67101.06,67219.88
2024-07-29 23:00:00,67219.0,67219.0,66750.01,66900.0
2024-07-29 23:30:00,66900.0,66999.97,66857.83,66857.85
2024-07-30 00:00:00,66982.48,66982.48,66200.0,66210.03
2024-07-30 00:30:00,66201.0,66647.99,66200.06,66647.99
2024-07-30 01:00:00,66648.0,66860.14,66571.21,66600.01
2024-07-30 01:30:00,66600.01,66603.11,66199.0,66199.0
2024-07-30 02:00:00,66200.0,66512.78,66100.0,66100.0
2024-07-30 02:30:00,66100.0,66410.0,66015.0,66302.93
2024-07-30 03:00:00,66302.93,66699.99,66302.93,66698.99
2024-07-30 03:30:00,66698.99,66698.99,66556.0,66628.57
2024-07-30 04:00:00,66635.27,66700.12,66500.0,66700.12
2024-07-30 04:30:00,66700.12,66824.71,66699.94,66742.6
2024-07-30 05:00:00,66742.6,66810.0,66369.19,66400.0
2024-07-30 05:30:00,66374.9,66700.17,66369.14,66605.02
2024-07-30 06:00:00,66604.99,66714.26,66485.06,66619.06
2024-07-30 06:30:00,66619.06,66810.0,66619.06,66810.0
2024-07-30 07:00:00,66810.0,67000.0,66810.0,66999.99
2024-07-30 07:30:00,66996.0,67000.0,66940.32,66999.99
2024-07-30 08:00:00,66999.0,67000.0,66858.0,66889.99
2024-07-30 08:30:00,66858.0,66889.98,66666.0,66668.22
2024-07-30 09:00:00,66668.22,66849.85,66668.22,66849.0
2024-07-30 09:30:00,66849.0,66849.86,66540.0,66550.21
2024-07-30 10:00:00,66550.37,66674.71,66451.0,66591.0
2024-07-30 10:30:00,66591.04,66675.0,66500.06,66550.0
2024-07-30 11:00:00,66550.0,66550.0,66441.0,66549.97
2024-07-30 11:30:00,66549.97,66719.97,66549.0,66700.0
2024-07-30 12:00:00,66700.0,66719.68,66318.68,66318.68
2024-07-30 12:30:00,66318.64,66800.0,66316.0,66666.0
2024-07-30 13:00:00,66666.0,66800.0,66601.0,66651.89
2024-07-30 13:30:00,66651.86,66895.38,66466.13,66479.99
2024-07-30 14:00:00,66400.0,66479.99,66260.0,66260.0
2024-07-30 14:30:00,66250.0,66260.0,66000.0,66000.0
2024-07-30 15:00:00,66000.0,66300.0,65745.0,66250.0
2024-07-30 15:30:00,66300.0,66300.0,66001.01,66210.0
2024-07-30 16:00:00,66280.0,66400.12,66202.5,66380.0
2024-07-30 16:30:00,66380.0,66651.76,66203.07,66204.0
2024-07-30 17:00:00,66204.0,66204.0,65900.0,65992.84
2024-07-30 17:30:00,65991.77,66000.0,65800.0,65800.0
2024-07-30 18:00:00,65835.0,66081.97,65660.06,66000.03
2024-07-30 18:30:00,66000.0,66000.0,65624.0,65793.76
2024-07-30 19:00:00,65793.76,65793.85,65600.0,65764.62
2024-07-30 19:30:00,65791.89,65999.0,65764.62,65999.0
2024-07-30 20:00:00,65998.89,66080.0,65530.0,66079.0
2024-07-30 20:30:00,66082.07,66245.53,66000.09,66098.0
2024-07-30 21:00:00,66014.61,66098.0,66006.0,66098.0
2024-07-30 21:30:00,66098.0,66279.0,66006.1,66279.0
2024-07-30 22:00:00,66279.0,66300.0,66200.0,66280.0
2024-07-30 22:30:00,66300.0,66349.99,66190.03,66190.03
2024-07-30 23:00:00,66290.82,66375.17,66190.0,66249.99
2024-07-30 23:30:00,66249.99,66250.0,66131.12,66200.0
2024-07-31 00:00:00,66250.0,66250.0,66000.0,66125.59
2024-07-31 00:30:00,66125.59,66390.0,66125.59,66200.06
2024-07-31 01:00:00,66389.92,66450.0,66325.0,66325.0
2024-07-31 01:30:00,66398.99,66398.99,66127.62,66390.29
2024-07-31 02:00:00,66390.29,66429.68,66200.06,66320.0
2024-07-31 02:30:00,66320.0,66320.0,66127.56,66236.61
2024-07-31 03:00:00,66200.0,66304.59,66000.63,66000.63
2024-07-31 03:30:00,66000.73,66126.2,65775.0,65998.32
2024-07-31 04:00:00,65900.9,66000.0,65503.01,65777.14
2024-07-31 04:30:00,65961.87,65961.87,65501.0,65661.71
2024-07-31 05:00:00,65892.42,65936.14,65550.0,65630.0
2024-07-31 05:30:00,65676.69,66085.0,65561.23,66085.0
2024-07-31 06:00:00,66100.0,66449.99,66070.01,66263.09
2024-07-31 06:30:00,66263.06,66490.0,66100.0,66356.0
2024-07-31 07:00:00,66356.13,66449.93,66355.0,66355.0
2024-07-31 07:30:00,66355.0,66355.0,66101.04,66219.94
2024-07-31 08:00:00,66219.94,66219.94,65894.29,66198.91
2024-07-31 08:30:00,66000.39,66200.0,65953.0,66171.0
2024-07-31 09:00:00,66171.0,66200.0,65813.76,66097.0
2024-07-31 09:30:00,66000.01,66255.0,66000.01,66150.0
2024-07-31 10:00:00,66150.0,66253.0,65755.96,65832.07
2024-07-31 10:30:00,66094.87,66094.87,65840.03,65868.4
2024-07-31 11:00:00,65868.4,66094.35,65866.92,65990.0
2024-07-31 11:30:00,65872.23,65990.0,65802.0,65872.03
2024-07-31 12:00:00,65872.03,65990.0,65802.02,65820.34
2024-07-31 12:30:00,65975.88,66094.07,65815.0,66000.0
2024-07-31 13:00:00,66000.0,66300.0,65950.03,66255.01
2024-07-31 13:30:00,66255.01,66900.0,66255.01,66500.07
2024-07-31 14:00:00,66692.23,66692.23,66000.0,66034.0
2024-07-31 14:30:00,66034.0,66660.51,66034.0,66303.2
2024-07-31 15:00:00,66310.0,66419.56,66303.26,66418.93
2024-07-31 15:30:00,66418.93,66418.93,66352.0,66352.0
2024-07-31 16:00:00,66328.0,66680.35,66307.0,66450.22
2024-07-31 16:30:00,66349.84,66563.96,66060.0,66494.84
2024-07-31 17:00:00,66365.0,66600.0,66300.0,66347.61
2024-07-31 17:30:00,66347.61,66680.35,66347.1,66500.38
2024-07-31 18:00:00,66500.38,66599.99,66163.0,66199.93
2024-07-31 18:30:00,66164.0,66450.0,66164.0,66449.99
2024-07-31 19:00:00,66449.99,66499.99,65700.0,65800.0
2024-07-31 19:30:00,65799.0,66085.32,65046.25,65300.0
2024-07-31 20:00:00,65400.0,65400.0,64500.0,64742.0
2024-07-31 20:30:00,64500.0,64849.95,64500.0,64500.0
2024-07-31 21:00:00,64480.0,65000.0,64468.0,64630.05
2024-07-31 21:30:00,64635.01,64970.0,64635.0,64900.11
2024-07-31 22:00:00,64900.2,64998.0,64640.0,64850.78
2024-07-31 22:30:00,64850.78,64934.04,64705.04,64934.04
2024-07-31 23:00:00,64934.04,65000.0,64706.69,64879.09
2024-07-31 23:30:00,64878.7,64891.96,64640.01,64643.21
2024-08-01 00:00:00,64643.21,64860.86,64619.97,64619.98
2024-08-01 00:30:00,64619.98,64794.54,64400.0,64714.06
2024-08-01 01:00:00,64714.06,64760.91,64333.0,64584.88
2024-08-01 01:30:00,64400.0,64400.0,64212.0,64217.0
2024-08-01 02:00:00,64365.54,64365.54,64018.92,64100.0
2024-08-01 02:30:00,64023.0,64241.81,64000.0,64041.81
2024-08-01 03:00:00,64041.87,64151.96,63813.3,63998.87
2024-08-01 03:30:00,63998.87,64176.45,63910.0,63990.01
2024-08-01 04:00:00,63990.01,64123.53,63911.0,63911.0
2024-08-01 04:30:00,63910.0,63911.81,63721.0,63725.06
2024-08-01 05:00:00,63730.0,64275.99,63700.0,64275.99
2024-08-01 05:30:00,64275.99,64450.42,64150.0,64399.97
2024-08-01 06:00:00,64400.0,64400.0,64176.48,64285.0
2024-08-01 06:30:00,64285.0,64550.0,64202.0,64390.77
2024-08-01 07:00:00,64390.76,64477.98,64290.13,64441.0
2024-08-01 07:30:00,64375.0,64449.92,64368.0,64448.79
2024-08-01 08:00:00,64448.49,64500.0,64351.0,64500.0
2024-08-01 08:30:00,64500.0,64599.97,64451.0,64502.0
2024-08-01 09:00:00,64549.0,64788.87,64520.0,64621.09
2024-08-01 09:30:00,64621.12,64700.0,64549.0,64599.97
2024-08-01 10:00:00,64600.0,64600.0,64312.02,64450.0
2024-08-01 10:30:00,64485.79,64500.0,64333.01,64499.0
2024-08-01 11:00:00,64499.0,64599.99,64452.0,64580.0
2024-08-01 11:30:00,64580.0,64800.0,64400.01,64788.3
2024-08-01 12:00:00,64788.17,64877.94,64600.02,64634.94
2024-08-01 12:30:00,64798.85,64880.0,64640.0,64880.0
2024-08-01 13:00:00,64880.0,64929.0,64255.14,64504.41
2024-08-01 13:30:00,64505.0,64797.88,64180.0,64784.92
2024-08-01 14:00:00,64784.92,64784.92,64193.01,64193.01
2024-08-01 14:30:00,64193.01,64429.93,63890.0,63995.0
2024-08-01 15:00:00,63900.0,63900.0,63000.0,63001.02
2024-08-01 15:30:00,63093.64,63650.0,62801.0,63103.0
2024-08-01 16:00:00,63001.0,63221.99,62800.0,63007.78
2024-08-01 16:30:00,63007.78,63099.99,62800.0,62940.0
2024-08-01 17:00:00,62939.0,62939.0,62500.0,62580.0
2024-08-01 17:30:00,62570.01,63007.77,62400.0,63001.0
2024-08-01 18:00:00,63007.77,63544.25,62800.0,62802.09
2024-08-01 18:30:00,63000.0,63199.99,62584.1,62730.3
2024-08-01 19:00:00,62730.4,63200.0,62700.2,63200.0
2024-08-01 19:30:00,63229.13,63399.61,63115.01,63300.42
2024-08-01 20:00:00,63301.01,63629.99,63296.0,63300.0
2024-08-01 20:30:00,63297.01,64479.9,63000.0,64380.0
2024-08-01 21:00:00,64479.9,64560.0,64259.71,64450.0
2024-08-01 21:30:00,64350.02,64898.99,64350.0,64430.0
2024-08-01 22:00:00,64405.98,65125.0,64009.0,65118.03
2024-08-01 22:30:00,65035.84,65124.99,64868.52,64869.01
2024-08-01 23:00:00,64869.0,65050.0,64500.0,64559.33
2024-08-01 23:30:00,64638.74,65125.01,64604.58,65000.15
2024-08-02 00:00:00,65000.18,65226.03,64886.1,64886.1
2024-08-02 00:30:00,64886.1,64997.62,64690.97,64700.0
2024-08-02 01:00:00,64700.0,64700.0,64000.0,64642.0
2024-08-02 01:30:00,64642.0,64642.0,64201.52,64411.0
2024-08-02 02:00:00,64411.0,64598.75,63750.0,63900.65
2024-08-02 02:30:00,63750.0,64027.82,63555.43,64026.99
2024-08-02 03:00:00,64026.99,64027.82,63831.13,64027.82
2024-08-02 03:30:00,64027.82,64272.94,64000.0,64200.0
2024-08-02 04:00:00,64200.01,64274.09,64120.0,64120.0
2024-08-02 04:30:00,64120.0,64300.0,64120.0,64275.0
2024-08-02 05:00:00,64275.0,64300.0,63808.89,63969.2
2024-08-02 05:30:00,63969.05,63995.99,63708.21,63708.22
2024-08-02 06:00:00,63708.22,63979.85,62900.0,63532.64
2024-08-02 06:30:00,63532.64,64298.03,63532.64,64165.08
2024-08-02 07:00:00,64148.0,64249.9,63914.84,64000.01
2024-08-02 07:30:00,64000.01,64185.0,63830.0,63830.0
2024-08-02 08:00:00,63830.0,64200.0,63745.34,64099.75
2024-08-02 08:30:00,63865.56,64118.04,63865.56,64118.04
2024-08-02 09:00:00,64150.0,64346.0,64008.68,64100.27
2024-08-02 09:30:00,64100.36,64299.62,64062.4,64110.01
2024-08-02 10:00:00,64150.0,64279.97,63300.0,64249.48
2024-08-02 10:30:00,63930.19,64400.0,63930.19,64399.99
2024-08-02 11:00:00,64344.12,64500.0,64344.0,64499.0
2024-08-02 11:30:00,64499.0,64499.99,64195.07,64267.26
2024-08-02 12:00:00,64267.26,64380.0,64115.03,64115.03
2024-08-02 12:30:00,64115.04,64380.0,63930.0,64293.67
2024-08-02 13:00:00,64293.67,64379.84,63702.0,64376.99
2024-08-02 13:30:00,64090.04,65000.0,64090.04,64843.0
2024-08-02 14:00:00,64842.9,64900.0,64199.54,64412.54
2024-08-02 14:30:00,64412.54,64690.0,63010.0,63033.0
2024-08-02 15:00:00,63033.0,64513.7,62459.0,62785.0
2024-08-02 15:30:00,62798.0,63499.97,62620.2,63311.01
2024-08-02 16:00:00,63311.0,63380.0,63000.0,63100.0
2024-08-02 16:30:00,63001.0,63379.91,62900.0,63190.0
2024-08-02 17:00:00,63190.06,63378.99,63000.0,63100.42
2024-08-02 17:30:00,63100.67,63296.41,63000.02,63000.18
2024-08-02 18:00:00,63099.91,63190.92,62900.0,63050.0
2024-08-02 18:30:00,63189.94,63189.94,62750.0,62756.07
2024-08-02 19:00:00,62756.13,62850.01,62502.0,62795.97
2024-08-02 19:30:00,62558.59,62795.85,62315.0,62317.6
2024-08-02 20:00:00,62317.61,62770.76,62005.0,62026.85
2024-08-02 20:30:00,62082.02,62681.87,62002.0,62348.4
2024-08-02 21:00:00,62290.0,62348.39,61581.0,61581.0
2024-08-02 21:30:00,61560.0,62050.0,61250.0,61850.0
2024-08-02 22:00:00,61990.64,62000.0,61800.0,61951.14
2024-08-02 22:30:00,61803.06,61989.89,61253.0,61276.97
2024-08-02 23:00:00,61276.97,61700.0,61253.01,61700.0
2024-08-02 23:30:00,61700.0,61835.4,61388.0,61585.34
2024-08-03 00:00:00,61586.85,61668.15,61388.04,61630.01
2024-08-03 00:30:00,61600.07,61600.07,61012.0,61105.82
2024-08-03 01:00:00,61300.14,61300.14,60650.0,61175.43
2024-08-03 01:30:00,61100.36,61255.16,60768.12,61220.43
2024-08-03 02:00:00,61220.57,61602.35,61155.21,61250.0
2024-08-03 02:30:00,61253.0,61500.0,61156.61,61449.77
2024-08-03 03:00:00,61449.77,61864.37,61295.35,61760.0
2024-08-03 03:30:00,61829.99,61990.0,61593.08,61989.99
2024-08-03 04:00:00,61983.44,61989.99,61750.0,61790.0
2024-08-03 04:30:00,61790.0,61790.0,61310.0,61523.0
2024-08-03 05:00:00,61500.0,61699.7,61250.0,61679.64
2024-08-03 05:30:00,61502.06,61722.75,61502.0,61700.0
2024-08-03 06:00:00,61700.0,61750.0,61586.0,61740.0
2024-08-03 06:30:00,61740.0,61800.0,61661.21,61750.0
2024-08-03 07:00:00,61800.0,62000.0,61678.0,61700.0
2024-08-03 07:30:00,61700.0,61700.46,61660.0,61675.0
2024-08-03 08:00:00,61660.01,61675.0,61600.0,61603.01
2024-08-03 08:30:00,61603.01,61640.0,61335.03,61454.8
2024-08-03 09:00:00,61493.58,61500.0,61335.0,61500.0
2024-08-03 09:30:00,61599.98,61599.98,61338.0,61599.97
2024-08-03 10:00:00,61599.97,61599.97,61450.0,61550.0
2024-08-03 10:30:00,61549.99,61824.55,61549.99,61823.57
2024-08-03 11:00:00,61823.58,61900.0,61799.99,61900.0
2024-08-03 11:30:00,61801.08,62097.76,61800.0,62029.93
2024-08-03 12:00:00,62029.9,62189.0,61820.0,62189.0
2024-08-03 12:30:00,62188.0,62280.0,61836.51,61953.29
2024-08-03 13:00:00,61953.29,61953.29,61813.0,61888.0
2024-08-03 13:30:00,61813.0,61888.0,61799.99,61815.01
2024-08-03 14:00:00,61815.01,61999.91,61564.01,61937.55
2024-08-03 14:30:00,61937.55,62199.0,61930.0,62044.75
2024-08-03 15:00:00,61939.62,62044.29,61551.01,61575.0
2024-08-03 15:30:00,61575.0,61679.87,60852.0,60855.01
2024-08-03 16:00:00,60855.01,61149.97,60560.0,60860.0
2024-08-03 16:30:00,60831.46,61258.17,60300.0,60994.68
2024-08-03 17:00:00,60899.53,60992.62,60379.01,60725.0
2024-08-03 17:30:00,60516.01,60798.97,60390.0,60390.0
2024-08-03 18:00:00,60379.11,60690.0,60370.0,60500.06
2024-08-03 18:30:00,60500.07,60500.07,60110.0,60151.0
2024-08-03 19:00:00,60110.0,60110.01,59980.0,59980.0
2024-08-03 19:30:00,59984.0,60594.88,59900.0,60107.01
2024-08-03 20:00:00,60279.81,60292.02,60032.03,60292.02
2024-08-03 20:30:00,60290.0,60500.0,60210.0,60299.8
2024-08-03 21:00:00,60299.95,60300.0,59888.0,60035.07
2024-08-03 21:30:00,60289.99,60906.0,60040.15,60762.21
2024-08-03 22:00:00,60660.12,60800.0,60287.01,60687.8
2024-08-03 22:30:00,60686.8,60686.8,60343.0,60480.35
2024-08-03 23:00:00,60480.0,60791.07,60287.0,60790.83
2024-08-03 23:30:00,60790.83,60790.83,60500.27,60566.61
2024-08-04 00:00:00,60695.31,60790.91,60535.27,60536.67
2024-08-04 00:30:00,60536.02,60790.37,60536.02,60562.91
2024-08-04 01:00:00,60562.91,60673.89,60534.0,60668.0
2024-08-04 01:30:00,60668.24,60668.31,60300.46,60668.31
2024-08-04 02:00:00,60668.31,60899.92,60668.31,60899.92
2024-08-04 02:30:00,60899.92,61061.0,60790.0,60899.73
2024-08-04 03:00:00,60899.73,60900.0,60600.04,60600.04
2024-08-04 03:30:00,60699.87,60789.27,60590.0,60699.61
2024-08-04 04:00:00,60699.88,60807.11,60699.88,60702.51
2024-08-04 04:30:00,60858.69,60859.0,60502.02,60620.65
2024-08-04 05:00:00,60621.21,60650.0,60500.21,60650.0
2024-08-04 05:30:00,60650.0,60899.98,60650.0,60760.23
2024-08-04 06:00:00,60760.23,60899.89,60760.23,60859.97
2024-08-04 06:30:00,60859.97,60859.97,60761.0,60840.0
2024-08-04 07:00:00,60840.0,60840.0,60500.25,60500.34
2024-08-04 07:30:00,60500.28,60603.92,60145.0,60145.0
2024-08-04 08:00:00,60180.0,60396.76,60055.0,60301.36
2024-08-04 08:30:00,60301.45,60500.0,60301.45,60402.0
2024-08-04 09:00:00,60401.0,60700.0,60304.0,60650.0
2024-08-04 09:30:00,60650.0,60650.0,60499.98,60601.0
2024-08-04 10:00:00,60650.0,60650.0,60404.01,60650.0
2024-08-04 10:30:00,60500.0,60650.0,60402.0,60643.79
2024-08-04 11:00:00,60650.0,60997.99,60643.79,60877.5
2024-08-04 11:30:00,60733.64,60875.9,60720.04,60800.0
2024-08-04 12:00:00,60850.0,60950.0,60760.0,60940.79
2024-08-04 12:30:00,60800.24,60998.0,60737.02,60998.0
2024-08-04 13:00:00,60998.0,61000.0,60736.5,60949.94
2024-08-04 13:30:00,60800.22,60977.4,60750.01,60845.91
2024-08-04 14:00:00,60845.91,60845.91,60203.01,60203.01
2024-08-04 14:30:00,60203.0,60295.0,59400.0,59695.1
2024-08-04 15:00:00,59470.7,59695.06,59100.0,59445.98
2024-08-04 15:30:00,59444.98,59445.98,59095.0,59095.0
2024-08-04 16:00:00,59100.0,59445.98,59000.0,59022.03
2024-08-04 16:30:00,59049.0,59100.0,58727.0,58780.0
2024-08-04 17:00:00,58701.0,59000.0,58285.0,58285.0
2024-08-04 17:30:00,58285.0,58950.0,57522.73,57950.0
2024-08-04 18:00:00,57950.0,58985.0,57811.09,58453.09
2024-08-04 18:30:00,58453.1,58977.65,58301.93,58968.97
2024-08-04 19:00:00,58850.0,60000.0,58600.01,59522.88
2024-08-04 19:30:00,59522.88,60000.0,59120.01,59472.0
2024-08-04 20:00:00,59472.0,59648.96,59162.0,59334.41
2024-08-04 20:30:00,59288.98,59399.89,59000.0,59200.0
2024-08-04 21:00:00,59178.33,59443.88,58650.0,58650.0
2024-08-04 21:30:00,58650.0,58899.0,58347.31,58489.99
2024-08-04 22:00:00,58490.0,59111.7,58459.56,58890.87
2024-08-04 22:30:00,58901.7,59111.69,58519.08,58519.17
2024-08-04 23:00:00,58519.17,58832.93,58450.0,58599.67
2024-08-04 23:30:00,58599.82,58695.21,58100.0,58175.45
2024-08-05 00:00:00,58175.45,58297.76,57500.0,57500.0
2024-08-05 00:30:00,57500.0,57611.25,56000.0,56205.64
2024-08-05 01:00:00,56260.38,56411.08,54000.0,54500.0
2024-08-05 01:30:00,54500.0,55300.0,54050.0,54500.0
2024-08-05 02:00:00,54500.0,54578.6,53800.0,54260.9
2024-08-05 02:30:00,54260.9,54699.8,53700.0,54620.79
2024-08-05 03:00:00,54943.65,54943.65,53900.01,54220.4
2024-08-05 03:30:00,54243.37,54523.5,54000.01,54050.0
2024-08-05 04:00:00,54000.01,54986.3,53820.02,54228.34
2024-08-05 04:30:00,54228.34,54890.0,53500.0,53600.0
2024-08-05 05:00:00,53600.0,53999.0,52707.07,53685.73
2024-08-05 05:30:00,53685.7,53902.32,52758.0,52830.0
2024-08-05 06:00:00,52777.0,53000.0,50050.0,50400.01
2024-08-05 06:30:00,50400.0,52399.99,50223.69,51580.72
2024-08-05 07:00:00,51520.15,53459.0,51520.15,53200.0
2024-08-05 07:30:00,53248.93,53459.0,52400.0,52700.0
2024-08-05 08:00:00,52700.0,53194.65,52400.0,52936.04
2024-08-05 08:30:00,52850.02,53180.3,52499.0,52900.01
2024-08-05 09:00:00,52905.03,52999.0,52690.0,52750.0
2024-08-05 09:30:00,52770.0,52790.0,51995.0,52519.6
2024-08-05 10:00:00,52690.0,52690.0,51250.0,51376.93
2024-08-05 10:30:00,51376.93,52179.89,50770.0,51393.97
2024-08-05 11:00:00,51393.94,51979.0,50902.0,50999.99
2024-08-05 11:30:00,50912.01,51600.0,50786.17,51464.97
2024-08-05 12:00:00,51331.0,51600.0,50200.0,50289.37
2024-08-05 12:30:00,50598.0,51422.23,49950.0,49950.01
2024-08-05 13:00:00,49950.01,50589.0,49500.0,49700.02
2024-08-05 13:30:00,49807.76,53000.0,49700.03,52000.0
2024-08-05 14:00:00,52000.0,53769.0,52000.0,52300.0
2024-08-05 14:30:00,52500.0,54445.0,52333.06,53850.0
2024-08-05 15:00:00,53850.02,54999.0,53644.47,54398.99
2024-08-05 15:30:00,54300.0,54730.0,53968.36,54100.03
2024-08-05 16:00:00,54100.06,55500.0,54100.06,55318.0
2024-08-05 16:30:00,55301.0,55318.0,53850.0,53860.03
2024-08-05 17:00:00,53929.97,54699.99,53501.0,54400.0
2024-08-05 17:30:00,54300.0,54992.27,54201.0,54650.01
2024-08-05 18:00:00,54790.7,54790.81,53700.0,53805.0
2024-08-05 18:30:00,53805.0,54100.0,52800.0,52850.0
2024-08-05 19:00:00,52800.0,54000.0,51500.0,52971.19
2024-08-05 19:30:00,53199.91,53448.97,52500.01,53300.0
2024-08-05 20:00:00,53300.0,54149.99,53300.0,53698.38
2024-08-05 20:30:00,53698.38,53999.97,53400.0,53999.97
2024-08-05 21:00:00,53950.03,55089.0,53950.03,54598.97
2024-08-05 21:30:00,54598.47,54598.9,54125.01,54280.0
2024-08-05 22:00:00,54280.0,54712.0,54128.0,54640.04
2024-08-05 22:30:00,54700.0,54712.01,54330.01,54400.01
2024-08-05 23:00:00,54584.3,54795.79,54128.24,54128.24
2024-08-05 23:30:00,54128.24,54575.85,53700.22,53700.22
2024-08-06 00:00:00,53799.69,55356.0,53798.87,55344.0
2024-08-06 00:30:00,55320.33,55841.99,55142.0,55772.97
2024-08-06 01:00:00,55841.97,56000.0,55600.0,55942.0
2024-08-06 01:30:00,55780.09,56000.0,55200.11,55800.06
2024-08-06 02:00:00,55761.07,56000.0,55750.0,55846.15
2024-08-06 02:30:00,55846.06,56000.0,55500.0,55968.99
2024-08-06 03:00:00,55880.0,55968.93,55500.0,55700.0
2024-08-06 03:30:00,55700.0,55958.3,55600.13,55757.0
2024-08-06 04:00:00,55717.14,55900.0,55301.0,55479.02
2024-08-06 04:30:00,55500.0,55540.73,55201.0,55499.87
2024-08-06 05:00:00,55499.78,55500.0,55318.03,55500.0
2024-08-06 05:30:00,55500.0,55994.19,55500.0,55988.12
2024-08-06 06:00:00,55988.12,56100.0,55500.08,55857.78
2024-08-06 06:30:00,55880.0,56080.0,55780.46,55896.97
2024-08-06 07:00:00,55896.97,55896.97,55539.0,55678.13
2024-08-06 07:30:00,55674.72,56117.0,55561.12,56108.97
2024-08-06 08:00:00,56108.97,56115.0,55440.0,55500.0
2024-08-06 08:30:00,55440.0,56117.0,54500.0,55133.0
2024-08-06 09:00:00,55131.0,55131.0,54601.01,54800.0
2024-08-06 09:30:00,54800.0,55240.0,54750.04,55200.0
2024-08-06 10:00:00,55104.03,55200.0,54820.22,55010.0
2024-08-06 10:30:00,55139.94,55240.0,54841.0,54990.0
2024-08-06 11:00:00,54990.0,55050.0,54837.12,54901.0
2024-08-06 11:30:00,54979.97,55240.0,54979.9,55100.0
2024-08-06 12:00:00,55181.97,55290.0,55100.03,55290.0
2024-08-06 12:30:00,55290.0,55350.0,54627.0,54837.83
2024-08-06 13:00:00,54703.0,55141.0,54100.01,55139.0
2024-08-06 13:30:00,55143.0,55298.87,54458.92,55000.17
2024-08-06 14:00:00,55000.23,56350.0,55000.23,56110.02
2024-08-06 14:30:00,56254.36,56300.0,55800.06,55976.0
2024-08-06 15:00:00,55801.01,56361.08,55801.01,55852.82
2024-08-06 15:30:00,55801.0,56200.0,55555.0,56164.99
2024-08-06 16:00:00,56200.0,56500.0,55232.19,56247.97
2024-08-06 16:30:00,56247.97,56769.0,56100.43,56620.0
2024-08-06 17:00:00,56620.0,56874.0,56318.99,56600.0
2024-08-06 17:30:00,56629.0,56630.0,56200.0,56450.0
2024-08-06 18:00:00,56450.0,56900.0,56201.0,56700.01
2024-08-06 18:30:00,56710.0,56900.0,56650.0,56673.1
2024-08-06 19:00:00,56670.06,56750.0,56044.92,56724.32
2024-08-06 19:30:00,56600.6,56724.95,56600.0,56600.04
2024-08-06 20:00:00,56600.09,56687.97,56200.0,56300.0
2024-08-06 20:30:00,56250.0,56473.08,56183.0,56349.95
2024-08-06 21:00:00,56330.0,56473.0,56062.0,56298.89
2024-08-06 21:30:00,56298.89,56298.89,56100.0,56250.0
2024-08-06 22:00:00,56250.0,56680.0,55800.03,55800.03
2024-08-06 22:30:00,55850.01,56249.96,55801.08,56000.0
2024-08-06 23:00:00,55994.01,56340.84,55950.0,56032.29
2024-08-06 23:30:00,56032.29,56156.79,55870.04,56000.0
2024-08-07 00:00:00,56000.0,56065.6,55600.0,55769.43
2024-08-07 00:30:00,55769.43,56200.0,55703.01,55906.03
2024-08-07 01:00:00,55906.03,56186.99,55824.98,56186.95
2024-08-07 01:30:00,56186.95,56724.77,56185.84,56724.77
2024-08-07 02:00:00,56705.28,56909.0,56700.0,56909.0
2024-08-07 02:30:00,56908.01,56965.0,56372.04,56600.0
2024-08-07 03:00:00,56600.0,56799.57,56407.26,56596.91
2024-08-07 03:30:00,56423.14,56700.0,56423.14,56700.0
2024-08-07 04:00:00,56700.0,56900.0,56607.0,56899.0
2024-08-07 04:30:00,56890.0,56990.0,56800.09,56990.0
2024-08-07 05:00:00,56805.37,57000.0,56760.0,56824.0
2024-08-07 05:30:00,56848.0,56998.88,56350.0,56400.0
2024-08-07 06:00:00,56400.0,57000.0,56400.0,56551.0
2024-08-07 06:30:00,56551.0,56749.95,56430.8,56493.55
2024-08-07 07:00:00,56493.55,56598.0,56407.0,56488.0
2024-08-07 07:30:00,56488.0,56890.0,56407.0,56780.0
2024-08-07 08:00:00,56746.86,56887.97,56611.0,56850.0
2024-08-07 08:30:00,56850.0,57219.0,56704.12,57219.0
2024-08-07 09:00:00,57219.0,57490.0,57130.0,57384.4
2024-08-07 09:30:00,57384.4,57500.0,57300.0,57303.09
2024-08-07 10:00:00,57235.09,57490.0,57200.09,57455.1
2024-08-07 10:30:00,57490.0,57518.0,57307.07,57307.97
2024-08-07 11:00:00,57309.0,57309.0,57000.0,57000.29
2024-08-07 11:30:00,57000.0,57099.91,56777.07,56856.0
2024-08-07 12:00:00,56856.0,57100.0,56777.07,56905.01
2024-08-07 12:30:00,56906.0,57100.0,56906.0,57000.43
2024-08-07 13:00:00,57000.0,57100.0,56850.0,57015.0
2024-08-07 13:30:00,57015.0,57160.0,56388.6,56500.0
2024-08-07 14:00:00,56500.0,56799.96,55830.0,55901.0
2024-08-07 14:30:00,55999.0,55999.0,55400.0,55850.0
2024-08-07 15:00:00,55850.0,55998.76,55595.49,55659.46
2024-08-07 15:30:00,55660.0,56331.43,55505.01,55801.04
2024-08-07 16:00:00,55801.23,56100.0,55700.07,55930.01
2024-08-07 16:30:00,55932.0,55995.07,55545.0,55668.01
2024-08-07 17:00:00,55792.0,55995.08,55235.0,55361.54
2024-08-07 17:30:00,55361.54,55500.0,55155.0,55161.0
2024-08-07 18:00:00,55161.0,55165.0,54500.0,54768.0
2024-08-07 18:30:00,54700.03,54730.0,54368.44,54426.01
2024-08-07 19:00:00,54379.16,54916.0,54379.16,54506.87
2024-08-07 19:30:00,54600.0,54600.0,53000.0,54398.34
2024-08-07 20:00:00,54380.65,54954.31,54380.65,54954.09
2024-08-07 20:30:00,54954.0,55000.0,54500.0,54675.5
2024-08-07 21:00:00,54675.52,54964.41,54521.87,54897.52
2024-08-07 21:30:00,54897.43,55200.0,54808.85,55150.0
2024-08-07 22:00:00,55150.0,55299.97,54336.46,54600.0
2024-08-07 22:30:00,54600.0,55199.86,54408.65,55002.84
2024-08-07 23:00:00,55184.84,55184.84,54931.38,54941.18
2024-08-07 23:30:00,55048.89,55048.89,54600.02,54749.0
2024-08-08 00:00:00,54749.0,55000.0,54605.27,54605.27
2024-08-08 00:30:00,54605.27,55000.0,54377.74,55000.0
2024-08-08 01:00:00,55000.0,55550.0,54881.02,55301.01
2024-08-08 01:30:00,55301.01,57000.0,55301.01,56525.03
2024-08-08 02:00:00,56525.03,57299.99,56525.0,57278.99
2024-08-08 02:30:00,57279.89,57300.0,56750.01,57079.61
2024-08-08 03:00:00,56923.8,57309.0,56250.0,57190.0
2024-08-08 03:30:00,57190.0,57190.0,56250.0,56700.0
2024-08-08 04:00:00,56699.99,56974.91,56571.51,56757.0
2024-08-08 04:30:00,56575.26,56757.0,56000.0,56511.96
2024-08-08 05:00:00,56401.12,56798.99,56395.35,56794.89
2024-08-08 05:30:00,56794.74,56794.74,56514.38,56676.91
2024-08-08 06:00:00,56676.91,56859.37,56560.0,56859.37
2024-08-08 06:30:00,56859.37,57070.0,56736.02,57000.0
2024-08-08 07:00:00,57000.0,57200.0,56910.0,57195.0
2024-08-08 07:30:00,57195.0,57195.0,56779.76,56826.0
2024-08-08 08:00:00,56826.0,57000.0,56825.23,56826.0
2024-08-08 08:30:00,56826.0,57000.0,56826.0,56899.0
2024-08-08 09:00:00,56896.22,56899.0,56606.16,56796.0
2024-08-08 09:30:00,56796.0,57100.0,56694.64,57001.0
2024-08-08 10:00:00,56940.61,57155.0,56825.76,57101.0
2024-08-08 10:30:00,57101.0,57194.96,57000.0,57000.0
2024-08-08 11:00:00,57000.0,57127.0,57000.0,57127.0
2024-08-08 11:30:00,57127.0,57300.0,56600.0,57187.99
2024-08-08 12:00:00,57100.0,57186.98,56884.42,56884.43
2024-08-08 12:30:00,56883.42,57971.0,56600.0,57667.59
2024-08-08 13:00:00,57600.09,57888.0,57450.01,57464.03
2024-08-08 13:30:00,57464.03,57634.99,56523.55,57000.09
2024-08-08 14:00:00,57000.0,57888.0,57000.0,57869.0
2024-08-08 14:30:00,57909.0,58500.0,57500.0,58473.7
2024-08-08 15:00:00,58473.7,58700.0,57950.0,58404.59
2024-08-08 15:30:00,58404.59,58989.0,58404.59,58989.0
2024-08-08 16:00:00,58987.0,59400.0,58860.0,59170.99
2024-08-08 16:30:00,59170.99,59179.99,58750.0,59157.28
2024-08-08 17:00:00,59157.28,59300.0,58807.0,59300.0
2024-08-08 17:30:00,59300.0,59300.0,59000.0,59146.0
2024-08-08 18:00:00,59099.88,59146.0,58964.34,59119.0
2024-08-08 18:30:00,59119.09,59147.0,58855.0,58934.55
2024-08-08 19:00:00,58906.55,59398.0,58855.02,59194.02
2024-08-08 19:30:00,59194.02,59349.0,58885.0,58885.01
2024-08-08 20:00:00,58872.88,59222.86,58872.88,59184.15
2024-08-08 20:30:00,59197.99,59299.99,59069.5,59198.99
2024-08-08 21:00:00,59198.98,59239.0,59094.13,59238.0
2024-08-08 21:30:00,59211.0,60500.0,59211.0,60500.0
2024-08-08 22:00:00,60500.0,60799.0,60300.0,60673.0
2024-08-08 22:30:00,60463.01,62000.0,60462.07,62000.0
2024-08-08 23:00:00,62000.0,62100.0,61345.66,61482.4
2024-08-08 23:30:00,61525.0,61627.77,60555.0,61311.0
2024-08-09 00:00:00,61448.93,61448.96,60978.14,61151.03
2024-08-09 00:30:00,61101.17,61200.0,60652.35,60652.43
2024-08-09 01:00:00,60652.52,60971.2,60483.0,60687.01
2024-08-09 01:30:00,60971.04,61300.03,60700.2,61257.99
2024-08-09 02:00:00,60975.46,61199.9,60808.04,60966.66
2024-08-09 02:30:00,60966.66,61159.99,60800.0,60960.57
2024-08-09 03:00:00,60960.57,61298.0,60960.57,61250.0
2024-08-09 03:30:00,61250.0,61250.0,60961.86,61010.12
2024-08-09 04:00:00,61010.12,61144.96,60800.0,60800.0
2024-08-09 04:30:00,60800.0,61400.0,60507.03,60510.0
2024-08-09 05:00:00,60510.0,60748.99,60150.0,60555.21
2024-08-09 05:30:00,60683.71,60747.9,60555.5,60599.99
2024-08-09 06:00:00,60599.99,60600.0,60411.14,60480.0
2024-08-09 06:30:00,60413.0,60889.32,60412.14,60700.0
2024-08-09 07:00:00,60602.24,61149.98,60602.0,60761.5
2024-08-09 07:30:00,60999.46,60999.46,60600.02,60600.58
2024-08-09 08:00:00,60510.05,60625.0,60384.0,60580.0
2024-08-09 08:30:00,60580.0,60955.0,60426.04,60605.06
2024-08-09 09:00:00,60954.81,61000.0,60611.11,60631.12
2024-08-09 09:30:00,60631.21,60789.96,60548.1,60548.1
2024-08-09 10:00:00,60500.0,60699.95,60000.0,60297.98
2024-08-09 10:30:00,60297.98,60424.93,60000.0,60199.0
2024-08-09 11:00:00,60200.0,60399.0,60175.7,60392.85
2024-08-09 11:30:00,60392.85,60392.85,60153.0,60310.0
2024-08-09 12:00:00,60300.27,60385.4,60101.0,60133.2
2024-08-09 12:30:00,60218.14,60399.0,60101.0,60173.21
2024-08-09 13:00:00,60173.62,60399.0,59860.78,59999.94
2024-08-09 13:30:00,60050.0,60344.44,59519.0,60100.03
2024-08-09 14:00:00,60200.0,60800.0,60105.2,60425.0
2024-08-09 14:30:00,60193.07,60300.0,59393.0,60196.9
2024-08-09 15:00:00,60205.0,60270.0,59927.99,59944.01
2024-08-09 15:30:00,59944.07,60070.0,59515.89,59515.89
2024-08-09 16:00:00,59515.95,59897.64,59515.95,59666.09
2024-08-09 16:30:00,59804.75,60196.98,59804.75,60100.0
2024-08-09 17:00:00,60196.98,60400.0,60000.01,60000.01
2024-08-09 17:30:00,60001.01,60260.0,59998.0,60000.0
2024-08-09 18:00:00,59998.0,60097.0,59550.0,59579.07
2024-08-09 18:30:00,59798.44,60097.0,59798.44,59912.0
2024-08-09 19:00:00,59912.0,60150.0,59900.0,60145.0
2024-08-09 19:30:00,60145.0,60265.0,60145.0,60264.0
2024-08-09 20:00:00,60262.0,60590.0,60161.0,60301.0
2024-08-09 20:30:00,60497.92,60500.0,60176.0,60499.0
2024-08-09 21:00:00,60498.0,60498.0,59660.01,59998.19
2024-08-09 21:30:00,59775.43,60500.0,59775.43,60351.04
2024-08-09 22:00:00,60351.04,60490.0,59924.57,60483.0
2024-08-09 22:30:00,60400.12,60490.0,60180.01,60290.01
2024-08-09 23:00:00,60472.93,60472.93,60076.5,60337.99
2024-08-09 23:30:00,60337.99,60470.0,60095.11,60466.3
2024-08-10 00:00:00,60350.6,60994.0,60253.35,60969.99
2024-08-10 00:30:00,60600.0,60600.0,60166.86,60166.86
2024-08-10 01:00:00,60166.86,60699.99,60166.86,60444.0
2024-08-10 01:30:00,60444.0,60569.68,60226.24,60228.48
2024-08-10 02:00:00,60228.12,60499.96,60000.0,60494.87
2024-08-10 02:30:00,60252.47,60474.85,60252.47,60449.73
2024-08-10 03:00:00,60449.73,60449.73,60051.44,60052.09
2024-08-10 03:30:00,60052.09,60259.28,60000.0,60100.0
2024-08-10 04:00:00,60100.0,60100.01,59901.0,59903.1
2024-08-10 04:30:00,59903.1,60199.96,59903.1,60197.92
2024-08-10 05:00:00,60197.8,60200.0,59940.41,60194.96
2024-08-10 05:30:00,60210.53,60260.0,60100.77,60170.03
2024-08-10 06:00:00,60170.12,60249.98,59990.0,60096.97
2024-08-10 06:30:00,60097.0,60210.0,59974.82,60033.5
2024-08-10 07:00:00,60033.5,60249.0,60033.5,60155.94
2024-08-10 07:30:00,60157.0,60468.98,60157.0,60400.0
2024-08-10 08:00:00,60468.99,60550.98,60345.0,60350.21
2024-08-10 08:30:00,60350.21,60531.29,60214.01,60305.19
2024-08-10 09:00:00,60123.0,60531.28,60030.0,60355.73
2024-08-10 09:30:00,60355.73,60766.21,60355.73,60703.0
2024-08-10 10:00:00,60703.0,60800.0,60510.0,60520.0
2024-08-10 10:30:00,60520.0,60798.99,60510.0,60513.23
2024-08-10 11:00:00,60514.23,60798.86,60514.23,60798.73
2024-08-10 11:30:00,60798.0,60839.97,60695.04,60780.0
2024-08-10 12:00:00,60829.99,60830.0,60586.03,60586.03
2024-08-10 12:30:00,60586.03,60769.56,60586.03,60698.15
2024-08-10 13:00:00,60605.06,60620.0,60340.45,60509.87
2024-08-10 13:30:00,60509.87,60510.03,60340.46,60359.97
2024-08-10 14:00:00,60359.97,60360.0,60340.46,60350.0
2024-08-10 14:30:00,60350.0,60689.09,60000.0,60397.95
2024-08-10 15:00:00,60120.0,60543.77,60120.0,60499.99
2024-08-10 15:30:00,60499.99,60550.0,60401.0,60401.0
2024-08-10 16:00:00,60401.0,60450.0,60000.0,60447.76
2024-08-10 16:30:00,60447.76,60447.76,60199.3,60225.05
2024-08-10 17:00:00,60225.05,60348.0,60195.96,60348.0
2024-08-10 17:30:00,60300.0,60450.0,59900.0,60324.16
2024-08-10 18:00:00,60449.0,60700.0,60324.15,60600.0
2024-08-10 18:30:00,60645.0,60700.0,60468.14,60468.2
2024-08-10 19:00:00,60470.0,60671.66,60387.42,60630.0
2024-08-10 19:30:00,60560.19,60700.0,60387.42,60543.5
2024-08-10 20:00:00,60548.97,60725.0,59474.9,60485.02
2024-08-10 20:30:00,60538.79,60693.0,60000.0,60637.0
2024-08-10 21:00:00,60637.0,60725.0,60495.56,60699.69
2024-08-10 21:30:00,60699.69,60746.0,60559.99,60650.0
2024-08-10 22:00:00,60649.76,60746.0,60544.1,60734.54
2024-08-10 22:30:00,60699.94,60699.94,60544.15,60559.0
2024-08-10 23:00:00,60559.0,60559.0,60394.26,60394.26
2024-08-10 23:30:00,60394.26,60558.14,60394.26,60500.0
2024-08-11 00:00:00,60500.0,60700.0,60451.0,60700.0
2024-08-11 00:30:00,60700.0,60700.0,60571.11,60644.0
2024-08-11 01:00:00,60625.63,60700.0,60625.63,60699.0
2024-08-11 01:30:00,60699.0,60699.0,60552.44,60654.53
2024-08-11 02:00:00,60654.53,60655.0,60585.51,60650.0
2024-08-11 02:30:00,60650.0,60700.0,60552.45,60700.0
2024-08-11 03:00:00,60700.0,61000.0,60582.33,60908.53
2024-08-11 03:30:00,60908.53,61000.0,60825.0,60826.0
2024-08-11 04:00:00,60826.0,60949.99,60500.0,60597.0
2024-08-11 04:30:00,60671.0,60671.0,60468.21,60468.21
2024-08-11 05:00:00,60500.0,60600.0,60500.0,60553.34
2024-08-11 05:30:00,60553.43,60667.1,60553.43,60610.0
2024-08-11 06:00:00,60693.0,60777.0,60599.61,60628.61
2024-08-11 06:30:00,60674.0,60776.0,60554.07,60664.0
2024-08-11 07:00:00,60664.0,60749.0,60664.0,60736.0
2024-08-11 07:30:00,60736.0,60849.0,60667.0,60849.0
2024-08-11 08:00:00,60848.99,60996.0,60795.01,60946.99
2024-08-11 08:30:00,60818.87,60946.99,60810.0,60930.0
2024-08-11 09:00:00,60900.0,61300.0,60800.0,61111.0
2024-08-11 09:30:00,61111.0,61200.0,60727.0,60800.0
2024-08-11 10:00:00,60727.0,60888.0,60590.18,60651.0
2024-08-11 10:30:00,60651.0,60750.0,60634.37,60745.0
2024-08-11 11:00:00,60750.0,60750.0,60250.0,60325.0
2024-08-11 11:30:00,60283.3,60345.0,60201.0,60286.0
2024-08-11 12:00:00,60220.0,60286.0,60000.0,60049.0
2024-08-11 12:30:00,60049.0,60090.0,60000.0,60061.21
2024-08-11 13:00:00,60061.21,60090.0,59840.0,59871.25
2024-08-11 13:30:00,59871.25,60340.0,59871.25,60337.87
2024-08-11 14:00:00,60335.78,60350.0,59924.07,60105.36
2024-08-11 14:30:00,60105.11,60350.0,60000.0,60001.0
2024-08-11 15:00:00,60001.0,60400.0,59650.0,59997.39
2024-08-11 15:30:00,59900.0,59997.53,59800.0,59800.0
2024-08-11 16:00:00,59800.0,59990.95,59650.0,59705.0
2024-08-11 16:30:00,59705.12,59946.78,59705.12,59800.0
2024-08-11 17:00:00,59800.0,59989.72,59750.0,59750.0
2024-08-11 17:30:00,59800.0,59999.0,59650.01,59900.0
2024-08-11 18:00:00,59900.0,60000.0,59800.01,59821.89
2024-08-11 18:30:00,59962.35,60000.0,59800.01,59800.04
2024-08-11 19:00:00,59800.01,59948.98,59247.84,59247.84
2024-08-11 19:30:00,59220.04,59439.99,59000.0,59177.44
2024-08-11 20:00:00,59177.44,59300.0,58220.02,58389.98
2024-08-11 20:30:00,58389.0,58893.69,58200.0,58488.75
2024-08-11 21:00:00,58488.75,58795.7,58301.0,58700.0
2024-08-11 21:30:00,58605.0,59030.0,58507.01,59030.0
2024-08-11 22:00:00,59029.99,59340.99,58500.01,58600.0
2024-08-11 22:30:00,58541.0,59193.14,58511.0,58900.01
2024-08-11 23:00:00,58900.01,58900.01,58511.01,58790.41
2024-08-11 23:30:00,58790.41,58871.62,58601.16,58702.94
2024-08-12 00:00:00,58702.46,58909.34,58671.01,58700.0
2024-08-12 00:30:00,58671.01,58671.01,58177.0,58300.03
2024-08-12 01:00:00,58300.03,58813.64,58300.03,58783.3
2024-08-12 01:30:00,58783.3,58783.3,58299.94,58402.78
2024-08-12 02:00:00,58402.78,58618.03,58395.0,58500.0
2024-08-12 02:30:00,58500.0,58599.99,58300.0,58383.62
2024-08-12 03:00:00,58599.81,58760.88,58410.65,58721.98
2024-08-12 03:30:00,58722.14,58770.0,58299.99,58299.99
2024-08-12 04:00:00,58299.99,58607.22,58299.99,58497.08
2024-08-12 04:30:00,58315.56,58607.27,58315.56,58529.85
2024-08-12 05:00:00,58400.25,58600.0,58400.0,58422.14
2024-08-12 05:30:00,58510.16,58590.0,58421.0,58500.0
2024-08-12 06:00:00,58500.0,58500.0,58400.0,58400.0
2024-08-12 06:30:00,58400.0,58420.96,58102.0,58420.82
2024-08-12 07:00:00,58300.12,58420.0,57740.0,58120.26
2024-08-12 07:30:00,58120.47,58800.0,58120.47,58744.26
2024-08-12 08:00:00,58744.26,58900.0,58626.0,58704.08
2024-08-12 08:30:00,58868.0,58891.0,58251.0,58378.82
2024-08-12 09:00:00,58252.0,58492.41,58251.0,58268.0
2024-08-12 09:30:00,58299.97,58299.97,58001.0,58270.0
2024-08-12 10:00:00,58269.94,58329.62,57550.0,58329.62
2024-08-12 10:30:00,58286.91,58799.5,58286.91,58750.0
2024-08-12 11:00:00,58750.0,59610.95,58663.32,59550.0
2024-08-12 11:30:00,59592.0,59850.0,59392.04,59766.0
2024-08-12 12:00:00,59850.0,59850.0,59100.0,59277.56
2024-08-12 12:30:00,59600.0,59751.03,59302.07,59667.81
2024-08-12 13:00:00,59667.81,59667.81,59391.93,59450.01
2024-08-12 13:30:00,59550.0,59579.97,58010.0,58104.0
2024-08-12 14:00:00,58103.0,59484.05,57800.0,59399.0
2024-08-12 14:30:00,59399.0,60350.0,59271.0,60000.0
2024-08-12 15:00:00,60000.0,60200.0,59300.0,59309.99
2024-08-12 15:30:00,59309.99,59818.57,59000.0,59818.57
2024-08-12 16:00:00,59818.57,59998.0,59000.0,59496.79
2024-08-12 16:30:00,59326.8,59499.36,59293.13,59303.58
2024-08-12 17:00:00,59304.07,59500.0,59135.24,59150.06
2024-08-12 17:30:00,59325.07,59450.0,59005.06,59006.03
2024-08-12 18:00:00,59006.0,59152.8,59000.0,59000.0
2024-08-12 18:30:00,59005.94,59006.0,58165.0,58200.0
2024-08-12 19:00:00,58500.0,58895.0,58400.03,58791.74
2024-08-12 19:30:00,58791.83,58887.0,58499.99,58658.5
2024-08-12 20:00:00,58631.68,59000.0,58500.0,58820.06
2024-08-12 20:30:00,58692.36,58883.43,58300.01,58436.06
2024-08-12 21:00:00,58479.99,58479.99,58210.0,58425.0
2024-08-12 21:30:00,58425.0,58783.22,58425.0,58681.73
2024-08-12 22:00:00,58650.0,58780.0,58530.0,58716.79
2024-08-12 22:30:00,58716.79,58780.0,58500.01,58779.99
2024-08-12 23:00:00,58779.99,59210.0,58779.99,59050.0
2024-08-12 23:30:00,59205.93,59210.0,59052.0,59052.0
2024-08-13 00:00:00,59052.0,59420.0,59052.0,59420.0
2024-08-13 00:30:00,59420.0,59493.0,59313.19,59493.0
2024-08-13 01:00:00,59493.0,59530.69,59133.15,59350.0
2024-08-13 01:30:00,59350.0,59504.65,59299.75,59341.28
2024-08-13 02:00:00,59450.0,59450.0,59115.28,59399.83
2024-08-13 02:30:00,59399.83,59429.99,59115.35,59115.35
2024-08-13 03:00:00,59115.35,59200.0,58700.0,58908.6
2024-08-13 03:30:00,58908.6,58920.0,58700.0,58748.55
2024-08-13 04:00:00,58748.55,58913.88,58680.0,58700.48
2024-08-13 04:30:00,58899.51,59361.77,58700.9,59361.66
2024-08-13 05:00:00,59008.79,59390.71,58811.98,59006.31
2024-08-13 05:30:00,59090.0,59190.0,59007.03,59188.35
2024-08-13 06:00:00,59100.0,59190.0,58800.01,59102.22
2024-08-13 06:30:00,59102.22,59102.22,58850.0,59093.12
2024-08-13 07:00:00,59090.0,59190.0,58914.14,58914.36
2024-08-13 07:30:00,58913.0,59000.0,58770.01,58824.43
2024-08-13 08:00:00,58898.0,59000.0,58830.0,58831.02
2024-08-13 08:30:00,58900.0,58900.0,58824.43,58830.0
2024-08-13 09:00:00,58934.98,58967.99,58600.21,58685.0
2024-08-13 09:30:00,58763.94,58831.99,58688.09,58800.0
2024-08-13 10:00:00,58800.0,58800.0,58460.0,58460.02
2024-08-13 10:30:00,58471.01,58654.4,58471.0,58599.79
2024-08-13 11:00:00,58599.79,58743.9,58508.26,58552.0
2024-08-13 11:30:00,58679.11,58704.99,58553.03,58667.6
2024-08-13 12:00:00,58667.5,58800.0,58667.5,58768.0
2024-08-13 12:30:00,58800.0,58980.0,58710.0,58970.0
2024-08-13 13:00:00,58980.0,59085.1,58832.2,58869.97
2024-08-13 13:30:00,58899.0,59150.0,58899.0,59150.0
2024-08-13 14:00:00,59150.0,59220.0,58995.02,59000.0
2024-08-13 14:30:00,59000.0,59277.26,58712.0,59276.0
2024-08-13 15:00:00,59312.0,59312.0,59022.33,59149.0
2024-08-13 15:30:00,59255.0,59263.99,59051.0,59099.0
2024-08-13 16:00:00,59098.99,59698.99,59051.0,59597.0
2024-08-13 16:30:00,59597.01,60700.0,59465.71,60696.0
2024-08-13 17:00:00,60699.99,60980.0,59900.0,60854.77
2024-08-13 17:30:00,60814.7,61067.22,60515.7,60700.0
2024-08-13 18:00:00,60699.9,60699.9,60424.05,60471.91
2024-08-13 18:30:00,60471.91,60699.0,60336.17,60406.89
2024-08-13 19:00:00,60406.92,60408.53,59899.15,60299.53
2024-08-13 19:30:00,60300.0,60699.9,60055.27,60445.03
2024-08-13 20:00:00,60445.03,60593.0,60300.0,60300.0
2024-08-13 20:30:00,60300.0,60300.55,60202.0,60202.0
2024-08-13 21:00:00,60266.57,60500.0,60069.65,60490.99
2024-08-13 21:30:00,60490.99,60598.0,60385.0,60549.0
2024-08-13 22:00:00,60512.0,60626.04,60251.0,60260.0
2024-08-13 22:30:00,60260.0,60551.76,60260.0,60260.0
2024-08-13 23:00:00,60260.0,60260.0,60200.0,60200.0
2024-08-13 23:30:00,60200.0,60249.9,60075.0,60249.9
2024-08-14 00:00:00,60249.9,60250.0,60110.0,60249.9
2024-08-14 00:30:00,60249.9,60430.0,60249.9,60430.0
2024-08-14 01:00:00,60430.0,60430.0,60240.0,60426.42
2024-08-14 01:30:00,60250.27,60425.67,60250.0,60253.33
2024-08-14 02:00:00,60250.18,60399.65,60250.0,60250.01
2024-08-14 02:30:00,60250.01,60430.0,60250.0,60421.0
2024-08-14 03:00:00,60430.0,60648.02,60295.03,60648.0
2024-08-14 03:30:00,60648.0,60865.0,60527.4,60577.58
2024-08-14 04:00:00,60577.58,60700.0,60527.4,60650.0
2024-08-14 04:30:00,60568.94,60862.98,60537.85,60538.18
2024-08-14 05:00:00,60538.18,60739.72,60471.81,60471.81
2024-08-14 05:30:00,60471.81,60504.0,60408.26,60408.26
2024-08-14 06:00:00,60408.26,60500.0,60200.0,60500.0
2024-08-14 06:30:00,60439.34,60499.41,60314.82,60430.0
2024-08-14 07:00:00,60431.0,60431.0,60260.46,60344.41
2024-08-14 07:30:00,60366.0,60498.08,60329.52,60443.81
2024-08-14 08:00:00,60443.81,60484.0,60260.46,60389.89
2024-08-14 08:30:00,60389.89,60559.6,60389.89,60419.98
2024-08-14 09:00:00,60429.91,60494.0,60390.49,60405.88
2024-08-14 09:30:00,60405.88,60494.0,60405.88,60410.0
2024-08-14 10:00:00,60410.0,60794.0,60410.0,60763.12
2024-08-14 10:30:00,60784.0,60999.0,60747.0,60761.68
2024-08-14 11:00:00,60761.68,60845.0,60500.0,60700.12
2024-08-14 11:30:00,60635.86,60996.99,60634.86,60870.0
2024-08-14 12:00:00,60870.0,60991.99,60800.0,60990.0
2024-08-14 12:30:00,60991.99,60999.0,60650.27,60896.8
2024-08-14 13:00:00,60896.74,60897.01,60400.0,60507.0
2024-08-14 13:30:00,60507.0,60549.97,59250.0,59300.0
2024-08-14 14:00:00,59250.0,59400.0,58800.0,59400.0
2024-08-14 14:30:00,59400.0,59591.11,59050.0,59450.0
2024-08-14 15:00:00,59573.97,59573.97,59010.01,59010.01
2024-08-14 15:30:00,59050.0,59700.0,58902.03,59370.01
2024-08-14 16:00:00,59370.01,59548.94,58852.03,58880.0
2024-08-14 16:30:00,58978.7,59181.73,58850.0,59181.21
2024-08-14 17:00:00,59150.0,59499.99,59021.06,59173.0
2024-08-14 17:30:00,59173.0,59319.87,59150.01,59300.56
2024-08-14 18:00:00,59210.0,59300.0,59156.01,59180.11
2024-08-14 18:30:00,59287.29,59287.29,58884.0,59004.0
2024-08-14 19:00:00,59127.54,59128.0,58811.0,58852.24
2024-08-14 19:30:00,58852.32,59149.96,58852.32,59000.0
2024-08-14 20:00:00,58950.23,59170.31,58950.23,59170.29
2024-08-14 20:30:00,59170.3,59170.3,59000.01,59100.0
2024-08-14 21:00:00,59100.0,59140.68,59000.0,59090.0
2024-08-14 21:30:00,59117.0,59139.0,58900.0,58900.02
2024-08-14 22:00:00,58900.0,58949.97,58552.02,58947.96
2024-08-14 22:30:00,58947.96,59066.21,58900.0,59040.0
2024-08-14 23:00:00,59005.0,59098.17,58901.28,58901.28
2024-08-14 23:30:00,58901.28,58901.28,58700.0,58700.0
2024-08-15 00:00:00,58700.0,58901.28,58700.0,58898.95
2024-08-15 00:30:00,58898.95,59000.0,58898.95,58901.53
2024-08-15 01:00:00,58901.53,58999.94,58704.91,58898.98
2024-08-15 01:30:00,58898.98,58960.65,58400.0,58400.0
2024-08-15 02:00:00,58400.0,58582.2,58070.0,58394.97
2024-08-15 02:30:00,58300.0,58539.2,58220.41,58400.0
2024-08-15 03:00:00,58400.0,58552.51,58400.0,58552.51
2024-08-15 03:30:00,58552.51,58591.08,58401.49,58500.0
2024-08-15 04:00:00,58500.0,58563.27,58356.0,58429.81
2024-08-15 04:30:00,58429.81,58456.26,58200.0,58332.21
2024-08-15 05:00:00,58332.21,58673.1,58328.29,58637.5
2024-08-15 05:30:00,58637.5,58637.5,58360.01,58360.01
2024-08-15 06:00:00,58450.0,58450.0,58005.77,58162.4
2024-08-15 06:30:00,58162.4,58314.89,58050.0,58219.81
2024-08-15 07:00:00,58219.81,58252.47,58000.0,58000.0
2024-08-15 07:30:00,58000.0,58234.4,57900.0,58190.95
2024-08-15 08:00:00,58027.4,58301.0,58027.0,58293.0
2024-08-15 08:30:00,58284.0,58425.7,58237.5,58419.29
2024-08-15 09:00:00,58419.29,58550.0,58382.0,58452.0
2024-08-15 09:30:00,58457.96,58593.84,58330.71,58330.83
2024-08-15 10:00:00,58330.86,58548.95,58330.86,58486.94
2024-08-15 10:30:00,58486.94,58492.15,58351.98,58442.0
2024-08-15 11:00:00,58441.83,58799.0,58402.0,58798.0
2024-08-15 11:30:00,58798.0,58800.0,58610.02,58750.0
2024-08-15 12:00:00,58750.0,58818.0,58651.01,58720.0
2024-08-15 12:30:00,58720.03,59290.0,58720.03,58754.97
2024-08-15 13:00:00,58754.97,59132.0,58609.0,59101.03
2024-08-15 13:30:00,59132.0,59306.05,59000.05,59250.0
2024-08-15 14:00:00,59250.0,59380.0,59100.0,59200.0
2024-08-15 14:30:00,59229.86,59310.0,59127.11,59200.0
2024-08-15 15:00:00,59200.0,59400.0,59100.0,59399.0
2024-08-15 15:30:00,59300.0,59350.0,59180.0,59338.0
2024-08-15 16:00:00,59300.0,59396.94,59266.91,59380.0
2024-08-15 16:30:00,59341.58,59396.94,59102.3,59198.41
2024-08-15 17:00:00,59198.42,59297.89,58800.0,58910.0
2024-08-15 17:30:00,58820.0,59145.0,58730.0,58730.0
2024-08-15 18:00:00,58650.0,58700.0,57500.0,57860.0
2024-08-15 18:30:00,57852.01,58062.21,57601.25,57865.76
2024-08-15 19:00:00,57720.0,57865.67,56900.0,56900.0
2024-08-15 19:30:00,56900.01,57300.0,56800.0,57199.0
2024-08-15 20:00:00,57200.0,57280.09,56868.0,56950.0
2024-08-15 20:30:00,56900.0,57046.98,56398.83,56529.87
2024-08-15 21:00:00,56580.0,57151.0,56529.87,57150.0
2024-08-15 21:30:00,57216.2,57635.3,57051.0,57600.0
2024-08-15 22:00:00,57556.03,57700.0,57355.01,57600.06
2024-08-15 22:30:00,57609.19,57900.0,57500.0,57505.0
2024-08-15 23:00:00,57599.99,57600.0,57500.0,57600.0
2024-08-15 23:30:00,57522.43,57784.99,57522.43,57600.0
2024-08-16 00:00:00,57506.26,57664.45,57500.0,57500.0
2024-08-16 00:30:00,57500.0,57591.31,57400.0,57400.1
2024-08-16 01:00:00,57400.21,57545.02,57189.0,57358.61
2024-08-16 01:30:00,57190.0,57475.91,57190.0,57326.91
2024-08-16 02:00:00,57476.0,57550.0,57302.63,57549.9
2024-08-16 02:30:00,57650.0,58270.09,57650.0,58197.33
2024-08-16 03:00:00,58197.33,58297.25,57912.97,58184.76
2024-08-16 03:30:00,58184.76,58184.76,57770.79,57893.09
2024-08-16 04:00:00,57893.09,58249.77,57622.0,58249.77
2024-08-16 04:30:00,58249.77,58250.0,58100.82,58101.73
2024-08-16 05:00:00,58101.48,58245.9,58101.48,58110.11
2024-08-16 05:30:00,58110.11,58232.0,57918.95,57970.0
2024-08-16 06:00:00,57970.0,58218.84,57955.29,58002.92
2024-08-16 06:30:00,58002.92,58500.0,58002.92,58364.85
2024-08-16 07:00:00,58364.97,58448.99,58094.0,58094.02
2024-08-16 07:30:00,58200.0,58350.0,58070.57,58296.94
2024-08-16 08:00:00,58296.94,58296.97,58011.1,58027.02
2024-08-16 08:30:00,58199.3,58199.3,58000.0,58057.3
2024-08-16 09:00:00,58000.01,58248.0,57900.0,58197.47
2024-08-16 09:30:00,58498.0,58500.0,58061.8,58370.0
2024-08-16 10:00:00,58370.0,58370.0,57896.79,57975.0
2024-08-16 10:30:00,57975.0,58114.99,57929.24,57996.26
2024-08-16 11:00:00,57996.26,58211.03,57950.0,58160.9
2024-08-16 11:30:00,58199.0,58199.0,58000.07,58000.07
2024-08-16 12:00:00,58023.0,58125.0,57622.0,57640.3
2024-08-16 12:30:00,57640.3,57640.3,57222.0,57584.89
2024-08-16 13:00:00,57471.77,58401.01,57471.68,58162.07
2024-08-16 13:30:00,58299.99,58370.04,57606.0,58017.96
2024-08-16 14:00:00,58016.93,58019.0,57701.96,57951.86
2024-08-16 14:30:00,57781.81,58050.0,57780.0,57780.0
2024-08-16 15:00:00,57799.0,57949.95,57500.0,57679.84
2024-08-16 15:30:00,57500.11,57817.33,57480.0,57800.0
2024-08-16 16:00:00,57800.0,58150.0,57642.16,58150.0
2024-08-16 16:30:00,58200.0,58300.0,57928.17,58135.09
2024-08-16 17:00:00,58135.09,58199.99,57928.21,58199.99
2024-08-16 17:30:00,58199.99,59200.0,58100.02,59022.23
2024-08-16 18:00:00,59000.01,59100.0,58754.52,58987.0
2024-08-16 18:30:00,58988.27,59100.0,58888.0,58980.0
2024-08-16 19:00:00,59079.99,59349.0,58888.03,59330.0
2024-08-16 19:30:00,59345.0,59374.8,59081.11,59300.0
2024-08-16 20:00:00,59300.0,59307.0,58610.0,59025.41
2024-08-16 20:30:00,59038.22,59072.55,58702.0,58853.72
2024-08-16 21:00:00,58853.72,58900.0,58603.58,58641.42
2024-08-16 21:30:00,58605.87,58800.0,58600.0,58624.98
2024-08-16 22:00:00,58624.98,58800.0,58600.0,58700.03
2024-08-16 22:30:00,58700.03,58800.0,58607.01,58609.06
2024-08-16 23:00:00,58607.02,58766.6,58430.01,58749.93
2024-08-16 23:30:00,58749.93,58749.93,58462.48,58563.06
2024-08-17 00:00:00,58563.06,58563.54,58488.0,58562.99
2024-08-17 00:30:00,58489.0,58779.72,58489.0,58779.72
2024-08-17 01:00:00,58779.72,58900.0,58708.84,58751.84
2024-08-17 01:30:00,58696.56,59000.0,58696.56,58999.47
2024-08-17 02:00:00,59000.0,59000.0,58838.0,58838.0
2024-08-17 02:30:00,58838.0,58996.77,58692.95,58692.95
2024-08-17 03:00:00,58692.95,58804.1,58500.04,58652.64
2024-08-17 03:30:00,58672.0,58804.1,58547.63,58804.1
2024-08-17 04:00:00,58804.1,58955.98,58676.47,58800.04
2024-08-17 04:30:00,58850.0,58954.25,58765.84,58765.84
2024-08-17 05:00:00,58765.84,58830.99,58651.0,58830.97
2024-08-17 05:30:00,58747.97,58830.97,58651.0,58713.21
2024-08-17 06:00:00,58785.5,58824.0,58713.21,58755.31
2024-08-17 06:30:00,58755.31,58790.0,58651.0,58720.26
2024-08-17 07:00:00,58720.26,58770.0,58600.0,58770.0
2024-08-17 07:30:00,58654.72,58800.0,58654.72,58788.0
2024-08-17 08:00:00,58788.0,58900.0,58750.0,58889.98
2024-08-17 08:30:00,58754.04,58887.0,58754.02,58804.96
2024-08-17 09:00:00,58804.96,59000.0,58798.41,58999.9
2024-08-17 09:30:00,58999.0,59059.9,58855.02,58940.0
2024-08-17 10:00:00,58940.0,58989.99,58766.0,58766.0
2024-08-17 10:30:00,58766.0,58837.0,58686.3,58700.0
2024-08-17 11:00:00,58666.0,58750.01,58601.0,58604.0
2024-08-17 11:30:00,58685.0,58749.9,58580.0,58689.0
2024-08-17 12:00:00,58689.0,58949.99,58581.04,58595.01
2024-08-17 12:30:00,58596.01,58898.84,58596.01,58626.08
2024-08-17 13:00:00,58800.0,59000.0,58626.09,59000.0
2024-08-17 13:30:00,59000.0,59000.0,58800.0,58852.23
2024-08-17 14:00:00,58852.23,58979.9,58852.23,58890.0
2024-08-17 14:30:00,58890.0,59050.01,58890.0,58966.82
2024-08-17 15:00:00,59000.0,59188.0,58966.82,59056.0
2024-08-17 15:30:00,59009.37,59056.0,59000.0,59000.0
2024-08-17 16:00:00,58998.23,59152.0,58900.0,59152.0
2024-08-17 16:30:00,59152.0,59167.74,59059.0,59160.66
2024-08-17 17:00:00,59160.66,59187.99,59022.83,59063.54
2024-08-17 17:30:00,59063.54,59187.99,59060.0,59060.0
2024-08-17 18:00:00,59060.01,59070.05,58932.56,58947.86
2024-08-17 18:30:00,58947.86,59017.0,58911.61,59017.0
2024-08-17 19:00:00,59066.99,59127.0,59000.0,59034.74
2024-08-17 19:30:00,59034.74,59085.8,59000.0,59036.73
2024-08-17 20:00:00,59050.0,59077.0,58950.0,58950.0
2024-08-17 20:30:00,58950.0,59000.0,58929.19,59000.0
2024-08-17 21:00:00,58965.0,59076.97,58850.0,58850.06
2024-08-17 21:30:00,58850.06,58999.95,58801.0,58921.0
2024-08-17 22:00:00,58921.0,59068.0,58900.0,58901.84
2024-08-17 22:30:00,58901.84,59076.97,58901.84,58920.75
2024-08-17 23:00:00,58920.75,59089.0,58920.75,59089.0
2024-08-17 23:30:00,59089.0,59089.0,58925.06,59070.95
2024-08-18 00:00:00,59070.95,59100.0,58993.63,59090.0
2024-08-18 00:30:00,59090.0,59399.0,59090.0,59399.0
2024-08-18 01:00:00,59400.0,59400.0,59250.0,59250.0
2024-08-18 01:30:00,59250.0,59300.0,59023.33,59199.0
2024-08-18 02:00:00,59110.0,59298.44,58952.53,59032.27
2024-08-18 02:30:00,59032.27,59700.0,59032.27,59650.01
2024-08-18 03:00:00,59650.19,59698.96,59188.26,59200.22
2024-08-18 03:30:00,59200.22,59293.74,58992.04,59000.0
2024-08-18 04:00:00,59000.0,59144.83,58903.0,58972.18
2024-08-18 04:30:00,58972.18,59099.71,58800.0,59000.0
2024-08-18 05:00:00,59000.0,59381.2,59000.0,59053.61
2024-08-18 05:30:00,59129.0,59230.0,59048.15,59048.15
2024-08-18 06:00:00,59048.15,59381.14,59029.98,59288.0
2024-08-18 06:30:00,59381.15,59381.15,59029.98,59137.52
2024-08-18 07:00:00,59137.52,59199.0,59125.0,59156.78
2024-08-18 07:30:00,59156.78,59247.86,59150.13,59150.13
2024-08-18 08:00:00,59150.13,59259.99,59060.0,59060.0
2024-08-18 08:30:00,59060.0,59297.0,59060.0,59262.04
2024-08-18 09:00:00,59262.04,59362.0,59225.2,59291.0
2024-08-18 09:30:00,59295.0,59600.0,59060.0,59531.21
2024-08-18 10:00:00,59531.24,59757.0,59494.5,59698.0
2024-08-18 10:30:00,59698.0,59739.0,59468.49,59468.49
2024-08-18 11:00:00,59468.49,59620.0,59423.11,59451.9
2024-08-18 11:30:00,59598.0,59799.99,59400.04,59470.87
2024-08-18 12:00:00,59470.87,59649.99,59414.0,59638.98
2024-08-18 12:30:00,59638.98,59700.0,59574.84,59574.85
2024-08-18 13:00:00,59680.01,59697.02,59574.85,59664.0
2024-08-18 13:30:00,59664.0,59700.0,59415.86,59415.86
2024-08-18 14:00:00,59415.86,59509.99,59415.86,59458.99
2024-08-18 14:30:00,59430.45,59598.93,59358.16,59519.98
2024-08-18 15:00:00,59549.86,59549.86,59301.56,59400.0
2024-08-18 15:30:00,59404.0,59499.99,59357.0,59419.93
2024-08-18 16:00:00,59419.93,59499.99,59200.0,59498.98
2024-08-18 16:30:00,59460.0,59520.0,59453.39,59500.0
2024-08-18 17:00:00,59500.0,59542.0,59150.0,59208.12
2024-08-18 17:30:00,59200.03,59349.88,58430.0,59149.0
2024-08-18 18:00:00,59056.0,59149.0,58600.03,59091.97
2024-08-18 18:30:00,59091.94,59299.92,59091.94,59111.5
2024-08-18 19:00:00,59111.5,59274.0,59111.5,59234.63
2024-08-18 19:30:00,59234.63,59400.0,59225.3,59225.3
2024-08-18 20:00:00,59225.3,59305.0,59225.3,59238.11
2024-08-18 20:30:00,59299.0,59394.0,59238.11,59386.0
2024-08-18 21:00:00,59386.0,59386.0,59225.4,59225.4
2024-08-18 21:30:00,59225.4,59375.0,59100.01,59101.1
2024-08-18 22:00:00,59102.01,59272.77,59100.01,59100.5
2024-08-18 22:30:00,59100.5,59272.11,59000.0,59000.03
2024-08-18 23:00:00,59000.03,59088.0,58700.01,58750.01
2024-08-18 23:30:00,58750.0,58750.01,58260.0,58260.0
2024-08-19 00:00:00,58260.0,58381.31,58019.0,58233.92
2024-08-19 00:30:00,58233.81,58500.0,58100.0,58185.0
2024-08-19 01:00:00,58279.81,58481.0,58150.03,58279.0
2024-08-19 01:30:00,58500.0,58500.0,58218.65,58497.0
2024-08-19 02:00:00,58360.35,58500.0,58153.0,58497.0
2024-08-19 02:30:00,58497.0,58739.32,58400.24,58720.0
2024-08-19 03:00:00,58666.03,58739.96,58549.41,58676.25
2024-08-19 03:30:00,58676.25,58676.25,58500.0,58600.09
2024-08-19 04:00:00,58600.12,58749.93,58450.02,58450.02
2024-08-19 04:30:00,58500.0,58747.13,58421.78,58451.01
2024-08-19 05:00:00,58451.0,58499.94,58250.01,58274.0
2024-08-19 05:30:00,58250.0,58400.0,58250.0,58397.28
2024-08-19 06:00:00,58397.28,58521.08,58260.59,58464.15
2024-08-19 06:30:00,58464.15,58662.86,58263.93,58510.0
2024-08-19 07:00:00,58510.0,58550.0,58283.59,58294.06
2024-08-19 07:30:00,58395.0,58543.78,58295.07,58295.07
2024-08-19 08:00:00,58295.07,58496.91,58200.0,58248.08
2024-08-19 08:30:00,58400.0,58500.0,58248.11,58462.0
2024-08-19 09:00:00,58392.47,58639.28,58322.04,58352.43
2024-08-19 09:30:00,58533.39,58533.39,57777.01,57803.0
2024-08-19 10:00:00,57894.91,58132.9,57750.0,58099.81
2024-08-19 10:30:00,58070.0,58199.88,57902.09,57910.46
2024-08-19 11:00:00,57920.0,57999.49,57902.0,57919.77
2024-08-19 11:30:00,57902.0,57999.52,57898.33,57964.98
2024-08-19 12:00:00,57964.98,58148.96,57890.1,57965.0
2024-08-19 12:30:00,57965.0,58100.0,57892.0,58100.0
2024-08-19 13:00:00,58000.01,58495.0,58000.0,58450.0
2024-08-19 13:30:00,58355.0,58520.0,57970.0,57970.01
2024-08-19 14:00:00,57970.0,58300.0,57969.97,58016.04
2024-08-19 14:30:00,58088.99,58263.0,58011.0,58213.97
2024-08-19 15:00:00,58213.97,58300.0,58125.0,58200.0
2024-08-19 15:30:00,58200.0,58400.0,58110.01,58290.0
2024-08-19 16:00:00,58290.0,58290.0,58070.0,58180.4
2024-08-19 16:30:00,58146.9,58320.0,58100.0,58201.01
2024-08-19 17:00:00,58320.0,58500.0,58282.94,58500.0
2024-08-19 17:30:00,58520.0,58777.07,58446.5,58741.26
2024-08-19 18:00:00,58578.7,58739.99,58500.0,58606.01
2024-08-19 18:30:00,58606.01,58742.25,58557.41,58600.0
2024-08-19 19:00:00,58598.62,58659.0,58516.79,58621.66
2024-08-19 19:30:00,58621.66,58654.83,58570.48,58580.84
2024-08-19 20:00:00,58580.84,58677.0,58518.19,58658.0
2024-08-19 20:30:00,58658.0,58859.0,58655.0,58791.46
2024-08-19 21:00:00,58810.01,58848.97,58661.97,58676.58
2024-08-19 21:30:00,58676.58,58799.89,58676.53,58753.06
2024-08-19 22:00:00,58753.06,58753.06,58655.0,58676.53
2024-08-19 22:30:00,58676.53,58800.0,58655.0,58800.0
2024-08-19 23:00:00,58800.0,58975.36,58691.01,58975.36
2024-08-19 23:30:00,58975.36,59086.18,58914.0,59086.18
2024-08-20 00:00:00,59086.18,59700.0,58921.44,59679.0
2024-08-20 00:30:00,59700.0,60100.0,59130.06,59893.99
2024-08-20 01:00:00,59997.99,60450.0,59700.13,60062.03
2024-08-20 01:30:00,60062.03,60199.0,59308.0,60000.0
2024-08-20 02:00:00,59986.14,60099.99,59905.7,59975.51
2024-08-20 02:30:00,59975.51,60237.99,59918.71,60100.06
2024-08-20 03:00:00,60100.12,60237.8,59981.47,59981.47
2024-08-20 03:30:00,60000.0,60293.0,59981.47,60189.0
2024-08-20 04:00:00,60123.77,60499.0,60005.0,60449.99
2024-08-20 04:30:00,60380.0,60445.85,60304.0,60435.67
2024-08-20 05:00:00,60435.67,60900.0,60368.84,60700.0
2024-08-20 05:30:00,60687.89,60885.03,60553.14,60592.01
2024-08-20 06:00:00,60592.01,60670.0,60391.0,60608.22
2024-08-20 06:30:00,60600.0,60629.7,60406.02,60491.87
2024-08-20 07:00:00,60570.0,60620.0,60106.01,60453.05
2024-08-20 07:30:00,60453.05,60500.0,60376.0,60455.63
2024-08-20 08:00:00,60455.63,60484.03,60266.86,60274.11
2024-08-20 08:30:00,60274.11,60376.29,60274.11,60278.01
2024-08-20 09:00:00,60295.46,60610.0,60295.46,60480.0
2024-08-20 09:30:00,60480.0,60480.0,60416.0,60435.0
2024-08-20 10:00:00,60435.0,60549.0,60429.81,60443.19
2024-08-20 10:30:00,60440.0,60540.0,60273.91,60323.0
2024-08-20 11:00:00,60323.0,60323.0,60106.06,60120.01
2024-08-20 11:30:00,60198.0,60300.0,60017.71,60036.0
2024-08-20 12:00:00,60036.0,60399.49,60036.0,60386.83
2024-08-20 12:30:00,60383.96,60383.96,60205.22,60218.0
2024-08-20 13:00:00,60239.05,60289.0,60100.06,60266.74
2024-08-20 13:30:00,60111.15,60449.0,60014.0,60433.0
2024-08-20 14:00:00,60449.0,60449.0,59614.0,59685.0
2024-08-20 14:30:00,59601.08,59685.0,59130.0,59300.0
2024-08-20 15:00:00,59300.0,59300.0,58700.25,58910.01
2024-08-20 15:30:00,58910.01,59200.0,58720.0,58892.0
2024-08-20 16:00:00,58750.0,59085.09,58600.0,58850.0
2024-08-20 16:30:00,58940.0,58999.9,58698.0,58815.0
2024-08-20 17:00:00,58800.0,58860.0,58659.0,58808.0
2024-08-20 17:30:00,58809.99,59100.88,58703.78,59000.16
2024-08-20 18:00:00,59089.99,59398.13,59001.0,59152.0
2024-08-20 18:30:00,59200.0,59394.99,59110.0,59200.0
2024-08-20 19:00:00,59169.97,59364.93,59145.0,59295.0
2024-08-20 19:30:00,59250.01,59534.04,59176.0,59420.0
2024-08-20 20:00:00,59420.0,59596.0,59400.11,59596.0
2024-08-20 20:30:00,59560.0,59560.0,59205.13,59205.13
2024-08-20 21:00:00,59205.03,59205.03,58831.0,59000.69
2024-08-20 21:30:00,59085.0,59326.41,59001.66,59031.43
2024-08-20 22:00:00,59031.43,59440.5,59031.43,59302.23
2024-08-20 22:30:00,59434.71,59434.71,59122.37,59300.14
2024-08-20 23:00:00,59300.14,59300.14,58879.74,59129.55
2024-08-20 23:30:00,59129.52,59129.52,59020.0,59050.0
2024-08-21 00:00:00,58921.39,58922.12,58850.08,58922.12
2024-08-21 00:30:00,58922.12,59120.08,58921.39,59000.0
2024-08-21 01:00:00,59000.0,59000.0,58846.0,58999.86
2024-08-21 01:30:00,58999.86,59030.0,58845.25,59030.0
2024-08-21 02:00:00,59030.0,59393.0,59030.0,59315.0
2024-08-21 02:30:00,59393.0,59449.0,59124.72,59171.58
2024-08-21 03:00:00,59171.58,59361.84,59126.33,59270.36
2024-08-21 03:30:00,59270.36,59348.55,59124.0,59124.0
2024-08-21 04:00:00,59080.02,59124.66,58950.0,59124.66
2024-08-21 04:30:00,59124.66,59329.48,58952.18,58974.46
2024-08-21 05:00:00,58974.46,59293.95,58974.46,59086.6
2024-08-21 05:30:00,59086.85,59256.97,59086.8,59090.91
2024-08-21 06:00:00,59090.91,59390.0,59085.12,59301.0
2024-08-21 06:30:00,59251.15,59429.99,59250.0,59389.0
2024-08-21 07:00:00,59389.0,59521.0,59300.0,59499.96
2024-08-21 07:30:00,59497.97,59520.96,59358.0,59358.0
2024-08-21 08:00:00,59358.0,59550.0,59000.0,59235.96
2024-08-21 08:30:00,59235.96,59358.9,59050.01,59249.88
2024-08-21 09:00:00,59077.76,59249.62,58953.0,58953.01
2024-08-21 09:30:00,59084.42,59210.36,58845.0,59084.74
2024-08-21 10:00:00,59084.74,59130.0,59000.02,59099.0
2024-08-21 10:30:00,59099.0,59129.0,59050.0,59110.0
2024-08-21 11:00:00,59110.0,59399.98,59110.0,59158.22
2024-08-21 11:30:00,59158.0,59271.97,59122.0,59200.0
2024-08-21 12:00:00,59200.0,59200.0,59123.0,59189.14
2024-08-21 12:30:00,59200.0,59370.0,59130.02,59300.0
2024-08-21 13:00:00,59300.0,59330.0,59201.46,59201.46
2024-08-21 13:30:00,59201.51,59547.0,58800.0,59500.0
2024-08-21 14:00:00,59599.9,59711.0,58800.0,59167.09
2024-08-21 14:30:00,59167.09,59744.99,59050.07,59337.79
2024-08-21 15:00:00,59337.8,59493.0,59188.24,59190.76
2024-08-21 15:30:00,59190.76,59399.99,59190.76,59389.84
2024-08-21 16:00:00,59207.36,59356.19,59100.0,59107.73
2024-08-21 16:30:00,59250.0,59649.91,59126.0,59484.07
2024-08-21 17:00:00,59484.07,59640.0,59304.54,59522.9
2024-08-21 17:30:00,59522.9,59636.0,59500.0,59544.15
2024-08-21 18:00:00,59500.0,59999.9,59500.0,59995.0
2024-08-21 18:30:00,59995.0,60350.0,59761.02,60298.01
2024-08-21 19:00:00,60340.0,60610.0,59770.0,60593.16
2024-08-21 19:30:00,60571.61,61000.0,60400.01,60990.0
2024-08-21 20:00:00,60980.0,61100.0,60650.02,60837.73
2024-08-21 20:30:00,60837.73,60841.21,60450.0,60622.66
2024-08-21 21:00:00,60682.62,60900.0,60528.22,60805.0
2024-08-21 21:30:00,60805.0,60981.22,60805.0,60820.0
2024-08-21 22:00:00,60820.0,60917.99,60820.0,60910.0
2024-08-21 22:30:00,60910.0,61000.0,60820.0,60820.01
2024-08-21 23:00:00,60821.26,60868.0,60686.2,60717.98
2024-08-21 23:30:00,60717.98,60800.09,60571.0,60800.06
2024-08-22 00:00:00,60800.0,60900.0,60576.42,60733.84
2024-08-22 00:30:00,60733.64,60733.64,60576.23,60599.12
2024-08-22 01:00:00,60599.33,60731.0,60575.98,60576.03
2024-08-22 01:30:00,60576.03,60730.64,60576.0,60600.01
2024-08-22 02:00:00,60600.01,60600.01,60286.02,60286.02
2024-08-22 02:30:00,60286.02,60400.0,59626.0,59948.25
2024-08-22 03:00:00,59948.25,60100.0,59850.57,60099.99
2024-08-22 03:30:00,60100.0,60299.96,59911.66,60230.0
2024-08-22 04:00:00,60230.0,60400.0,60000.0,60069.33
2024-08-22 04:30:00,60069.33,60399.0,60069.33,60398.55
2024-08-22 05:00:00,60398.55,60499.89,60263.34,60380.0
2024-08-22 05:30:00,60380.0,60500.0,60380.0,60499.89
2024-08-22 06:00:00,60380.01,60828.62,60380.01,60590.0
2024-08-22 06:30:00,60452.73,60599.0,60308.32,60309.01
2024-08-22 07:00:00,60309.01,60460.0,60281.0,60296.85
2024-08-22 07:30:00,60296.85,60617.88,60281.06,60612.0
2024-08-22 08:00:00,60612.0,60650.0,60450.0,60564.61
2024-08-22 08:30:00,60564.06,60650.0,60466.0,60470.0
2024-08-22 09:00:00,60466.0,60594.99,60312.2,60448.97
2024-08-22 09:30:00,60448.97,60579.85,60407.0,60500.0
2024-08-22 10:00:00,60500.0,60580.0,60450.0,60580.0
2024-08-22 10:30:00,60589.89,60995.0,60580.06,60870.0
2024-08-22 11:00:00,60870.0,60980.0,60591.0,60812.0
2024-08-22 11:30:00,60812.0,61107.0,60812.0,61092.01
2024-08-22 12:00:00,61107.0,61110.0,60697.62,61000.03
2024-08-22 12:30:00,60875.32,61062.64,60499.0,60700.0
2024-08-22 13:00:00,60700.0,60700.0,60465.0,60589.96
2024-08-22 13:30:00,60589.96,60700.0,60302.51,60660.0
2024-08-22 14:00:00,60660.0,60660.0,60301.38,60380.83
2024-08-22 14:30:00,60381.0,60490.16,60300.0,60390.0
2024-08-22 15:00:00,60390.0,60900.0,60351.0,60351.0
2024-08-22 15:30:00,60351.0,60400.0,59950.0,60400.0
2024-08-22 16:00:00,60400.0,60400.0,60033.11,60250.22
2024-08-22 16:30:00,60341.98,60700.0,60250.71,60260.02
2024-08-22 17:00:00,60260.76,60499.61,60115.18,60381.27
2024-08-22 17:30:00,60382.12,60428.66,60128.3,60188.97
2024-08-22 18:00:00,60189.0,60498.0,60100.0,60310.0
2024-08-22 18:30:00,60310.03,60497.13,60100.0,60396.9
2024-08-22 19:00:00,60267.0,60396.97,60110.0,60146.09
2024-08-22 19:30:00,60146.09,60220.0,60102.0,60199.97
2024-08-22 20:00:00,60122.0,60366.15,60121.09,60300.0
2024-08-22 20:30:00,60228.0,60460.0,60226.0,60460.0
2024-08-22 21:00:00,60460.46,60487.99,60365.71,60479.0
2024-08-22 21:30:00,60487.99,60487.99,60417.0,60417.0
2024-08-22 22:00:00,60417.0,60486.0,60407.0,60484.99
2024-08-22 22:30:00,60409.63,60485.99,60409.63,60411.0
2024-08-22 23:00:00,60411.0,60480.0,60200.74,60413.39
2024-08-22 23:30:00,60413.39,60413.39,60171.01,60198.01
2024-08-23 00:00:00,60198.01,60485.97,60198.01,60485.97
2024-08-23 00:30:00,60485.97,60689.99,60485.97,60515.03
2024-08-23 01:00:00,60515.03,60630.0,60515.03,60628.0
2024-08-23 01:30:00,60628.0,60700.0,60510.0,60541.05
2024-08-23 02:00:00,60541.05,60699.93,60541.0,60541.1
2024-08-23 02:30:00,60541.34,60699.38,60410.13,60500.0
2024-08-23 03:00:00,60500.0,60664.81,60500.0,60631.82
2024-08-23 03:30:00,60631.82,60631.82,60410.0,60410.0
2024-08-23 04:00:00,60450.0,60567.96,60410.0,60564.1
2024-08-23 04:30:00,60564.1,60631.6,60450.13,60451.02
2024-08-23 05:00:00,60500.0,60740.03,60500.0,60740.0
2024-08-23 05:30:00,60740.0,60740.01,60630.99,60630.99
2024-08-23 06:00:00,60503.0,60729.9,60503.0,60686.22
2024-08-23 06:30:00,60685.9,60990.0,60685.8,60886.1
2024-08-23 07:00:00,60948.0,60948.0,60743.39,60752.15
2024-08-23 07:30:00,60752.21,60868.5,60752.21,60761.01
2024-08-23 08:00:00,60761.01,60980.01,60761.0,60930.0
2024-08-23 08:30:00,60930.0,60989.97,60600.0,60979.0
2024-08-23 09:00:00,60800.4,60979.0,60800.4,60860.0
2024-08-23 09:30:00,60860.0,60899.99,60760.0,60768.4
2024-08-23 10:00:00,60778.47,60887.99,60700.02,60700.02
2024-08-23 10:30:00,60700.02,60799.99,60633.0,60750.0
2024-08-23 11:00:00,60799.99,60799.99,60532.0,60710.35
2024-08-23 11:30:00,60710.11,60710.11,60532.01,60532.01
2024-08-23 12:00:00,60535.0,60710.0,60535.0,60710.0
2024-08-23 12:30:00,60750.0,60887.0,60710.01,60886.0
2024-08-23 13:00:00,60859.85,60887.0,60710.01,60751.0
2024-08-23 13:30:00,60710.02,60877.0,60710.0,60710.03
2024-08-23 14:00:00,60887.0,61600.0,60850.97,61395.08
2024-08-23 14:30:00,61449.97,61449.97,60625.0,60800.0
2024-08-23 15:00:00,60800.0,61200.0,60750.12,61200.0
2024-08-23 15:30:00,61099.12,61375.06,61052.52,61098.16
2024-08-23 16:00:00,61098.17,61314.99,61053.0,61107.06
2024-08-23 16:30:00,61115.97,61300.0,61080.0,61240.0
2024-08-23 17:00:00,61289.99,61450.0,61200.01,61347.34
2024-08-23 17:30:00,61347.34,62497.98,61316.0,62440.0
2024-08-23 18:00:00,62440.0,62810.0,62246.2,62767.53
2024-08-23 18:30:00,62767.53,62890.0,62453.0,62700.01
2024-08-23 19:00:00,62700.0,63400.0,62541.03,63300.0
2024-08-23 19:30:00,63380.0,63390.0,63000.0,63179.0
2024-08-23 20:00:00,63179.0,63298.0,63099.97,63190.0
2024-08-23 20:30:00,63190.0,63193.0,62980.01,63138.61
2024-08-23 21:00:00,63138.02,63900.0,63002.0,63740.0
2024-08-23 21:30:00,63740.0,63915.24,63500.0,63908.45
2024-08-23 22:00:00,63908.48,64000.0,63500.0,63970.0
2024-08-23 22:30:00,63970.0,64271.0,63629.77,63635.04
2024-08-23 23:00:00,63629.77,63899.02,63574.56,63672.03
2024-08-23 23:30:00,63608.3,63672.04,63250.0,63566.7
2024-08-24 00:00:00,63566.66,63798.35,63392.42,63392.42
2024-08-24 00:30:00,63392.42,63792.38,63335.01,63520.99
2024-08-24 01:00:00,63520.99,63699.94,63271.97,63294.32
2024-08-24 01:30:00,63292.53,63462.99,63168.4,63354.48
2024-08-24 02:00:00,63340.59,63687.72,63340.59,63380.51
2024-08-24 02:30:00,63380.51,63649.99,63380.51,63649.0
2024-08-24 03:00:00,63500.09,63647.99,63458.32,63459.95
2024-08-24 03:30:00,63459.95,63637.99,63320.43,63361.44
2024-08-24 04:00:00,63361.5,63617.86,63361.5,63441.38
2024-08-24 04:30:00,63441.38,63490.0,63434.63,63434.7
2024-08-24 05:00:00,63410.99,63529.44,63397.0,63503.3
2024-08-24 05:30:00,63503.3,63525.42,63474.15,63501.85
2024-08-24 06:00:00,63501.85,63549.9,63461.54,63488.45
2024-08-24 06:30:00,63500.0,63799.0,63488.45,63790.0
2024-08-24 07:00:00,63790.0,63900.0,63750.0,63899.0
2024-08-24 07:30:00,63898.8,63930.0,63735.21,63812.96
2024-08-24 08:00:00,63882.99,63882.99,63400.06,63680.99
2024-08-24 08:30:00,63681.0,64050.0,63680.99,64049.0
2024-08-24 09:00:00,64059.0,64150.0,63901.1,64099.0
2024-08-24 09:30:00,64098.9,64146.0,64011.04,64140.0
2024-08-24 10:00:00,64140.0,64249.98,63900.0,63900.02
2024-08-24 10:30:00,64075.7,64075.7,63627.57,63627.57
2024-08-24 11:00:00,63645.94,63700.0,63599.0,63621.51
2024-08-24 11:30:00,63603.34,63674.0,63414.0,63414.0
2024-08-24 12:00:00,63414.0,63675.0,62900.01,63675.0
2024-08-24 12:30:00,63671.24,63730.0,63607.0,63607.0
2024-08-24 13:00:00,63607.0,63730.0,63600.0,63729.0
2024-08-24 13:30:00,63729.0,63854.99,63685.06,63790.89
2024-08-24 14:00:00,63790.89,63800.0,63620.0,63750.39
2024-08-24 14:30:00,63750.39,63777.0,63613.02,63703.0
2024-08-24 15:00:00,63703.0,63780.0,63613.07,63699.0
2024-08-24 15:30:00,63699.0,63700.0,63200.0,63648.96
2024-08-24 16:00:00,63648.96,63777.0,63050.0,63777.0
2024-08-24 16:30:00,63777.0,63943.0,63753.01,63800.03
2024-08-24 17:00:00,63927.99,63928.0,63692.3,63889.45
2024-08-24 17:30:00,63889.45,63890.0,63654.75,63654.75
2024-08-24 18:00:00,63654.75,63980.0,63200.0,63951.0
2024-08-24 18:30:00,63951.0,63979.88,63655.01,63752.69
2024-08-24 19:00:00,63867.65,63898.99,63752.69,63898.99
2024-08-24 19:30:00,63861.12,63946.99,63600.0,63745.72
2024-08-24 20:00:00,63735.51,63886.0,63500.0,63886.0
2024-08-24 20:30:00,63886.0,63886.0,63666.69,63666.69
2024-08-24 21:00:00,63666.69,63801.87,63463.82,63467.0
2024-08-24 21:30:00,63466.0,63570.37,63200.0,63200.0
2024-08-24 22:00:00,63200.0,63525.08,63200.0,63316.66
2024-08-24 22:30:00,63362.83,63609.99,63300.0,63609.99
2024-08-24 23:00:00,63416.07,63609.93,63416.06,63460.48
2024-08-24 23:30:00,63585.0,63658.0,63450.91,63651.3
2024-08-25 00:00:00,63651.3,63979.89,63651.3,63844.44
2024-08-25 00:30:00,63844.44,63950.0,63681.16,63842.0
2024-08-25 01:00:00,63681.23,63943.0,63681.11,63941.96
2024-08-25 01:30:00,63899.99,63899.99,63658.0,63689.58
2024-08-25 02:00:00,63690.08,63799.91,63665.0,63723.19
2024-08-25 02:30:00,63723.19,63800.0,63658.0,63658.0
2024-08-25 03:00:00,63658.0,63797.99,63647.23,63647.23
2024-08-25 03:30:00,63689.0,63791.89,63552.0,63627.67
2024-08-25 04:00:00,63627.67,63769.94,63533.74,63581.69
2024-08-25 04:30:00,63581.69,63743.97,63581.69,63640.77
2024-08-25 05:00:00,63640.77,63769.91,63640.77,63700.95
2024-08-25 05:30:00,63700.95,63700.95,63637.6,63637.6
2024-08-25 06:00:00,63637.6,63698.0,63581.79,63594.7
2024-08-25 06:30:00,63594.7,63594.7,63540.0,63590.63
2024-08-25 07:00:00,63590.63,63590.63,63400.0,63543.46
2024-08-25 07:30:00,63544.99,63544.99,63400.0,63400.0
2024-08-25 08:00:00,63449.98,63544.82,63352.01,63500.0
2024-08-25 08:30:00,63496.29,63544.82,63451.9,63451.91
2024-08-25 09:00:00,63454.09,63499.0,63353.0,63369.19
2024-08-25 09:30:00,63369.2,63395.0,63277.07,63366.11
2024-08-25 10:00:00,63366.11,63544.85,63300.0,63434.63
2024-08-25 10:30:00,63434.63,63480.0,63329.77,63367.5
2024-08-25 11:00:00,63367.5,63544.0,63367.5,63502.0
2024-08-25 11:30:00,63502.0,63502.0,63433.04,63462.73
2024-08-25 12:00:00,63404.64,63543.0,63205.01,63365.32
2024-08-25 12:30:00,63365.32,63539.0,63365.32,63528.0
2024-08-25 13:00:00,63528.0,63615.51,63465.02,63610.62
2024-08-25 13:30:00,63643.77,63750.0,63372.0,63699.99
2024-08-25 14:00:00,63619.24,63751.0,63619.24,63751.0
2024-08-25 14:30:00,63700.01,64000.0,63700.0,63975.0
2024-08-25 15:00:00,63907.0,64000.0,63906.0,64000.0
2024-08-25 15:30:00,63999.98,64000.0,63700.01,63894.0
2024-08-25 16:00:00,63850.0,63897.95,63712.08,63713.05
2024-08-25 16:30:00,63713.05,63822.0,63600.01,63600.01
2024-08-25 17:00:00,63600.01,63660.0,63572.56,63611.0
2024-08-25 17:30:00,63610.01,63705.0,63610.0,63705.0
2024-08-25 18:00:00,63705.0,63849.99,63704.0,63711.0
2024-08-25 18:30:00,63730.0,63849.0,63711.0,63840.0
2024-08-25 19:00:00,63839.99,63840.0,63705.92,63838.98
2024-08-25 19:30:00,63705.0,63838.0,63705.0,63707.9
2024-08-25 20:00:00,63707.9,63796.0,63649.91,63700.0
2024-08-25 20:30:00,63649.91,63797.0,63649.91,63797.0
2024-08-25 21:00:00,63739.38,63999.99,63739.38,63999.99
2024-08-25 21:30:00,63861.23,64150.0,63850.01,64093.0
2024-08-25 22:00:00,64093.0,64093.0,63860.05,64090.98
2024-08-25 22:30:00,64090.98,64205.0,64010.0,64205.0
2024-08-25 23:00:00,64220.0,64500.0,64220.0,64500.0
2024-08-25 23:30:00,64499.99,64500.0,63772.35,64178.34
2024-08-26 00:00:00,64178.34,64178.4,63772.42,63998.5
2024-08-26 00:30:00,63998.5,64139.95,63500.0,63598.67
2024-08-26 01:00:00,63598.67,63690.0,63525.29,63690.0
2024-08-26 01:30:00,63720.0,63750.01,63564.61,63749.05
2024-08-26 02:00:00,63749.05,63749.05,63566.34,63600.06
2024-08-26 02:30:00,63600.06,63742.56,63490.24,63546.05
2024-08-26 03:00:00,63546.05,63735.21,63546.05,63706.0
2024-08-26 03:30:00,63706.0,63736.0,63613.08,63736.0
2024-08-26 04:00:00,63736.0,63777.0,63663.69,63777.0
2024-08-26 04:30:00,63700.36,63862.06,63700.36,63700.64
2024-08-26 05:00:00,63701.51,63810.0,63522.0,63525.0
2024-08-26 05:30:00,63525.0,63862.05,63450.0,63550.0
2024-08-26 06:00:00,63535.99,63686.86,63510.0,63510.0
2024-08-26 06:30:00,63510.0,63669.74,63315.1,63315.1
2024-08-26 07:00:00,63398.9,63400.0,63225.0,63351.0
2024-08-26 07:30:00,63351.0,63399.0,63200.0,63200.0
2024-08-26 08:00:00,63248.0,63604.99,63154.7,63599.0
2024-08-26 08:30:00,63440.03,63598.67,63400.0,63548.52
2024-08-26 09:00:00,63400.01,63400.01,63247.59,63395.0
2024-08-26 09:30:00,63305.0,63305.0,63000.0,63291.0
2024-08-26 10:00:00,63399.99,63550.0,63354.21,63550.0
2024-08-26 10:30:00,63552.46,63589.0,63425.63,63425.63
2024-08-26 11:00:00,63425.64,63589.0,63425.63,63589.0
2024-08-26 11:30:00,63465.0,63589.0,63460.0,63570.0
2024-08-26 12:00:00,63502.0,63570.0,63150.0,63282.79
2024-08-26 12:30:00,63282.79,63398.99,63150.0,63150.02
2024-08-26 13:00:00,63169.15,63397.71,63150.02,63250.0
2024-08-26 13:30:00,63250.0,63397.82,63150.0,63295.0
2024-08-26 14:00:00,63295.01,63458.88,63000.0,63194.98
2024-08-26 14:30:00,63194.98,63281.81,62700.0,62966.0
2024-08-26 15:00:00,62913.91,63000.0,62701.0,62823.0
2024-08-26 15:30:00,62823.0,63200.0,62823.0,63161.55
2024-08-26 16:00:00,63048.45,63200.0,62998.0,63149.84
2024-08-26 16:30:00,63149.84,63333.0,63000.21,63331.46
2024-08-26 17:00:00,63331.46,63458.79,63253.0,63335.0
2024-08-26 17:30:00,63335.0,63458.9,62812.0,62906.95
2024-08-26 18:00:00,62906.95,63070.0,62813.0,63069.62
2024-08-26 18:30:00,63069.68,63200.0,63067.58,63171.38
2024-08-26 19:00:00,63171.38,63171.38,63033.46,63055.5
2024-08-26 19:30:00,63055.5,63055.5,62859.0,62950.0
2024-08-26 20:00:00,62950.0,63045.4,62900.0,62900.0
2024-08-26 20:30:00,62903.77,63100.0,62875.17,62930.88
2024-08-26 21:00:00,62930.88,63058.97,62700.0,62707.77
2024-08-26 21:30:00,62707.77,62888.0,62700.0,62860.0
2024-08-26 22:00:00,62860.0,62888.0,62751.01,62752.0
2024-08-26 22:30:00,62752.0,62858.99,62709.0,62720.58
2024-08-26 23:00:00,62720.58,62888.0,62720.15,62782.59
2024-08-26 23:30:00,62782.41,62879.91,62709.01,62709.01
2024-08-27 00:00:00,62709.01,62878.91,62709.0,62790.94
2024-08-27 00:30:00,62878.88,63000.0,62650.0,62669.97
2024-08-27 01:00:00,62653.97,62999.86,62653.97,62802.16
2024-08-27 01:30:00,62997.62,63019.92,62850.0,62850.29
2024-08-27 02:00:00,62850.29,63059.9,62850.29,63049.97
2024-08-27 02:30:00,63049.97,63060.04,62854.24,62854.24
2024-08-27 03:00:00,62854.24,62869.92,62700.0,62700.0
2024-08-27 03:30:00,62700.02,62868.78,62700.0,62750.0
2024-08-27 04:00:00,62750.0,62900.0,62750.0,62880.54
2024-08-27 04:30:00,62880.54,62981.75,62791.0,62836.0
2024-08-27 05:00:00,62834.41,63060.07,62820.0,63050.0
2024-08-27 05:30:00,63000.0,63060.07,62900.0,63050.0
2024-08-27 06:00:00,63050.0,63061.0,62750.01,62750.03
2024-08-27 06:30:00,62750.03,62799.97,62560.0,62624.18
2024-08-27 07:00:00,62699.97,62929.64,62560.0,62670.32
2024-08-27 07:30:00,62798.87,62999.0,62670.2,62796.0
2024-08-27 08:00:00,62796.0,62989.97,62681.0,62699.98
2024-08-27 08:30:00,62699.95,62781.7,62681.0,62686.0
2024-08-27 09:00:00,62749.0,62849.0,62670.0,62800.0
2024-08-27 09:30:00,62849.0,62944.87,62600.0,62600.0
2024-08-27 10:00:00,62600.01,62750.3,62150.0,62297.64
2024-08-27 10:30:00,62202.0,62300.0,62150.0,62155.0
2024-08-27 11:00:00,62239.84,62379.0,62150.06,62300.0
2024-08-27 11:30:00,62300.0,62349.0,62250.0,62253.0
2024-08-27 12:00:00,62253.0,62298.97,62102.01,62126.05
2024-08-27 12:30:00,62126.05,62300.0,62126.02,62161.0
2024-08-27 13:00:00,62232.0,62286.99,62102.0,62205.0
2024-08-27 13:30:00,62200.0,62246.96,62102.0,62106.0
2024-08-27 14:00:00,62106.0,62244.71,61800.0,62049.0
2024-08-27 14:30:00,61830.07,62050.0,61830.07,61850.0
2024-08-27 15:00:00,61850.0,61900.0,61701.59,61705.01
2024-08-27 15:30:00,61705.01,61888.99,61250.0,61439.96
2024-08-27 16:00:00,61599.97,62049.46,61400.39,61900.1
2024-08-27 16:30:00,61900.1,61999.67,61520.0,61571.01
2024-08-27 17:00:00,61571.0,61720.0,61570.27,61720.0
2024-08-27 17:30:00,61720.0,61959.5,61625.0,61731.32
2024-08-27 18:00:00,61892.0,62217.97,61732.0,61740.02
2024-08-27 18:30:00,61820.01,62142.46,61820.01,62142.46
2024-08-27 19:00:00,62142.4,62236.99,62030.09,62210.46
2024-08-27 19:30:00,62210.7,62210.79,61850.0,61999.0
2024-08-27 20:00:00,62089.84,62089.85,61825.0,61900.0
2024-08-27 20:30:00,61899.0,62025.64,61825.0,61860.65
2024-08-27 21:00:00,61862.97,61885.0,61232.57,61250.1
2024-08-27 21:30:00,61244.0,61283.32,60300.0,60352.01
2024-08-27 22:00:00,60352.01,60542.91,58000.0,59001.43
2024-08-27 22:30:00,59002.0,59619.66,58900.0,59600.0
2024-08-27 23:00:00,59599.0,59789.44,59101.02,59707.0
2024-08-27 23:30:00,59707.0,59781.97,59500.0,59522.0
2024-08-28 00:00:00,59521.0,59522.01,59100.01,59110.0
2024-08-28 00:30:00,59110.0,59300.0,59100.01,59150.0
2024-08-28 01:00:00,59150.0,59282.75,59000.0,59099.73
2024-08-28 01:30:00,59099.58,60000.0,59000.01,59432.84
2024-08-28 02:00:00,59520.8,59520.8,59210.15,59325.56
2024-08-28 02:30:00,59325.56,59458.61,59200.0,59458.49
2024-08-28 03:00:00,59456.47,59609.65,59000.0,59500.18
2024-08-28 03:30:00,59500.18,60000.0,59500.18,59739.0
2024-08-28 04:00:00,59581.57,59740.79,59580.46,59710.71
2024-08-28 04:30:00,59700.0,59722.56,59200.03,59300.0
2024-08-28 05:00:00,59300.0,59528.58,59200.19,59473.0
2024-08-28 05:30:00,59500.0,59528.0,59300.0,59357.06
2024-08-28 06:00:00,59357.06,59357.06,59250.0,59250.0
2024-08-28 06:30:00,59250.0,59250.0,59050.2,59199.87
2024-08-28 07:00:00,59237.98,59998.0,59000.0,59076.12
2024-08-28 07:30:00,59000.2,59109.19,58625.0,58625.0
2024-08-28 08:00:00,58625.0,59232.23,58532.66,59232.23
2024-08-28 08:30:00,59232.23,59499.99,59150.12,59320.09
2024-08-28 09:00:00,59320.0,59446.63,59200.0,59432.0
2024-08-28 09:30:00,59450.0,60089.0,59374.63,60088.99
2024-08-28 10:00:00,60089.0,60089.0,59810.01,59979.79
2024-08-28 10:30:00,59989.97,59990.0,59618.01,59725.0
2024-08-28 11:00:00,59725.0,60099.78,59725.0,60000.06
2024-08-28 11:30:00,60000.15,60094.81,60000.0,60000.0
2024-08-28 12:00:00,60000.0,60172.18,59900.0,60137.96
2024-08-28 12:30:00,60137.96,60200.0,59600.0,59600.0
2024-08-28 13:00:00,59590.07,59997.31,59590.07,59819.97
2024-08-28 13:30:00,59819.97,59846.84,59232.0,59494.93
2024-08-28 14:00:00,59400.0,59895.0,59231.97,59483.79
2024-08-28 14:30:00,59350.0,59500.0,59000.0,59035.15
2024-08-28 15:00:00,59235.11,59235.11,58536.0,58710.0
2024-08-28 15:30:00,58818.78,59146.97,58605.0,59146.97
2024-08-28 16:00:00,59050.0,59050.0,58000.0,58330.81
2024-08-28 16:30:00,58391.53,59200.0,58160.0,59200.0
2024-08-28 17:00:00,59248.0,59263.79,58800.0,58890.49
2024-08-28 17:30:00,58890.49,59100.0,58650.0,58650.0
2024-08-28 18:00:00,58650.0,59100.0,58650.0,59058.99
2024-08-28 18:30:00,59058.99,59399.97,58809.99,59399.97
2024-08-28 19:00:00,59399.99,59800.0,59207.0,59389.87
2024-08-28 19:30:00,59389.87,59389.88,58960.0,58965.9
2024-08-28 20:00:00,58960.01,59499.99,58777.0,59078.18
2024-08-28 20:30:00,59078.15,59300.0,58694.32,59239.97
2024-08-28 21:00:00,59240.19,59345.0,59000.0,59339.99
2024-08-28 21:30:00,59339.99,59400.0,59100.21,59102.01
2024-08-28 22:00:00,59102.4,59349.45,58840.0,59049.9
2024-08-28 22:30:00,58905.1,59200.0,58840.04,59200.0
2024-08-28 23:00:00,59200.0,59254.96,58950.0,59120.0
2024-08-28 23:30:00,59120.0,59200.0,58840.01,59000.01
2024-08-29 00:00:00,59000.01,59240.44,59000.01,59150.0
2024-08-29 00:30:00,59000.86,59149.97,59000.0,59058.96
2024-08-29 01:00:00,59058.96,59234.84,59001.0,59001.0
2024-08-29 01:30:00,59001.0,59148.75,59000.0,59148.75
2024-08-29 02:00:00,59148.75,59238.9,59000.03,59238.9
2024-08-29 02:30:00,59156.0,59227.6,58900.02,59227.6
2024-08-29 03:00:00,59227.6,59227.72,59000.64,59041.59
2024-08-29 03:30:00,59172.0,59228.99,59050.0,59135.15
2024-08-29 04:00:00,59135.15,59244.35,59135.0,59233.0
2024-08-29 04:30:00,59233.0,59299.97,59135.04,59299.97
2024-08-29 05:00:00,59299.97,59345.0,59136.02,59250.56
2024-08-29 05:30:00,59250.56,59430.0,59221.01,59430.0
2024-08-29 06:00:00,59430.0,59546.0,59420.0,59544.99
2024-08-29 06:30:00,59540.0,59712.0,59435.59,59511.17
2024-08-29 07:00:00,59699.96,59729.07,59511.27,59512.11
2024-08-29 07:30:00,59512.11,59734.75,59512.11,59670.8
2024-08-29 08:00:00,59670.8,59684.9,59310.04,59350.06
2024-08-29 08:30:00,59310.16,59833.0,59310.16,59321.03
2024-08-29 09:00:00,59321.03,59709.99,59321.03,59673.0
2024-08-29 09:30:00,59673.0,59832.85,59558.0,59558.01
2024-08-29 10:00:00,59525.0,59767.02,59525.0,59590.24
2024-08-29 10:30:00,59590.24,59751.97,59590.24,59614.22
2024-08-29 11:00:00,59613.01,59958.98,59612.0,59917.0
2024-08-29 11:30:00,59952.98,60340.0,59900.0,59900.0
2024-08-29 12:00:00,59900.01,60194.0,59811.55,60194.0
2024-08-29 12:30:00,60194.0,60333.0,60168.99,60225.0
2024-08-29 13:00:00,60225.0,60400.0,60200.0,60201.0
2024-08-29 13:30:00,60201.0,60500.0,60200.0,60500.0
2024-08-29 14:00:00,60500.0,60799.0,60300.03,60749.99
2024-08-29 14:30:00,60749.99,61056.49,60501.01,60976.88
2024-08-29 15:00:00,60803.29,61000.0,60788.0,60939.8
2024-08-29 15:30:00,60939.8,61150.0,60850.0,60850.0
2024-08-29 16:00:00,60813.41,60930.0,60556.01,60557.0
2024-08-29 16:30:00,60557.0,60557.0,59963.2,60185.0
2024-08-29 17:00:00,60110.08,60400.0,60110.0,60397.94
2024-08-29 17:30:00,60397.94,60607.44,60300.06,60440.25
2024-08-29 18:00:00,60440.29,60440.29,59600.0,59650.0
2024-08-29 18:30:00,59650.0,59650.0,59000.0,59340.6
2024-08-29 19:00:00,59155.98,59449.99,59065.0,59340.0
2024-08-29 19:30:00,59440.0,59719.14,59133.93,59139.0
2024-08-29 20:00:00,59337.77,59576.61,59150.01,59302.5
2024-08-29 20:30:00,59138.0,59488.0,59106.0,59487.99
2024-08-29 21:00:00,59487.99,59621.07,59441.0,59461.01
2024-08-29 21:30:00,59500.0,59609.0,59465.0,59530.0
2024-08-29 22:00:00,59530.0,59530.0,58840.0,59139.0
2024-08-29 22:30:00,59139.0,59289.93,59139.0,59152.09
2024-08-29 23:00:00,59152.09,59289.92,59150.0,59246.0
2024-08-29 23:30:00,59246.0,59367.99,59150.7,59152.45
2024-08-30 00:00:00,59152.45,59352.35,59152.45,59245.0
2024-08-30 00:30:00,59190.0,59362.52,59160.01,59160.01
2024-08-30 01:00:00,59160.01,59200.0,59000.0,59000.02
2024-08-30 01:30:00,59000.0,59362.47,58956.11,59101.46
2024-08-30 02:00:00,59101.97,59335.21,59101.97,59107.06
2024-08-30 02:30:00,59107.06,59270.17,59107.06,59116.25
2024-08-30 03:00:00,59116.25,59306.25,58900.11,58915.07
2024-08-30 03:30:00,58915.07,59105.09,58915.07,58975.52
2024-08-30 04:00:00,58975.52,59222.32,58975.52,59050.0
2024-08-30 04:30:00,58978.91,59189.98,58935.11,59000.0
2024-08-30 05:00:00,59152.97,59152.97,58800.0,58897.38
2024-08-30 05:30:00,58800.0,58950.0,58797.38,58857.0
2024-08-30 06:00:00,58857.0,59050.0,58778.01,59050.0
2024-08-30 06:30:00,59050.0,59400.0,58956.19,59400.0
2024-08-30 07:00:00,59434.99,59600.0,59224.32,59558.0
2024-08-30 07:30:00,59558.0,59595.0,59223.11,59260.0
2024-08-30 08:00:00,59260.0,59512.86,59200.0,59390.5
2024-08-30 08:30:00,59390.5,59542.0,59341.06,59342.19
2024-08-30 09:00:00,59342.19,59551.46,59342.19,59551.46
2024-08-30 09:30:00,59551.46,59739.89,59451.09,59620.0
2024-08-30 10:00:00,59650.0,59698.61,59500.0,59500.46
2024-08-30 10:30:00,59599.87,59599.87,59345.0,59355.16
2024-08-30 11:00:00,59360.04,59600.0,59356.0,59570.0
2024-08-30 11:30:00,59600.0,59600.0,59345.01,59345.14
2024-08-30 12:00:00,59346.0,59596.99,59346.0,59500.0
2024-08-30 12:30:00,59500.0,59725.0,59500.0,59689.0
2024-08-30 13:00:00,59582.13,59582.13,59426.0,59559.03
2024-08-30 13:30:00,59559.06,59665.99,59000.0,59600.0
2024-08-30 14:00:00,59600.0,59698.0,59100.0,59392.62
2024-08-30 14:30:00,59107.02,59331.09,58560.0,58599.95
2024-08-30 15:00:00,58550.0,59600.0,58200.0,58200.0
2024-08-30 15:30:00,58200.0,58418.08,58111.11,58116.0
2024-08-30 16:00:00,58111.1,58300.0,58001.0,58005.0
2024-08-30 16:30:00,58054.29,58500.0,58001.0,58400.77
2024-08-30 17:00:00,58495.01,58599.0,58400.5,58594.88
2024-08-30 17:30:00,58506.29,58789.93,58020.0,58543.3
2024-08-30 18:00:00,58690.0,58994.0,58543.57,58994.0
2024-08-30 18:30:00,58999.99,59293.0,58750.0,59239.0
2024-08-30 19:00:00,59122.01,59239.0,58800.0,58820.49
2024-08-30 19:30:00,58820.49,58986.81,58650.0,58650.0
2024-08-30 20:00:00,58650.0,58800.0,58624.94,58786.61
2024-08-30 20:30:00,58703.13,59100.0,58670.0,59099.91
2024-08-30 21:00:00,59099.91,59110.0,58915.12,58917.03
2024-08-30 21:30:00,59109.65,59109.66,58950.0,58950.0
2024-08-30 22:00:00,58950.41,59191.0,58950.15,59110.0
2024-08-30 22:30:00,59110.0,59110.0,58700.0,59109.0
2024-08-30 23:00:00,59109.0,59110.0,59000.0,59000.0
2024-08-30 23:30:00,59000.57,59080.0,59000.03,59079.85
2024-08-31 00:00:00,59079.85,59080.0,58890.11,59079.7
2024-08-31 00:30:00,59079.7,59159.99,59079.7,59158.16
2024-08-31 01:00:00,59158.16,59159.51,58920.81,59049.61
2024-08-31 01:30:00,59049.61,59050.0,58908.78,59048.0
2024-08-31 02:00:00,59048.0,59050.0,58913.46,59039.91
2024-08-31 02:30:00,59039.91,59039.94,58878.0,58950.0
2024-08-31 03:00:00,58890.13,59100.0,58890.13,58950.18
2024-08-31 03:30:00,58950.18,59110.0,58950.18,59001.87
2024-08-31 04:00:00,59001.87,59150.0,59001.87,59137.79
2024-08-31 04:30:00,59137.79,59190.0,59069.16,59160.0
2024-08-31 05:00:00,59075.22,59225.0,59075.22,59225.0
2024-08-31 05:30:00,59225.0,59312.0,59100.2,59100.46
2024-08-31 06:00:00,59106.12,59199.76,58871.01,59011.14
2024-08-31 06:30:00,59011.14,59339.52,58884.71,59034.86
2024-08-31 07:00:00,59034.0,59149.99,58887.47,59000.17
2024-08-31 07:30:00,59000.01,59082.8,58890.0,58906.0
2024-08-31 08:00:00,58906.0,59080.0,58890.02,59002.0
2024-08-31 08:30:00,59002.0,59005.0,58900.0,58920.0
2024-08-31 09:00:00,58920.0,58975.0,58690.0,58720.0
2024-08-31 09:30:00,58720.0,58765.46,58672.01,58683.03
2024-08-31 10:00:00,58683.09,59000.0,58680.91,58919.19
2024-08-31 10:30:00,58919.1,59004.76,58723.82,59004.76
2024-08-31 11:00:00,59000.0,59500.0,59000.0,59024.7
2024-08-31 11:30:00,59024.25,59147.94,58900.27,59029.23
2024-08-31 12:00:00,59029.23,59147.96,59000.0,59004.13
2024-08-31 12:30:00,59004.13,59179.0,59003.54,59110.31
2024-08-31 13:00:00,59178.87,59178.88,59050.13,59052.18
2024-08-31 13:30:00,59052.18,59126.94,58957.97,58957.97
2024-08-31 14:00:00,58900.0,59000.0,58765.02,58997.97
2024-08-31 14:30:00,58997.43,58999.0,58904.22,58990.0
2024-08-31 15:00:00,58990.0,59049.19,58910.0,58950.0
2024-08-31 15:30:00,58949.93,58999.85,58800.0,58998.53
2024-08-31 16:00:00,58998.53,58998.53,58752.0,58752.0
2024-08-31 16:30:00,58877.68,58950.0,58750.01,58780.0
2024-08-31 17:00:00,58751.0,58950.0,58686.37,58867.94
2024-08-31 17:30:00,58701.24,59046.98,58701.24,59010.0
2024-08-31 18:00:00,58871.33,59074.31,58772.33,59035.96
2024-08-31 18:30:00,59034.99,59035.84,58800.21,58890.81
2024-08-31 19:00:00,58810.13,58892.88,58750.07,58890.82
2024-08-31 19:30:00,58890.82,58890.82,58750.07,58750.51
2024-08-31 20:00:00,58750.51,58900.0,58750.5,58755.51
2024-08-31 20:30:00,58755.54,58885.0,58755.0,58882.93
2024-08-31 21:00:00,58885.0,58900.0,58882.93,58900.0
2024-08-31 21:30:00,58900.0,59000.0,58882.93,58999.0
2024-08-31 22:00:00,58999.0,59097.88,58883.04,58887.07
2024-08-31 22:30:00,58887.07,58887.32,58887.01,58887.01
2024-08-31 23:00:00,58887.01,59066.66,58887.01,59048.99
2024-08-31 23:30:00,59048.99,59048.99,58887.0,58888.0
2024-09-01 00:00:00,58888.0,59080.0,58887.0,58890.67
2024-09-01 00:30:00,58890.67,59078.46,58777.06,58777.06
2024-09-01 01:00:00,58777.06,58883.14,58777.06,58802.07
2024-09-01 01:30:00,58802.07,58883.14,58802.07,58802.07
2024-09-01 02:00:00,58802.07,58802.07,58380.0,58380.78
2024-09-01 02:30:00,58377.7,58642.81,58315.0,58404.04
2024-09-01 03:00:00,58404.04,58632.0,58404.04,58631.9
2024-09-01 03:30:00,58631.9,58631.9,58539.0,58539.0
2024-09-01 04:00:00,58539.0,58599.9,58457.18,58466.0
2024-09-01 04:30:00,58599.97,58691.34,58456.2,58456.2
2024-09-01 05:00:00,58406.0,58499.0,58040.0,58100.0
2024-09-01 05:30:00,58100.0,58166.3,57970.0,58129.98
2024-09-01 06:00:00,58100.0,58274.99,58030.0,58200.0
2024-09-01 06:30:00,58200.0,58300.0,58150.0,58298.66
2024-09-01 07:00:00,58298.66,58300.0,58150.0,58150.0
2024-09-01 07:30:00,58140.0,58889.0,58131.0,58411.0
2024-09-01 08:00:00,58411.0,58499.99,58250.06,58255.14
2024-09-01 08:30:00,58257.02,58348.92,58135.0,58336.63
2024-09-01 09:00:00,58336.63,58336.72,58170.09,58185.76
2024-09-01 09:30:00,58336.69,58448.95,58185.76,58230.02
2024-09-01 10:00:00,58230.02,58507.0,57975.12,58000.0
2024-09-01 10:30:00,58000.0,58150.37,57900.0,58000.0
2024-09-01 11:00:00,58000.0,58027.46,57900.0,58027.46
2024-09-01 11:30:00,58050.0,58155.39,58000.0,58139.01
2024-09-01 12:00:00,58139.0,58294.45,58016.04,58043.0
2024-09-01 12:30:00,58016.0,58333.0,58000.0,58000.0
2024-09-01 13:00:00,58080.44,58197.75,58000.03,58000.09
2024-09-01 13:30:00,58000.09,58300.0,57811.0,58249.0
2024-09-01 14:00:00,58200.0,58200.0,57403.0,57605.49
2024-09-01 14:30:00,57799.96,58000.0,57701.0,57849.0
2024-09-01 15:00:00,57849.0,57997.98,57755.1,57822.04
2024-09-01 15:30:00,57822.04,58298.0,57755.0,58249.84
2024-09-01 16:00:00,58101.0,58320.0,58100.0,58140.0
2024-09-01 16:30:00,58030.13,58211.59,58030.13,58149.0
2024-09-01 17:00:00,58149.0,58150.0,57800.0,57979.7
2024-09-01 17:30:00,57800.09,57999.95,57800.08,57844.01
2024-09-01 18:00:00,57844.01,58500.0,57844.01,58360.0
2024-09-01 18:30:00,58490.0,58490.0,58175.88,58337.91
2024-09-01 19:00:00,58337.91,58479.93,58189.0,58333.9
2024-09-01 19:30:00,58333.9,58334.0,58189.0,58300.0
2024-09-01 20:00:00,58334.0,58464.99,58334.0,58400.0
2024-09-01 20:30:00,58313.05,58430.0,58189.0,58223.0
2024-09-01 21:00:00,58300.0,58300.0,58100.32,58100.32
2024-09-01 21:30:00,58100.22,58290.0,58050.01,58290.0
2024-09-01 22:00:00,58295.0,58295.0,57501.0,57589.98
2024-09-01 22:30:00,57589.99,57702.46,57333.02,57400.05
2024-09-01 23:00:00,57400.0,57632.96,57300.0,57408.99
2024-09-01 23:30:00,57409.0,57483.11,57300.01,57400.0
2024-09-02 00:00:00,57400.0,57541.32,57303.0,57325.28
2024-09-02 00:30:00,57335.0,57825.77,57251.04,57407.77
2024-09-02 01:00:00,57407.77,57538.92,57310.36,57327.03
2024-09-02 01:30:00,57470.0,57470.0,57325.13,57382.62
2024-09-02 02:00:00,57489.87,57700.05,57400.0,57611.34
2024-09-02 02:30:00,57611.34,57628.0,57332.0,57628.0
2024-09-02 03:00:00,57628.0,57929.99,57510.01,57530.11
2024-09-02 03:30:00,57530.11,57765.65,57530.11,57765.65
2024-09-02 04:00:00,57822.05,57822.05,57552.99,57552.99
2024-09-02 04:30:00,57535.0,57619.0,57300.0,57400.01
2024-09-02 05:00:00,57336.01,57697.97,57301.0,57550.14
2024-09-02 05:30:00,57550.03,57896.0,57550.03,57569.08
2024-09-02 06:00:00,57893.91,57893.96,57560.0,57800.0
2024-09-02 06:30:00,57800.0,57800.0,57600.4,57733.94
2024-09-02 07:00:00,57733.0,57733.02,57450.0,57450.0
2024-09-02 07:30:00,57452.0,57500.0,57275.01,57493.97
2024-09-02 08:00:00,57493.97,57949.98,57401.05,57900.0
2024-09-02 08:30:00,57948.0,58120.0,57813.06,58069.9
2024-09-02 09:00:00,57911.02,58069.9,57760.05,57900.0
2024-09-02 09:30:00,57900.0,58200.0,57802.0,58051.14
2024-09-02 10:00:00,58200.0,58299.98,58068.09,58298.01
2024-09-02 10:30:00,58298.03,58479.92,58150.1,58350.0
2024-09-02 11:00:00,58349.0,58370.0,58100.0,58370.0
2024-09-02 11:30:00,58380.0,58499.0,58200.07,58338.77
2024-09-02 12:00:00,58338.77,58361.98,57900.0,58177.22
2024-09-02 12:30:00,58056.01,58177.22,57401.0,58177.22
2024-09-02 13:00:00,58200.0,58241.0,57983.16,58169.96
2024-09-02 13:30:00,58169.96,58232.45,58030.0,58050.0
2024-09-02 14:00:00,58052.0,58146.0,58025.0,58146.0
2024-09-02 14:30:00,58146.0,58496.0,58146.0,58379.98
2024-09-02 15:00:00,58207.88,58399.0,58207.88,58380.0
2024-09-02 15:30:00,58302.0,58400.0,58251.0,58300.0
2024-09-02 16:00:00,58300.0,58489.96,58258.1,58320.0
2024-09-02 16:30:00,58320.0,58360.0,58100.03,58194.97
2024-09-02 17:00:00,58269.84,58270.0,58100.0,58200.0
2024-09-02 17:30:00,58200.0,58299.82,58106.0,58299.2
2024-09-02 18:00:00,58299.2,58299.99,58128.28,58166.09
2024-09-02 18:30:00,58166.09,58294.15,58150.01,58200.0
2024-09-02 19:00:00,58160.0,58289.99,58151.0,58289.84
2024-09-02 19:30:00,58289.96,58289.99,58151.0,58287.82
2024-09-02 20:00:00,58287.82,58287.82,58100.0,58200.0
2024-09-02 20:30:00,58199.0,58880.0,58199.0,58859.99
2024-09-02 21:00:00,58859.99,58998.59,58718.09,58988.0
2024-09-02 21:30:00,58980.0,58998.59,58620.0,58838.1
2024-09-02 22:00:00,58838.1,58988.0,58800.0,58988.0
2024-09-02 22:30:00,58988.0,59056.64,58851.13,58930.0
2024-09-02 23:00:00,58930.0,59050.0,58817.08,58817.08
2024-09-02 23:30:00,58854.06,59039.44,58715.0,58849.97
2024-09-03 00:00:00,58849.97,58900.0,58800.06,58850.03
2024-09-03 00:30:00,58800.18,58850.03,58800.0,58800.0
2024-09-03 01:00:00,58800.0,59050.0,58717.24,58797.14
2024-09-03 01:30:00,58797.14,59049.0,58797.14,59048.0
2024-09-03 02:00:00,59049.0,59350.0,58928.29,59260.0
2024-09-03 02:30:00,59260.0,59350.0,59100.0,59110.0
2024-09-03 03:00:00,59110.0,59110.0,58800.0,58869.96
2024-09-03 03:30:00,58877.4,58995.73,58840.0,58880.54
2024-09-03 04:00:00,58880.54,58943.9,58681.43,58750.0
2024-09-03 04:30:00,58750.0,58885.0,58750.0,58841.81
2024-09-03 05:00:00,58841.81,59000.0,58752.0,58800.01
2024-09-03 05:30:00,58800.01,58930.0,58800.0,58908.0
2024-09-03 06:00:00,58908.0,58927.94,58750.0,58755.0
2024-09-03 06:30:00,58750.0,58750.0,58552.0,58552.0
2024-09-03 07:00:00,58592.0,58592.0,58552.0,58557.11
2024-09-03 07:30:00,58557.11,58800.0,58557.11,58800.0
2024-09-03 08:00:00,58800.0,58829.86,58673.0,58701.0
2024-09-03 08:30:00,58700.0,58701.0,58494.0,58498.0
2024-09-03 09:00:00,58498.0,58549.0,58494.0,58549.0
2024-09-03 09:30:00,58549.0,58702.46,58500.0,58701.56
2024-09-03 10:00:00,58777.87,58800.0,58701.29,58800.0
2024-09-03 10:30:00,58835.0,58900.0,58600.0,58643.01
2024-09-03 11:00:00,58799.93,58800.0,58590.0,58590.01
2024-09-03 11:30:00,58590.01,58890.0,58590.01,58840.0
2024-09-03 12:00:00,58840.0,58884.9,58689.87,58884.7
2024-09-03 12:30:00,58884.7,58897.77,58769.12,58829.0
2024-09-03 13:00:00,58829.0,58900.0,58694.24,58899.11
2024-09-03 13:30:00,58869.0,58869.0,58110.0,58184.58
2024-09-03 14:00:00,58110.39,58199.93,57801.0,57948.26
2024-09-03 14:30:00,58000.99,58024.04,57601.0,57774.99
2024-09-03 15:00:00,57660.0,57990.17,57660.0,57779.98
2024-09-03 15:30:00,57777.01,57886.29,57666.01,57667.0
2024-09-03 16:00:00,57667.0,58031.32,57666.01,57834.5
2024-09-03 16:30:00,57702.0,57903.56,57702.0,57829.76
2024-09-03 17:00:00,57735.99,57998.0,57710.0,57997.99
2024-09-03 17:30:00,57997.99,58046.48,57799.99,57799.99
2024-09-03 18:00:00,57800.0,57969.23,57672.0,57969.23
2024-09-03 18:30:00,57969.23,58078.0,57827.21,58000.0
2024-09-03 19:00:00,58000.0,58239.99,57920.0,58001.38
2024-09-03 19:30:00,58134.38,58134.38,57731.04,58098.91
2024-09-03 20:00:00,58098.87,58100.0,57995.13,58090.0
2024-09-03 20:30:00,58090.0,58189.95,57990.0,58149.92
2024-09-03 21:00:00,58149.92,58150.0,58019.17,58019.17
2024-09-03 21:30:00,58019.97,58019.97,57780.0,57816.54
2024-09-03 22:00:00,57816.54,58039.78,57800.73,57900.74
2024-09-03 22:30:00,57900.74,57999.68,57780.0,57780.02
2024-09-03 23:00:00,57780.02,57839.96,57737.0,57737.0
2024-09-03 23:30:00,57731.16,57744.97,57501.03,57503.0
2024-09-04 00:00:00,57503.0,57900.0,57503.0,57899.95
2024-09-04 00:30:00,57899.95,57899.95,57310.0,57310.0
2024-09-04 01:00:00,57310.0,58000.0,56064.0,56494.75
2024-09-04 01:30:00,56494.75,56997.49,56440.0,56601.01
2024-09-04 02:00:00,56700.24,56823.86,56500.0,56669.0
2024-09-04 02:30:00,56669.0,56829.77,56640.07,56720.0
2024-09-04 03:00:00,56700.0,56920.84,56700.0,56799.12
2024-09-04 03:30:00,56799.12,56850.0,56701.0,56702.3
2024-09-04 04:00:00,56701.0,56702.2,56506.01,56620.0
2024-09-04 04:30:00,56620.0,56699.12,56500.0,56689.99
2024-09-04 05:00:00,56689.57,56689.57,56497.0,56589.0
2024-09-04 05:30:00,56589.0,56589.9,56299.99,56299.99
2024-09-04 06:00:00,56300.0,56547.14,56201.22,56484.93
2024-09-04 06:30:00,56547.09,56547.34,56350.0,56350.0
2024-09-04 07:00:00,56351.99,56614.06,56350.0,56549.62
2024-09-04 07:30:00,56549.53,57388.0,56420.21,56839.97
2024-09-04 08:00:00,56829.99,56880.17,56660.07,56750.3
2024-09-04 08:30:00,56750.3,56946.0,56666.31,56831.87
2024-09-04 09:00:00,56705.01,56831.87,56556.3,56640.03
2024-09-04 09:30:00,56640.03,56760.0,56530.0,56530.04
2024-09-04 10:00:00,56530.04,56729.93,56500.0,56695.31
2024-09-04 10:30:00,56605.48,56700.0,56400.01,56420.0
2024-09-04 11:00:00,56401.03,56561.16,56401.03,56534.97
2024-09-04 11:30:00,56535.0,56707.94,56492.84,56565.33
2024-09-04 12:00:00,56565.36,56697.0,56560.76,56650.0
2024-09-04 12:30:00,56650.46,56749.75,56599.0,56748.0
2024-09-04 13:00:00,56748.0,56748.0,56406.88,56407.2
2024-09-04 13:30:00,56551.93,56599.97,56359.0,56553.44
2024-09-04 14:00:00,56415.09,56749.75,56243.0,56293.19
2024-09-04 14:30:00,56424.8,57397.0,56293.22,57320.0
2024-09-04 15:00:00,57299.0,57460.0,57021.0,57300.0
2024-09-04 15:30:00,57327.97,57794.94,57172.9,57776.0
2024-09-04 16:00:00,57777.0,58000.0,57500.13,57970.0
2024-09-04 16:30:00,57896.83,58150.0,57844.4,58037.0
2024-09-04 17:00:00,58037.77,58085.0,57598.96,57600.0
2024-09-04 17:30:00,57600.0,57749.99,56700.0,57450.91
2024-09-04 18:00:00,57450.91,57739.99,57450.91,57600.0
2024-09-04 18:30:00,57630.0,57745.0,57309.7,57326.3
2024-09-04 19:00:00,57326.4,57745.0,57326.4,57744.99
2024-09-04 19:30:00,57744.99,57910.0,57579.07,57777.04
2024-09-04 20:00:00,57801.0,57900.0,57550.12,57554.02
2024-09-04 20:30:00,57552.0,57999.71,57552.0,57679.96
2024-09-04 21:00:00,57679.95,57679.98,57552.0,57555.22
2024-09-04 21:30:00,57554.9,57700.0,57552.0,57650.0
2024-09-04 22:00:00,57650.0,57930.0,57650.0,57820.0
2024-09-04 22:30:00,57820.0,57820.01,57785.0,57820.01
2024-09-04 23:00:00,57850.0,57895.0,57820.0,57890.0
2024-09-04 23:30:00,57890.0,57895.0,57777.0,57799.99
2024-09-05 00:00:00,57799.99,57895.0,57667.38,57895.0
2024-09-05 00:30:00,57905.0,57999.71,57888.0,57972.33
2024-09-05 01:00:00,57972.33,57972.33,57601.92,57899.72
2024-09-05 01:30:00,57899.42,57978.0,57700.65,57960.3
2024-09-05 02:00:00,57960.3,57960.3,57552.56,57599.0
2024-09-05 02:30:00,57599.0,57741.85,57552.0,57553.1
2024-09-05 03:00:00,57553.0,57553.0,56801.0,56887.73
2024-09-05 03:30:00,56887.82,57091.08,56887.82,56921.06
2024-09-05 04:00:00,56921.13,57300.89,56901.46,57110.09
2024-09-05 04:30:00,57110.09,57300.43,56937.56,57199.36
2024-09-05 05:00:00,57199.36,57199.36,56901.0,57197.79
2024-09-05 05:30:00,57197.79,57247.96,57011.82,57111.29
2024-09-05 06:00:00,57111.29,57249.96,56600.0,56865.54
2024-09-05 06:30:00,56690.01,57000.0,56690.01,56999.98
2024-09-05 07:00:00,56999.98,57199.99,56900.0,57149.9
2024-09-05 07:30:00,57187.61,57316.6,57100.0,57189.99
2024-09-05 08:00:00,57140.0,57230.0,57140.0,57229.96
2024-09-05 08:30:00,57227.93,57230.0,56852.82,56999.88
2024-09-05 09:00:00,56913.06,56999.85,56710.03,56779.55
2024-09-05 09:30:00,56720.0,57028.15,56710.01,56801.98
2024-09-05 10:00:00,56797.81,56893.72,56751.0,56790.01
2024-09-05 10:30:00,56780.0,56890.97,56750.0,56799.97
2024-09-05 11:00:00,56799.96,56891.0,56732.0,56753.0
2024-09-05 11:30:00,56753.0,56891.0,56710.0,56710.02
2024-09-05 12:00:00,56710.02,56890.99,56516.61,56580.0
2024-09-05 12:30:00,56590.0,56745.14,56466.02,56650.15
2024-09-05 13:00:00,56650.15,56907.46,56414.0,56613.97
2024-09-05 13:30:00,56613.97,57089.99,56613.97,56888.83
2024-09-05 14:00:00,56980.0,57158.99,56710.06,57000.09
2024-09-05 14:30:00,57110.0,57120.0,56414.0,56706.31
2024-09-05 15:00:00,56454.05,56635.56,56006.0,56080.0
2024-09-05 15:30:00,56006.01,57120.0,56000.0,56100.0
2024-09-05 16:00:00,56100.0,56285.0,56000.08,56200.02
2024-09-05 16:30:00,56200.02,56371.99,56080.19,56289.72
2024-09-05 17:00:00,56289.72,56462.68,56289.72,56459.73
2024-09-05 17:30:00,56305.8,56589.0,56151.15,56570.0
2024-09-05 18:00:00,56570.01,56721.77,56510.07,56600.0
2024-09-05 18:30:00,56540.03,56678.93,56540.03,56541.4
2024-09-05 19:00:00,56541.33,56541.4,56052.01,56299.86
2024-09-05 19:30:00,56299.86,56462.68,55999.0,56032.0
2024-09-05 20:00:00,56132.55,56248.99,56030.01,56200.0
2024-09-05 20:30:00,56201.0,56900.0,55999.01,56050.0
2024-09-05 21:00:00,56050.0,56263.2,56050.0,56210.01
2024-09-05 21:30:00,56218.01,56263.0,55800.0,56032.59
2024-09-05 22:00:00,56032.59,56188.36,55803.01,55940.0
2024-09-05 22:30:00,55940.0,56130.01,55860.02,56130.0
2024-09-05 23:00:00,56130.0,56130.01,55964.03,56126.98
2024-09-05 23:30:00,55990.06,56200.0,55990.06,56197.0
2024-09-06 00:00:00,56197.0,56401.56,56129.74,56366.73
2024-09-06 00:30:00,56366.73,56366.88,56078.0,56078.08
2024-09-06 01:00:00,56196.68,56366.83,56076.21,56165.97
2024-09-06 01:30:00,56165.97,56549.99,56165.97,56500.0
2024-09-06 02:00:00,56500.0,56735.0,56500.0,56699.99
2024-09-06 02:30:00,56699.99,56900.0,56580.5,56800.0
2024-09-06 03:00:00,56800.0,56849.99,56601.03,56800.0
2024-09-06 03:30:00,56800.0,56800.0,56400.08,56699.94
2024-09-06 04:00:00,56699.94,56699.98,56459.51,56687.34
2024-09-06 04:30:00,56687.34,56687.34,56535.0,56600.0
2024-09-06 05:00:00,56600.0,56600.0,56400.0,56400.0
2024-09-06 05:30:00,56399.99,56498.95,56225.01,56429.99
2024-09-06 06:00:00,56429.99,56429.99,56335.08,56398.63
2024-09-06 06:30:00,56398.63,56400.0,56280.06,56400.0
2024-09-06 07:00:00,56400.0,56429.88,55541.0,55643.61
2024-09-06 07:30:00,55643.61,55909.0,55464.0,55898.99
2024-09-06 08:00:00,55842.2,55915.6,55725.01,55751.02
2024-09-06 08:30:00,55751.0,55932.0,55725.01,55755.0
2024-09-06 09:00:00,55755.0,55821.0,55725.01,55738.39
2024-09-06 09:30:00,55833.85,55931.0,55742.07,55930.79
2024-09-06 10:00:00,55930.79,56107.77,55930.79,56055.09
2024-09-06 10:30:00,56055.09,56150.0,56000.0,56145.97
2024-09-06 11:00:00,56145.91,56200.0,55978.0,55978.06
2024-09-06 11:30:00,56029.93,56060.07,55900.0,55910.07
2024-09-06 12:00:00,55910.0,56000.0,55800.0,55984.56
2024-09-06 12:30:00,55984.51,56799.0,55984.51,56798.97
2024-09-06 13:00:00,56698.0,56700.0,56554.4,56698.9
2024-09-06 13:30:00,56698.91,56698.91,55752.0,55958.0
2024-09-06 14:00:00,55958.0,55958.0,55000.0,55001.0
2024-09-06 14:30:00,55000.0,55301.05,54580.85,54700.0
2024-09-06 15:00:00,54769.87,55034.17,54100.0,54250.0
2024-09-06 15:30:00,54332.23,54467.79,54100.0,54111.03
2024-09-06 16:00:00,54111.04,54379.84,54100.0,54186.36
2024-09-06 16:30:00,54186.36,54300.0,54000.0,54196.98
2024-09-06 17:00:00,54196.98,54801.0,54013.0,54410.0
2024-09-06 17:30:00,54361.0,54407.0,53800.0,54200.0
2024-09-06 18:00:00,54032.47,54300.0,53735.0,53993.69
2024-09-06 18:30:00,53870.16,53886.09,53456.44,53461.0
2024-09-06 19:00:00,53456.44,53916.65,53456.44,53813.45
2024-09-06 19:30:00,53813.45,54008.29,53405.98,53546.0
2024-09-06 20:00:00,53545.0,53780.0,53400.0,53406.0
2024-09-06 20:30:00,53525.51,53557.8,52780.0,52818.82
2024-09-06 21:00:00,52818.81,53600.0,52735.0,53500.01
2024-09-06 21:30:00,53532.02,53683.01,53473.13,53680.0
2024-09-06 22:00:00,53683.01,53936.79,53683.01,53889.37
2024-09-06 22:30:00,53889.37,53900.0,53540.0,53650.0
2024-09-06 23:00:00,53650.12,53799.72,53641.11,53799.71
2024-09-06 23:30:00,53799.71,53980.0,53650.15,53980.0
2024-09-07 00:00:00,53990.0,54102.6,53803.35,53999.77
2024-09-07 00:30:00,53999.62,54158.81,53900.09,54107.94
2024-09-07 01:00:00,54107.94,54107.94,53902.0,53902.0
2024-09-07 01:30:00,53902.0,53902.0,53750.0,53798.0
2024-09-07 02:00:00,53798.0,53901.0,53798.0,53901.0
2024-09-07 02:30:00,53902.0,53978.25,53800.42,53801.0
2024-09-07 03:00:00,53801.0,53945.59,53800.46,53800.98
2024-09-07 03:30:00,53850.98,53930.37,53801.0,53914.94
2024-09-07 04:00:00,53914.94,53952.32,53851.0,53881.0
2024-09-07 04:30:00,53881.0,54088.67,53880.0,54088.67
2024-09-07 05:00:00,54088.67,54398.95,53927.75,54000.35
2024-09-07 05:30:00,54100.0,54313.1,54000.61,54201.1
2024-09-07 06:00:00,54201.1,54283.44,54101.2,54190.42
2024-09-07 06:30:00,54190.42,54296.06,54190.32,54296.04
2024-09-07 07:00:00,54296.04,54394.97,54296.04,54350.0
2024-09-07 07:30:00,54345.0,54483.88,54102.51,54394.14
2024-09-07 08:00:00,54394.14,54394.15,54173.9,54330.75
2024-09-07 08:30:00,54330.69,54463.37,54178.07,54400.0
2024-09-07 09:00:00,54400.0,54450.0,54200.92,54250.6
2024-09-07 09:30:00,54319.97,54319.97,54178.22,54295.98
2024-09-07 10:00:00,54295.98,54295.98,54173.9,54225.51
2024-09-07 10:30:00,54225.51,54407.0,54115.01,54406.99
2024-09-07 11:00:00,54406.99,54550.0,54100.0,54489.63
2024-09-07 11:30:00,54489.63,54489.63,54300.0,54306.8
2024-09-07 12:00:00,54306.8,54399.0,54275.0,54313.11
2024-09-07 12:30:00,54399.0,54625.0,54399.0,54620.0
2024-09-07 13:00:00,54620.89,54644.8,54550.44,54550.44
2024-09-07 13:30:00,54550.01,54650.0,54400.2,54514.0
2024-09-07 14:00:00,54480.05,54629.0,54480.05,54552.0
2024-09-07 14:30:00,54552.01,54599.01,54400.01,54480.0
2024-09-07 15:00:00,54480.0,54700.0,54480.0,54699.0
2024-09-07 15:30:00,54699.0,54762.95,54620.07,54745.61
2024-09-07 16:00:00,54745.61,54762.98,54745.6,54753.99
2024-09-07 16:30:00,54754.98,54754.98,54300.03,54400.0
2024-09-07 17:00:00,54399.99,54490.5,53992.09,54250.0
2024-09-07 17:30:00,54319.81,54329.79,53973.01,54000.0
2024-09-07 18:00:00,54113.0,54200.0,53880.0,54199.96
2024-09-07 18:30:00,54199.91,54287.0,54000.0,54249.44
2024-09-07 19:00:00,54249.36,54249.36,54051.22,54229.99
2024-09-07 19:30:00,54229.99,54450.0,54055.07,54449.99
2024-09-07 20:00:00,54400.0,54490.0,54121.0,54130.0
2024-09-07 20:30:00,54279.51,54279.87,54060.01,54060.01
2024-09-07 21:00:00,54100.0,54237.8,53910.02,53910.36
2024-09-07 21:30:00,53910.36,53999.99,53830.6,53969.89
2024-09-07 22:00:00,53969.89,53969.89,53798.0,53940.0
2024-09-07 22:30:00,53939.97,53950.0,53880.23,53950.0
2024-09-07 23:00:00,53950.0,53950.0,53601.01,53949.99
2024-09-07 23:30:00,53949.99,53950.0,53850.0,53950.0
2024-09-08 00:00:00,53900.03,53950.0,53900.0,53950.0
2024-09-08 00:30:00,53950.0,53950.0,53860.57,53950.0
2024-09-08 01:00:00,53861.14,54100.0,53861.14,54100.0
2024-09-08 01:30:00,54099.91,54099.91,53915.14,54000.03
2024-09-08 02:00:00,54000.03,54100.0,53931.92,54047.01
2024-09-08 02:30:00,54100.0,54120.0,54001.01,54119.99
2024-09-08 03:00:00,54119.99,54120.0,54001.18,54119.99
2024-09-08 03:30:00,54119.99,54120.0,54002.57,54120.0
2024-09-08 04:00:00,54120.0,54287.98,54003.13,54287.8
2024-09-08 04:30:00,54290.0,54290.0,54288.0,54289.42
2024-09-08 05:00:00,54289.42,54289.42,54150.34,54283.72
2024-09-08 05:30:00,54283.72,54378.0,54145.7,54291.0
2024-09-08 06:00:00,54291.0,54390.0,54285.0,54386.97
2024-09-08 06:30:00,54350.0,54389.94,54145.16,54220.46
2024-09-08 07:00:00,54220.48,54374.56,54220.46,54300.03
2024-09-08 07:30:00,54290.0,54394.99,54290.0,54393.99
2024-09-08 08:00:00,54369.47,54393.99,54300.04,54369.0
2024-09-08 08:30:00,54369.0,54489.0,54369.0,54453.37
2024-09-08 09:00:00,54453.37,54545.0,54453.37,54538.55
2024-09-08 09:30:00,54520.0,54539.0,54400.0,54420.0
2024-09-08 10:00:00,54400.01,54550.0,54369.01,54500.0
2024-09-08 10:30:00,54500.0,54550.0,54440.53,54550.0
2024-09-08 11:00:00,54446.24,54550.0,54446.24,54450.0
2024-09-08 11:30:00,54450.0,54496.0,54350.0,54350.0
2024-09-08 12:00:00,54350.0,54442.0,54201.0,54201.01
2024-09-08 12:30:00,54292.0,54347.77,54102.0,54102.02
2024-09-08 13:00:00,54102.01,54105.0,54000.0,54105.0
2024-09-08 13:30:00,54105.0,54347.59,54105.0,54250.0
2024-09-08 14:00:00,54249.0,54340.0,54131.46,54179.0
2024-09-08 14:30:00,54280.77,54282.82,54150.0,54150.1
2024-09-08 15:00:00,54131.46,54136.0,53928.92,53960.0
2024-09-08 15:30:00,53950.0,53999.89,53710.0,53711.0
2024-09-08 16:00:00,53789.61,53789.61,53613.0,53781.0
2024-09-08 16:30:00,53781.01,53965.48,53781.0,53851.0
2024-09-08 17:00:00,53860.0,54199.97,53860.0,54149.97
2024-09-08 17:30:00,54149.96,54400.0,54000.08,54330.0
2024-09-08 18:00:00,54348.0,54348.0,54117.05,54121.72
2024-09-08 18:30:00,54122.0,54300.0,54121.73,54200.39
2024-09-08 19:00:00,54299.28,54300.0,54124.0,54124.01
2024-09-08 19:30:00,54124.01,54469.3,54001.0,54100.01
2024-09-08 20:00:00,54100.0,54335.0,54001.01,54100.05
2024-09-08 20:30:00,54100.06,54188.95,53930.0,54172.48
2024-09-08 21:00:00,54172.92,54400.0,54013.9,54170.82
2024-09-08 21:30:00,54289.95,54289.95,54020.2,54282.56
2024-09-08 22:00:00,54282.0,54900.0,54170.5,54900.0
2024-09-08 22:30:00,54898.0,54898.0,54170.01,54210.75
2024-09-08 23:00:00,54210.75,54600.0,54170.0,54502.05
2024-09-08 23:30:00,54502.05,54637.51,54489.39,54489.39
2024-09-09 00:00:00,54489.39,54855.01,54399.17,54790.03
2024-09-09 00:30:00,54790.03,54900.0,54540.23,54700.0
2024-09-09 01:00:00,54700.0,54950.0,54572.55,54800.0
2024-09-09 01:30:00,54799.96,54940.0,54673.98,54861.45
2024-09-09 02:00:00,54861.45,54929.22,54705.14,54705.14
2024-09-09 02:30:00,54705.14,54799.98,54561.0,54799.89
2024-09-09 03:00:00,54799.89,54799.89,54573.0,54696.38
2024-09-09 03:30:00,54696.38,54874.26,54696.38,54874.24
2024-09-09 04:00:00,54874.26,54943.92,54601.04,54601.04
2024-09-09 04:30:00,54799.89,54849.1,54600.0,54600.0
2024-09-09 05:00:00,54573.0,54597.99,54300.0,54500.0
2024-09-09 05:30:00,54496.0,54500.0,54300.0,54399.51
2024-09-09 06:00:00,54399.51,54598.0,54399.0,54550.0
2024-09-09 06:30:00,54550.0,54597.12,54422.85,54555.0
2024-09-09 07:00:00,54500.0,54580.48,54353.56,54572.26
2024-09-09 07:30:00,54572.26,54646.99,54423.04,54645.0
2024-09-09 08:00:00,54608.0,54888.74,54608.0,54744.19
2024-09-09 08:30:00,54888.0,54899.99,54734.86,54851.0
2024-09-09 09:00:00,54877.0,55100.0,54851.0,55000.0
2024-09-09 09:30:00,55000.0,55000.0,54816.0,54816.01
2024-09-09 10:00:00,54816.01,54999.99,54731.0,54980.0
2024-09-09 10:30:00,54999.99,55094.0,54943.98,55089.99
2024-09-09 11:00:00,55090.0,55090.0,54907.22,55077.0
2024-09-09 11:30:00,55085.0,55094.0,54818.47,54822.04
2024-09-09 12:00:00,54942.0,54994.34,54723.25,54729.46
2024-09-09 12:30:00,54706.26,55000.0,54700.01,54990.0
2024-09-09 13:00:00,54989.86,55086.0,54800.0,55038.0
2024-09-09 13:30:00,55040.0,55342.66,54948.24,55341.66
2024-09-09 14:00:00,55342.66,55350.0,55031.0,55031.0
2024-09-09 14:30:00,55000.0,55149.99,54600.0,54600.0
2024-09-09 15:00:00,54600.0,54954.25,54600.0,54814.03
2024-09-09 15:30:00,54850.0,55099.96,54850.0,54973.47
2024-09-09 16:00:00,54973.47,55800.0,54951.2,55748.7
2024-09-09 16:30:00,55748.7,56042.0,55635.01,56023.17
2024-09-09 17:00:00,56023.17,56300.0,55800.21,56120.09
2024-09-09 17:30:00,56120.09,56328.02,55996.46,56127.22
2024-09-09 18:00:00,56127.22,56200.0,56001.01,56002.01
2024-09-09 18:30:00,56002.01,56284.99,56001.01,56259.99
2024-09-09 19:00:00,56152.36,56600.0,56070.54,56550.01
2024-09-09 19:30:00,56600.0,56990.0,56525.01,56990.0
2024-09-09 20:00:00,56900.0,56979.99,56641.0,56641.0
2024-09-09 20:30:00,56670.0,56749.99,56585.71,56743.09
2024-09-09 21:00:00,56583.7,57498.0,56564.87,57359.95
2024-09-09 21:30:00,57300.0,57360.0,56850.0,57099.99
2024-09-09 22:00:00,57099.99,57183.35,56921.74,56978.54
2024-09-09 22:30:00,56953.61,56953.61,56850.0,56851.0
2024-09-09 23:00:00,56851.0,56910.6,56611.01,56899.0
2024-09-09 23:30:00,56900.0,56949.0,56602.01,56635.01
2024-09-10 00:00:00,56602.02,56602.02,56239.05,56239.05
2024-09-10 00:30:00,56239.05,56741.18,56239.05,56740.03
2024-09-10 01:00:00,56741.15,56965.99,56650.33,56700.5
2024-09-10 01:30:00,56700.5,56823.99,56400.26,56599.47
2024-09-10 02:00:00,56599.47,56600.0,56253.55,56253.56
2024-09-10 02:30:00,56289.0,56599.72,56289.0,56380.5
2024-09-10 03:00:00,56380.01,56586.06,56269.01,56281.55
2024-09-10 03:30:00,56281.55,56449.89,56281.55,56284.03
2024-09-10 04:00:00,56284.02,56482.8,56283.71,56479.88
2024-09-10 04:30:00,56479.88,56479.88,56279.96,56398.29
2024-09-10 05:00:00,56398.29,56543.0,56285.0,56493.77
2024-09-10 05:30:00,56493.76,56764.99,56430.02,56748.95
2024-09-10 06:00:00,56748.95,56748.95,56478.56,56479.12
2024-09-10 06:30:00,56479.24,56699.96,56479.17,56480.61
2024-09-10 07:00:00,56480.68,56924.99,56480.03,56924.99
2024-09-10 07:30:00,56900.0,57097.99,56827.0,57050.0
2024-09-10 08:00:00,57050.0,57100.0,56910.0,57099.99
2024-09-10 08:30:00,57100.0,57130.0,56860.0,56860.02
2024-09-10 09:00:00,56860.0,56860.02,56400.0,56651.0
2024-09-10 09:30:00,56698.99,56899.0,56651.0,56846.26
2024-09-10 10:00:00,56750.01,56846.26,56651.01,56663.56
2024-09-10 10:30:00,56663.56,56846.17,56663.56,56800.0
2024-09-10 11:00:00,56800.0,56941.86,56755.0,56893.4
2024-09-10 11:30:00,56700.03,57000.0,56700.03,56870.08
2024-09-10 12:00:00,57000.0,57100.0,56869.51,56895.0
2024-09-10 12:30:00,56895.0,57130.03,56773.1,56900.0
2024-09-10 13:00:00,56773.12,56899.99,56502.03,56506.0
2024-09-10 13:30:00,56699.6,56770.0,56420.0,56705.0
2024-09-10 14:00:00,56550.0,56691.06,56300.02,56548.99
2024-09-10 14:30:00,56560.29,56702.46,56376.02,56460.71
2024-09-10 15:00:00,56460.71,56698.12,56460.71,56698.12
2024-09-10 15:30:00,56695.43,56750.0,56460.0,56588.79
2024-09-10 16:00:00,56588.43,56588.43,56457.01,56465.01
2024-09-10 16:30:00,56468.0,56708.18,56465.21,56552.01
2024-09-10 17:00:00,56552.0,56949.0,56552.0,56800.0
2024-09-10 17:30:00,56800.0,56919.0,56786.0,56917.68
2024-09-10 18:00:00,56800.0,57250.0,56800.0,57239.0
2024-09-10 18:30:00,57240.0,57500.0,57180.0,57288.0
2024-09-10 19:00:00,57249.13,57319.97,57071.68,57318.46
2024-09-10 19:30:00,57121.0,57500.0,57121.0,57429.99
2024-09-10 20:00:00,57500.0,57500.0,57314.37,57399.0
2024-09-10 20:30:00,57439.99,57471.07,57314.37,57374.56
2024-09-10 21:00:00,57374.0,57374.0,57279.63,57279.63
2024-09-10 21:30:00,57279.63,57290.0,57100.0,57100.0
2024-09-10 22:00:00,57200.0,57300.0,57157.28,57157.28
2024-09-10 22:30:00,57157.28,57299.9,57157.28,57205.0
2024-09-10 23:00:00,57299.9,57371.99,57205.01,57347.99
2024-09-10 23:30:00,57347.99,57371.99,57163.67,57163.72
2024-09-11 00:00:00,57163.72,57371.81,57073.0,57084.4
2024-09-11 00:30:00,57084.4,57370.79,57083.64,57369.44
2024-09-11 01:00:00,57210.8,57317.35,57170.0,57170.0
2024-09-11 01:30:00,57170.0,57170.0,56600.0,56699.89
2024-09-11 02:00:00,56699.89,56930.36,56603.04,56800.0
2024-09-11 02:30:00,56800.0,56896.11,56684.2,56750.0
2024-09-11 03:00:00,56750.0,56750.0,56561.0,56561.0
2024-09-11 03:30:00,56509.07,56696.67,56500.5,56562.0
2024-09-11 04:00:00,56562.0,56599.99,56239.0,56240.23
2024-09-11 04:30:00,56240.48,56392.97,56011.0,56300.0
2024-09-11 05:00:00,56300.0,56300.0,55990.0,55990.0
2024-09-11 05:30:00,55990.0,56000.0,55860.0,55870.0
2024-09-11 06:00:00,55998.97,56500.0,55870.1,56281.06
2024-09-11 06:30:00,56281.06,56458.82,56281.06,56380.06
2024-09-11 07:00:00,56300.54,56587.32,56300.54,56495.96
2024-09-11 07:30:00,56495.96,56599.0,56369.91,56441.5
2024-09-11 08:00:00,56441.5,56442.0,56284.0,56284.0
2024-09-11 08:30:00,56369.91,56429.0,55951.0,55978.01
2024-09-11 09:00:00,56099.99,56197.93,55980.08,56150.0
2024-09-11 09:30:00,56150.0,56441.5,56135.0,56440.63
2024-09-11 10:00:00,56350.0,56440.26,56135.02,56178.0
2024-09-11 10:30:00,56178.0,56400.0,56178.0,56179.0
2024-09-11 11:00:00,56179.0,56434.41,56179.0,56267.55
2024-09-11 11:30:00,56267.55,56500.0,56267.55,56394.36
2024-09-11 12:00:00,56464.0,56597.98,56328.03,56544.83
2024-09-11 12:30:00,56394.08,56543.0,56077.0,56303.01
2024-09-11 13:00:00,56395.0,56800.0,56303.0,56622.3
2024-09-11 13:30:00,56622.2,56622.2,55600.0,55600.0
2024-09-11 14:00:00,55600.0,55799.97,55500.1,55778.0
2024-09-11 14:30:00,55779.96,55779.96,55300.1,55645.98
2024-09-11 15:00:00,55645.98,56050.0,55515.15,56050.0
2024-09-11 15:30:00,56050.03,56800.0,56000.06,56320.0
2024-09-11 16:00:00,56330.0,56797.98,56000.01,56493.43
2024-09-11 16:30:00,56500.0,57100.0,56500.0,56855.0
2024-09-11 17:00:00,56855.01,57399.99,56855.01,57220.0
2024-09-11 17:30:00,57161.08,57450.0,57161.05,57234.24
2024-09-11 18:00:00,57234.24,57490.0,57163.08,57457.56
2024-09-11 18:30:00,57457.56,57474.0,56965.63,57111.68
2024-09-11 19:00:00,57030.67,57190.0,56934.55,57134.34
2024-09-11 19:30:00,57188.98,57250.0,56905.13,57224.5
2024-09-11 20:00:00,57224.5,57249.95,57123.32,57128.38
2024-09-11 20:30:00,57128.38,57180.0,57001.0,57098.14
2024-09-11 21:00:00,57098.14,57169.99,57055.07,57055.2
2024-09-11 21:30:00,57055.2,57055.2,56894.73,57000.0
2024-09-11 22:00:00,57000.0,57084.89,56920.26,57000.0
2024-09-11 22:30:00,56999.99,57084.9,56920.35,57084.9
2024-09-11 23:00:00,57084.9,57175.0,57048.0,57102.0
2024-09-11 23:30:00,57102.0,57110.0,57001.0,57001.0
2024-09-12 00:00:00,57001.0,57220.0,57001.0,57181.0
2024-09-12 00:30:00,57181.0,57400.0,57139.21,57209.71
2024-09-12 01:00:00,57209.71,57400.0,57209.71,57400.0
2024-09-12 01:30:00,57400.0,57702.57,57310.9,57650.0
2024-09-12 02:00:00,57729.99,57990.0,57555.0,57560.0
2024-09-12 02:30:00,57560.0,57879.87,57500.66,57551.02
2024-09-12 03:00:00,57551.02,57990.0,57551.02,57899.59
2024-09-12 03:30:00,57990.0,57990.06,57752.02,57798.86
2024-09-12 04:00:00,57798.86,57990.0,57767.18,57920.6
2024-09-12 04:30:00,57920.6,57984.0,57757.84,57757.84
2024-09-12 05:00:00,57757.84,57797.0,57664.7,57755.0
2024-09-12 05:30:00,57755.0,57755.0,57600.0,57600.0
2024-09-12 06:00:00,57552.0,57749.0,57512.38,57525.48
2024-09-12 06:30:00,57525.48,57600.0,57300.0,57512.57
2024-09-12 07:00:00,57514.0,57750.0,57512.57,57633.02
2024-09-12 07:30:00,57754.7,57754.7,57633.02,57700.0
2024-09-12 08:00:00,57694.99,57950.0,57694.99,57950.0
2024-09-12 08:30:00,57955.0,57955.0,57784.06,57800.0
2024-09-12 09:00:00,57800.0,58000.0,57642.0,57910.0
2024-09-12 09:30:00,57910.0,57910.0,57673.0,57673.21
2024-09-12 10:00:00,57673.0,57796.9,57660.43,57796.9
2024-09-12 10:30:00,57796.9,57796.9,57512.58,57516.01
2024-09-12 11:00:00,57516.01,57797.0,57497.48,57705.0
2024-09-12 11:30:00,57797.0,57797.0,57705.03,57789.0
2024-09-12 12:00:00,57789.0,57789.0,57620.43,57699.0
2024-09-12 12:30:00,57660.44,57746.65,57316.0,57316.0
2024-09-12 13:00:00,57329.99,57479.99,57241.19,57307.0
2024-09-12 13:30:00,57307.0,57600.0,57101.17,57352.96
2024-09-12 14:00:00,57349.8,57804.85,57349.76,57800.0
2024-09-12 14:30:00,57800.0,58000.0,57253.1,57253.1
2024-09-12 15:00:00,57253.0,57599.98,57115.0,57390.72
2024-09-12 15:30:00,57300.0,57545.76,57127.01,57279.96
2024-09-12 16:00:00,57279.96,57697.0,57135.93,57695.83
2024-09-12 16:30:00,57415.24,57700.0,57345.25,57699.99
2024-09-12 17:00:00,57699.0,57845.0,57589.0,57726.27
2024-09-12 17:30:00,57726.27,57935.0,57639.05,57935.0
2024-09-12 18:00:00,57946.12,57975.0,57797.0,57968.95
2024-09-12 18:30:00,57968.95,57983.4,57550.0,57800.0
2024-09-12 19:00:00,57800.0,58000.0,57800.0,57843.59
2024-09-12 19:30:00,57843.44,57988.22,57783.66,57930.0
2024-09-12 20:00:00,57893.29,57990.0,57785.02,57820.0
2024-09-12 20:30:00,57899.99,57936.82,57748.11,57936.82
2024-09-12 21:00:00,57936.61,57936.61,57650.0,57660.0
2024-09-12 21:30:00,57660.0,57915.47,57557.1,57566.24
2024-09-12 22:00:00,57566.24,57750.0,57566.24,57588.5
2024-09-12 22:30:00,57588.5,57847.99,57588.5,57846.48
2024-09-12 23:00:00,57676.34,57698.11,57668.0,57668.0
2024-09-12 23:30:00,57668.0,57848.0,57668.0,57848.0
2024-09-13 00:00:00,57848.0,57912.99,57777.0,57777.24
2024-09-13 00:30:00,57777.24,57913.0,57721.12,57850.0
2024-09-13 01:00:00,57850.0,57911.8,57721.12,57722.86
2024-09-13 01:30:00,57722.86,57912.0,57721.13,57890.0
2024-09-13 02:00:00,57890.0,57949.99,57727.83,57879.0
2024-09-13 02:30:00,57879.0,57939.1,57721.14,57721.14
2024-09-13 03:00:00,57721.14,57790.0,57721.11,57721.11
2024-09-13 03:30:00,57721.11,57790.0,57721.11,57721.11
2024-09-13 04:00:00,57721.11,57721.11,57556.03,57699.94
2024-09-13 04:30:00,57699.94,57721.11,57556.22,57721.11
2024-09-13 05:00:00,57556.03,57740.0,57556.03,57557.64
2024-09-13 05:30:00,57557.64,57776.66,57556.21,57562.19
2024-09-13 06:00:00,57562.5,57692.0,57500.04,57500.58
2024-09-13 06:30:00,57500.67,57630.0,57450.0,57470.0
2024-09-13 07:00:00,57470.0,57630.0,57385.97,57630.0
2024-09-13 07:30:00,57630.0,57788.0,57507.0,57777.0
2024-09-13 08:00:00,57775.28,57775.28,57591.02,57591.02
2024-09-13 08:30:00,57591.02,57689.99,57591.02,57663.99
2024-09-13 09:00:00,57600.0,57788.0,57507.0,57659.0
2024-09-13 09:30:00,57659.0,57770.0,57659.0,57769.0
2024-09-13 10:00:00,57659.0,57770.0,57613.76,57688.35
2024-09-13 10:30:00,57749.5,57935.0,57625.95,57935.0
2024-09-13 11:00:00,57935.0,57950.0,57824.38,57930.0
2024-09-13 11:30:00,57930.0,57930.0,57500.0,57500.0
2024-09-13 12:00:00,57484.12,57699.95,57337.41,57382.0
2024-09-13 12:30:00,57382.0,57671.0,57382.0,57400.02
2024-09-13 13:00:00,57400.02,57666.87,57400.02,57664.38
2024-09-13 13:30:00,57500.42,57713.46,57500.42,57679.2
2024-09-13 14:00:00,57679.2,57898.45,57506.02,57711.0
2024-09-13 14:30:00,57711.0,58000.01,57500.0,58000.0
2024-09-13 15:00:00,57999.0,58749.0,57947.51,58700.0
2024-09-13 15:30:00,58655.81,59249.99,58505.34,59197.2
2024-09-13 16:00:00,59197.2,59315.0,58500.0,59175.75
2024-09-13 16:30:00,59182.8,59280.0,58750.0,58997.41
2024-09-13 17:00:00,58997.41,59200.0,58885.0,59158.2
2024-09-13 17:30:00,59158.2,59394.0,59128.18,59128.18
2024-09-13 18:00:00,59128.18,59296.0,59076.65,59076.65
2024-09-13 18:30:00,59076.65,59398.0,59076.65,59300.0
2024-09-13 19:00:00,59300.0,59500.0,59200.05,59500.0
2024-09-13 19:30:00,59498.49,59599.0,59100.03,59252.31
2024-09-13 20:00:00,59252.31,59348.63,59100.01,59331.85
2024-09-13 20:30:00,59332.0,59517.0,59200.01,59483.68
2024-09-13 21:00:00,59483.68,59700.0,59421.0,59625.0
2024-09-13 21:30:00,59700.0,59905.0,59687.44,59836.29
2024-09-13 22:00:00,59836.29,60127.0,59779.59,60059.32
2024-09-13 22:30:00,60059.32,60150.0,59847.07,60139.0
2024-09-13 23:00:00,60139.0,60139.0,59700.0,59908.98
2024-09-13 23:30:00,59901.83,60140.0,59886.77,60060.0
2024-09-14 00:00:00,60045.22,60138.98,59956.25,60061.11
2024-09-14 00:30:00,60055.94,60096.0,59932.52,59969.26
2024-09-14 01:00:00,59955.95,60115.0,59955.95,60076.6
2024-09-14 01:30:00,60076.6,60159.95,59962.22,59962.71
2024-09-14 02:00:00,60158.45,60158.45,59962.21,59970.25
2024-09-14 02:30:00,59970.25,60000.0,59869.96,59869.96
2024-09-14 03:00:00,59869.96,59999.99,59857.25,59921.99
2024-09-14 03:30:00,59921.99,60000.0,59877.9,59998.0
2024-09-14 04:00:00,59998.0,59998.0,59838.48,59869.96
2024-09-14 04:30:00,59869.96,59869.96,59603.01,59746.82
2024-09-14 05:00:00,59746.82,59788.43,59603.02,59647.33
2024-09-14 05:30:00,59662.12,59697.0,59500.0,59500.0
2024-09-14 06:00:00,59501.02,59668.99,59362.01,59550.21
2024-09-14 06:30:00,59553.16,59699.99,59360.01,59621.21
2024-09-14 07:00:00,59621.21,59674.99,59549.12,59600.0
2024-09-14 07:30:00,59581.04,59739.07,59581.04,59698.57
2024-09-14 08:00:00,59698.57,59739.07,59607.8,59630.0
2024-09-14 08:30:00,59630.0,59634.39,59366.0,59530.25
2024-09-14 09:00:00,59530.25,59599.99,59391.61,59520.02
2024-09-14 09:30:00,59520.02,59599.0,59383.72,59586.95
2024-09-14 10:00:00,59586.95,59599.0,59529.56,59530.0
2024-09-14 10:30:00,59530.0,59650.0,59405.01,59500.01
2024-09-14 11:00:00,59531.0,59599.96,59325.1,59354.0
2024-09-14 11:30:00,59325.12,59399.0,59260.0,59263.23
2024-09-14 12:00:00,59263.24,59400.0,59112.0,59336.62
2024-09-14 12:30:00,59398.2,59648.98,59308.71,59395.32
2024-09-14 13:00:00,59395.0,59531.28,59312.98,59322.0
2024-09-14 13:30:00,59394.0,59394.0,59239.51,59284.0
2024-09-14 14:00:00,59314.0,59511.0,59289.05,59510.4
2024-09-14 14:30:00,59510.4,59600.0,59426.78,59490.73
2024-09-14 15:00:00,59467.49,59559.0,59438.99,59559.0
2024-09-14 15:30:00,59559.0,59625.0,59500.0,59606.0
2024-09-14 16:00:00,59606.0,59625.0,59568.0,59600.0
2024-09-14 16:30:00,59600.0,59624.99,59568.1,59568.1
2024-09-14 17:00:00,59568.1,59619.0,59500.46,59500.46
2024-09-14 17:30:00,59500.0,59500.0,59300.0,59435.92
2024-09-14 18:00:00,59435.92,59500.0,59233.03,59250.0
2024-09-14 18:30:00,59250.0,59399.8,59242.38,59363.53
2024-09-14 19:00:00,59363.53,59398.0,59300.0,59366.41
2024-09-14 19:30:00,59369.9,59399.0,59366.41,59399.0
2024-09-14 20:00:00,59399.0,59600.0,59380.12,59599.1
2024-09-14 20:30:00,59600.0,59695.97,59580.0,59601.1
2024-09-14 21:00:00,59657.9,59699.88,59620.0,59660.0
2024-09-14 21:30:00,59660.0,59699.99,59636.0,59687.0
2024-09-14 22:00:00,59636.0,59724.0,59636.0,59719.0
2024-09-14 22:30:00,59719.0,59725.0,59701.0,59725.0
2024-09-14 23:00:00,59701.0,59709.0,59701.0,59701.0
2024-09-14 23:30:00,59701.0,59728.0,59701.0,59728.0
2024-09-15 00:00:00,59701.0,59729.0,59555.08,59700.0
2024-09-15 00:30:00,59700.0,59728.99,59608.6,59728.8
2024-09-15 01:00:00,59728.8,59730.0,59725.0,59729.0
2024-09-15 01:30:00,59729.0,59800.0,59729.0,59795.08
2024-09-15 02:00:00,59795.08,59800.0,59737.0,59737.0
2024-09-15 02:30:00,59737.0,59821.0,59737.0,59800.0
2024-09-15 03:00:00,59800.0,59820.0,59768.67,59820.0
2024-09-15 03:30:00,59778.0,59819.0,59768.67,59770.0
2024-09-15 04:00:00,59777.99,59809.0,59700.1,59700.1
2024-09-15 04:30:00,59700.1,59819.0,59700.0,59750.0
2024-09-15 05:00:00,59750.0,59819.0,59681.78,59766.0
2024-09-15 05:30:00,59766.0,59824.96,59765.0,59800.0
2024-09-15 06:00:00,59800.0,59849.0,59765.0,59767.0
2024-09-15 06:30:00,59767.0,59845.0,59766.01,59766.01
2024-09-15 07:00:00,59766.01,59840.0,59766.0,59766.0
2024-09-15 07:30:00,59766.0,59800.0,59724.48,59747.02
2024-09-15 08:00:00,59747.02,59799.0,59679.99,59679.99
2024-09-15 08:30:00,59679.99,59689.03,59632.63,59657.26
2024-09-15 09:00:00,59626.0,59800.0,59621.31,59661.13
2024-09-15 09:30:00,59661.13,59688.0,59589.93,59589.93
2024-09-15 10:00:00,59589.93,59600.0,59511.34,59511.34
2024-09-15 10:30:00,59511.0,59600.0,59501.45,59551.9
2024-09-15 11:00:00,59551.9,59560.0,59485.96,59512.48
2024-09-15 11:30:00,59512.48,59598.99,59453.01,59559.84
2024-09-15 12:00:00,59557.06,59600.0,59529.01,59530.0
2024-09-15 12:30:00,59530.0,59690.0,59530.0,59690.0
2024-09-15 13:00:00,59690.0,59900.0,59679.3,59817.43
2024-09-15 13:30:00,59817.43,59875.0,59755.0,59801.0
2024-09-15 14:00:00,59801.0,59801.0,59500.0,59600.0
2024-09-15 14:30:00,59600.0,59800.0,59516.0,59797.5
2024-09-15 15:00:00,59800.0,59898.99,59748.71,59765.71
2024-09-15 15:30:00,59804.32,59988.98,59769.17,59913.0
2024-09-15 16:00:00,59913.0,59982.0,59747.5,59747.5
2024-09-15 16:30:00,59747.5,59761.47,59600.0,59600.0
2024-09-15 17:00:00,59600.0,59614.0,59368.49,59450.0
2024-09-15 17:30:00,59500.0,59500.0,59300.0,59341.52
2024-09-15 18:00:00,59341.52,59497.4,59341.52,59373.1
2024-09-15 18:30:00,59373.1,59675.0,59349.13,59650.0
2024-09-15 19:00:00,59650.0,59835.0,59501.02,59588.13
2024-09-15 19:30:00,59588.13,59599.95,59403.25,59403.25
2024-09-15 20:00:00,59403.25,59500.0,59380.0,59395.0
2024-09-15 20:30:00,59378.0,59499.68,59371.77,59498.89
2024-09-15 21:00:00,59498.89,59498.89,59250.0,59250.0
2024-09-15 21:30:00,59266.0,59299.0,59200.0,59200.0
2024-09-15 22:00:00,59200.0,59293.1,59160.0,59160.0
2024-09-15 22:30:00,59160.0,59239.97,59158.37,59158.37
2024-09-15 23:00:00,59158.37,59230.0,58627.0,59000.01
2024-09-15 23:30:00,59000.01,59038.06,58705.28,58821.61
2024-09-16 00:00:00,58800.0,59081.0,58600.0,58622.01
2024-09-16 00:30:00,58622.01,58754.99,58300.0,58383.0
2024-09-16 01:00:00,58300.0,58382.85,58151.12,58323.0
2024-09-16 01:30:00,58323.0,58449.93,58210.05,58299.0
2024-09-16 02:00:00,58224.07,58289.97,58050.0,58229.86
2024-09-16 02:30:00,58229.79,58299.0,58000.01,58208.43
2024-09-16 03:00:00,58134.25,58458.85,58000.16,58338.52
2024-09-16 03:30:00,58338.43,58465.14,58250.12,58400.0
2024-09-16 04:00:00,58464.6,58464.63,58260.0,58270.01
2024-09-16 04:30:00,58270.01,58399.37,58200.0,58200.0
2024-09-16 05:00:00,58201.0,58419.11,58050.64,58312.1
2024-09-16 05:30:00,58312.1,58400.0,58201.55,58358.47
2024-09-16 06:00:00,58358.47,58935.67,58232.4,58699.48
2024-09-16 06:30:00,58548.96,58849.7,58300.0,58355.0
2024-09-16 07:00:00,58355.0,58600.0,58310.1,58500.0
2024-09-16 07:30:00,58500.0,58665.0,58500.0,58643.14
2024-09-16 08:00:00,58653.99,58852.31,58503.0,58700.0
2024-09-16 08:30:00,58700.0,58819.99,58680.0,58680.0
2024-09-16 09:00:00,58681.0,58796.99,58506.0,58506.0
2024-09-16 09:30:00,58507.0,58669.9,58405.0,58407.0
2024-09-16 10:00:00,58407.0,58450.0,58356.0,58356.0
2024-09-16 10:30:00,58355.0,58399.97,58355.0,58384.0
2024-09-16 11:00:00,58395.0,58450.0,58355.0,58450.0
2024-09-16 11:30:00,58450.0,58450.0,58410.0,58411.01
2024-09-16 12:00:00,58411.01,58470.0,58410.0,58410.0
2024-09-16 12:30:00,58410.0,58470.0,58310.1,58400.0
2024-09-16 13:00:00,58400.0,58469.93,58235.88,58348.0
2024-09-16 13:30:00,58250.53,58250.68,57860.0,58200.0
2024-09-16 14:00:00,58200.0,58200.0,57877.0,57877.0
2024-09-16 14:30:00,57877.0,57878.0,57509.0,57551.01
2024-09-16 15:00:00,57551.0,57898.6,57550.0,57700.23
2024-09-16 15:30:00,57878.62,57878.63,57551.15,57699.97
2024-09-16 16:00:00,57600.0,57772.23,57520.0,57748.82
2024-09-16 16:30:00,57521.0,57747.99,57521.0,57550.01
2024-09-16 17:00:00,57519.97,57739.39,57200.0,57380.0
2024-09-16 17:30:00,57380.01,57850.0,57380.0,57850.0
2024-09-16 18:00:00,57848.99,57889.99,57411.05,57800.0
2024-09-16 18:30:00,57799.97,57888.0,57550.15,57747.0
2024-09-16 19:00:00,57746.96,58000.0,57553.7,57876.54
2024-09-16 19:30:00,57876.47,57901.0,57602.26,57653.42
2024-09-16 20:00:00,57653.42,57998.9,57653.42,57820.12
2024-09-16 20:30:00,57605.08,57750.0,57400.0,57600.0
2024-09-16 21:00:00,57600.0,57648.3,57400.0,57644.59
2024-09-16 21:30:00,57644.59,57649.0,57500.03,57647.89
2024-09-16 22:00:00,57647.89,57647.89,57616.0,57647.0
2024-09-16 22:30:00,57647.0,57649.0,57635.06,57649.0
2024-09-16 23:00:00,57649.0,57900.0,57636.0,57851.21
2024-09-16 23:30:00,57851.21,57999.97,57851.21,57855.03
2024-09-17 00:00:00,57855.03,57950.0,57855.03,57909.77
2024-09-17 00:30:00,57909.77,57909.77,57500.0,57500.0
2024-09-17 01:00:00,57500.0,57820.94,57500.0,57820.93
2024-09-17 01:30:00,57700.0,57700.0,57529.06,57697.61
2024-09-17 02:00:00,57697.61,57873.46,57693.66,57873.46
2024-09-17 02:30:00,57873.46,57984.99,57600.9,57849.35
2024-09-17 03:00:00,57849.35,57849.53,57716.65,57718.09
2024-09-17 03:30:00,57718.09,57943.98,57718.06,57750.33
2024-09-17 04:00:00,57750.39,57934.99,57750.39,57933.99
2024-09-17 04:30:00,57933.99,57935.6,57837.01,57857.54
2024-09-17 05:00:00,57857.54,57935.6,57837.01,57890.43
2024-09-17 05:30:00,57890.43,58366.99,57890.43,58348.99
2024-09-17 06:00:00,58364.0,58364.99,58193.02,58193.02
2024-09-17 06:30:00,58193.02,58274.52,58107.03,58150.0
2024-09-17 07:00:00,58151.0,58273.99,58126.26,58250.0
2024-09-17 07:30:00,58250.0,58278.0,58207.57,58278.0
2024-09-17 08:00:00,58278.0,58600.0,58274.53,58430.0
2024-09-17 08:30:00,58430.0,58542.0,58408.16,58415.0
2024-09-17 09:00:00,58415.0,58525.0,58299.03,58479.95
2024-09-17 09:30:00,58479.95,58650.0,58297.84,58600.0
2024-09-17 10:00:00,58600.0,58750.0,58540.83,58730.0
2024-09-17 10:30:00,58626.52,58888.0,58626.52,58850.0
2024-09-17 11:00:00,58887.0,58888.0,58511.02,58711.5
2024-09-17 11:30:00,58750.0,58799.0,58667.73,58668.0
2024-09-17 12:00:00,58670.0,58798.0,58600.0,58651.46
2024-09-17 12:30:00,58759.78,59000.0,58721.65,58959.38
2024-09-17 13:00:00,58959.38,58999.0,58851.0,58940.0
2024-09-17 13:30:00,58940.0,58942.0,58500.0,58510.0
2024-09-17 14:00:00,58508.0,59899.98,58508.0,59479.34
2024-09-17 14:30:00,59479.35,59899.99,59478.0,59869.0
2024-09-17 15:00:00,59869.0,60900.0,59785.0,60741.31
2024-09-17 15:30:00,60721.95,60760.0,60320.0,60662.97
2024-09-17 16:00:00,60672.3,60743.0,60322.01,60353.53
2024-09-17 16:30:00,60398.0,60694.93,60350.0,60461.29
2024-09-17 17:00:00,60461.29,60549.07,60200.01,60480.65
2024-09-17 17:30:00,60480.65,60600.0,60348.28,60511.53
2024-09-17 18:00:00,60512.03,60631.18,60450.01,60620.0
2024-09-17 18:30:00,60628.0,60628.0,60050.0,60061.01
2024-09-17 19:00:00,60062.0,60300.0,60000.0,60000.0
2024-09-17 19:30:00,60000.0,60006.0,59225.1,59602.02
2024-09-17 20:00:00,59602.03,59983.0,59369.38,59810.95
2024-09-17 20:30:00,59810.0,60000.0,59606.12,59690.0
2024-09-17 21:00:00,59699.36,59931.37,59699.36,59931.37
2024-09-17 21:30:00,59891.11,60100.0,59891.11,59960.0
2024-09-17 22:00:00,59960.0,60000.0,59900.0,59971.0
2024-09-17 22:30:00,59971.0,60166.95,59921.0,60166.95
2024-09-17 23:00:00,60166.95,60166.95,59801.01,59801.02
2024-09-17 23:30:00,59801.02,60081.12,59801.02,59952.01
2024-09-18 00:00:00,59952.01,60051.91,59801.02,59801.02
2024-09-18 00:30:00,59801.02,59999.88,59510.0,59803.35
2024-09-18 01:00:00,59803.35,59939.99,59800.03,59800.03
2024-09-18 01:30:00,59800.03,59920.0,59700.37,59700.52
2024-09-18 02:00:00,59898.37,59898.37,59753.78,59895.8
2024-09-18 02:30:00,59895.8,60080.99,59820.0,60080.99
2024-09-18 03:00:00,60081.11,60420.03,60081.11,60152.02
2024-09-18 03:30:00,60152.02,60366.38,60136.08,60150.13
2024-09-18 04:00:00,60160.09,60289.99,60150.0,60283.99
2024-09-18 04:30:00,60283.99,60300.0,60100.0,60110.22
2024-09-18 05:00:00,60111.06,60247.94,59864.2,60000.0
2024-09-18 05:30:00,59911.07,60000.0,59758.65,59802.43
2024-09-18 06:00:00,59802.43,60096.88,59802.43,59909.85
2024-09-18 06:30:00,59938.4,60195.0,59938.4,60055.11
2024-09-18 07:00:00,60099.0,60190.0,60001.0,60055.0
2024-09-18 07:30:00,60175.0,60175.0,60001.0,60090.0
2024-09-18 08:00:00,60003.01,60086.76,59701.77,59806.4
2024-09-18 08:30:00,59808.0,59962.97,59750.0,59949.67
2024-09-18 09:00:00,59949.24,59949.24,59701.77,59706.0
2024-09-18 09:30:00,59706.0,59803.16,59327.28,59330.0
2024-09-18 10:00:00,59327.28,59489.0,59250.0,59351.04
2024-09-18 10:30:00,59521.5,59853.59,59352.09,59754.82
2024-09-18 11:00:00,59755.0,59944.99,59650.0,59900.0
2024-09-18 11:30:00,59899.99,59920.0,59701.0,59701.0
2024-09-18 12:00:00,59701.0,59798.78,59614.99,59780.0
2024-09-18 12:30:00,59780.0,59840.0,59650.0,59834.99
2024-09-18 13:00:00,59834.99,59949.99,59650.0,59800.0
2024-09-18 13:30:00,59674.7,59793.67,59320.0,59335.05
2024-09-18 14:00:00,59335.05,59500.06,59315.0,59500.06
2024-09-18 14:30:00,59567.0,59624.99,59325.0,59401.45
2024-09-18 15:00:00,59401.45,59900.0,59351.0,59440.0
2024-09-18 15:30:00,59470.0,59549.99,59300.0,59350.48
2024-09-18 16:00:00,59350.01,59599.99,59201.0,59505.01
2024-09-18 16:30:00,59505.0,59800.0,59500.01,59789.0
2024-09-18 17:00:00,59789.06,59950.0,59443.03,59722.76
2024-09-18 17:30:00,59722.67,59959.0,59446.06,59945.0
2024-09-18 18:00:00,59958.99,60699.99,59800.01,60265.0
2024-09-18 18:30:00,60201.01,60900.0,60200.0,60502.0
2024-09-18 19:00:00,60502.0,60502.0,60005.0,60200.15
2024-09-18 19:30:00,60349.0,60349.61,60001.0,60001.0
2024-09-18 20:00:00,60001.0,60199.57,59360.23,59680.01
2024-09-18 20:30:00,59680.01,60199.8,59670.0,60063.03
2024-09-18 21:00:00,60063.03,60169.0,60063.03,60157.0
2024-09-18 21:30:00,60063.04,60168.0,59910.66,60144.83
2024-09-18 22:00:00,60144.83,60374.95,59911.9,60366.0
2024-09-18 22:30:00,60250.01,60374.95,60166.22,60307.0
2024-09-18 23:00:00,60307.0,60805.99,60289.61,60800.0
2024-09-18 23:30:00,60800.0,61260.21,60745.48,61260.21
2024-09-19 00:00:00,61271.0,61891.0,61271.0,61800.0
2024-09-19 00:30:00,61818.89,62000.0,61614.11,61772.16
2024-09-19 01:00:00,61772.15,61817.89,60556.28,61424.99
2024-09-19 01:30:00,61423.99,61524.19,61221.33,61524.19
2024-09-19 02:00:00,61524.19,61600.0,61426.48,61593.8
2024-09-19 02:30:00,61593.8,61799.98,61593.8,61754.68
2024-09-19 03:00:00,61723.89,61723.9,61600.01,61689.03
2024-09-19 03:30:00,61689.03,61701.0,61552.1,61642.0
2024-09-19 04:00:00,61642.96,61700.0,61504.43,61504.45
2024-09-19 04:30:00,61504.46,61609.39,61437.09,61605.82
2024-09-19 05:00:00,61605.82,61689.0,61593.8,61600.01
2024-09-19 05:30:00,61600.0,61600.0,61000.0,61526.28
2024-09-19 06:00:00,61526.28,61580.9,61000.0,61580.9
2024-09-19 06:30:00,61580.9,61697.94,61540.18,61564.91
2024-09-19 07:00:00,61564.88,61687.15,61522.98,61630.33
2024-09-19 07:30:00,61630.33,61700.0,61531.0,61695.0
2024-09-19 08:00:00,61695.0,61698.5,61609.79,61609.79
2024-09-19 08:30:00,61609.79,61695.0,61535.01,61552.46
2024-09-19 09:00:00,61552.46,61682.46,61544.9,61673.64
2024-09-19 09:30:00,61682.18,61944.0,61665.3,61836.0
2024-09-19 10:00:00,61870.0,62110.0,61836.0,62059.95
2024-09-19 10:30:00,62099.0,62110.0,61900.05,61910.0
2024-09-19 11:00:00,61920.0,62050.0,61900.0,62030.95
2024-09-19 11:30:00,62010.0,62197.03,62010.0,62197.03
2024-09-19 12:00:00,62197.03,62700.0,62197.03,62540.0
2024-09-19 12:30:00,62540.0,62557.21,62357.42,62390.0
2024-09-19 13:00:00,62373.46,63000.0,62357.42,62990.0
2024-09-19 13:30:00,62990.0,62990.0,62275.7,62598.97
2024-09-19 14:00:00,62598.97,62938.0,62587.7,62852.63
2024-09-19 14:30:00,62852.63,62945.46,62479.26,62513.0
2024-09-19 15:00:00,62572.0,62995.0,62450.01,62821.03
2024-09-19 15:30:00,62821.06,62999.0,62710.27,62721.0
2024-09-19 16:00:00,62721.0,62899.99,62709.0,62799.0
2024-09-19 16:30:00,62799.0,63130.0,62788.38,63130.0
2024-09-19 17:00:00,63129.0,63292.78,62948.95,63000.0
2024-09-19 17:30:00,63000.0,63380.0,62956.0,63349.0
2024-09-19 18:00:00,63250.01,63348.99,63112.1,63201.37
2024-09-19 18:30:00,63202.0,63271.0,63110.0,63112.0
2024-09-19 19:00:00,63112.0,63170.0,62920.0,62922.0
2024-09-19 19:30:00,62922.0,63090.81,62690.0,62776.57
2024-09-19 20:00:00,62776.57,62799.97,62500.0,62744.89
2024-09-19 20:30:00,62731.78,62753.93,62633.48,62650.0
2024-09-19 21:00:00,62638.34,62745.85,62476.98,62535.37
2024-09-19 21:30:00,62535.37,62647.0,62455.01,62510.34
2024-09-19 22:00:00,62510.34,62510.34,62355.03,62370.6
2024-09-19 22:30:00,62450.0,62754.82,62350.0,62500.07
2024-09-19 23:00:00,62500.16,62750.0,62483.0,62679.96
2024-09-19 23:30:00,62577.12,62746.23,62577.12,62581.54
2024-09-20 00:00:00,62576.99,62582.01,62433.5,62440.0
2024-09-20 00:30:00,62414.0,62582.4,62325.01,62368.5
2024-09-20 01:00:00,62368.5,62524.84,62329.3,62400.0
2024-09-20 01:30:00,62400.0,62680.0,62400.0,62680.0
2024-09-20 02:00:00,62680.0,62680.0,62444.41,62500.0
2024-09-20 02:30:00,62500.0,62684.99,62460.0,62617.59
2024-09-20 03:00:00,62617.59,62988.0,62617.59,62980.0
2024-09-20 03:30:00,62980.0,63125.0,62854.0,63110.0
2024-09-20 04:00:00,63110.0,63710.0,63110.0,63450.0
2024-09-20 04:30:00,63450.01,63636.89,63400.0,63636.89
2024-09-20 05:00:00,63610.0,63679.99,63501.0,63599.0
2024-09-20 05:30:00,63599.0,63599.0,63300.0,63305.0
2024-09-20 06:00:00,63390.0,63480.0,63300.0,63300.1
2024-09-20 06:30:00,63300.01,63463.63,63201.0,63322.82
2024-09-20 07:00:00,63322.82,63453.97,63220.0,63220.0
2024-09-20 07:30:00,63215.0,63498.86,63122.0,63201.06
2024-09-20 08:00:00,63181.0,63181.0,63100.0,63110.0
2024-09-20 08:30:00,63100.0,63202.72,62920.2,63000.1
2024-09-20 09:00:00,63000.35,63197.68,63000.09,63186.42
2024-09-20 09:30:00,63186.42,63333.0,63115.0,63200.0
2024-09-20 10:00:00,63200.0,63299.99,63116.0,63200.0
2024-09-20 10:30:00,63115.0,63290.0,63031.2,63283.0
2024-09-20 11:00:00,63283.0,63298.0,63036.04,63036.04
2024-09-20 11:30:00,63036.04,63151.39,63000.0,63003.02
2024-09-20 12:00:00,63003.02,63096.0,62919.0,63015.78
2024-09-20 12:30:00,63015.79,63015.79,62920.0,63000.0
2024-09-20 13:00:00,63000.0,63055.58,62376.29,62486.42
2024-09-20 13:30:00,62486.41,62687.45,62200.0,62450.0
2024-09-20 14:00:00,62440.0,62895.0,62123.45,62880.0
2024-09-20 14:30:00,62880.0,63005.0,62685.0,62700.0
2024-09-20 15:00:00,62700.0,62700.0,62373.0,62505.97
2024-09-20 15:30:00,62510.0,62886.42,62442.82,62757.8
2024-09-20 16:00:00,62757.8,62851.0,62588.79,62800.03
2024-09-20 16:30:00,62796.85,62796.85,62486.31,62490.0
2024-09-20 17:00:00,62545.99,62649.94,62452.85,62455.0
2024-09-20 17:30:00,62455.0,62455.0,62320.01,62325.42
2024-09-20 18:00:00,62320.01,62398.0,62150.0,62150.05
2024-09-20 18:30:00,62150.05,62500.0,62150.01,62500.0
2024-09-20 19:00:00,62500.0,62650.0,62406.97,62470.0
2024-09-20 19:30:00,62437.27,62685.64,62212.14,62394.0
2024-09-20 20:00:00,62394.0,62499.0,62202.0,62348.01
2024-09-20 20:30:00,62348.04,62826.0,62310.0,62639.99
2024-09-20 21:00:00,62612.0,62915.0,62505.01,62915.0
2024-09-20 21:30:00,62800.0,62913.99,62660.0,62887.98
2024-09-20 22:00:00,62887.0,62887.0,62700.0,62800.0
2024-09-20 22:30:00,62800.0,62870.0,62760.9,62800.0
2024-09-20 23:00:00,62800.0,62860.0,62710.0,62820.0
2024-09-20 23:30:00,62820.0,62849.99,62710.0,62718.0
2024-09-21 00:00:00,62718.0,62850.0,62715.5,62802.19
2024-09-21 00:30:00,62802.19,62845.0,62758.97,62844.0
2024-09-21 01:00:00,62844.0,62850.0,62700.0,62848.88
2024-09-21 01:30:00,62848.88,62849.08,62600.0,62600.0
2024-09-21 02:00:00,62600.0,62849.93,62520.0,62540.0
2024-09-21 02:30:00,62540.0,62797.39,62540.0,62560.0
2024-09-21 03:00:00,62560.0,62792.89,62520.0,62649.99
2024-09-21 03:30:00,62649.99,62649.99,62500.0,62550.0
2024-09-21 04:00:00,62550.0,62590.0,62550.0,62590.0
2024-09-21 04:30:00,62550.03,62550.03,62433.3,62433.3
2024-09-21 05:00:00,62431.3,62489.54,62270.0,62452.0
2024-09-21 05:30:00,62452.0,62500.0,62452.0,62456.2
2024-09-21 06:00:00,62455.56,62600.0,62455.56,62594.0
2024-09-21 06:30:00,62594.0,62635.0,62582.43,62635.0
2024-09-21 07:00:00,62635.0,62639.99,62520.27,62550.0
2024-09-21 07:30:00,62550.0,62779.99,62550.0,62624.44
2024-09-21 08:00:00,62618.58,62689.99,62550.0,62579.46
2024-09-21 08:30:00,62579.46,62640.0,62568.14,62568.14
2024-09-21 09:00:00,62640.0,62740.0,62535.76,62689.99
2024-09-21 09:30:00,62755.0,62790.6,62640.0,62690.0
2024-09-21 10:00:00,62690.0,62789.99,62690.0,62690.03
2024-09-21 10:30:00,62690.03,62747.94,62523.0,62524.0
2024-09-21 11:00:00,62697.42,62699.8,62516.3,62597.46
2024-09-21 11:30:00,62597.43,62698.86,62576.87,62633.38
2024-09-21 12:00:00,62633.38,62633.38,62592.67,62596.24
2024-09-21 12:30:00,62622.99,62699.8,62150.0,62699.8
2024-09-21 13:00:00,62699.8,62747.92,62624.0,62697.0
2024-09-21 13:30:00,62700.0,62790.0,62649.16,62790.0
2024-09-21 14:00:00,62790.6,62849.99,62667.24,62790.0
2024-09-21 14:30:00,62790.0,62869.0,62701.0,62788.0
2024-09-21 15:00:00,62788.0,62869.0,62701.0,62702.01
2024-09-21 15:30:00,62798.72,62870.0,62713.91,62724.33
2024-09-21 16:00:00,62724.33,62870.0,62701.0,62701.0
2024-09-21 16:30:00,62797.12,62800.0,62701.0,62707.85
2024-09-21 17:00:00,62707.85,62950.0,62702.0,62870.8
2024-09-21 17:30:00,62870.8,62990.0,62802.0,62968.94
2024-09-21 18:00:00,62966.8,62978.0,62776.37,62967.0
2024-09-21 18:30:00,62966.0,62971.8,62766.44,62781.34
2024-09-21 19:00:00,62781.34,62895.0,62778.95,62778.95
2024-09-21 19:30:00,62719.97,62899.99,62719.97,62733.1
2024-09-21 20:00:00,62800.0,62829.99,62733.1,62740.0
2024-09-21 20:30:00,62829.98,62830.0,62740.0,62741.0
2024-09-21 21:00:00,62741.0,62830.0,62733.1,62798.0
2024-09-21 21:30:00,62798.0,62798.0,62700.02,62779.0
2024-09-21 22:00:00,62779.0,62779.0,62600.0,62778.2
2024-09-21 22:30:00,62778.2,62778.2,62670.22,62777.0
2024-09-21 23:00:00,62777.0,62832.87,62727.81,62832.87
2024-09-21 23:30:00,62832.87,63000.0,62832.87,62986.98
2024-09-22 00:00:00,62986.98,62986.98,62727.81,62897.55
2024-09-22 00:30:00,62897.55,62897.55,62727.81,62884.89
2024-09-22 01:00:00,62884.89,62884.89,62727.81,62790.96
2024-09-22 01:30:00,62790.96,62849.0,62681.34,62681.34
2024-09-22 02:00:00,62681.34,62799.26,62600.0,62798.69
2024-09-22 02:30:00,62798.77,62798.77,62602.43,62604.73
2024-09-22 03:00:00,62604.73,63020.0,62604.73,62997.81
2024-09-22 03:30:00,62997.81,62997.81,62700.28,62800.03
2024-09-22 04:00:00,62800.09,62950.0,62780.0,62946.94
2024-09-22 04:30:00,62946.94,62946.94,62655.0,62701.1
2024-09-22 05:00:00,62839.99,62839.99,62409.99,62538.84
2024-09-22 05:30:00,62538.84,62600.0,62452.05,62500.0
2024-09-22 06:00:00,62499.0,62600.0,62454.74,62557.61
2024-09-22 06:30:00,62557.61,62598.0,62401.21,62413.72
2024-09-22 07:00:00,62413.72,62510.0,62411.04,62509.45
2024-09-22 07:30:00,62509.45,62598.0,62402.0,62462.78
2024-09-22 08:00:00,62462.78,62598.0,62402.1,62512.03
2024-09-22 08:30:00,62596.0,62596.0,62469.63,62542.0
2024-09-22 09:00:00,62542.0,62588.0,62385.0,62392.0
2024-09-22 09:30:00,62391.99,62520.0,62211.45,62243.42
2024-09-22 10:00:00,62243.42,62298.99,62241.24,62290.0
2024-09-22 10:30:00,62291.5,62299.0,62184.64,62184.64
2024-09-22 11:00:00,62184.64,62400.0,62090.0,62399.99
2024-09-22 11:30:00,62399.99,62498.01,62279.48,62322.58
2024-09-22 12:00:00,62388.0,62500.0,62322.57,62325.0
2024-09-22 12:30:00,62324.95,62499.99,62312.73,62496.5
2024-09-22 13:00:00,62500.0,62500.0,62305.19,62305.35
2024-09-22 13:30:00,62305.35,62399.0,62176.0,62332.88
2024-09-22 14:00:00,62332.76,62350.0,62090.0,62100.43
2024-09-22 14:30:00,62100.43,62250.0,62095.0,62178.78
2024-09-22 15:00:00,62178.78,62349.9,62155.0,62349.9
2024-09-22 15:30:00,62349.9,62350.0,62155.0,62203.11
2024-09-22 16:00:00,62203.11,62260.0,62050.0,62260.0
2024-09-22 16:30:00,62260.0,62381.03,62103.21,62378.0
2024-09-22 17:00:00,62344.22,62586.99,62310.9,62500.0
2024-09-22 17:30:00,62500.0,62597.0,62500.0,62596.9
2024-09-22 18:00:00,62588.79,62596.9,62310.87,62460.1
2024-09-22 18:30:00,62465.56,62597.0,62465.56,62596.96
2024-09-22 19:00:00,62596.96,62597.0,62488.3,62489.0
2024-09-22 19:30:00,62596.93,62789.99,62463.57,62750.0
2024-09-22 20:00:00,62789.99,62800.0,62658.4,62770.0
2024-09-22 20:30:00,62766.54,62800.0,62400.0,62681.73
2024-09-22 21:00:00,62681.73,62879.98,62681.73,62754.92
2024-09-22 21:30:00,62754.92,62879.99,62580.15,62580.15
2024-09-22 22:00:00,62638.75,62638.75,62050.0,62361.07
2024-09-22 22:30:00,62361.07,63500.0,62360.5,63474.17
2024-09-22 23:00:00,63474.15,63500.0,63024.12,63199.99
2024-09-22 23:30:00,63199.0,63199.0,63056.79,63127.39
2024-09-23 00:00:00,63127.39,63127.39,62379.03,62640.4
2024-09-23 00:30:00,62640.4,63379.9,62640.4,63125.01
2024-09-23 01:00:00,63125.01,63379.88,63123.22,63299.99
2024-09-23 01:30:00,63299.99,63500.0,63201.01,63494.97
2024-09-23 02:00:00,63494.97,63494.97,63255.39,63255.39
2024-09-23 02:30:00,63255.39,63549.99,63255.39,63499.97
2024-09-23 03:00:00,63549.99,64206.98,63499.97,64159.72
2024-09-23 03:30:00,64159.72,64247.91,63501.04,63881.58
2024-09-23 04:00:00,63885.0,64000.0,63596.22,63596.22
2024-09-23 04:30:00,63555.0,63560.0,63307.01,63558.87
2024-09-23 05:00:00,63422.13,63558.99,63310.0,63330.03
2024-09-23 05:30:00,63331.03,63497.81,63320.0,63376.11
2024-09-23 06:00:00,63449.96,63449.96,63193.53,63194.63
2024-09-23 06:30:00,63194.63,63310.0,63112.46,63293.99
2024-09-23 07:00:00,63293.99,63300.0,63027.0,63061.01
2024-09-23 07:30:00,63061.0,63121.46,63021.46,63047.47
2024-09-23 08:00:00,63047.46,63249.0,63023.46,63249.0
2024-09-23 08:30:00,63249.0,63270.0,63031.15,63032.0
2024-09-23 09:00:00,63032.01,63245.83,63032.0,63205.54
2024-09-23 09:30:00,63205.54,63248.99,63125.01,63125.01
2024-09-23 10:00:00,63125.01,63248.99,63050.24,63100.0
2024-09-23 10:30:00,63100.0,63247.99,63100.0,63134.0
2024-09-23 11:00:00,63134.0,63134.0,63060.0,63128.89
2024-09-23 11:30:00,63063.0,63140.0,63061.0,63061.0
2024-09-23 12:00:00,63061.0,63199.0,63061.0,63199.0
2024-09-23 12:30:00,63199.0,63299.98,63000.0,63027.0
2024-09-23 13:00:00,62975.0,63100.0,62901.01,63045.0
2024-09-23 13:30:00,62950.17,63046.9,62800.0,62830.81
2024-09-23 14:00:00,62830.81,63300.0,62800.01,63200.0
2024-09-23 14:30:00,63200.0,63248.13,62830.0,62954.91
2024-09-23 15:00:00,63006.85,63047.0,62835.16,62883.0
2024-09-23 15:30:00,62883.0,63289.0,62883.0,63250.0
2024-09-23 16:00:00,63250.0,63300.0,62900.05,62900.05
2024-09-23 16:30:00,62900.05,62999.99,62803.0,62810.0
2024-09-23 17:00:00,62810.0,62930.0,62600.0,62716.69
2024-09-23 17:30:00,62780.0,62929.99,62716.73,62843.49
2024-09-23 18:00:00,62862.36,63010.63,62862.36,63010.63
2024-09-23 18:30:00,63010.63,63250.0,62701.01,62987.28
2024-09-23 19:00:00,63090.0,63090.0,62869.11,63080.0
2024-09-23 19:30:00,62960.17,63086.91,62856.9,63073.96
2024-09-23 20:00:00,62891.52,63069.94,62891.46,62930.12
2024-09-23 20:30:00,62930.06,63044.09,62710.0,63038.88
2024-09-23 21:00:00,62932.4,63051.0,62856.9,63000.0
2024-09-23 21:30:00,63000.0,63050.0,62943.82,62943.99
2024-09-23 22:00:00,62900.01,63048.62,62856.97,62856.98
2024-09-23 22:30:00,62856.98,63046.97,62810.02,62811.01
2024-09-23 23:00:00,62811.0,62999.1,62811.0,62881.63
2024-09-23 23:30:00,62881.63,63033.33,62881.63,63000.0
2024-09-24 00:00:00,63000.0,63000.0,62800.0,62800.0
2024-09-24 00:30:00,62800.0,62899.38,62650.0,62898.02
2024-09-24 01:00:00,62650.22,62899.24,62568.0,62899.0
2024-09-24 01:30:00,62899.0,62899.0,62568.01,62869.53
2024-09-24 02:00:00,62869.53,62869.53,62568.0,62650.0
2024-09-24 02:30:00,62650.0,62889.73,62600.0,62702.2
2024-09-24 03:00:00,62702.58,62900.0,62700.0,62701.09
2024-09-24 03:30:00,62701.09,62898.88,62650.01,62652.26
2024-09-24 04:00:00,62653.01,62859.99,62567.14,62595.64
2024-09-24 04:30:00,62595.64,62798.88,62595.64,62606.0
2024-09-24 05:00:00,62605.87,62999.99,62605.87,62999.99
2024-09-24 05:30:00,62999.99,63051.46,62806.37,63045.0
2024-09-24 06:00:00,62923.6,63120.0,62923.6,63100.01
2024-09-24 06:30:00,63100.01,63120.0,62923.81,62950.09
2024-09-24 07:00:00,63093.47,63120.0,62966.24,63100.0
2024-09-24 07:30:00,63100.0,63200.1,63000.01,63200.1
2024-09-24 08:00:00,63259.96,63342.0,63174.76,63299.0
2024-09-24 08:30:00,63260.0,63600.0,63248.54,63463.4
2024-09-24 09:00:00,63499.0,63499.0,63116.07,63116.07
2024-09-24 09:30:00,63116.07,63196.0,63000.03,63089.0
2024-09-24 10:00:00,63090.0,63349.0,63048.85,63250.0
2024-09-24 10:30:00,63349.0,63349.0,63111.0,63111.0
2024-09-24 11:00:00,63200.0,63300.0,63000.09,63025.0
2024-09-24 11:30:00,63025.0,63150.0,63024.22,63150.0
2024-09-24 12:00:00,63150.0,63316.0,63111.0,63300.0
2024-09-24 12:30:00,63300.0,63300.0,63039.8,63045.47
2024-09-24 13:00:00,63039.8,63200.0,63010.0,63170.0
2024-09-24 13:30:00,63170.0,63300.0,63001.0,63298.95
2024-09-24 14:00:00,63171.38,63700.0,62705.25,62712.0
2024-09-24 14:30:00,62705.25,63199.0,62400.0,62954.99
2024-09-24 15:00:00,62954.99,63001.0,62780.72,62885.1
2024-09-24 15:30:00,62885.0,62996.44,62800.0,62896.99
2024-09-24 16:00:00,62897.0,62968.91,62800.01,62899.0
2024-09-24 16:30:00,62880.46,62980.0,62800.03,62810.0
2024-09-24 17:00:00,62934.99,63170.0,62934.99,63170.0
2024-09-24 17:30:00,63132.95,63498.0,63098.2,63313.78
2024-09-24 18:00:00,63313.78,63479.9,63163.75,63215.0
2024-09-24 18:30:00,63214.88,63396.98,63214.88,63298.0
2024-09-24 19:00:00,63272.37,63398.62,63218.0,63390.0
2024-09-24 19:30:00,63390.0,63850.0,63313.27,63799.0
2024-09-24 20:00:00,63847.42,64000.0,63600.0,63800.0
2024-09-24 20:30:00,63790.0,63896.0,62800.0,63809.0
2024-09-24 21:00:00,63810.0,63895.99,63451.33,63451.98
2024-09-24 21:30:00,63631.04,63770.9,63531.05,63654.48
2024-09-24 22:00:00,63654.48,63950.0,63647.7,63950.0
2024-09-24 22:30:00,63989.0,64149.4,63895.0,64149.4
2024-09-24 23:00:00,64133.0,64195.0,63950.79,63950.79
2024-09-24 23:30:00,63951.0,64109.76,63782.41,63841.16
2024-09-25 00:00:00,63841.16,63869.99,63704.0,63780.0
2024-09-25 00:30:00,63869.99,64109.45,63582.98,63595.0
2024-09-25 01:00:00,63650.0,64188.99,63640.0,63937.93
2024-09-25 01:30:00,63937.93,64198.0,63915.44,64139.76
2024-09-25 02:00:00,64149.08,64149.08,63960.27,64000.0
2024-09-25 02:30:00,64000.0,64194.88,63999.9,64000.0
2024-09-25 03:00:00,64000.0,64000.0,63787.59,63790.77
2024-09-25 03:30:00,63900.0,63998.38,63789.29,63952.38
2024-09-25 04:00:00,63998.38,64000.0,63850.0,63896.17
2024-09-25 04:30:00,63896.17,63988.0,63600.0,63717.04
2024-09-25 05:00:00,63685.96,63782.0,63600.0,63735.0
2024-09-25 05:30:00,63735.0,63779.99,63688.54,63688.54
2024-09-25 06:00:00,63688.54,63750.0,63501.06,63508.01
2024-09-25 06:30:00,63540.0,63540.0,63400.0,63400.0
2024-09-25 07:00:00,63400.0,63492.0,63289.85,63390.0
2024-09-25 07:30:00,63400.0,63400.0,63313.68,63367.0
2024-09-25 08:00:00,63367.0,63493.91,63349.03,63490.0
2024-09-25 08:30:00,63499.99,63500.0,63400.0,63400.0
2024-09-25 09:00:00,63400.0,63499.99,63380.0,63399.99
2024-09-25 09:30:00,63399.99,63479.0,63350.0,63352.0
2024-09-25 10:00:00,63370.0,63400.0,63203.01,63278.3
2024-09-25 10:30:00,63290.0,63478.99,63209.61,63400.0
2024-09-25 11:00:00,63400.0,63490.96,63310.1,63360.0
2024-09-25 11:30:00,63583.0,63777.0,63360.01,63500.16
2024-09-25 12:00:00,63500.33,63599.09,63500.33,63599.0
2024-09-25 12:30:00,63599.0,63599.0,63370.01,63500.0
2024-09-25 13:00:00,63500.0,63579.39,63170.0,63173.32
2024-09-25 13:30:00,63173.34,63498.0,63173.34,63272.0
2024-09-25 14:00:00,63272.03,63500.0,63272.03,63450.0
2024-09-25 14:30:00,63451.0,63500.0,63367.0,63480.0
2024-09-25 15:00:00,63500.0,63600.0,63385.0,63400.0
2024-09-25 15:30:00,63400.0,63500.0,63367.0,63367.0
2024-09-25 16:00:00,63366.0,63599.81,63272.0,63279.0
2024-09-25 16:30:00,63399.84,63594.76,63272.0,63300.43
2024-09-25 17:00:00,63290.1,63451.75,63100.0,63100.01
2024-09-25 17:30:00,63100.0,63287.18,62900.0,62951.16
2024-09-25 18:00:00,62951.17,63194.88,62951.16,63061.0
2024-09-25 18:30:00,63100.0,63246.0,63061.0,63246.0
2024-09-25 19:00:00,63245.92,63400.0,63102.0,63106.0
2024-09-25 19:30:00,63106.0,63106.0,63050.0,63050.0
2024-09-25 20:00:00,63050.0,63119.0,63050.0,63100.3
2024-09-25 20:30:00,63100.3,63118.97,63053.0,63053.0
2024-09-25 21:00:00,63053.0,63100.0,63053.0,63100.0
2024-09-25 21:30:00,63053.5,63400.0,63053.5,63301.0
2024-09-25 22:00:00,63301.0,63393.65,63214.01,63214.01
2024-09-25 22:30:00,63214.01,63367.64,62973.0,62975.0
2024-09-25 23:00:00,62975.0,63052.95,62950.0,63052.31
2024-09-25 23:30:00,63052.31,63053.0,62950.0,62957.0
2024-09-26 00:00:00,62957.0,63289.89,62957.0,63000.01
2024-09-26 00:30:00,63000.01,63159.5,62851.0,62888.0
2024-09-26 01:00:00,62888.0,62938.46,62772.0,62780.0
2024-09-26 01:30:00,62780.0,62938.0,62680.0,62938.0
2024-09-26 02:00:00,62938.0,63143.09,62938.0,62962.67
2024-09-26 02:30:00,63129.63,63200.0,62962.5,63145.06
2024-09-26 03:00:00,63195.0,63299.9,63145.0,63280.92
2024-09-26 03:30:00,63300.0,63300.0,63230.09,63230.3
2024-09-26 04:00:00,63230.3,63290.0,63150.39,63150.39
2024-09-26 04:30:00,63150.39,63499.89,63150.39,63208.83
2024-09-26 05:00:00,63209.21,63300.0,63209.21,63299.0
2024-09-26 05:30:00,63229.63,63449.88,63229.03,63248.0
2024-09-26 06:00:00,63388.97,63499.9,63248.03,63399.0
2024-09-26 06:30:00,63399.0,63440.0,63330.0,63400.0
2024-09-26 07:00:00,63400.0,63500.0,63280.01,63499.99
2024-09-26 07:30:00,63499.99,63545.0,63332.21,63450.0
2024-09-26 08:00:00,63450.03,63492.99,63327.98,63361.0
2024-09-26 08:30:00,63327.98,63449.0,63300.0,63300.0
2024-09-26 09:00:00,63300.0,63505.0,63248.0,63473.55
2024-09-26 09:30:00,63473.55,63500.0,63307.18,63487.4
2024-09-26 10:00:00,63486.9,63788.0,63320.0,63776.99
2024-09-26 10:30:00,63748.71,63950.23,63742.34,63888.43
2024-09-26 11:00:00,63888.43,63980.0,63813.0,63948.0
2024-09-26 11:30:00,63948.0,64000.0,63875.01,63899.15
2024-09-26 12:00:00,63900.0,64069.15,63811.01,64036.98
2024-09-26 12:30:00,64036.98,64200.0,63953.57,64065.38
2024-09-26 13:00:00,64065.38,64099.99,63812.53,63947.02
2024-09-26 13:30:00,63900.0,63900.0,63600.01,63765.56
2024-09-26 14:00:00,63880.0,64500.0,63829.99,64190.1
2024-09-26 14:30:00,64111.02,64483.99,63937.28,63937.28
2024-09-26 15:00:00,63953.96,64400.0,63860.0,64399.99
2024-09-26 15:30:00,64400.0,64980.0,64053.43,64780.0
2024-09-26 16:00:00,64700.02,64971.29,64664.16,64971.29
2024-09-26 16:30:00,64952.13,65000.0,64800.0,64934.0
2024-09-26 17:00:00,64875.97,65398.6,64700.0,64999.0
2024-09-26 17:30:00,64999.0,64999.0,64647.18,64732.88
2024-09-26 18:00:00,64732.88,64990.43,64639.83,64639.83
2024-09-26 18:30:00,64640.0,64899.93,64050.0,64751.0
2024-09-26 19:00:00,64751.0,64800.0,64687.2,64744.7
2024-09-26 19:30:00,64750.0,64800.0,64366.26,64366.26
2024-09-26 20:00:00,64267.16,64366.14,64150.0,64235.39
2024-09-26 20:30:00,64250.0,64365.4,64204.3,64204.99
2024-09-26 21:00:00,64204.3,64557.0,64155.84,64417.8
2024-09-26 21:30:00,64499.86,64990.46,64417.8,64556.88
2024-09-26 22:00:00,64698.67,64811.0,64553.34,64728.0
2024-09-26 22:30:00,64720.0,64728.0,64577.0,64705.7
2024-09-26 23:00:00,64705.7,64800.0,64444.0,64445.0
2024-09-26 23:30:00,64445.0,64850.0,64434.68,64849.0
2024-09-27 00:00:00,64686.78,64849.0,64686.7,64839.98
2024-09-27 00:30:00,64839.98,64848.0,64690.0,64690.01
2024-09-27 01:00:00,64758.69,64848.0,64701.0,64701.01
2024-09-27 01:30:00,64701.01,64743.58,64700.0,64701.0
2024-09-27 02:00:00,64701.0,64701.01,64687.22,64687.22
2024-09-27 02:30:00,64687.22,65000.0,64600.0,64700.0
2024-09-27 03:00:00,64700.0,64700.0,64600.4,64700.0
2024-09-27 03:30:00,64700.0,65000.0,64700.0,64999.0
2024-09-27 04:00:00,64999.0,65000.0,64829.0,64865.86
2024-09-27 04:30:00,64865.86,64997.0,64829.69,64850.0
2024-09-27 05:00:00,64829.99,65000.0,64829.99,64919.0
2024-09-27 05:30:00,64990.0,64990.0,64700.0,64899.99
2024-09-27 06:00:00,64867.53,65100.0,64867.53,65001.0
2024-09-27 06:30:00,65100.0,65150.0,65001.0,65095.99
2024-09-27 07:00:00,65099.0,65189.99,65003.0,65189.99
2024-09-27 07:30:00,65190.0,65200.0,65021.03,65058.27
2024-09-27 08:00:00,65150.0,65209.99,65010.02,65209.0
2024-09-27 08:30:00,65209.0,65395.0,65001.0,65393.98
2024-09-27 09:00:00,65308.0,65499.0,65255.99,65432.0
2024-09-27 09:30:00,65496.0,65496.0,65400.0,65450.0
2024-09-27 10:00:00,65450.0,65488.99,65125.3,65155.0
2024-09-27 10:30:00,65158.0,65399.99,65125.3,65355.0
2024-09-27 11:00:00,65205.15,65359.82,65100.0,65101.0
2024-09-27 11:30:00,65100.0,65125.67,64960.0,64960.0
2024-09-27 12:00:00,64942.3,65000.0,64942.3,64979.45
2024-09-27 12:30:00,64998.0,65400.46,64979.4,65208.0
2024-09-27 13:00:00,65250.0,65378.0,65206.33,65208.7
2024-09-27 13:30:00,65208.7,65300.0,65100.03,65208.0
2024-09-27 14:00:00,65285.0,65800.0,65200.1,65800.0
2024-09-27 14:30:00,65807.7,65999.0,65780.0,65804.0
2024-09-27 15:00:00,65900.0,65928.0,65801.98,65850.0
2024-09-27 15:30:00,65803.0,65918.0,65556.57,65610.0
2024-09-27 16:00:00,65556.57,65799.0,65500.0,65649.94
2024-09-27 16:30:00,65648.94,65918.0,65500.0,65898.99
2024-09-27 17:00:00,65917.9,65950.0,65350.03,65400.0
2024-09-27 17:30:00,65343.47,65794.97,65300.99,65372.47
2024-09-27 18:00:00,65372.16,65498.97,65211.7,65215.0
2024-09-27 18:30:00,65496.62,65496.62,65028.0,65383.09
2024-09-27 19:00:00,65400.0,65490.0,65202.0,65276.84
2024-09-27 19:30:00,65276.84,65349.0,65132.01,65224.0
2024-09-27 20:00:00,65240.0,65295.0,65080.0,65249.8
2024-09-27 20:30:00,65249.53,65378.0,65029.0,65309.61
2024-09-27 21:00:00,65309.6,65400.0,65090.0,65350.0
2024-09-27 21:30:00,65350.0,65495.0,65289.95,65375.0
2024-09-27 22:00:00,65300.67,65555.0,65300.67,65555.0
2024-09-27 22:30:00,65581.0,65588.99,65464.12,65579.0
2024-09-27 23:00:00,65579.0,65585.0,65421.0,65425.0
2024-09-27 23:30:00,65425.0,65425.0,65422.01,65424.0
2024-09-28 00:00:00,65424.0,65573.92,65424.0,65425.63
2024-09-28 00:30:00,65425.75,65573.0,65352.01,65530.06
2024-09-28 01:00:00,65569.73,65569.73,65388.09,65530.0
2024-09-28 01:30:00,65530.0,65530.0,65529.0,65530.0
2024-09-28 02:00:00,65530.0,65588.0,65433.03,65588.0
2024-09-28 02:30:00,65569.0,65750.0,65554.98,65750.0
2024-09-28 03:00:00,65700.0,65798.0,65700.0,65701.0
2024-09-28 03:30:00,65701.0,65788.0,65550.21,65565.0
2024-09-28 04:00:00,65563.82,65779.99,65536.11,65585.37
2024-09-28 04:30:00,65585.37,65690.52,65521.12,65526.5
2024-09-28 05:00:00,65526.49,65658.29,65470.0,65470.0
2024-09-28 05:30:00,65470.0,65575.0,65359.29,65473.86
2024-09-28 06:00:00,65499.99,65499.99,65339.5,65389.15
2024-09-28 06:30:00,65389.15,65910.0,65223.74,65320.0
2024-09-28 07:00:00,65320.0,65400.0,65318.25,65319.24
2024-09-28 07:30:00,65330.01,65600.0,65264.92,65447.0
2024-09-28 08:00:00,65403.0,65445.04,65142.59,65156.79
2024-09-28 08:30:00,65160.66,65300.0,65090.02,65146.36
2024-09-28 09:00:00,65147.65,65147.65,65002.13,65026.01
2024-09-28 09:30:00,65043.19,65289.98,65026.01,65136.73
2024-09-28 10:00:00,65136.73,65189.0,65006.02,65188.99
2024-09-28 10:30:00,65189.0,65290.0,65103.4,65270.49
2024-09-28 11:00:00,65270.49,65307.0,65133.33,65230.96
2024-09-28 11:30:00,65230.96,65347.0,65133.33,65333.0
2024-09-28 12:00:00,65333.1,65347.0,65153.11,65153.11
2024-09-28 12:30:00,65153.11,65190.0,64946.0,65059.57
2024-09-28 13:00:00,65059.57,65097.0,64913.0,65022.73
2024-09-28 13:30:00,65022.73,65095.0,64997.81,65039.22
2024-09-28 14:00:00,65039.22,65399.0,64960.0,65299.0
2024-09-28 14:30:00,65299.0,65393.0,65235.04,65319.0
2024-09-28 15:00:00,65320.0,65330.0,65180.0,65217.38
2024-09-28 15:30:00,65217.38,65217.38,65100.0,65215.0
2024-09-28 16:00:00,65215.0,65215.0,65077.35,65125.0
2024-09-28 16:30:00,65125.0,65200.0,65019.26,65019.26
2024-09-28 17:00:00,65019.26,65200.0,65019.26,65085.52
2024-09-28 17:30:00,65199.0,65213.0,65130.77,65130.77
2024-09-28 18:00:00,65130.77,65388.0,65130.77,65388.0
2024-09-28 18:30:00,65388.0,65398.98,65313.58,65313.58
2024-09-28 19:00:00,65313.58,65340.0,65208.92,65275.75
2024-09-28 19:30:00,65250.0,65320.0,65193.48,65235.33
2024-09-28 20:00:00,65235.33,65300.0,65225.7,65299.0
2024-09-28 20:30:00,65261.0,65299.0,65221.73,65298.0
2024-09-28 21:00:00,65297.96,65299.0,65034.55,65297.68
2024-09-28 21:30:00,65200.0,65200.0,65091.05,65200.0
2024-09-28 22:00:00,65200.0,65290.0,65100.0,65290.0
2024-09-28 22:30:00,65290.0,65290.0,65210.71,65290.0
2024-09-28 23:00:00,65230.77,65290.0,65151.23,65181.41
2024-09-28 23:30:00,65185.0,65449.0,65182.0,65449.0
2024-09-29 00:00:00,65418.94,65479.0,65329.01,65449.33
2024-09-29 00:30:00,65449.33,65449.33,65216.28,65216.28
2024-09-29 01:00:00,65216.28,65380.0,65202.17,65295.57
2024-09-29 01:30:00,65295.51,65400.0,65234.24,65400.0
2024-09-29 02:00:00,65400.0,65477.94,65359.26,65477.94
2024-09-29 02:30:00,65477.94,65500.0,65400.0,65469.0
2024-09-29 03:00:00,65399.94,65469.0,65253.8,65297.59
2024-09-29 03:30:00,65297.59,65470.0,65297.59,65321.03
2024-09-29 04:00:00,65321.03,65438.49,65020.0,65200.0
2024-09-29 04:30:00,65263.63,65263.63,65020.0,65223.32
2024-09-29 05:00:00,65223.32,65347.99,65018.0,65242.09
2024-09-29 05:30:00,65242.09,65319.99,65049.94,65247.84
2024-09-29 06:00:00,65247.84,65320.0,65076.85,65149.0
2024-09-29 06:30:00,65149.0,65200.0,65024.62,65025.0
2024-09-29 07:00:00,65046.0,65195.0,65027.0,65060.0
2024-09-29 07:30:00,65053.01,65097.0,65000.0,65000.0
2024-09-29 08:00:00,65000.0,65100.0,65000.0,65051.0
2024-09-29 08:30:00,65188.0,65188.0,65051.0,65088.28
2024-09-29 09:00:00,65088.28,65187.91,65050.0,65179.96
2024-09-29 09:30:00,65179.94,65179.99,65096.71,65096.71
2024-09-29 10:00:00,65096.71,65176.0,65040.03,65041.5
2024-09-29 10:30:00,65040.02,65150.0,65037.33,65120.0
2024-09-29 11:00:00,65120.0,65179.75,65090.05,65140.7
2024-09-29 11:30:00,65140.71,65248.99,65140.71,65236.0
2024-09-29 12:00:00,65204.35,65313.0,65204.35,65313.0
2024-09-29 12:30:00,65313.0,65379.99,65290.0,65379.98
2024-09-29 13:00:00,65379.98,65379.99,65233.05,65254.1
2024-09-29 13:30:00,65254.1,65379.99,65239.01,65379.99
2024-09-29 14:00:00,65379.99,65379.99,65155.0,65275.0
2024-09-29 14:30:00,65275.0,65379.0,65269.0,65300.0
2024-09-29 15:00:00,65275.0,65380.0,65159.03,65378.96
2024-09-29 15:30:00,65241.49,65378.94,65180.92,65335.0
2024-09-29 16:00:00,65335.0,65400.0,65291.64,65291.64
2024-09-29 16:30:00,65350.0,65400.0,65188.36,65280.81
2024-09-29 17:00:00,65280.81,65450.0,65101.1,65413.0
2024-09-29 17:30:00,65449.0,65450.0,65400.0,65415.0
2024-09-29 18:00:00,65415.0,65440.0,65277.73,65277.73
2024-09-29 18:30:00,65259.98,65440.0,65259.98,65284.59
2024-09-29 19:00:00,65339.31,65440.0,65300.0,65429.0
2024-09-29 19:30:00,65440.0,65493.0,65411.0,65492.0
2024-09-29 20:00:00,65492.0,65750.0,65492.0,65499.98
2024-09-29 20:30:00,65492.0,65585.97,65387.16,65400.0
2024-09-29 21:00:00,65400.0,65450.0,65363.02,65450.0
2024-09-29 21:30:00,65450.0,65450.0,65339.36,65339.37
2024-09-29 22:00:00,65339.37,65480.0,65200.01,65265.02
2024-09-29 22:30:00,65398.85,65398.85,65216.67,65385.97
2024-09-29 23:00:00,65385.97,65385.97,65200.01,65200.01
2024-09-29 23:30:00,65200.01,65369.97,65200.01,65210.09
2024-09-30 00:00:00,65200.16,65369.9,65065.0,65065.0
2024-09-30 00:30:00,65065.0,65190.0,65044.0,65100.52
2024-09-30 01:00:00,65100.52,65189.94,65045.0,65045.0
2024-09-30 01:30:00,65045.0,65189.87,64700.0,64701.0
2024-09-30 02:00:00,64712.0,64729.88,64300.1,64370.0
2024-09-30 02:30:00,64370.0,64479.98,64180.0,64180.0
2024-09-30 03:00:00,64180.0,64399.74,64050.0,64300.0
2024-09-30 03:30:00,64300.0,64500.0,64190.0,64500.0
2024-09-30 04:00:00,64363.03,64500.0,64260.0,64260.0
2024-09-30 04:30:00,64260.0,64400.0,64205.09,64266.03
2024-09-30 05:00:00,64266.03,64477.0,64265.04,64477.0
2024-09-30 05:30:00,64450.0,64513.67,64160.0,64180.01
2024-09-30 06:00:00,64180.01,64696.0,64180.01,64441.51
2024-09-30 06:30:00,64441.51,64605.2,64160.0,64161.0
2024-09-30 07:00:00,64161.0,64444.87,64116.01,64299.37
2024-09-30 07:30:00,64136.03,64299.4,64136.03,64260.0
2024-09-30 08:00:00,64260.0,64297.96,64116.01,64116.08
2024-09-30 08:30:00,64140.0,64200.0,63800.0,63821.0
2024-09-30 09:00:00,63830.0,63899.0,63400.0,63491.36
2024-09-30 09:30:00,63491.33,63749.0,63325.0,63335.0
2024-09-30 10:00:00,63334.0,63446.99,63034.59,63215.06
2024-09-30 10:30:00,63220.0,63344.99,63063.0,63203.03
2024-09-30 11:00:00,63201.13,63495.0,63200.0,63495.0
2024-09-30 11:30:00,63496.91,63736.19,63350.0,63699.0
2024-09-30 12:00:00,63697.99,63838.03,63555.02,63600.13
2024-09-30 12:30:00,63747.9,63850.0,63600.28,63848.0
2024-09-30 13:00:00,63848.0,63850.0,63600.0,63600.0
2024-09-30 13:30:00,63723.0,63834.93,63500.01,63580.0
2024-09-30 14:00:00,63570.0,63570.0,63320.0,63360.0
2024-09-30 14:30:00,63360.01,63828.99,63360.01,63585.0
2024-09-30 15:00:00,63511.0,63749.99,63504.0,63540.32
2024-09-30 15:30:00,63729.66,63729.66,63504.0,63505.0
2024-09-30 16:00:00,63505.0,63513.88,63251.0,63256.01
2024-09-30 16:30:00,63325.0,63325.0,63250.0,63298.94
2024-09-30 17:00:00,63253.0,63500.0,63250.0,63251.0
2024-09-30 17:30:00,63255.0,63400.0,63250.0,63301.0
2024-09-30 18:00:00,63301.01,63513.88,62902.0,62992.0
2024-09-30 18:30:00,62951.0,63250.0,62950.0,63201.0
2024-09-30 19:00:00,63201.0,63243.93,63050.0,63050.01
2024-09-30 19:30:00,63105.0,63195.0,63000.0,63100.0
2024-09-30 20:00:00,63073.0,63315.0,63072.48,63315.0
2024-09-30 20:30:00,63315.0,63513.88,63315.0,63435.99
2024-09-30 21:00:00,63513.88,63597.98,63435.99,63451.21
2024-09-30 21:30:00,63451.21,63590.0,63317.0,63352.0
2024-09-30 22:00:00,63400.0,63400.0,63352.0,63352.5
2024-09-30 22:30:00,63352.5,63429.99,63152.42,63153.0
2024-09-30 23:00:00,63153.0,63299.98,63100.01,63100.07
2024-09-30 23:30:00,63100.01,63209.88,62800.99,63140.0
2024-10-01 00:00:00,63145.37,63299.95,62900.0,63295.6
2024-10-01 00:30:00,63295.6,63334.03,63120.93,63334.03
2024-10-01 01:00:00,63334.03,63382.0,63203.24,63371.0
2024-10-01 01:30:00,63371.0,63498.6,63371.0,63498.6
2024-10-01 02:00:00,63498.6,63498.6,63120.7,63220.0
2024-10-01 02:30:00,63220.0,63220.0,62700.0,63185.0
2024-10-01 03:00:00,63185.0,63500.0,63185.0,63489.96
2024-10-01 03:30:00,63489.96,63500.0,63203.19,63470.0
2024-10-01 04:00:00,63500.0,63500.0,63303.64,63500.0
2024-10-01 04:30:00,63500.0,63597.8,63500.0,63597.8
2024-10-01 05:00:00,63600.0,63649.0,63317.18,63531.62
2024-10-01 05:30:00,63531.62,63794.08,63370.0,63498.57
2024-10-01 06:00:00,63498.57,63997.91,63498.57,63903.06
2024-10-01 06:30:00,63997.99,63999.1,63590.0,63863.99
2024-10-01 07:00:00,63864.0,63903.0,63700.0,63750.0
2024-10-01 07:30:00,63750.0,63998.98,63750.0,63800.0
2024-10-01 08:00:00,63800.0,63833.0,63690.0,63750.0
2024-10-01 08:30:00,63750.0,63802.93,63600.0,63600.1
2024-10-01 09:00:00,63802.4,63980.0,63700.0,63979.97
2024-10-01 09:30:00,63800.0,63978.97,63702.0,63710.0
2024-10-01 10:00:00,63710.0,63710.0,63590.0,63590.0
2024-10-01 10:30:00,63664.0,63666.0,63590.0,63600.0
2024-10-01 11:00:00,63600.0,63700.0,63590.0,63600.0
2024-10-01 11:30:00,63590.0,63601.0,63453.0,63500.0
2024-10-01 12:00:00,63500.03,63500.03,63421.0,63421.0
2024-10-01 12:30:00,63415.0,63496.99,63201.0,63399.93
2024-10-01 13:00:00,63399.93,63399.93,63200.0,63200.0
2024-10-01 13:30:00,63200.0,63299.96,62501.0,62640.0
2024-10-01 14:00:00,62640.0,62899.0,62501.0,62649.91
2024-10-01 14:30:00,62605.0,62799.0,62200.0,62385.0
2024-10-01 15:00:00,62221.1,62379.97,61627.0,61900.55
2024-10-01 15:30:00,61905.01,62441.38,61900.0,62280.86
2024-10-01 16:00:00,62280.86,62400.0,61801.0,61801.0
2024-10-01 16:30:00,61801.0,61999.97,60864.0,61399.0
2024-10-01 17:00:00,61810.0,61997.99,60500.0,61050.0
2024-10-01 17:30:00,61049.85,61840.0,60700.01,61750.0
2024-10-01 18:00:00,61839.0,61950.0,61699.0,61950.0
2024-10-01 18:30:00,61950.0,61950.0,61480.3,61535.32
2024-10-01 19:00:00,61535.32,61693.0,61000.0,61485.0
2024-10-01 19:30:00,61687.99,61693.0,61305.0,61353.5
2024-10-01 20:00:00,61353.5,61676.22,60502.0,60520.0
2024-10-01 20:30:00,60515.0,60974.98,60170.0,60699.96
2024-10-01 21:00:00,60699.96,60740.0,60400.1,60650.0
2024-10-01 21:30:00,60650.06,60975.0,60650.0,60956.0
2024-10-01 22:00:00,60956.0,60974.99,60700.17,60707.99
2024-10-01 22:30:00,60800.09,60900.99,60513.02,60650.06
2024-10-01 23:00:00,60789.74,60974.99,60513.02,60969.0
2024-10-01 23:30:00,60969.0,60969.0,60631.91,60715.55
2024-10-02 00:00:00,60715.55,60960.0,60715.55,60899.98
2024-10-02 00:30:00,60900.0,60968.0,60722.09,60880.0
2024-10-02 01:00:00,60930.0,61311.0,60930.0,61310.0
2024-10-02 01:30:00,61311.0,61500.0,61200.1,61500.0
2024-10-02 02:00:00,61500.0,61500.0,61410.0,61500.0
2024-10-02 02:30:00,61500.0,61817.23,61500.0,61817.23
2024-10-02 03:00:00,61817.23,61846.0,61706.51,61720.03
2024-10-02 03:30:00,61602.01,61819.74,61602.0,61818.93
2024-10-02 04:00:00,61818.76,61818.76,61412.0,61412.0
2024-10-02 04:30:00,61420.0,61669.13,61200.3,61400.0
2024-10-02 05:00:00,61399.88,61499.7,61329.72,61334.0
2024-10-02 05:30:00,61334.0,61360.0,60800.09,61249.64
2024-10-02 06:00:00,61297.1,62300.0,60800.0,60900.0
2024-10-02 06:30:00,61145.06,61700.0,60552.0,61526.0
2024-10-02 07:00:00,61599.0,61699.97,61526.06,61560.0
2024-10-02 07:30:00,61698.84,61779.96,61556.18,61621.5
2024-10-02 08:00:00,61679.94,61680.0,61425.0,61647.87
2024-10-02 08:30:00,61650.0,61650.0,61503.55,61550.0
2024-10-02 09:00:00,61550.0,61550.0,61432.0,61449.88
2024-10-02 09:30:00,61432.0,61517.0,61000.0,61250.0
2024-10-02 10:00:00,61250.0,61412.96,61000.88,61299.87
2024-10-02 10:30:00,61412.85,61412.93,61004.01,61004.1
2024-10-02 11:00:00,61004.1,61179.91,60900.0,61083.29
2024-10-02 11:30:00,61083.29,61249.99,60968.5,61000.01
2024-10-02 12:00:00,61000.0,61000.0,60600.0,60967.81
2024-10-02 12:30:00,60949.99,60967.85,60689.97,60717.32
2024-10-02 13:00:00,60700.0,60967.85,60616.35,60750.0
2024-10-02 13:30:00,60704.02,61200.0,60520.08,61004.03
2024-10-02 14:00:00,61004.03,61450.0,60977.0,61104.15
2024-10-02 14:30:00,61104.15,61297.8,60846.67,61001.34
2024-10-02 15:00:00,61001.34,61296.0,61001.23,61296.0
2024-10-02 15:30:00,61296.0,61500.0,61213.0,61442.77
2024-10-02 16:00:00,61442.77,61999.0,61442.77,61890.0
2024-10-02 16:30:00,61801.0,61889.98,61550.0,61689.93
2024-10-02 17:00:00,61689.84,61689.9,61202.26,61460.0
2024-10-02 17:30:00,61401.0,61469.0,61110.0,61448.92
2024-10-02 18:00:00,61445.99,61446.0,60600.0,60750.03
2024-10-02 18:30:00,60999.94,60999.94,60652.0,60800.0
2024-10-02 19:00:00,60652.0,60807.0,60211.0,60211.0
2024-10-02 19:30:00,60211.0,60500.0,60050.0,60140.0
2024-10-02 20:00:00,60100.03,60300.0,60098.01,60240.0
2024-10-02 20:30:00,60240.0,60950.0,60240.0,60709.26
2024-10-02 21:00:00,60720.06,60784.5,60550.0,60649.91
2024-10-02 21:30:00,60699.99,60749.9,60460.1,60749.9
2024-10-02 22:00:00,60749.9,60899.67,60306.0,60320.49
2024-10-02 22:30:00,60320.49,60749.52,60250.01,60649.57
2024-10-02 23:00:00,60649.57,60649.57,60421.16,60645.91
2024-10-02 23:30:00,60645.91,60645.91,60550.36,60551.3
2024-10-03 00:00:00,60645.81,60647.0,60551.0,60551.0
2024-10-03 00:30:00,60551.0,60900.0,60551.0,60889.73
2024-10-03 01:00:00,60889.57,60900.0,60889.39,60899.73
2024-10-03 01:30:00,60900.0,60949.91,60648.79,60648.79
2024-10-03 02:00:00,60648.79,61021.0,60648.79,60996.01
2024-10-03 02:30:00,60996.01,61187.0,60996.01,61022.77
2024-10-03 03:00:00,61022.77,61187.0,61022.77,61186.27
2024-10-03 03:30:00,61186.27,61249.96,61026.01,61028.16
2024-10-03 04:00:00,61028.16,61028.16,60920.0,60990.0
2024-10-03 04:30:00,60920.02,61240.0,60920.01,61199.87
2024-10-03 05:00:00,61199.87,61199.87,61000.0,61000.0
2024-10-03 05:30:00,60953.01,61179.96,60952.0,61000.0
2024-10-03 06:00:00,61000.0,61000.0,60952.0,60984.0
2024-10-03 06:30:00,60984.0,61100.0,60965.1,61100.0
2024-10-03 07:00:00,61100.0,61188.0,61000.0,61001.07
2024-10-03 07:30:00,61001.34,61187.96,60700.0,60700.01
2024-10-03 08:00:00,60700.0,60722.97,60230.0,60262.02
2024-10-03 08:30:00,60261.0,60525.68,60200.01,60299.99
2024-10-03 09:00:00,60300.0,60666.0,60179.0,60550.06
2024-10-03 09:30:00,60550.06,60662.0,60390.77,60415.02
2024-10-03 10:00:00,60415.02,60590.0,60390.01,60589.7
2024-10-03 10:30:00,60589.69,60699.95,60392.21,60600.0
2024-10-03 11:00:00,60699.79,60939.99,60389.77,60749.51
2024-10-03 11:30:00,60749.35,60749.35,60390.1,60401.0
2024-10-03 12:00:00,60401.0,60500.0,60251.0,60251.0
2024-10-03 12:30:00,60251.0,60390.0,60250.97,60389.97
2024-10-03 13:00:00,60389.91,60390.0,59840.0,60350.0
2024-10-03 13:30:00,60349.96,60389.46,59800.0,60170.6
2024-10-03 14:00:00,60170.61,60565.94,59900.0,59950.0
2024-10-03 14:30:00,60001.01,60297.98,59800.0,60178.0
2024-10-03 15:00:00,60008.27,60199.81,59905.09,60000.0
2024-10-03 15:30:00,59918.04,60311.19,59830.0,60300.2
2024-10-03 16:00:00,60300.27,60499.99,60110.12,60110.12
2024-10-03 16:30:00,60110.12,60110.12,59902.0,59903.09
2024-10-03 17:00:00,59903.0,60499.0,59877.0,60400.15
2024-10-03 17:30:00,60450.09,60450.09,59902.01,60335.0
2024-10-03 18:00:00,60200.26,60450.06,60200.0,60356.0
2024-10-03 18:30:00,60356.0,60498.99,60350.0,60497.99
2024-10-03 19:00:00,60497.99,60498.0,60277.6,60498.0
2024-10-03 19:30:00,60497.9,60777.0,60379.0,60767.0
2024-10-03 20:00:00,60766.99,60899.0,60435.87,60560.0
2024-10-03 20:30:00,60560.0,60560.0,60361.49,60372.0
2024-10-03 21:00:00,60382.0,60560.0,60361.49,60560.0
2024-10-03 21:30:00,60560.0,60560.0,60325.01,60447.0
2024-10-03 22:00:00,60356.0,60448.0,60330.0,60448.0
2024-10-03 22:30:00,60440.0,60540.0,60330.01,60540.0
2024-10-03 23:00:00,60400.09,60539.97,60388.7,60399.18
2024-10-03 23:30:00,60500.0,60540.0,60401.12,60401.57
2024-10-04 00:00:00,60401.57,60485.0,60401.0,60402.0
2024-10-04 00:30:00,60402.0,60455.0,60402.0,60416.37
2024-10-04 01:00:00,60416.37,60797.99,60401.0,60698.61
2024-10-04 01:30:00,60698.61,60840.0,60560.89,60840.0
2024-10-04 02:00:00,60840.0,60840.0,60630.0,60785.0
2024-10-04 02:30:00,60785.0,60789.97,60597.0,60625.0
2024-10-04 03:00:00,60625.0,60783.37,60500.0,60520.12
2024-10-04 03:30:00,60615.0,60625.0,60448.08,60516.6
2024-10-04 04:00:00,60516.6,60800.0,60325.01,60800.0
2024-10-04 04:30:00,60800.0,60800.0,60625.18,60799.0
2024-10-04 05:00:00,60800.0,60800.0,60764.67,60797.18
2024-10-04 05:30:00,60797.21,60950.0,60767.11,60940.0
2024-10-04 06:00:00,60900.0,61195.97,60900.0,61124.99
2024-10-04 06:30:00,61123.95,61245.0,60901.01,60999.97
2024-10-04 07:00:00,60999.97,61199.99,60900.0,61149.93
2024-10-04 07:30:00,61199.82,61199.95,61030.27,61139.97
2024-10-04 08:00:00,61080.19,61400.0,60764.71,61395.09
2024-10-04 08:30:00,61399.0,61450.0,61103.36,61280.0
2024-10-04 09:00:00,61280.0,61384.0,61215.0,61250.01
2024-10-04 09:30:00,61300.0,61374.9,61201.02,61206.0
2024-10-04 10:00:00,61200.0,61200.0,60853.92,61134.97
2024-10-04 10:30:00,61001.04,61299.99,60950.0,61000.01
2024-10-04 11:00:00,61000.01,61295.7,61000.01,61269.97
2024-10-04 11:30:00,61269.94,61269.94,61103.0,61266.0
2024-10-04 12:00:00,61266.0,61450.0,61249.91,61400.0
2024-10-04 12:30:00,61450.0,61500.0,61104.0,61500.0
2024-10-04 13:00:00,61545.0,61700.0,61202.0,61390.78
2024-10-04 13:30:00,61202.01,61679.0,61202.01,61500.0
2024-10-04 14:00:00,61500.0,61500.0,60800.0,61100.82
2024-10-04 14:30:00,60800.02,61049.0,60500.0,60950.01
2024-10-04 15:00:00,60990.0,61500.0,60710.16,61278.83
2024-10-04 15:30:00,61350.0,61449.97,61278.86,61300.0
2024-10-04 16:00:00,61410.21,61657.53,61410.2,61657.53
2024-10-04 16:30:00,61666.0,62000.0,61550.01,62000.0
2024-10-04 17:00:00,62000.0,62035.0,61825.0,61850.0
2024-10-04 17:30:00,61850.0,61850.0,61810.0,61837.0
2024-10-04 18:00:00,61837.0,61980.0,61581.0,61967.0
2024-10-04 18:30:00,61967.0,62100.0,61827.0,62090.06
2024-10-04 19:00:00,62099.0,62319.99,62097.03,62280.0
2024-10-04 19:30:00,62300.0,62300.0,62050.1,62241.0
2024-10-04 20:00:00,62135.0,62241.0,62055.01,62179.0
2024-10-04 20:30:00,62170.0,62431.0,62060.0,62300.0
2024-10-04 21:00:00,62298.97,62397.0,62100.0,62241.03
2024-10-04 21:30:00,62389.94,62389.94,62000.01,62063.5
2024-10-04 22:00:00,62063.47,62318.89,61950.0,61950.0
2024-10-04 22:30:00,61950.0,61991.63,61903.0,61903.0
2024-10-04 23:00:00,61903.0,61990.0,61700.0,61703.0
2024-10-04 23:30:00,61703.0,61703.0,61700.0,61703.0
2024-10-05 00:00:00,61703.0,62039.99,61700.0,61889.93
2024-10-05 00:30:00,61889.93,61893.55,61703.05,61800.0
2024-10-05 01:00:00,61800.0,62039.43,61703.85,61718.11
2024-10-05 01:30:00,61718.11,61999.41,61718.11,61999.31
2024-10-05 02:00:00,61999.31,61999.39,61722.28,61998.74
2024-10-05 02:30:00,61998.74,61998.74,61475.64,61475.64
2024-10-05 03:00:00,61475.64,61599.88,61300.0,61599.0
2024-10-05 03:30:00,61599.0,61601.87,61422.71,61601.87
2024-10-05 04:00:00,61601.87,61719.85,61601.86,61710.0
2024-10-05 04:30:00,61620.0,61952.3,61620.0,61730.03
2024-10-05 05:00:00,61730.03,61939.82,61728.39,61810.2
2024-10-05 05:30:00,61810.2,61999.39,61810.2,61980.0
2024-10-05 06:00:00,61950.0,61980.0,61930.0,61973.0
2024-10-05 06:30:00,61975.0,61976.0,61930.0,61939.0
2024-10-05 07:00:00,61930.06,61969.0,61930.0,61968.9
2024-10-05 07:30:00,61930.0,61977.0,61819.06,61825.77
2024-10-05 08:00:00,61947.55,61960.0,61830.0,61928.85
2024-10-05 08:30:00,61928.85,61970.0,61850.0,61850.46
2024-10-05 09:00:00,61936.97,62100.0,61850.0,61960.0
2024-10-05 09:30:00,61960.0,62000.0,61900.01,61936.0
2024-10-05 10:00:00,61936.0,61990.0,61850.0,61850.06
2024-10-05 10:30:00,61850.06,61969.97,61730.64,61826.0
2024-10-05 11:00:00,61835.0,61920.0,61751.0,61751.0
2024-10-05 11:30:00,61751.0,61900.0,61751.0,61850.0
2024-10-05 12:00:00,61850.0,61850.0,61711.0,61756.57
2024-10-05 12:30:00,61756.57,61847.99,61754.57,61828.05
2024-10-05 13:00:00,61899.0,61899.9,61804.22,61804.22
2024-10-05 13:30:00,61804.3,61890.0,61643.45,61692.22
2024-10-05 14:00:00,61879.99,61879.99,61692.21,61710.88
2024-10-05 14:30:00,61710.88,61773.0,61672.15,61721.8
2024-10-05 15:00:00,61721.8,61733.0,61664.6,61700.0
2024-10-05 15:30:00,61697.47,61716.0,61500.0,61709.98
2024-10-05 16:00:00,61709.98,61714.95,61300.0,61695.09
2024-10-05 16:30:00,61695.09,61714.0,61420.05,61534.0
2024-10-05 17:00:00,61533.83,61549.92,61124.0,61517.34
2024-10-05 17:30:00,61517.34,61580.0,61517.34,61550.21
2024-10-05 18:00:00,61550.21,61580.0,61301.01,61467.3
2024-10-05 18:30:00,61467.3,61468.0,61200.0,61406.72
2024-10-05 19:00:00,61406.72,61427.68,61198.0,61420.13
2024-10-05 19:30:00,61435.42,61500.0,61182.03,61389.54
2024-10-05 20:00:00,61459.99,61479.93,61210.0,61299.0
2024-10-05 20:30:00,61299.0,61319.0,61200.0,61270.0
2024-10-05 21:00:00,61270.0,61429.0,61269.99,61425.0
2024-10-05 21:30:00,61434.96,61479.93,61430.26,61456.66
2024-10-05 22:00:00,61456.66,61547.99,61397.09,61547.98
2024-10-05 22:30:00,61519.43,61600.0,61510.59,61592.66
2024-10-05 23:00:00,61592.66,61600.0,61517.44,61600.0
2024-10-05 23:30:00,61600.0,61600.0,61420.45,61600.0
2024-10-06 00:00:00,61600.0,61602.95,61495.4,61522.9
2024-10-06 00:30:00,61522.9,61550.0,61500.0,61500.0
2024-10-06 01:00:00,61436.91,61699.0,61436.91,61699.0
2024-10-06 01:30:00,61699.0,61733.0,61699.0,61699.0
2024-10-06 02:00:00,61699.0,61780.0,61543.86,61620.72
2024-10-06 02:30:00,61620.72,61779.09,61134.01,61699.58
2024-10-06 03:00:00,61699.05,61699.4,61464.02,61694.77
2024-10-06 03:30:00,61694.77,61694.77,61449.02,61449.05
2024-10-06 04:00:00,61449.09,61700.0,61400.0,61697.29
2024-10-06 04:30:00,61697.29,61697.29,61429.6,61429.6
2024-10-06 05:00:00,61420.0,61503.04,61420.0,61500.0
2024-10-06 05:30:00,61500.0,61663.97,61500.0,61507.0
2024-10-06 06:00:00,61507.01,61650.0,61479.42,61552.5
2024-10-06 06:30:00,61644.96,61649.99,61553.0,61595.0
2024-10-06 07:00:00,61595.0,61595.0,61553.0,61590.0
2024-10-06 07:30:00,61590.0,61590.0,61553.0,61589.99
2024-10-06 08:00:00,61553.0,61648.72,61464.42,61636.99
2024-10-06 08:30:00,61636.99,61636.99,61520.72,61554.0
2024-10-06 09:00:00,61520.72,61599.0,61520.22,61599.0
2024-10-06 09:30:00,61591.82,61799.0,61591.82,61604.73
2024-10-06 10:00:00,61766.97,61766.97,61554.18,61604.0
2024-10-06 10:30:00,61555.0,61850.0,61541.67,61600.0
2024-10-06 11:00:00,61570.17,61773.3,61543.96,61647.0
2024-10-06 11:30:00,61647.0,61693.0,61613.17,61663.0
2024-10-06 12:00:00,61690.0,61800.0,61650.0,61650.0
2024-10-06 12:30:00,61650.0,61796.87,61650.0,61706.52
2024-10-06 13:00:00,61796.7,62000.0,61796.7,62000.0
2024-10-06 13:30:00,61901.0,61992.87,61704.93,61899.99
2024-10-06 14:00:00,61913.0,61984.75,61783.57,61889.99
2024-10-06 14:30:00,61928.94,62300.0,61920.0,62300.0
2024-10-06 15:00:00,62300.0,62300.0,62001.0,62001.0
2024-10-06 15:30:00,62003.12,62300.0,62001.0,62270.0
2024-10-06 16:00:00,62259.51,62450.0,62259.51,62293.0
2024-10-06 16:30:00,62311.09,62430.0,62282.0,62283.5
2024-10-06 17:00:00,62282.0,62283.5,62123.67,62275.99
2024-10-06 17:30:00,62242.23,62275.99,61783.6,62117.71
2024-10-06 18:00:00,62117.71,62249.97,61810.0,62249.19
2024-10-06 18:30:00,62249.19,62350.0,62249.19,62319.0
2024-10-06 19:00:00,62319.0,62434.78,62319.0,62434.78
2024-10-06 19:30:00,62444.0,62490.0,62160.81,62160.81
2024-10-06 20:00:00,62160.81,62498.0,62160.81,62293.11
2024-10-06 20:30:00,62490.0,62490.0,62292.03,62396.78
2024-10-06 21:00:00,62292.21,62396.0,62218.0,62218.27
2024-10-06 21:30:00,62218.54,62300.0,62216.0,62216.0
2024-10-06 22:00:00,62216.0,62367.94,62215.0,62300.0
2024-10-06 22:30:00,62300.0,62370.0,62222.15,62224.75
2024-10-06 23:00:00,62224.75,62370.0,62224.75,62369.0
2024-10-06 23:30:00,62369.0,62392.99,62340.64,62340.64
2024-10-07 00:00:00,62340.64,62485.22,62324.65,62485.22
2024-10-07 00:30:00,62485.22,63175.41,62485.22,63120.0
2024-10-07 01:00:00,63175.4,63494.0,62800.01,63399.99
2024-10-08 04:00:00,62450.04,62690.0,62450.04,62630.0
2024-10-08 04:30:00,62630.0,62800.0,62530.01,62550.4
2024-10-08 05:00:00,62745.85,62766.3,62350.0,62350.01
2024-10-08 05:30:00,62350.01,62527.16,62211.01,62223.01
2024-10-08 06:00:00,62397.93,62399.0,62125.0,62131.0
2024-10-08 06:30:00,62190.0,62400.0,62133.0,62252.06
2024-10-08 07:00:00,62398.73,62398.73,62001.0,62036.06
2024-10-08 07:30:00,62050.03,62280.0,62010.0,62280.0
2024-10-08 08:00:00,62250.0,62280.0,62121.11,62155.0
2024-10-08 08:30:00,62155.0,62400.0,62150.09,62396.0
2024-10-08 09:00:00,62396.0,62400.0,62191.05,62301.46
2024-10-08 09:30:00,62383.75,62398.99,62200.0,62398.99
2024-10-08 10:00:00,62398.99,62448.99,62300.0,62312.3
2024-10-08 10:30:00,62312.33,62398.0,62300.0,62397.98
2024-10-08 11:00:00,62321.0,62385.0,62210.59,62215.32
2024-10-08 11:30:00,62215.32,62449.99,62061.01,62448.09
2024-10-08 12:00:00,62448.09,62448.09,62206.0,62250.06
2024-10-08 12:30:00,62206.0,62347.94,62206.0,62347.0
2024-10-08 13:00:00,62207.0,62400.0,62100.0,62214.25
2024-10-08 13:30:00,62214.36,62700.93,62214.36,62698.82
2024-10-08 14:00:00,62698.82,62900.0,62305.28,62306.0
2024-10-08 14:30:00,62305.41,62700.0,62061.01,62512.87
2024-10-08 15:00:00,62696.95,62696.96,62166.0,62166.0
2024-10-08 15:30:00,62166.0,62317.95,61793.01,62013.21
2024-10-08 16:00:00,61900.11,62299.97,61900.11,62157.77
2024-10-08 16:30:00,62190.0,62410.0,62061.22,62410.0
2024-10-08 17:00:00,62400.0,62400.0,62099.99,62150.0
2024-10-08 17:30:00,62150.0,62400.0,62062.0,62399.89
2024-10-08 18:00:00,62399.79,62405.0,62200.01,62203.0
2024-10-08 18:30:00,62203.0,62203.0,61902.0,62130.0
2024-10-08 19:00:00,62130.0,62130.0,61820.02,61979.94
2024-10-08 19:30:00,61980.0,62299.0,61906.31,62150.0
2024-10-08 20:00:00,62261.36,62267.57,62110.06,62152.3
2024-10-08 20:30:00,62199.0,62400.0,62150.15,62397.0
2024-10-08 21:00:00,62287.76,62390.0,62287.52,62287.53
2024-10-08 21:30:00,62287.53,62399.89,62287.52,62387.89
2024-10-08 22:00:00,62320.0,62399.89,62200.0,62200.0
2024-10-08 22:30:00,62200.0,62284.97,62110.03,62150.15
2024-10-08 23:00:00,62129.0,62170.0,62000.0,62000.0
2024-10-08 23:30:00,62000.0,62110.0,62000.0,62109.64
2024-10-09 00:00:00,62109.64,62110.0,62108.97,62110.0
2024-10-09 00:30:00,62110.0,62110.0,62015.0,62015.24
2024-10-09 01:00:00,62015.24,62305.3,62015.24,62303.5
2024-10-09 01:30:00,62303.5,62348.68,62112.78,62200.06
2024-10-09 02:00:00,62200.06,62341.71,62200.0,62200.63
2024-10-09 02:30:00,62200.63,62299.51,62200.21,62299.26
2024-10-09 03:00:00,62220.06,62220.06,62016.31,62031.9
2024-10-09 03:30:00,62031.9,62299.88,62025.34,62054.0
2024-10-09 04:00:00,62054.0,62225.96,62054.0,62224.0
2024-10-09 04:30:00,62060.41,62238.0,62060.41,62156.92
2024-10-09 05:00:00,62100.0,62237.99,62100.0,62222.0
2024-10-09 05:30:00,62222.0,62300.0,62150.0,62279.0
2024-10-09 06:00:00,62300.0,62349.0,62175.1,62349.0
2024-10-09 06:30:00,62301.01,62349.0,62175.0,62343.0
2024-10-09 07:00:00,62320.0,62400.0,62107.16,62107.34
2024-10-09 07:30:00,62107.44,62245.92,62103.19,62170.0
2024-10-09 08:00:00,62170.0,62249.99,62100.0,62168.0
2024-10-09 08:30:00,62168.0,62235.96,62056.15,62062.09
2024-10-09 09:00:00,62062.09,62230.0,62062.09,62149.82
2024-10-09 09:30:00,62149.82,62230.0,62071.46,62230.0
2024-10-09 10:00:00,62230.0,62250.0,62090.01,62091.04
2024-10-09 10:30:00,62091.04,62188.67,62090.0,62149.91
2024-10-09 11:00:00,62090.0,62149.91,62065.0,62088.0
2024-10-09 11:30:00,62088.0,62149.76,62060.0,62084.0
2024-10-09 12:00:00,62084.0,62250.0,62084.0,62160.0
2024-10-09 12:30:00,62160.0,62250.0,61780.92,62104.66
2024-10-09 13:00:00,62104.66,62104.68,61837.02,61970.0
2024-10-09 13:30:00,61969.99,61970.0,61840.0,61845.0
2024-10-09 14:00:00,61845.0,61927.54,61701.0,61839.97
2024-10-09 14:30:00,61857.0,61888.0,61381.2,61520.05
2024-10-09 15:00:00,61520.05,61914.0,61500.01,61883.0
2024-10-09 15:30:00,61841.26,62226.0,61841.26,62220.0
2024-10-09 16:00:00,62198.94,62199.0,61711.0,61724.0
2024-10-09 16:30:00,61800.0,61894.48,61450.01,61697.88
2024-10-09 17:00:00,61697.7,61749.99,61561.0,61700.0
2024-10-09 17:30:00,61700.0,61700.0,61581.21,61699.0
2024-10-09 18:00:00,61620.06,61699.0,61200.0,61499.98
2024-10-09 18:30:00,61499.95,61499.95,61200.0,61200.0
2024-10-09 19:00:00,61200.0,61230.02,60920.0,61000.0
2024-10-09 19:30:00,61000.0,61100.0,60957.6,61001.39
2024-10-09 20:00:00,61000.38,61091.85,60902.0,60910.0
2024-10-09 20:30:00,60995.95,61700.0,60530.0,60628.78
2024-10-09 21:00:00,60625.0,60809.92,60507.77,60728.26
2024-10-09 21:30:00,60809.92,61009.99,60700.03,60965.0
2024-10-09 22:00:00,60979.99,60979.99,60751.0,60799.89
2024-10-09 22:30:00,60799.6,60800.0,60750.0,60800.0
2024-10-09 23:00:00,60799.99,60799.99,60555.0,60555.03
2024-10-09 23:30:00,60555.03,60797.21,60555.03,60700.88
2024-10-10 00:00:00,60700.88,60799.96,60500.0,60500.0
2024-10-10 00:30:00,60499.99,60668.26,60401.0,60660.39
2024-10-10 01:00:00,60660.39,60728.26,60502.01,60728.26
2024-10-10 01:30:00,60728.26,60800.0,60516.72,60663.16
2024-10-10 02:00:00,60799.51,60950.09,60595.1,60799.98
2024-10-10 02:30:00,60799.98,60999.99,60799.98,60808.92
2024-10-10 03:00:00,60808.92,60950.0,60808.92,60900.0
2024-10-10 03:30:00,60900.0,60999.92,60900.0,60969.96
2024-10-10 04:00:00,60969.96,60990.26,60800.09,60801.48
2024-10-10 04:30:00,60801.48,60953.63,60801.48,60898.96
2024-10-10 05:00:00,60898.96,60898.96,60801.0,60805.01
2024-10-10 05:30:00,60810.01,60999.98,60805.01,60999.88
2024-10-10 06:00:00,60999.88,61200.0,60902.19,61126.95
2024-10-10 06:30:00,61126.99,61199.99,60957.27,60998.26
2024-10-10 07:00:00,61000.08,61000.08,60950.02,61000.0
2024-10-10 07:30:00,60902.09,60999.99,60808.0,60950.0
2024-10-10 08:00:00,60818.2,60989.0,60818.0,60930.0
2024-10-10 08:30:00,60930.0,61000.08,60810.0,60869.99
2024-10-10 09:00:00,60818.0,60899.99,60606.01,60606.02
2024-10-10 09:30:00,60606.01,60876.38,60606.01,60849.0
2024-10-10 10:00:00,60848.0,61000.08,60760.38,60977.0
2024-10-10 10:30:00,60977.0,61199.0,60900.0,61067.99
2024-10-10 11:00:00,61067.99,61199.99,60985.01,61100.58
2024-10-10 11:30:00,61100.01,61387.92,61090.0,61348.42
2024-10-10 12:00:00,61348.32,61348.32,61150.01,61230.0
2024-10-10 12:30:00,61106.76,61174.41,60704.01,60761.54
2024-10-10 13:00:00,60762.1,61012.88,60762.1,61000.0
2024-10-10 13:30:00,61013.0,61013.0,60606.01,60670.01
2024-10-10 14:00:00,60949.0,61000.0,60606.01,60887.83
2024-10-10 14:30:00,60887.83,60887.83,60600.0,60600.0
2024-10-10 15:00:00,60600.0,60765.34,60481.0,60481.01
2024-10-10 15:30:00,60481.0,60796.91,60450.0,60650.08
2024-10-10 16:00:00,60800.0,60881.62,60600.0,60600.0
2024-10-10 16:30:00,60600.0,60655.42,60322.02,60350.0
2024-10-10 17:00:00,60350.0,60400.0,60080.0,60387.85
2024-10-10 17:30:00,60140.24,60854.97,59610.0,59615.0
2024-10-10 18:00:00,59615.1,60000.0,59100.0,59150.0
2024-10-10 18:30:00,59114.5,59848.99,59114.5,59420.0
2024-10-10 19:00:00,59549.99,59646.0,59422.03,59564.0
2024-10-10 19:30:00,59435.41,59664.0,59435.41,59664.0
2024-10-10 20:00:00,59661.0,59989.99,59600.0,59670.0
2024-10-10 20:30:00,59670.0,59999.95,59601.1,59771.12
2024-10-10 21:00:00,59770.0,59922.19,59632.09,59922.19
2024-10-10 21:30:00,59955.0,60182.99,59852.0,60182.79
2024-10-10 22:00:00,60182.69,60183.0,59843.5,59902.97
2024-10-10 22:30:00,60000.0,60111.7,59916.93,60111.5
2024-10-10 23:00:00,60111.5,60183.0,60111.5,60183.0
2024-10-10 23:30:00,60183.0,60215.0,59800.0,60119.3
2024-10-11 00:00:00,60213.13,60250.0,59881.41,60026.92
2024-10-11 00:30:00,60026.92,60199.76,59881.61,59985.0
2024-10-11 01:00:00,60190.53,60190.53,59954.86,60060.0
2024-10-11 01:30:00,59994.24,60400.0,59954.86,60400.0
2024-10-11 02:00:00,60400.0,60400.0,60052.87,60299.39
2024-10-11 02:30:00,60299.39,60399.0,60201.72,60209.03
2024-10-11 03:00:00,60209.03,60399.0,60209.03,60399.0
2024-10-11 03:30:00,60399.0,60399.5,60301.42,60301.42
2024-10-11 04:00:00,60301.42,60399.5,60301.42,60302.44
2024-10-11 04:30:00,60302.44,60400.0,60200.03,60400.0
2024-10-11 05:00:00,60400.0,60500.0,60300.01,60300.05
2024-10-11 05:30:00,60300.05,60500.0,60300.0,60473.17
2024-10-11 06:00:00,60473.17,60500.0,60367.09,60499.99
2024-10-11 06:30:00,60480.0,60789.0,60480.0,60521.01
2024-10-11 07:00:00,60665.91,60750.0,60521.12,60698.0
2024-10-11 07:30:00,60698.0,60898.99,60600.0,60600.03
2024-10-11 08:00:00,60600.03,60800.0,60600.03,60749.67
2024-10-11 08:30:00,60702.0,60739.0,60522.16,60735.92
2024-10-11 09:00:00,60734.89,60900.0,60522.21,60852.7
2024-10-11 09:30:00,60850.0,60925.0,60662.01,60925.0
2024-10-11 10:00:00,60950.0,61085.0,60650.03,60899.82
2024-10-11 10:30:00,60700.03,60999.78,60700.0,60989.58
2024-10-11 11:00:00,60989.58,60997.0,60849.29,60979.94
2024-10-11 11:30:00,60852.1,60900.0,60852.1,60900.0
2024-10-11 12:00:00,60900.0,61000.0,60853.0,60990.0
2024-10-11 12:30:00,60990.0,61199.97,60878.23,61199.97
2024-10-11 13:00:00,61147.86,61400.0,61100.0,61119.07
2024-10-11 13:30:00,61337.65,61790.0,61211.0,61550.0
2024-10-11 14:00:00,61550.02,61900.0,61383.19,61690.02
2024-10-11 14:30:00,61690.02,61775.5,61480.0,61600.01
2024-10-11 15:00:00,61600.0,61990.0,61485.0,61882.9
2024-10-11 15:30:00,61841.89,61949.99,61655.0,61944.83
2024-10-11 16:00:00,61944.83,61944.83,61784.36,61899.0
2024-10-11 16:30:00,61801.03,61989.99,61702.44,61800.0
2024-10-11 17:00:00,61800.0,61987.0,61720.0,61948.0
2024-10-11 17:30:00,61949.88,62500.0,61948.0,62400.0
2024-10-11 18:00:00,62400.0,62474.0,62120.03,62326.54
2024-10-11 18:30:00,62326.54,62475.84,62326.54,62367.0
2024-10-11 19:00:00,62395.02,62944.0,62367.0,62690.39
2024-10-11 19:30:00,62690.39,62797.9,62337.66,62574.0
2024-10-11 20:00:00,62580.0,62699.0,62338.0,62455.83
2024-10-11 20:30:00,62499.0,62579.67,62339.03,62507.77
2024-10-11 21:00:00,62507.77,62695.0,62486.91,62600.0
2024-10-11 21:30:00,62585.83,62647.0,62401.0,62417.8
2024-10-11 22:00:00,62417.8,62417.8,62085.0,62085.0
2024-10-11 22:30:00,62100.0,62100.0,62003.0,62038.67
2024-10-11 23:00:00,62038.67,62548.72,62003.0,62297.68
2024-10-11 23:30:00,62297.66,62398.62,62200.01,62200.01
2024-10-12 00:00:00,62200.01,62385.81,62200.01,62300.0
2024-10-12 00:30:00,62300.0,62410.05,62300.0,62410.05
2024-10-12 01:00:00,62410.05,62647.0,62342.63,62639.75
2024-10-12 01:30:00,62639.75,62639.75,62249.99,62250.07
2024-10-12 02:00:00,62250.07,62400.0,62201.52,62201.52
2024-10-12 02:30:00,62201.52,62270.0,62200.01,62200.01
2024-10-12 03:00:00,62200.01,62200.01,62083.25,62199.97
2024-10-12 03:30:00,62199.97,62200.0,62060.71,62100.93
2024-10-12 04:00:00,62101.93,62198.0,62101.93,62198.0
2024-10-12 04:30:00,62184.44,62200.0,62123.17,62123.17
2024-10-12 05:00:00,62130.0,62270.0,62130.0,62220.01
2024-10-12 05:30:00,62268.99,62479.0,62221.0,62458.0
2024-10-12 06:00:00,62452.0,62458.0,62330.0,62392.0
2024-10-12 06:30:00,62469.99,62480.0,62200.0,62208.0
2024-10-12 07:00:00,62208.0,62390.0,62195.56,62243.24
2024-10-12 07:30:00,62398.96,62400.0,62196.16,62355.0
2024-10-12 08:00:00,62301.82,62355.0,62300.0,62310.65
2024-10-12 08:30:00,62314.53,62353.9,62314.52,62315.0
2024-10-12 09:00:00,62315.0,62353.8,62315.0,62315.0
2024-10-12 09:30:00,62315.0,62487.71,62315.0,62477.0
2024-10-12 10:00:00,62400.2,62600.0,62400.2,62506.0
2024-10-12 10:30:00,62506.0,62599.95,62401.04,62548.99
2024-10-12 11:00:00,62585.0,62780.0,62544.01,62779.99
2024-10-12 11:30:00,62779.99,62780.0,62600.0,62668.0
2024-10-12 12:00:00,62649.0,62649.0,62415.02,62415.03
2024-10-12 12:30:00,62415.02,62574.0,62363.0,62548.0
2024-10-12 13:00:00,62548.0,62667.0,62300.0,62584.13
2024-10-12 13:30:00,62584.13,62665.0,62400.0,62593.85
2024-10-12 14:00:00,62593.85,62794.0,62563.57,62777.0
2024-10-12 14:30:00,62777.0,62897.0,62649.76,62813.21
2024-10-12 15:00:00,62813.21,62990.0,62769.71,62990.0
2024-10-12 15:30:00,62990.0,62990.0,62601.0,62682.0
2024-10-12 16:00:00,62682.0,62930.0,62658.3,62727.91
2024-10-12 16:30:00,62727.91,62727.91,62636.06,62637.06
2024-10-12 17:00:00,62630.0,62800.0,62606.37,62763.56
2024-10-12 17:30:00,62763.56,62795.68,62608.65,62617.59
2024-10-12 18:00:00,62617.59,62679.13,62507.36,62507.36
2024-10-12 18:30:00,62507.36,62640.23,62390.0,62466.55
2024-10-12 19:00:00,62481.84,62640.21,62466.55,62600.0
2024-10-12 19:30:00,62572.41,62640.21,62400.0,62532.19
2024-10-12 20:00:00,62532.19,62900.0,62532.19,62648.0
2024-10-12 20:30:00,62760.0,62795.0,62577.17,62577.17
2024-10-12 21:00:00,62648.0,62799.01,62577.17,62706.36
2024-10-12 21:30:00,62799.01,62800.0,62645.0,62645.0
2024-10-12 22:00:00,62645.0,62799.95,62550.0,62799.95
2024-10-12 22:30:00,62791.36,62850.0,62753.53,62850.0
2024-10-12 23:00:00,62850.0,62857.0,62803.18,62857.0
2024-10-12 23:30:00,62857.0,62857.0,62727.41,62727.42
2024-10-13 00:00:00,62740.92,62900.0,62735.75,62899.0
2024-10-13 00:30:00,62899.0,62899.0,62580.08,62895.54
2024-10-13 01:00:00,62895.54,62895.54,62735.6,62735.6
2024-10-13 01:30:00,62735.6,62735.6,62550.01,62550.01
2024-10-13 02:00:00,62550.01,62600.01,62501.0,62600.01
2024-10-13 02:30:00,62599.89,62599.89,62501.36,62501.36
2024-10-13 03:00:00,62501.36,62502.32,62420.0,62420.01
2024-10-13 03:30:00,62420.01,62420.01,62233.0,62313.01
2024-10-13 04:00:00,62313.01,62379.17,62241.54,62379.17
2024-10-13 04:30:00,62490.0,62502.36,62342.72,62502.36
2024-10-13 05:00:00,62502.36,62544.99,62365.0,62496.64
2024-10-13 05:30:00,62496.64,62530.0,62400.0,62468.0
2024-10-13 06:00:00,62401.0,62489.0,62400.0,62406.77
2024-10-13 06:30:00,62406.77,62555.0,62401.81,62455.0
2024-10-13 07:00:00,62455.0,62549.99,62415.0,62415.0
2024-10-13 07:30:00,62415.0,62415.0,62293.07,62400.0
2024-10-13 08:00:00,62400.0,62490.0,62296.01,62490.0
2024-10-13 08:30:00,62451.06,62479.0,62347.79,62347.79
2024-10-13 09:00:00,62347.79,62383.44,62324.25,62328.0
2024-10-13 09:30:00,62328.01,62429.9,62297.0,62399.0
2024-10-13 10:00:00,62399.0,62399.0,62297.0,62338.36
2024-10-13 10:30:00,62338.36,62380.0,62217.9,62229.0
2024-10-13 11:00:00,62284.04,62284.04,62155.0,62155.0
2024-10-13 11:30:00,62155.0,62428.95,62131.01,62151.11
2024-10-13 12:00:00,62151.43,62298.38,62151.43,62222.36
2024-10-13 12:30:00,62250.0,62274.0,62167.86,62249.0
2024-10-13 13:00:00,62247.0,62298.5,62179.67,62298.5
2024-10-13 13:30:00,62298.5,62399.99,62156.0,62220.0
2024-10-13 14:00:00,62191.11,62298.99,62156.0,62187.98
2024-10-13 14:30:00,62187.98,62187.98,61950.0,61950.0
2024-10-13 15:00:00,61930.0,61980.0,61670.0,61788.93
2024-10-13 15:30:00,61730.0,61900.0,61664.21,61883.0
2024-10-13 16:00:00,61900.0,62100.0,61794.74,62100.0
2024-10-13 16:30:00,62100.0,62289.0,62100.0,62200.01
2024-10-13 17:00:00,62200.01,62498.98,62200.01,62400.01
2024-10-13 17:30:00,62400.01,62460.0,62039.17,62039.17
2024-10-13 18:00:00,62039.16,62107.9,61931.72,62099.88
2024-10-13 18:30:00,62099.88,62210.99,61931.9,62000.0
2024-10-13 19:00:00,61961.11,62187.0,61961.11,62178.13
2024-10-13 19:30:00,62086.43,62279.97,62086.43,62260.31
2024-10-13 20:00:00,62260.31,62374.98,62164.48,62275.0
2024-10-13 20:30:00,62270.0,62459.99,62165.87,62297.01
2024-10-13 21:00:00,62295.06,62397.0,62280.07,62356.63
2024-10-13 21:30:00,62356.63,62500.0,62356.63,62430.0
2024-10-13 22:00:00,62430.0,62690.99,62428.82,62638.86
2024-10-13 22:30:00,62638.86,62638.86,62380.12,62395.0
2024-10-13 23:00:00,62599.8,62599.8,62280.97,62368.71
2024-10-13 23:30:00,62368.71,62571.81,62364.87,62407.17
2024-10-14 00:00:00,62407.17,62407.19,62358.91,62358.91
2024-10-14 00:30:00,62358.91,62358.91,62200.0,62350.0
2024-10-14 01:00:00,62358.61,62587.86,62250.0,62283.27
2024-10-14 01:30:00,62308.4,62449.89,62200.0,62200.0
2024-10-14 02:00:00,62200.0,62300.0,62200.0,62300.0
2024-10-14 02:30:00,62300.0,62400.0,62299.0,62299.0
2024-10-14 03:00:00,62399.89,62780.0,62399.89,62778.0
2024-10-14 03:30:00,62769.99,63880.0,62732.87,63804.72
2024-10-14 04:00:00,63816.54,64078.56,63610.0,63800.0
2024-10-14 04:30:00,63800.0,63947.0,63660.14,63660.14
2024-10-14 05:00:00,63660.22,63894.0,63333.0,63475.0
2024-10-14 05:30:00,63475.0,63500.0,63342.19,63475.0
2024-10-14 06:00:00,63464.22,63700.0,63364.22,63664.61
2024-10-14 06:30:00,63664.61,63762.0,63582.09,63657.99
2024-10-14 07:00:00,63650.0,63662.0,63410.01,63656.66
2024-10-14 07:30:00,63655.01,64150.0,63606.52,64138.0
2024-10-14 08:00:00,64130.0,64300.0,64029.63,64180.0
2024-10-14 08:30:00,64180.0,64180.0,63700.03,64000.0
2024-10-14 09:00:00,64000.0,64213.24,63900.0,64125.0
2024-10-14 09:30:00,64125.0,64356.0,64114.24,64299.43
2024-10-14 10:00:00,64299.43,64485.0,64100.03,64484.0
2024-10-14 10:30:00,64484.0,64500.0,64200.0,64407.97
2024-10-14 11:00:00,64386.02,64500.0,64000.02,64452.95
2024-10-14 11:30:00,64499.0,64644.0,64327.0,64446.4
2024-10-14 12:00:00,64446.4,64450.0,64200.01,64306.68
2024-10-14 12:30:00,64286.82,64550.0,64286.82,64500.0
2024-10-14 13:00:00,64479.99,64518.0,64216.42,64430.0
2024-10-14 13:30:00,64244.82,64850.0,64030.0,64711.63
2024-10-14 14:00:00,64711.63,65400.0,64711.63,65400.0
2024-10-14 14:30:00,65400.0,65690.0,64950.0,65569.99
2024-10-14 15:00:00,65550.0,65550.0,65270.0,65512.98
2024-10-14 15:30:00,65512.98,65550.0,65017.3,65546.15
2024-10-14 16:00:00,65546.15,65546.15,65020.0,65200.38
2024-10-14 16:30:00,65200.38,65350.0,65200.38,65319.99
2024-10-14 17:00:00,65219.0,65300.0,65086.18,65100.78
2024-10-14 17:30:00,65092.24,65375.0,64900.0,65193.64
2024-10-14 18:00:00,65193.64,65419.95,65193.64,65394.21
2024-10-14 18:30:00,65394.21,65498.99,65230.0,65339.4
2024-10-14 19:00:00,65339.4,65550.0,65268.3,65350.0
2024-10-14 19:30:00,65350.0,65565.0,65340.0,65540.09
2024-10-14 20:00:00,65540.09,65540.09,65376.77,65540.0
2024-10-14 20:30:00,65565.0,65600.0,65386.01,65451.51
2024-10-14 21:00:00,65451.51,65500.0,65050.0,65292.23
2024-10-14 21:30:00,65325.3,65466.0,65051.04,65296.5
2024-10-14 22:00:00,65284.98,65700.0,65055.0,65699.99
2024-10-14 22:30:00,65700.0,65850.0,65550.51,65850.0
2024-10-14 23:00:00,65720.0,66000.0,65712.77,65712.77
2024-10-14 23:30:00,65712.77,65949.86,65500.0,65585.56
2024-10-15 00:00:00,65586.01,65888.0,65500.01,65887.97
2024-10-15 00:30:00,65887.97,65887.97,65500.01,65508.1
2024-10-15 01:00:00,65508.1,65796.96,65508.1,65620.0
2024-10-15 01:30:00,65619.97,65720.0,65501.05,65625.03
2024-10-15 02:00:00,65625.14,65625.14,65357.0,65568.95
2024-10-15 02:30:00,65568.72,65568.72,65244.17,65250.0
2024-10-15 03:00:00,65250.0,65463.78,65054.0,65145.76
2024-10-15 03:30:00,65145.76,65179.99,64901.1,64915.0
2024-10-15 04:00:00,64915.0,65144.47,64800.0,65099.59
2024-10-15 04:30:00,65099.6,65300.0,65099.59,65295.0
2024-10-15 05:00:00,65295.0,65300.0,64900.0,64900.0
2024-10-15 05:30:00,64900.0,65000.0,64677.0,65000.0
2024-10-15 06:00:00,64998.94,65110.0,64810.0,65039.32
2024-10-15 06:30:00,65039.32,65150.0,64911.42,65150.0
2024-10-15 07:00:00,65112.3,65369.0,65112.3,65331.0
2024-10-15 07:30:00,65345.0,65400.0,65331.0,65350.0
2024-10-15 08:00:00,65350.0,65399.0,65331.0,65397.0
2024-10-15 08:30:00,65331.11,65393.0,65261.0,65261.0
2024-10-15 09:00:00,65261.02,65288.0,65200.0,65285.0
2024-10-15 09:30:00,65285.0,65285.0,65200.0,65280.9
2024-10-15 10:00:00,65280.9,65300.0,65200.01,65274.0
2024-10-15 10:30:00,65273.0,65273.0,65200.08,65224.11
2024-10-15 11:00:00,65224.11,65249.0,64950.11,64950.21
2024-10-15 11:30:00,64950.25,65192.0,64838.13,64838.14
2024-10-15 12:00:00,64838.13,65169.99,64838.13,65093.0
2024-10-15 12:30:00,65150.0,65444.0,65092.34,65410.0
2024-10-15 13:00:00,65410.0,65500.0,65350.0,65457.96
2024-10-15 13:30:00,65457.96,67000.0,65441.78,67000.0
2024-10-15 14:00:00,67000.0,67228.0,66212.0,66600.0
2024-10-15 14:30:00,66600.0,66600.01,65099.0,65150.0
2024-10-15 15:00:00,65150.0,65421.0,64500.0,65420.0
2024-10-15 15:30:00,65420.0,66000.0,65411.0,65674.9
2024-10-15 16:00:00,65674.8,66298.0,65674.8,66070.1
2024-10-15 16:30:00,66150.0,66675.0,66150.0,66400.0
2024-10-15 17:00:00,66400.0,66594.0,66038.3,66101.1
2024-10-15 17:30:00,66100.0,66441.1,66099.0,66400.0
2024-10-15 18:00:00,66410.0,66970.0,66090.0,66687.0
2024-10-15 18:30:00,66686.31,66705.0,66450.01,66544.0
2024-10-15 19:00:00,66543.81,66589.97,66227.14,66349.08
2024-10-15 19:30:00,66349.08,66539.0,66205.3,66488.5
2024-10-15 20:00:00,66488.5,66540.0,66205.0,66300.0
2024-10-15 20:30:00,66371.0,66500.0,66099.94,66100.0
2024-10-15 21:00:00,66100.0,66120.0,65888.0,66024.67
2024-10-15 21:30:00,66024.67,66199.94,65891.0,65959.05
2024-10-15 22:00:00,65959.0,66313.73,65959.0,66313.73
2024-10-15 22:30:00,66388.0,66406.88,66100.05,66294.77
2024-10-15 23:00:00,66294.77,66399.0,66207.74,66395.97
2024-10-15 23:30:00,66395.0,66650.0,66208.06,66501.21
2024-10-16 00:00:00,66501.21,66650.0,66425.84,66589.94
2024-10-16 00:30:00,66589.94,66589.94,66332.32,66400.0
2024-10-16 01:00:00,66400.0,66995.0,66209.01,66982.82
2024-10-16 01:30:00,66987.78,66994.99,66777.0,66875.37
2024-10-16 02:00:00,66875.37,67000.0,66804.47,66858.83
2024-10-16 02:30:00,66858.83,66960.0,66756.91,66848.86
2024-10-16 03:00:00,66822.74,66822.74,66212.64,66798.72
2024-10-16 03:30:00,66798.44,66798.69,66611.23,66671.0
2024-10-16 04:00:00,66798.33,66798.33,66532.49,66559.4
2024-10-16 04:30:00,66559.4,66656.0,66412.05,66505.48
2024-10-16 05:00:00,66505.48,66638.0,66483.34,66634.0
2024-10-16 05:30:00,66634.0,66937.86,66634.0,66730.0
2024-10-16 06:00:00,66730.0,66885.67,66691.1,66796.83
2024-10-16 06:30:00,66691.2,66788.93,66538.27,66649.17
2024-10-16 07:00:00,66587.3,66649.17,66310.45,66385.33
2024-10-16 07:30:00,66450.0,66500.0,66363.18,66489.79
2024-10-16 08:00:00,66489.79,66660.0,66442.52,66660.0
2024-10-16 08:30:00,66660.0,66897.0,66660.0,66896.97
2024-10-16 09:00:00,66842.46,66842.46,66682.46,66785.0
2024-10-16 09:30:00,66841.9,66950.0,66785.0,66949.94
2024-10-16 10:00:00,66950.0,67230.0,66900.2,67230.0
2024-10-16 10:30:00,67145.67,67400.0,67145.67,67399.99
2024-10-16 11:00:00,67398.0,67750.0,67242.0,67745.0
2024-10-16 11:30:00,67745.0,67990.0,67500.0,67510.0
2024-10-16 12:00:00,67508.03,67685.95,67325.4,67464.9
2024-10-16 12:30:00,67401.99,67499.0,67313.0,67313.0
2024-10-16 13:00:00,67313.0,67484.9,67252.01,67289.0
2024-10-16 13:30:00,67290.0,67479.0,66750.0,66814.04
2024-10-16 14:00:00,66850.03,67800.0,66850.0,67565.0
2024-10-16 14:30:00,67549.99,67550.0,67062.65,67316.0
2024-10-16 15:00:00,67203.15,67440.0,67067.1,67440.0
2024-10-16 15:30:00,67440.0,67595.0,67250.0,67368.0
2024-10-16 16:00:00,67357.0,67411.99,67000.0,67213.49
2024-10-16 16:30:00,67213.49,67349.99,67046.07,67347.0
2024-10-16 17:00:00,67325.2,67440.0,67000.0,67412.0
2024-10-16 17:30:00,67411.99,67574.0,67336.52,67530.0
2024-10-16 18:00:00,67530.0,67530.0,67400.0,67502.05
2024-10-16 18:30:00,67502.05,67519.0,67315.67,67334.99
2024-10-16 19:00:00,67334.99,67502.05,67251.01,67380.05
2024-10-16 19:30:00,67387.36,67498.95,67000.0,67299.0
2024-10-16 20:00:00,67231.46,67480.0,67200.0,67400.0
2024-10-16 20:30:00,67400.0,67494.64,67351.12,67488.8
2024-10-16 21:00:00,67488.8,67488.8,67100.0,67100.0
2024-10-16 21:30:00,67100.01,67175.0,67053.5,67053.5
2024-10-16 22:00:00,67053.5,67220.0,67050.0,67220.0
2024-10-16 22:30:00,67220.0,67394.87,67168.11,67394.66
2024-10-16 23:00:00,67394.66,67394.87,67231.46,67379.78
2024-10-16 23:30:00,67379.78,67379.78,67231.67,67231.67
2024-10-17 00:00:00,67373.0,67374.0,67169.04,67251.32
2024-10-17 00:30:00,67374.0,67379.79,67350.06,67350.36
2024-10-17 01:00:00,67350.36,67351.0,67260.0,67260.0
2024-10-17 01:30:00,67260.0,67395.0,67100.0,67394.87
2024-10-17 02:00:00,67397.79,67399.97,67050.03,67237.92
2024-10-17 02:30:00,67237.92,67387.97,67200.0,67200.0
2024-10-17 03:00:00,67200.0,67240.84,67000.1,67199.0
2024-10-17 03:30:00,67199.0,67300.0,67089.56,67285.0
2024-10-17 04:00:00,67285.0,67285.0,67058.08,67058.08
2024-10-17 04:30:00,67058.08,67200.0,66900.0,66900.0
2024-10-17 05:00:00,66900.0,66999.85,66800.1,66847.67
2024-10-17 05:30:00,66822.64,66980.0,66822.64,66852.43
2024-10-17 06:00:00,66852.44,66990.0,66850.0,66884.71
2024-10-17 06:30:00,66884.71,66999.0,66884.71,66930.0
2024-10-17 07:00:00,66885.0,66929.96,66501.01,66600.0
2024-10-17 07:30:00,66711.23,66849.0,66600.0,66849.0
2024-10-17 08:00:00,66849.0,66988.97,66738.44,66738.44
2024-10-17 08:30:00,66800.0,66950.0,66797.72,66950.0
2024-10-17 09:00:00,66950.0,66988.97,66941.23,66952.46
2024-10-17 09:30:00,66984.99,66985.0,66800.0,66870.0
2024-10-17 10:00:00,66870.0,66870.0,66793.0,66806.0
2024-10-17 10:30:00,66750.0,66806.0,66400.0,66628.0
2024-10-17 11:00:00,66628.0,66806.0,66519.09,66654.91
2024-10-17 11:30:00,66521.0,66600.0,66335.78,66395.0
2024-10-17 12:00:00,66350.0,66600.0,66316.0,66501.11
2024-10-17 12:30:00,66501.11,66700.0,66501.11,66637.99
2024-10-17 13:00:00,66637.99,66787.97,66525.04,66531.0
2024-10-17 13:30:00,66567.02,66870.0,66342.0,66806.0
2024-10-17 14:00:00,66591.41,66785.99,66400.0,66401.0
2024-10-17 14:30:00,66410.0,66749.0,66355.14,66673.3
2024-10-17 15:00:00,66673.4,66748.99,66526.83,66669.99
2024-10-17 15:30:00,66669.99,67110.0,66669.0,67110.0
2024-10-17 16:00:00,67110.0,67150.0,66888.0,67047.9
2024-10-17 16:30:00,67047.9,67047.9,66888.0,66912.0
2024-10-17 17:00:00,66910.0,66999.0,66888.0,66888.0
2024-10-17 17:30:00,66898.0,67150.0,66841.01,66855.01
2024-10-17 18:00:00,66855.01,66925.0,66316.0,66500.0
2024-10-17 18:30:00,66500.0,66691.0,66401.01,66412.26
2024-10-17 19:00:00,66574.0,66600.0,66412.02,66452.27
2024-10-17 19:30:00,66452.27,66490.0,66372.12,66401.0
2024-10-17 20:00:00,66400.0,66798.88,66351.0,66680.0
2024-10-17 20:30:00,66880.0,67000.0,66534.08,66535.0
2024-10-17 21:00:00,66500.01,66680.0,66425.8,66677.0
2024-10-17 21:30:00,66582.64,66886.99,66537.45,66650.0
2024-10-17 22:00:00,66650.0,66898.87,66650.0,66842.7
2024-10-17 22:30:00,66848.66,66965.0,66848.66,66965.0
2024-10-17 23:00:00,66965.0,66965.0,66848.66,66859.19
2024-10-17 23:30:00,66859.19,66928.1,66848.26,66928.1
2024-10-18 00:00:00,66928.0,66966.0,66848.26,66966.0
2024-10-18 00:30:00,66966.0,66966.0,66789.77,66793.63
2024-10-18 01:00:00,66793.63,67200.0,66793.63,67200.0
2024-10-18 01:30:00,67200.0,67588.0,67184.2,67575.54
2024-10-18 02:00:00,67575.54,67652.2,67355.09,67605.49
2024-10-18 02:30:00,67605.49,67800.0,67520.0,67705.0
2024-10-18 03:00:00,67705.0,67800.0,67520.0,67698.68
2024-10-18 03:30:00,67521.0,67550.45,67300.0,67300.0
2024-10-18 04:00:00,67300.0,67540.0,67005.01,67517.0
2024-10-18 04:30:00,67517.0,67693.37,67480.0,67480.0
2024-10-18 05:00:00,67480.0,67621.03,67202.0,67500.0
2024-10-18 05:30:00,67609.95,67700.0,67339.79,67520.06
2024-10-18 06:00:00,67521.06,67950.0,67521.0,67940.0
2024-10-18 06:30:00,67940.0,67950.0,67809.99,67936.94
2024-10-18 07:00:00,67828.37,67936.97,67400.0,67899.89
2024-10-18 07:30:00,67899.89,67900.0,67267.01,67665.0
2024-10-18 08:00:00,67610.18,67799.96,67533.03,67560.0
2024-10-18 08:30:00,67560.0,67694.0,67533.05,67680.0
2024-10-18 09:00:00,67680.0,67700.0,67548.01,67696.61
2024-10-18 09:30:00,67561.06,67688.0,67533.05,67533.05
2024-10-18 10:00:00,67533.05,67585.0,67455.0,67458.02
2024-10-18 10:30:00,67500.0,67680.0,67417.0,67428.15
2024-10-18 11:00:00,67428.15,67548.0,67401.56,67416.0
2024-10-18 11:30:00,67416.0,67425.0,67305.44,67419.0
2024-10-18 12:00:00,67310.0,67425.0,67310.0,67320.0
2024-10-18 12:30:00,67425.0,67450.0,67201.2,67250.0
2024-10-18 13:00:00,67223.0,67597.43,67222.0,67361.05
2024-10-18 13:30:00,67400.0,67700.0,67361.08,67592.02
2024-10-18 14:00:00,67670.0,67950.0,67473.47,67700.0
2024-10-18 14:30:00,67700.0,67990.0,67557.06,67989.0
2024-10-18 15:00:00,67914.56,67990.0,67824.9,67945.0
2024-10-18 15:30:00,67988.0,68398.0,67945.06,68250.0
2024-10-18 16:00:00,68357.0,68357.0,67700.01,68192.83
2024-10-18 16:30:00,68192.83,68400.0,68000.0,68320.0
2024-10-18 17:00:00,68318.4,68400.0,68279.18,68388.8
2024-10-18 17:30:00,68388.8,68399.9,68280.07,68380.0
2024-10-18 18:00:00,68325.0,68398.97,68130.13,68282.06
2024-10-18 18:30:00,68282.06,68499.08,68001.01,68326.44
2024-10-18 19:00:00,68326.44,68493.99,68326.44,68419.0
2024-10-18 19:30:00,68475.0,68480.0,68094.48,68117.91
2024-10-18 20:00:00,68117.92,68315.0,68101.0,68105.0
2024-10-18 20:30:00,68190.0,68327.99,68089.77,68089.77
2024-10-18 21:00:00,68089.77,68287.95,68089.77,68277.0
2024-10-18 21:30:00,68117.0,68268.88,67900.0,67958.0
2024-10-18 22:00:00,67958.0,68226.59,67900.0,68179.88
2024-10-18 22:30:00,68179.82,68179.82,67850.0,67850.0
2024-10-18 23:00:00,67815.0,68218.56,67800.0,68217.0
2024-10-18 23:30:00,68217.0,68217.0,67949.54,68188.89
2024-10-19 00:00:00,68187.95,68199.97,67988.33,68099.99
2024-10-19 00:30:00,68099.99,68156.97,68025.13,68027.49
2024-10-19 01:00:00,68027.49,68197.97,68025.48,68160.0
2024-10-19 01:30:00,68160.0,68160.0,68025.64,68139.91
2024-10-19 02:00:00,68139.91,68300.0,68040.04,68224.17
2024-10-19 02:30:00,68224.17,68300.0,68033.41,68130.0
2024-10-19 03:00:00,68130.0,68403.0,68130.0,68329.0
2024-10-19 03:30:00,68329.0,68400.96,68200.3,68200.36
2024-10-19 04:00:00,68200.36,68354.81,67900.0,68000.0
2024-10-19 04:30:00,67900.0,68000.0,67889.72,67908.0
2024-10-19 05:00:00,67908.0,67999.3,67908.0,67918.01
2024-10-19 05:30:00,67918.01,67950.0,67909.0,67909.05
2024-10-19 06:00:00,67947.9,67947.9,67900.01,67944.9
2024-10-19 06:30:00,67944.9,67950.0,67842.75,67851.99
2024-10-19 07:00:00,67851.99,67950.0,67699.0,67901.24
2024-10-19 07:30:00,67950.0,67950.0,67812.57,67950.0
2024-10-19 08:00:00,67950.0,67950.0,67731.0,67899.0
2024-10-19 08:30:00,67899.0,68000.0,67871.55,67915.0
2024-10-19 09:00:00,67915.0,67979.0,67906.4,67940.0
2024-10-19 09:30:00,67930.0,67960.0,67895.0,67960.0
2024-10-19 10:00:00,67960.0,67980.0,67782.28,67782.28
2024-10-19 10:30:00,67782.28,67899.99,67750.0,67860.0
2024-10-19 11:00:00,67795.0,67932.0,67760.0,67760.0
2024-10-19 11:30:00,67758.15,67759.0,67610.0,67611.0
2024-10-19 12:00:00,67611.0,67850.0,67605.62,67850.0
2024-10-19 12:30:00,67850.0,67850.0,67665.2,67849.5
2024-10-19 13:00:00,67849.5,67849.5,67710.0,67710.0
2024-10-19 13:30:00,67710.0,67819.0,67671.46,67798.0
2024-10-19 14:00:00,67798.0,67849.5,67675.0,67790.0
2024-10-19 14:30:00,67849.5,67999.0,67790.0,67809.12
2024-10-19 15:00:00,67809.11,67996.0,67809.1,67820.01
2024-10-19 15:30:00,67816.36,67820.01,67717.04,67797.0
2024-10-19 16:00:00,67820.0,67990.0,67717.04,67900.0
2024-10-19 16:30:00,67801.0,67949.0,67671.46,67797.06
2024-10-19 17:00:00,67797.06,67844.93,67696.0,67712.19
2024-10-19 17:30:00,67800.0,67836.9,67715.0,67730.0
2024-10-19 18:00:00,67730.0,67757.0,67662.03,67718.0
2024-10-19 18:30:00,67718.0,67799.0,67599.0,67765.0
2024-10-19 19:00:00,67756.0,67829.0,67756.0,67827.0
2024-10-19 19:30:00,67827.0,67828.0,67700.0,67700.0
2024-10-19 20:00:00,67786.98,67786.98,67685.36,67779.0
2024-10-19 20:30:00,67779.0,67813.99,67718.43,67780.1
2024-10-19 21:00:00,67785.0,67808.49,67780.0,67808.49
2024-10-19 21:30:00,67808.98,67809.0,67780.0,67780.0
2024-10-19 22:00:00,67780.0,67800.0,67763.11,67780.0
2024-10-19 22:30:00,67763.11,67949.97,67763.11,67850.4
2024-10-19 23:00:00,67850.51,67999.0,67850.51,67950.0
2024-10-19 23:30:00,67950.0,67987.0,67860.0,67865.0
2024-10-20 00:00:00,67865.0,67950.0,67865.0,67929.34
2024-10-20 00:30:00,67929.34,67999.98,67865.0,67900.0
2024-10-20 01:00:00,67900.0,67934.0,67865.0,67934.0
2024-10-20 01:30:00,67934.0,67934.0,67763.11,67763.11
2024-10-20 02:00:00,67751.0,67896.82,67751.0,67751.0
2024-10-20 02:30:00,67896.64,67896.64,67751.0,67752.19
2024-10-20 03:00:00,67752.19,67752.19,67654.08,67654.08
2024-10-20 03:30:00,67654.08,67713.0,67652.1,67713.0
2024-10-20 04:00:00,67692.72,67894.97,67677.42,67750.0
2024-10-20 04:30:00,67760.0,67896.67,67730.64,67730.64
2024-10-20 05:00:00,67730.64,67878.0,67653.02,67698.47
2024-10-20 05:30:00,67698.47,67896.67,67681.89,67714.0
2024-10-20 06:00:00,67722.6,67751.99,67702.74,67751.99
2024-10-20 06:30:00,67751.99,67980.0,67741.0,67780.0
2024-10-20 07:00:00,67949.69,68100.0,67780.01,68040.0
2024-10-20 07:30:00,68097.0,68100.0,68000.1,68000.11
2024-10-20 08:00:00,68000.11,68105.0,68000.11,68084.0
2024-10-20 08:30:00,68085.0,68100.0,67936.0,67936.02
2024-10-20 09:00:00,67936.0,68000.0,67741.0,67902.73
2024-10-20 09:30:00,67999.99,68000.0,67902.53,67936.99
2024-10-20 10:00:00,67998.7,67998.7,67936.99,67953.77
2024-10-20 10:30:00,67926.76,67997.68,67800.0,67873.04
2024-10-20 11:00:00,67920.0,67947.0,67871.55,67931.0
2024-10-20 11:30:00,67990.0,67999.0,67800.0,67922.99
2024-10-20 12:00:00,67922.99,67995.04,67896.28,67910.0
2024-10-20 12:30:00,67910.0,67995.0,67896.28,67896.28
2024-10-20 13:00:00,67896.28,67996.0,67715.0,67899.0
2024-10-20 13:30:00,67899.0,67996.0,67760.23,67950.1
2024-10-20 14:00:00,67991.0,68238.9,67950.1,68198.7
2024-10-20 14:30:00,68150.0,68320.0,68141.0,68221.0
2024-10-20 15:00:00,68150.0,68296.99,68100.0,68140.99
2024-10-20 15:30:00,68140.99,68249.97,68100.01,68249.09
2024-10-20 16:00:00,68250.0,68299.97,68140.0,68143.0
2024-10-20 16:30:00,68143.0,68248.0,68143.0,68211.0
2024-10-20 17:00:00,68212.0,68248.9,68100.0,68243.0
2024-10-20 17:30:00,68102.09,68240.0,68102.0,68218.0
2024-10-20 18:00:00,68218.0,68240.0,68110.0,68240.0
2024-10-20 18:30:00,68240.0,68250.0,68150.0,68205.09
2024-10-20 19:00:00,68206.0,68280.0,68151.0,68189.0
2024-10-20 19:30:00,68189.0,68189.0,68150.0,68168.39
2024-10-20 20:00:00,68160.0,68168.39,68104.0,68168.39
2024-10-20 20:30:00,68168.93,68500.0,68168.39,68494.0
2024-10-20 21:00:00,68493.0,68495.0,68240.0,68241.06
2024-10-20 21:30:00,68395.97,68395.97,68240.77,68393.0
2024-10-20 22:00:00,68252.0,68524.0,68240.78,68524.0
2024-10-20 22:30:00,68599.85,68900.0,68526.0,68795.04
2024-10-20 23:00:00,68795.04,68795.04,68450.01,68680.0
2024-10-20 23:30:00,68680.0,68789.0,68454.34,68460.1
2024-10-21 00:00:00,68654.79,68900.0,68537.08,68898.51
2024-10-21 00:30:00,68898.51,68900.0,68719.08,68719.09
2024-10-21 01:00:00,68710.0,68889.0,68710.0,68889.0
2024-10-21 01:30:00,68889.0,68943.6,68810.0,68905.0
2024-10-21 02:00:00,68905.0,68943.6,68905.0,68929.91
2024-10-21 02:30:00,68929.91,68929.91,68331.01,68333.05
2024-10-21 03:00:00,68400.0,68449.94,68332.02,68401.0
2024-10-21 03:30:00,68401.0,68630.0,68401.0,68450.56
2024-10-21 04:00:00,68450.77,68600.0,68380.0,68400.0
2024-10-21 04:30:00,68400.0,68649.0,68380.0,68600.0
2024-10-21 05:00:00,68600.0,68749.99,68499.03,68710.0
2024-10-21 05:30:00,68750.0,68790.0,68655.74,68655.74
2024-10-21 06:00:00,68655.74,68785.0,68518.0,68748.0
2024-10-21 06:30:00,68747.99,68748.0,68500.0,68590.0
2024-10-21 07:00:00,68491.0,68500.0,68390.0,68400.0
2024-10-21 07:30:00,68400.0,68448.99,68310.0,68320.76
2024-10-21 08:00:00,68310.0,68370.0,68300.0,68300.0
2024-10-21 08:30:00,68285.0,68285.0,68100.0,68100.0
2024-10-21 09:00:00,68100.0,68199.0,67900.0,67900.01
2024-10-21 09:30:00,67900.01,68102.17,67850.0,67950.0
2024-10-21 10:00:00,67999.99,68102.17,67950.0,68102.15
2024-10-21 10:30:00,68001.0,68102.17,68001.0,68088.0
2024-10-21 11:00:00,68003.0,68102.17,67960.0,68001.0
2024-10-21 11:30:00,68001.0,68101.0,67962.0,68000.1
2024-10-21 12:00:00,68000.1,68087.82,67962.0,67962.02
2024-10-21 12:30:00,67963.02,67963.02,67872.0,67875.0
2024-10-21 13:00:00,67961.99,67962.0,67500.02,67799.97
2024-10-21 13:30:00,67799.96,67799.96,66790.0,67150.0
2024-10-21 14:00:00,67149.97,67161.98,66889.57,67000.0
2024-10-21 14:30:00,67002.1,67445.7,66731.88,67128.94
2024-10-21 15:00:00,67000.03,67123.85,66603.0,66710.06
2024-10-21 15:30:00,66721.0,66950.0,66650.0,66950.0
2024-10-21 16:00:00,66999.0,67000.0,66604.0,66604.0
2024-10-21 16:30:00,66604.0,67122.97,66601.0,67122.97
2024-10-21 17:00:00,67100.0,67300.0,66910.09,67279.0
2024-10-21 17:30:00,67035.34,67382.0,66700.0,67344.0
2024-10-21 18:00:00,67343.95,67343.95,66830.98,66948.75
2024-10-21 18:30:00,66867.0,66940.0,66800.0,66929.73
2024-10-21 19:00:00,66929.73,67400.0,66929.73,67347.0
2024-10-21 19:30:00,67400.0,67498.0,67100.01,67352.0
2024-10-21 20:00:00,67351.22,67440.0,67270.0,67273.0
2024-10-21 20:30:00,67272.0,67398.0,67272.0,67350.0
2024-10-21 21:00:00,67281.0,67440.0,67106.53,67440.0
2024-10-21 21:30:00,67440.0,67440.0,67220.64,67326.0
2024-10-21 22:00:00,67326.0,67440.0,67233.05,67284.19
2024-10-21 22:30:00,67284.19,67400.0,67181.42,67400.0
2024-10-21 23:00:00,67400.0,67400.0,67089.46,67200.0
2024-10-21 23:30:00,67200.0,67200.0,67090.1,67090.1
2024-10-22 00:00:00,67090.1,67198.86,66800.0,66800.01
2024-10-22 00:30:00,66801.4,67150.0,66599.76,66900.72
2024-10-22 01:00:00,66900.72,67049.0,66850.01,67039.0
2024-10-22 01:30:00,67039.0,67199.92,67008.53,67199.92
2024-10-22 02:00:00,67199.92,67489.99,67199.92,67487.99
2024-10-22 02:30:00,67391.58,67488.0,66913.4,66913.52
2024-10-22 03:00:00,66913.52,67247.82,66913.41,67010.0
2024-10-22 03:30:00,67010.0,67100.0,66850.0,66950.0
2024-10-22 04:00:00,67050.0,67200.0,66715.0,67100.37
2024-10-22 04:30:00,67100.37,67246.0,67099.98,67246.0
2024-10-22 05:00:00,67246.0,67390.06,67101.09,67105.01
2024-10-22 05:30:00,67105.01,67342.98,67100.0,67151.0
2024-10-22 06:00:00,67151.0,67297.0,67151.0,67297.0
2024-10-22 06:30:00,67297.0,67338.14,67170.29,67282.0
2024-10-22 07:00:00,67282.0,67338.14,67150.0,67291.0
2024-10-22 07:30:00,67291.0,67340.0,67100.0,67100.0
2024-10-22 08:00:00,67100.0,67179.87,66700.0,66808.87
2024-10-22 08:30:00,66808.87,66808.87,66300.0,66502.0
2024-10-22 09:00:00,66500.0,66699.98,66446.52,66470.0
2024-10-22 09:30:00,66480.0,66649.91,66359.21,66589.96
2024-10-22 10:00:00,66600.0,66647.0,66425.84,66640.0
2024-10-22 10:30:00,66640.0,66800.0,66640.0,66700.0
2024-10-22 11:00:00,66735.0,66920.0,66666.0,66920.0
2024-10-22 11:30:00,66920.0,66994.98,66500.0,66824.03
2024-10-22 12:00:00,66808.05,67000.0,66500.0,66690.48
2024-10-22 12:30:00,66690.48,66799.99,66500.46,66598.9
2024-10-22 13:00:00,66599.0,66699.0,66498.63,66698.0
2024-10-22 13:30:00,66698.0,66698.0,66400.0,66439.95
2024-10-22 14:00:00,66439.95,67045.87,66220.0,66690.01
2024-10-22 14:30:00,66700.0,67180.0,66677.07,67148.77
2024-10-22 15:00:00,67141.7,67185.0,66746.98,66800.99
2024-10-22 15:30:00,66986.45,67155.88,66800.99,66824.43
2024-10-22 16:00:00,66825.0,66826.0,66677.08,66680.32
2024-10-22 16:30:00,66750.0,66979.64,66600.0,66697.99
2024-10-22 17:00:00,66681.0,67050.0,66681.0,67050.0
2024-10-22 17:30:00,66902.82,67049.83,66842.36,66879.0
2024-10-22 18:00:00,66879.0,67049.0,66870.0,67014.79
2024-10-22 18:30:00,67047.0,67047.0,66880.0,66880.0
2024-10-22 19:00:00,66865.84,67073.0,66852.0,67071.69
2024-10-22 19:30:00,67071.69,67123.99,66900.0,67049.84
2024-10-22 20:00:00,67120.0,67130.0,67049.6,67049.6
2024-10-22 20:30:00,67000.7,67150.0,66988.0,67150.0
2024-10-22 21:00:00,67149.0,67160.0,67089.0,67089.0
2024-10-22 21:30:00,67100.0,67143.0,67001.0,67089.0
2024-10-22 22:00:00,67045.37,67207.07,67043.36,67207.07
2024-10-22 22:30:00,67207.07,67339.0,67207.0,67339.0
2024-10-22 23:00:00,67339.0,67340.0,67007.07,67069.5
2024-10-22 23:30:00,67289.93,67289.94,66851.0,67090.49
2024-10-23 00:00:00,67090.49,67204.72,66909.23,66998.68
2024-10-23 00:30:00,66998.68,67011.77,66845.0,67011.77
2024-10-23 01:00:00,67011.77,67036.61,66845.0,67036.33
2024-10-23 01:30:00,67036.4,67169.74,67036.4,67169.64
2024-10-23 02:00:00,67169.64,67198.35,66996.93,66996.93
2024-10-23 02:30:00,66996.93,66996.93,66680.01,66680.01
2024-10-23 03:00:00,66680.01,66699.0,66600.0,66666.0
2024-10-23 03:30:00,66666.0,66799.0,66600.0,66799.0
2024-10-23 04:00:00,66799.0,66800.0,66600.45,66800.0
2024-10-23 04:30:00,66800.0,67090.0,66733.13,67049.99
2024-10-23 05:00:00,67049.97,67049.97,66901.28,67034.82
2024-10-23 05:30:00,67043.94,67043.94,66751.21,66800.0
2024-10-23 06:00:00,66781.21,66989.0,66733.0,66967.66
2024-10-23 06:30:00,66967.66,66967.66,66610.0,66615.03
2024-10-23 07:00:00,66716.02,66971.29,66500.0,66536.11
2024-10-23 07:30:00,66536.11,66640.0,66502.0,66502.02
2024-10-23 08:00:00,66502.02,66697.83,66230.01,66334.09
2024-10-23 08:30:00,66334.09,66589.81,66223.02,66223.02
2024-10-23 09:00:00,66223.02,66288.0,65910.0,65998.0
2024-10-23 09:30:00,66000.0,66200.0,65940.01,66199.96
2024-10-23 10:00:00,66101.06,66250.0,66101.06,66249.0
2024-10-23 10:30:00,66240.0,66249.0,65932.12,65932.12
2024-10-23 11:00:00,65999.99,66150.0,65917.82,66058.23
2024-10-23 11:30:00,66058.23,66196.0,65934.5,65934.5
2024-10-23 12:00:00,65934.5,66100.0,65800.0,65820.0
2024-10-23 12:30:00,65820.0,66200.0,65800.0,66189.82
2024-10-23 13:00:00,65959.92,66189.46,65800.0,66059.23
2024-10-23 13:30:00,66099.0,66430.0,65953.57,66400.0
2024-10-23 14:00:00,66430.0,66482.94,66100.18,66298.0
2024-10-23 14:30:00,66300.0,66580.0,66200.0,66201.0
2024-10-23 15:00:00,66300.53,66300.53,65900.0,65981.88
2024-10-23 15:30:00,65981.85,65981.85,65600.0,65854.0
2024-10-23 16:00:00,65650.02,66589.63,65100.0,65478.0
2024-10-23 16:30:00,65478.0,65750.0,65392.42,65554.94
2024-10-23 17:00:00,65554.94,65699.99,65250.0,65600.02
2024-10-23 17:30:00,65669.96,65669.96,65251.03,65280.0
2024-10-23 18:00:00,65280.0,65391.94,65000.0,65200.0
2024-10-23 18:30:00,65200.0,65850.0,65101.0,65763.89
2024-10-23 19:00:00,65763.89,66088.0,65500.0,66088.0
2024-10-23 19:30:00,66088.0,66589.63,65863.2,66051.0
2024-10-23 20:00:00,66051.0,66497.99,66051.0,66197.06
2024-10-23 20:30:00,66197.05,66469.14,66190.0,66396.99
2024-10-23 21:00:00,66397.0,66397.0,66150.0,66152.0
2024-10-23 21:30:00,66152.0,66289.97,66002.0,66005.0
2024-10-23 22:00:00,66001.14,66200.0,65900.0,66183.91
2024-10-23 22:30:00,66053.87,66199.49,66000.19,66199.42
2024-10-23 23:00:00,66199.42,66400.0,66009.53,66270.01
2024-10-23 23:30:00,66385.0,66600.0,66385.0,66385.0
2024-10-24 00:00:00,66385.0,66499.99,66224.28,66449.96
2024-10-24 00:30:00,66449.96,66800.0,66224.83,66800.0
2024-10-24 01:00:00,66800.0,67398.0,66750.01,67375.98
2024-10-24 01:30:00,67137.0,67349.97,67000.03,67000.16
2024-10-24 02:00:00,67000.12,67289.0,66935.0,67287.88
2024-10-24 02:30:00,67287.88,67289.0,66777.76,67000.27
2024-10-24 03:00:00,67000.27,67196.43,67000.0,67100.0
2024-10-24 03:30:00,67000.07,67099.0,67000.0,67000.0
2024-10-24 04:00:00,67000.0,67090.0,66501.02,67000.48
2024-10-24 04:30:00,67090.0,67090.0,66850.69,67020.57
2024-10-24 05:00:00,67090.0,67538.95,67000.0,67220.0
2024-10-24 05:30:00,67537.77,67537.78,67220.32,67300.0
2024-10-24 06:00:00,67300.0,67500.0,67151.19,67240.0
2024-10-24 06:30:00,67230.0,67364.71,66917.17,66950.11
2024-10-24 07:00:00,66917.17,67121.21,66674.66,66810.01
2024-10-24 07:30:00,67114.99,67116.8,66820.0,66828.0
2024-10-24 08:00:00,66995.0,66995.0,66680.0,66800.06
2024-10-24 08:30:00,66899.99,66899.99,66666.0,66666.12
2024-10-24 09:00:00,66666.12,66849.99,66500.0,66739.04
2024-10-24 09:30:00,66800.0,66846.86,66608.87,66670.0
2024-10-24 10:00:00,66670.01,66794.0,66667.0,66667.0
2024-10-24 10:30:00,66667.0,66880.0,66667.0,66800.01
2024-10-24 11:00:00,66800.01,66909.99,66800.01,66909.99
2024-10-24 11:30:00,66909.99,67200.0,66880.0,66892.01
2024-10-24 12:00:00,66892.01,67300.0,66892.0,67141.0
2024-10-24 12:30:00,67140.99,67249.0,66950.0,67247.0
2024-10-24 13:00:00,67247.0,67399.75,67105.09,67335.81
2024-10-24 13:30:00,67335.81,67477.07,67209.91,67477.0
2024-10-24 14:00:00,67477.07,67492.0,67231.0,67300.0
2024-10-24 14:30:00,67270.0,67577.77,67225.23,67501.0
2024-10-24 15:00:00,67502.01,67575.0,67222.14,67415.1
2024-10-24 15:30:00,67421.11,67500.0,67237.0,67490.0
2024-10-24 16:00:00,67400.0,67500.0,67100.24,67494.99
2024-10-24 16:30:00,67489.0,67577.0,67351.06,67362.29
2024-10-24 17:00:00,67362.49,67557.7,67351.23,67355.06
2024-10-24 17:30:00,67354.19,67540.0,67354.19,67500.0
2024-10-24 18:00:00,67500.0,67650.0,67456.0,67649.0
2024-10-24 18:30:00,67612.0,67649.0,67368.07,67600.0
2024-10-24 19:00:00,67502.0,67650.0,67351.23,67650.0
2024-10-24 19:30:00,67650.0,67996.0,67547.0,67996.0
2024-10-24 20:00:00,67997.0,67997.83,67900.0,67900.01
2024-10-24 20:30:00,67890.0,67948.0,67640.98,67947.0
2024-10-24 21:00:00,67947.0,68390.0,67874.02,68210.0
2024-10-24 21:30:00,68210.0,68300.0,67987.0,68140.0
2024-10-24 22:00:00,68140.0,68199.67,68061.0,68198.0
2024-10-24 22:30:00,68190.0,68190.0,67987.0,67987.0
2024-10-24 23:00:00,67999.88,68100.63,67987.0,68000.0
2024-10-24 23:30:00,68100.63,68197.9,68000.0,68005.18
2024-10-25 00:00:00,68005.18,68138.0,68005.18,68020.09
2024-10-25 00:30:00,68010.27,68020.09,67750.0,67751.0
2024-10-25 01:00:00,67899.28,67899.33,67600.0,67600.0
2024-10-25 01:30:00,67600.0,67795.51,67600.0,67795.35
2024-10-25 02:00:00,67795.35,67846.97,67602.0,67800.0
2024-10-25 02:30:00,67800.0,67800.0,67603.08,67797.96
2024-10-25 03:00:00,67797.96,68032.54,67750.04,68032.54
2024-10-25 03:30:00,68032.45,68134.97,67802.64,67806.74
2024-10-25 04:00:00,67808.11,67999.64,67508.0,67508.0
2024-10-25 04:30:00,67508.0,67697.03,67500.01,67500.01
2024-10-25 05:00:00,67500.02,67650.0,67480.0,67599.94
2024-10-25 05:30:00,67600.0,67643.85,67450.0,67619.85
2024-10-25 06:00:00,67471.18,67643.61,67457.0,67500.09
2024-10-25 06:30:00,67500.09,67627.82,67434.0,67434.09
2024-10-25 07:00:00,67434.09,67627.95,67262.0,67289.92
2024-10-25 07:30:00,67262.0,67330.0,67151.0,67329.97
2024-10-25 08:00:00,67330.0,67350.0,67150.0,67300.0
2024-10-25 08:30:00,67300.0,67377.85,67241.0,67358.99
2024-10-25 09:00:00,67358.99,67377.85,67240.0,67340.0
2024-10-25 09:30:00,67340.0,67500.0,67175.0,67495.12
2024-10-25 10:00:00,67495.0,67698.97,67480.0,67600.0
2024-10-25 10:30:00,67698.97,67698.97,67480.0,67601.0
2024-10-25 11:00:00,67698.97,67699.0,67480.04,67697.74
2024-10-25 11:30:00,67697.55,67699.0,66950.0,67596.59
2024-10-25 12:00:00,67596.59,67798.99,67514.09,67699.0
2024-10-25 12:30:00,67650.0,67777.0,67561.83,67645.54
2024-10-25 13:00:00,67770.85,67776.85,67500.0,67530.0
2024-10-25 13:30:00,67530.0,67870.0,66800.0,67838.0
2024-10-25 14:00:00,67870.0,68250.0,67550.0,68250.0
2024-10-25 14:30:00,68250.0,68289.0,67800.0,68068.99
2024-10-25 15:00:00,67909.31,68069.0,67805.01,67805.02
2024-10-25 15:30:00,67805.01,67999.44,67042.0,67166.0
2024-10-25 16:00:00,67300.0,67498.88,67000.0,67299.97
2024-10-25 16:30:00,67213.05,67400.0,67150.0,67320.0
2024-10-25 17:00:00,67300.0,67400.0,67155.0,67200.0
2024-10-25 17:30:00,67160.18,67236.77,66500.0,66519.93
2024-10-25 18:00:00,66519.93,67180.99,65727.37,67000.0
2024-10-25 18:30:00,67150.97,67490.0,66300.0,66527.43
2024-10-25 19:00:00,66527.43,66645.49,66300.0,66643.49
2024-10-25 19:30:00,66520.19,66829.98,66420.0,66445.6
2024-10-25 20:00:00,66445.6,66778.93,66111.0,66112.0
2024-10-25 20:30:00,66368.83,66600.0,66270.0,66470.82
2024-10-25 21:00:00,66470.82,66684.0,66470.82,66658.9
2024-10-25 21:30:00,66658.8,67000.0,66658.8,66720.7
2024-10-25 22:00:00,66720.7,66999.0,66720.7,66795.0
2024-10-25 22:30:00,66795.0,66800.0,66171.93,66171.93
2024-10-25 23:00:00,66174.95,66399.99,65502.74,65702.0
2024-10-25 23:30:00,65702.03,66773.45,65700.0,66495.01
2024-10-26 00:00:00,66495.0,66759.99,66150.01,66316.03
2024-10-26 00:30:00,66476.67,66759.86,66300.0,66480.0
2024-10-26 01:00:00,66480.0,66480.0,66150.0,66212.06
2024-10-26 01:30:00,66212.05,66480.0,66207.78,66300.09
2024-10-26 02:00:00,66300.09,66593.08,65858.0,66569.14
2024-10-26 02:30:00,66256.0,66646.92,66164.68,66550.0
2024-10-26 03:00:00,66511.05,66900.0,66261.06,66898.0
2024-10-26 03:30:00,66750.05,66897.96,66486.13,66699.0
2024-10-26 04:00:00,66699.0,66989.0,66505.1,66986.96
2024-10-26 04:30:00,66800.24,66989.0,66500.0,66502.25
2024-10-26 05:00:00,66510.01,67050.0,66510.01,67050.0
2024-10-26 05:30:00,67005.0,67100.0,67000.0,67015.0
2024-10-26 06:00:00,67098.88,67099.0,66636.02,66674.94
2024-10-26 06:30:00,66674.94,67248.9,66674.94,66990.0
2024-10-26 07:00:00,67129.99,67199.71,66989.0,67000.18
2024-10-26 07:30:00,67000.21,67141.93,66900.09,66915.0
2024-10-26 08:00:00,66915.0,67000.0,66850.0,66999.79
2024-10-26 08:30:00,66999.82,67140.0,66890.03,67090.0
2024-10-26 09:00:00,67090.0,67140.0,66995.0,67140.0
2024-10-26 09:30:00,67020.01,67140.0,66995.0,66995.0
2024-10-26 10:00:00,66995.0,67000.0,66851.2,66997.64
2024-10-26 10:30:00,66853.09,66999.99,66800.0,66801.0
2024-10-26 11:00:00,66801.0,66847.85,66700.0,66790.0
2024-10-26 11:30:00,66790.0,67097.0,66790.0,66952.67
2024-10-26 12:00:00,67096.94,67140.0,66952.15,66952.15
2024-10-26 12:30:00,66952.16,67100.0,66845.0,66950.03
2024-10-26 13:00:00,66950.03,67080.0,66800.01,66802.0
2024-10-26 13:30:00,66981.96,67000.0,66783.97,66784.0
2024-10-26 14:00:00,66849.94,66850.0,66700.0,66800.0
2024-10-26 14:30:00,66700.33,66809.94,66651.0,66652.03
2024-10-26 15:00:00,66652.0,66841.32,66521.04,66657.77
2024-10-26 15:30:00,66695.99,66998.99,66534.36,66750.0
2024-10-26 16:00:00,66750.0,66989.94,66644.0,66747.0
2024-10-26 16:30:00,66747.0,66949.12,66644.0,66851.66
2024-10-26 17:00:00,66851.66,66929.3,66666.0,66666.0
2024-10-26 17:30:00,66666.0,66997.91,66666.0,66849.0
2024-10-26 18:00:00,66849.0,66999.0,66849.0,66994.94
2024-10-26 18:30:00,66860.12,67139.99,66860.12,67030.0
2024-10-26 19:00:00,67139.81,67199.99,67030.0,67108.0
2024-10-26 19:30:00,67108.0,67150.0,67034.0,67052.0
2024-10-26 20:00:00,67149.99,67209.0,67073.06,67209.0
2024-10-26 20:30:00,67209.0,67288.94,67100.01,67288.44
2024-10-26 21:00:00,67288.64,67288.64,67150.01,67199.46
2024-10-26 21:30:00,67150.01,67250.0,67100.0,67149.78
2024-10-26 22:00:00,67149.78,67240.72,67097.11,67097.12
2024-10-26 22:30:00,67097.12,67227.53,67097.11,67097.11
2024-10-26 23:00:00,67097.11,67227.37,67050.13,67217.8
2024-10-26 23:30:00,67217.8,67217.8,67050.0,67050.0
2024-10-27 00:00:00,67050.0,67098.84,67030.0,67033.59
2024-10-27 00:30:00,67033.59,67099.77,67015.0,67015.0
2024-10-27 01:00:00,67015.0,67093.97,66800.0,66800.01
2024-10-27 01:30:00,66800.01,67093.8,66700.01,67093.8
2024-10-27 02:00:00,67093.58,67094.5,67001.0,67010.0
2024-10-27 02:30:00,67010.0,67093.85,66802.52,66968.99
2024-10-27 03:00:00,66900.0,67050.0,66802.1,67049.46
2024-10-27 03:30:00,66996.55,67150.0,66996.55,67149.94
2024-10-27 04:00:00,67149.91,67241.0,66996.59,67030.87
2024-10-27 04:30:00,67030.87,67283.94,67030.87,67265.79
2024-10-27 05:00:00,67265.79,67265.79,67154.0,67157.04
2024-10-27 05:30:00,67157.04,67238.0,67157.04,67237.35
2024-10-27 06:00:00,67237.35,67237.35,67111.03,67112.01
2024-10-27 06:30:00,67112.01,67236.37,67050.02,67201.0
2024-10-27 07:00:00,67201.0,67219.99,67152.13,67152.13
2024-10-27 07:30:00,67200.0,67220.0,67145.06,67218.91
2024-10-27 08:00:00,67219.0,67220.0,67001.0,67218.83
2024-10-27 08:30:00,67045.61,67218.77,67045.61,67190.01
2024-10-27 09:00:00,67200.0,67200.0,67093.1,67109.03
2024-10-27 09:30:00,67154.51,67155.0,67059.01,67120.0
2024-10-27 10:00:00,67154.63,67154.63,67089.0,67153.58
2024-10-27 10:30:00,67154.56,67154.56,67001.0,67001.0
2024-10-27 11:00:00,67001.0,67020.0,66951.0,67020.0
2024-10-27 11:30:00,67020.0,67149.0,67020.0,67130.88
2024-10-27 12:00:00,67032.21,67220.0,67000.01,67218.0
2024-10-27 12:30:00,67218.0,67390.0,67151.03,67349.0
2024-10-27 13:00:00,67390.0,67684.0,67390.0,67683.97
2024-10-27 13:30:00,67683.97,67799.0,67530.0,67536.04
2024-10-27 14:00:00,67535.6,67639.0,67530.0,67537.0
2024-10-27 14:30:00,67536.0,67640.0,67400.0,67577.0
2024-10-27 15:00:00,67500.91,67640.0,67500.91,67640.0
2024-10-27 15:30:00,67639.99,67798.99,67450.03,67540.01
2024-10-27 16:00:00,67540.01,67779.9,67540.01,67621.4
2024-10-27 16:30:00,67621.43,67772.92,67469.25,67599.0
2024-10-27 17:00:00,67600.0,67600.0,67510.65,67598.0
2024-10-27 17:30:00,67598.0,67798.0,67598.0,67625.54
2024-10-27 18:00:00,67698.86,67698.86,67400.0,67592.93
2024-10-27 18:30:00,67421.76,67591.96,67303.0,67398.88
2024-10-27 19:00:00,67398.82,67559.35,67320.3,67499.0
2024-10-27 19:30:00,67499.0,67665.99,67406.17,67520.0
2024-10-27 20:00:00,67481.04,67700.0,67481.04,67700.0
2024-10-27 20:30:00,67700.0,67800.0,67635.0,67700.6
2024-10-27 21:00:00,67701.06,67790.0,67701.0,67703.03
2024-10-27 21:30:00,67703.18,67884.0,67701.0,67806.03
2024-10-27 22:00:00,67806.12,67938.0,67806.0,67926.96
2024-10-27 22:30:00,67938.0,67975.0,67928.0,67936.83
2024-10-27 23:00:00,67936.83,67950.0,67926.75,67950.0
2024-10-27 23:30:00,67950.0,67975.0,67926.74,67974.0
2024-10-28 00:00:00,67974.0,67975.0,67900.0,67926.74
2024-10-28 00:30:00,67900.0,67926.74,67840.0,67917.82
2024-10-28 01:00:00,67917.82,67917.82,67840.0,67840.0
2024-10-28 01:30:00,67899.39,67899.39,67701.0,67750.0
2024-10-28 02:00:00,67750.0,67750.0,67270.2,67436.21
2024-10-28 02:30:00,67491.87,67590.0,67305.24,67314.1
2024-10-28 03:00:00,67314.1,67748.0,67314.1,67747.99
2024-10-28 03:30:00,67748.0,67748.0,67452.01,67664.93
2024-10-28 04:00:00,67664.93,67664.93,67453.16,67655.78
2024-10-28 04:30:00,67454.14,67649.78,67250.0,67499.81
2024-10-28 05:00:00,67499.66,67499.91,67365.0,67400.0
2024-10-28 05:30:00,67400.0,67662.0,67400.0,67610.05
2024-10-28 06:00:00,67661.84,67661.84,67455.8,67461.9
2024-10-28 06:30:00,67585.0,67665.13,67455.0,67591.01
2024-10-28 07:00:00,67598.0,68270.0,67591.01,68200.0
2024-10-28 07:30:00,68200.0,68285.0,68052.0,68247.0
2024-10-28 08:00:00,68150.0,68250.0,68150.0,68199.0
2024-10-28 08:30:00,68199.0,68199.0,68013.0,68013.1
2024-10-28 09:00:00,68013.0,68200.0,68013.0,68100.0
2024-10-28 09:30:00,68099.0,68200.0,68000.02,68200.0
2024-10-28 10:00:00,68198.0,68285.0,68081.09,68285.0
2024-10-28 10:30:00,68288.0,68350.0,68205.2,68211.0
2024-10-28 11:00:00,68210.0,68212.0,68179.38,68212.0
2024-10-28 11:30:00,68205.4,68299.0,68175.61,68250.0
2024-10-28 12:00:00,68298.0,68390.0,68008.07,68377.0
2024-10-28 12:30:00,68377.0,68500.0,68377.0,68465.0
2024-10-28 13:00:00,68465.0,68550.0,68413.0,68550.0
2024-10-28 13:30:00,68507.0,68799.7,68413.11,68413.11
2024-10-28 14:00:00,68413.11,68700.0,68338.75,68549.97
2024-10-28 14:30:00,68413.2,68550.0,68374.53,68495.0
2024-10-28 15:00:00,68495.0,68495.0,68017.07,68100.0
2024-10-28 15:30:00,68051.0,68297.0,68047.01,68120.0
2024-10-28 16:00:00,68199.79,68381.46,68120.0,68381.46
2024-10-28 16:30:00,68381.46,68486.76,68202.01,68255.12
2024-10-28 17:00:00,68255.12,68486.0,68202.0,68480.0
2024-10-28 17:30:00,68480.0,68700.51,68480.0,68648.0
2024-10-28 18:00:00,68648.0,68750.0,68480.0,68680.0
2024-10-28 18:30:00,68670.0,68679.94,68450.0,68669.99
2024-10-28 19:00:00,68669.99,69400.0,68450.0,69295.02
2024-10-28 19:30:00,69296.0,69349.96,68940.01,69050.0
2024-10-28 20:00:00,69053.0,69297.99,68802.0,69080.01
2024-10-28 20:30:00,69076.0,69190.0,68700.0,69189.99
2024-10-28 21:00:00,69189.0,69300.0,69040.0,69040.0
2024-10-28 21:30:00,69278.62,69278.62,69040.0,69260.0
2024-10-28 22:00:00,69260.0,69700.0,69259.27,69550.0
2024-10-28 22:30:00,69550.0,69550.0,68600.0,69405.93
2024-10-28 23:00:00,69405.93,69599.0,68800.0,69342.58
2024-10-28 23:30:00,69342.58,69449.72,69333.74,69449.72
2024-10-29 00:00:00,69500.0,69500.0,69325.1,69359.0
2024-10-29 00:30:00,69359.0,69499.0,69281.51,69499.0
2024-10-29 01:00:00,69499.0,69499.0,69019.0,69480.0
2024-10-29 01:30:00,69480.0,69800.0,69467.2,69800.0
2024-10-29 02:00:00,69764.71,70900.0,69700.01,70868.42
2024-10-29 02:30:00,70868.42,70970.0,70520.01,70671.21
2024-10-29 03:00:00,70686.61,71000.0,70686.61,70755.0
2024-10-29 03:30:00,70758.1,71000.0,70461.69,70501.0
2024-10-29 04:00:00,70453.86,70838.0,70453.86,70585.12
2024-10-29 04:30:00,70589.29,70835.0,70492.0,70500.0
2024-10-29 05:00:00,70579.0,70600.0,70301.03,70423.46
2024-10-29 05:30:00,70404.0,70537.0,70301.03,70529.0
2024-10-29 06:00:00,70529.0,70945.0,70517.3,70617.4
2024-10-29 06:30:00,70693.06,70899.73,70649.77,70815.5
2024-10-29 07:00:00,70780.01,70815.5,70442.14,70647.0
2024-10-29 07:30:00,70689.0,70700.0,70000.0,70500.0
2024-10-29 08:00:00,70558.0,70700.0,70461.0,70700.0
2024-10-29 08:30:00,70700.0,70950.0,70700.0,70753.65
2024-10-29 09:00:00,70701.01,71126.0,70550.0,71126.0
2024-10-29 09:30:00,71127.0,71150.0,70734.5,70999.0
2024-10-29 10:00:00,71111.0,71125.0,70782.46,70782.46
2024-10-29 10:30:00,70782.46,70889.6,70755.0,70860.0
2024-10-29 11:00:00,70756.0,70938.54,70658.0,70931.0
2024-10-29 11:30:00,70938.54,71150.0,70930.0,71117.0
2024-10-29 12:00:00,71020.01,71120.0,70707.02,70710.01
2024-10-29 12:30:00,70710.01,70890.0,70710.01,70798.0
2024-10-29 13:00:00,70780.0,70890.0,70250.0,70500.0
2024-10-29 13:30:00,70700.0,71234.0,70100.0,71220.0
2024-10-29 14:00:00,71234.0,71600.0,71000.0,71348.99
2024-10-29 14:30:00,71340.0,71600.0,71114.52,71598.0
2024-10-29 15:00:00,71501.0,71700.0,71200.13,71699.99
2024-10-29 15:30:00,71699.99,72000.0,71300.09,71940.0
2024-10-29 16:00:00,71926.0,72500.0,71900.0,72490.0
2024-10-29 16:30:00,72490.0,72498.0,72300.0,72448.0
2024-10-29 17:00:00,72368.0,72449.0,72301.62,72384.0
2024-10-29 17:30:00,72384.0,72449.0,72009.0,72116.58
2024-10-29 18:00:00,72120.0,72449.0,72000.0,72448.0
2024-10-29 18:30:00,72438.0,72799.99,72402.0,72736.0
2024-10-29 19:00:00,72707.98,73000.0,71500.0,72278.51
2024-10-29 19:30:00,72356.14,72500.0,70050.0,72120.0
2024-10-29 20:00:00,72120.0,72120.0,71202.0,71500.0
2024-10-29 20:30:00,71479.32,72119.99,71300.0,72025.0
2024-10-29 21:00:00,72088.97,72172.0,71734.28,72160.0
2024-10-29 21:30:00,72000.09,72139.96,71550.0,71899.0
2024-10-29 22:00:00,71899.0,71989.0,71742.66,71882.09
2024-10-29 22:30:00,71882.09,72499.99,71882.09,72300.0
2024-10-29 23:00:00,72449.95,72498.8,72091.0,72381.96
2024-10-29 23:30:00,72381.96,72381.96,72200.36,72372.09
2024-10-30 00:00:00,72372.96,72390.0,72088.9,72088.9
2024-10-30 00:30:00,72088.9,72149.97,71820.0,71820.0
2024-10-30 01:00:00,71800.0,71800.0,71600.0,71600.0
2024-10-30 01:30:00,71600.0,72000.0,71600.0,71999.0
2024-10-30 02:00:00,72000.0,72200.0,72000.0,72199.89
2024-10-30 02:30:00,72010.0,72248.99,72000.0,72000.0
2024-10-30 03:00:00,72000.0,72100.0,71852.99,72094.52
2024-10-30 03:30:00,71800.0,72094.41,71720.31,71802.15
2024-10-30 04:00:00,71802.14,71999.73,71720.0,71870.0
2024-10-30 04:30:00,71890.0,71992.91,71808.0,71900.0
2024-10-30 05:00:00,71992.91,72049.99,71900.24,72038.0
2024-10-30 05:30:00,71999.0,72050.0,71850.0,71897.0
2024-10-30 06:00:00,71897.0,72050.0,71897.0,72027.16
2024-10-30 06:30:00,72027.16,72078.78,72000.0,72000.0
2024-10-30 07:00:00,71962.0,72078.8,71800.0,71980.0
2024-10-30 07:30:00,71840.01,71989.99,71600.0,71679.0
2024-10-30 08:00:00,71679.0,72078.66,71679.0,72000.0
2024-10-30 08:30:00,72000.0,72077.0,71881.2,71960.0
2024-10-30 09:00:00,71960.0,72000.0,71880.0,71999.99
2024-10-30 09:30:00,71999.99,72074.75,71988.43,72074.75
2024-10-30 10:00:00,72074.75,72074.75,71990.0,72025.0
2024-10-30 10:30:00,72022.53,72049.0,71910.39,72024.0
2024-10-30 11:00:00,71910.0,72010.0,71666.0,71675.44
2024-10-30 11:30:00,71675.44,71800.0,71400.0,71474.05
2024-10-30 12:00:00,71474.05,71739.83,71100.0,71563.42
2024-10-30 12:30:00,71563.42,71563.42,71300.0,71501.96
2024-10-30 13:00:00,71532.49,71532.49,71105.0,71350.0
2024-10-30 13:30:00,71251.34,71500.0,71057.49,71300.01
2024-10-30 14:00:00,71489.99,72050.0,71450.0,71800.0
2024-10-30 14:30:00,71800.0,72000.0,71751.0,71895.19
2024-10-30 15:00:00,71900.0,71990.0,71400.0,71460.0
2024-10-30 15:30:00,71500.0,71669.0,71396.7,71589.14
2024-10-30 16:00:00,71589.14,71650.0,71402.03,71440.0
2024-10-30 16:30:00,71439.9,71750.0,71439.9,71750.0
2024-10-30 17:00:00,71750.0,71799.0,71422.0,71450.0
2024-10-30 17:30:00,71450.0,71500.0,71420.0,71420.0
2024-10-30 18:00:00,71500.0,71689.99,71420.0,71599.46
2024-10-30 18:30:00,71599.46,71798.0,71440.01,71699.44
2024-10-30 19:00:00,71699.44,71699.44,71200.0,71500.0
2024-10-30 19:30:00,71499.0,71779.9,71420.0,71604.94
2024-10-30 20:00:00,71604.94,71870.0,71408.0,71798.98
2024-10-30 20:30:00,71798.97,72450.0,71653.08,72450.0
2024-10-30 21:00:00,72450.0,72496.0,71850.0,71920.03
2024-10-30 21:30:00,71920.03,72062.0,71756.01,71983.76
2024-10-30 22:00:00,72000.0,72292.0,71901.0,72150.01
2024-10-30 22:30:00,72150.01,72150.01,71916.0,71916.0
2024-10-30 23:00:00,72050.0,72290.0,71916.0,72117.0
2024-10-30 23:30:00,72289.96,72289.96,72117.0,72140.0
2024-10-31 00:00:00,72140.0,72200.0,71916.0,72089.0
2024-10-31 00:30:00,72097.94,72097.94,71900.0,71901.0
2024-10-31 01:00:00,71901.0,72098.0,71823.55,71823.55
2024-10-31 01:30:00,71823.55,72049.78,71632.93,71999.93
2024-10-31 02:00:00,71999.93,72098.84,71875.06,71876.27
2024-10-31 02:30:00,71876.27,72039.0,71779.5,72030.0
2024-10-31 03:00:00,71999.99,72092.31,71915.34,71999.99
2024-10-31 03:30:00,71999.99,72095.0,71999.99,72092.31
2024-10-31 04:00:00,72092.31,72095.0,71950.0,72000.0
2024-10-31 04:30:00,72000.0,72094.97,71950.0,71951.81
2024-10-31 05:00:00,71951.0,72089.94,71880.0,71880.01
2024-10-31 05:30:00,71880.01,72089.28,71750.0,71785.76
2024-10-31 06:00:00,71785.76,71800.0,71754.08,71783.0
2024-10-31 06:30:00,71774.04,71800.0,71647.04,71721.81
2024-10-31 07:00:00,71721.81,71898.0,71700.0,71898.0
2024-10-31 07:30:00,71898.0,72000.0,71898.0,71925.0
2024-10-31 08:00:00,71925.0,71925.01,71769.0,71800.0
2024-10-31 08:30:00,71800.0,71900.0,71713.96,71791.81
2024-10-31 09:00:00,71791.81,71983.0,71781.88,71800.46
2024-10-31 09:30:00,71800.46,71999.95,71800.46,71850.68
2024-10-31 10:00:00,71850.5,71997.0,71800.75,71813.0
2024-10-31 10:30:00,71813.0,72340.0,71800.46,72339.95
2024-10-31 11:00:00,72339.95,72345.0,72000.0,72095.0
2024-10-31 11:30:00,72095.0,72100.0,72000.0,72001.0
2024-10-31 12:00:00,72094.75,72094.75,71714.69,71760.0
2024-10-31 12:30:00,71760.0,71998.97,71717.12,71819.85
2024-10-31 13:00:00,71820.0,71988.97,71718.07,71731.06
2024-10-31 13:30:00,71731.2,71867.11,71039.97,71039.97
2024-10-31 14:00:00,71039.97,71305.21,70750.0,71129.91
2024-10-31 14:30:00,71000.0,71128.82,70451.0,70527.5
2024-10-31 15:00:00,70527.0,71100.0,70452.0,70590.01
2024-10-31 15:30:00,70649.97,70679.89,70290.0,70580.0
2024-10-31 16:00:00,70500.0,70709.99,70251.01,70469.85
2024-10-31 16:30:00,70467.96,70467.96,70180.0,70186.0
2024-10-31 17:00:00,70185.94,70632.41,70185.94,70600.0
2024-10-31 17:30:00,70550.09,70680.0,70400.0,70633.0
2024-10-31 18:00:00,70680.0,70680.0,70104.0,70249.76
2024-10-31 18:30:00,70249.0,70250.0,70070.0,70201.0
2024-10-31 19:00:00,70200.0,70304.0,70101.0,70101.0
2024-10-31 19:30:00,70101.0,70261.6,70000.0,70000.0
2024-10-31 20:00:00,70000.0,70100.21,69799.0,69966.0
2024-10-31 20:30:00,69966.0,70000.0,69526.44,69869.99
2024-10-31 21:00:00,69655.12,70000.0,69552.12,69997.0
2024-10-31 21:30:00,69995.0,70398.0,69838.01,70388.0
2024-10-31 22:00:00,70388.0,70396.0,70010.0,70012.06
2024-10-31 22:30:00,70149.0,70348.99,70000.0,70342.0
2024-10-31 23:00:00,70349.0,70350.0,70161.22,70295.0
2024-10-31 23:30:00,70350.0,70477.0,70290.05,70300.0
2024-11-01 00:00:00,70250.0,70450.0,70177.0,70449.55
2024-11-01 00:30:00,70449.55,70449.55,70100.0,70108.6
2024-11-01 01:00:00,70108.6,70325.34,69900.04,69900.61
2024-11-01 01:30:00,70186.15,70186.15,69500.0,69615.0
2024-11-01 02:00:00,69508.0,70450.0,69011.01,69350.0
2024-11-01 02:30:00,69350.0,69500.0,69200.12,69500.0
2024-11-01 03:00:00,69500.0,69673.53,69500.0,69620.0
2024-11-01 03:30:00,69673.53,69794.99,69303.0,69400.0
2024-11-01 04:00:00,69350.0,69593.3,69307.03,69500.12
2024-11-01 04:30:00,69415.21,69782.34,69415.21,69692.65
2024-11-01 05:00:00,69692.68,69729.58,69598.0,69600.11
2024-11-01 05:30:00,69600.11,69729.37,69600.11,69620.0
2024-11-01 06:00:00,69620.0,69693.9,69220.0,69348.99
2024-11-01 06:30:00,69348.99,69398.0,69130.0,69130.0
2024-11-01 07:00:00,69130.0,69250.06,68980.0,69000.0
2024-11-01 07:30:00,69000.01,69099.0,68980.0,69098.0
2024-11-01 08:00:00,69022.0,69199.88,68890.0,69150.0
2024-11-01 08:30:00,69170.0,69200.0,69051.0,69150.0
2024-11-01 09:00:00,69150.01,69355.0,69150.01,69350.0
2024-11-01 09:30:00,69240.0,69444.0,69240.0,69444.0
2024-11-01 10:00:00,69498.99,70000.0,69444.0,69988.99
2024-11-01 10:30:00,70000.0,70283.28,69789.97,69999.0
2024-11-01 11:00:00,70090.6,70356.42,69990.0,70289.99
2024-11-01 11:30:00,70289.99,70289.99,70020.0,70020.0
2024-11-01 12:00:00,70020.43,70388.9,70000.11,70195.0
2024-11-01 12:30:00,70197.97,70400.0,70100.12,70330.0
2024-11-01 13:00:00,70252.0,70379.98,70252.0,70305.0
2024-11-01 13:30:00,70300.0,71199.0,70300.0,71199.0
2024-11-01 14:00:00,71199.0,71500.0,71002.0,71499.9
2024-11-01 14:30:00,71499.99,71600.0,70583.83,71167.0
2024-11-01 15:00:00,71184.96,71386.91,70650.04,70845.74
2024-11-01 15:30:00,70845.74,70845.74,69100.0,69371.13
2024-11-01 16:00:00,69380.0,70496.0,69380.0,70202.0
2024-11-01 16:30:00,70202.0,70460.82,69900.01,70009.93
2024-11-01 17:00:00,70003.0,70250.0,69599.99,70050.0
2024-11-01 17:30:00,70050.0,70050.0,69600.01,69610.0
2024-11-01 18:00:00,69610.0,69799.92,69315.0,69393.0
2024-11-01 18:30:00,69399.0,69637.65,69150.0,69190.0
2024-11-01 19:00:00,69190.0,69400.0,68800.0,69139.92
2024-11-01 19:30:00,69060.0,69450.0,69005.0,69450.0
2024-11-01 20:00:00,69450.0,69465.98,69285.02,69465.98
2024-11-01 20:30:00,69465.82,69529.96,69101.09,69348.9
2024-11-01 21:00:00,69158.68,69299.95,69005.6,69005.65
2024-11-01 21:30:00,69010.02,69297.59,69005.0,69101.21
2024-11-01 22:00:00,69101.51,69450.01,69101.45,69107.57
2024-11-01 22:30:00,69389.68,69449.77,69117.7,69448.82
2024-11-01 23:00:00,69450.01,69530.0,69314.01,69487.49
2024-11-01 23:30:00,69500.0,69530.0,69330.04,69530.0
2024-11-02 00:00:00,69529.81,69600.0,69411.01,69600.0
2024-11-02 00:30:00,69600.0,69623.0,69540.06,69623.0
2024-11-02 01:00:00,69623.0,69700.0,69539.0,69539.34
2024-11-02 01:30:00,69539.34,69826.52,69539.34,69650.0
2024-11-02 02:00:00,69700.0,69860.0,69600.68,69850.0
2024-11-02 02:30:00,69850.0,69904.99,69703.23,69703.23
2024-11-02 03:00:00,69703.23,69904.99,69703.23,69703.28
2024-11-02 03:30:00,69703.28,69749.96,69378.0,69379.21
2024-11-02 04:00:00,69379.21,69700.0,69379.21,69667.62
2024-11-02 04:30:00,69499.96,69628.14,69397.01,69500.09
2024-11-02 05:00:00,69628.06,69691.89,69397.01,69599.35
2024-11-02 05:30:00,69599.38,69700.9,69504.0,69699.96
2024-11-02 06:00:00,69699.96,69700.0,69612.17,69698.88
2024-11-02 06:30:00,69697.85,69749.77,69610.01,69749.68
2024-11-02 07:00:00,69749.68,69885.23,69700.02,69793.49
2024-11-02 07:30:00,69749.0,69900.0,69749.0,69899.99
2024-11-02 08:00:00,69899.99,69900.0,69750.01,69750.01
2024-11-02 08:30:00,69799.98,69799.98,69631.0,69636.0
2024-11-02 09:00:00,69636.0,69745.94,69550.0,69600.01
2024-11-02 09:30:00,69629.99,69631.0,69549.36,69549.36
2024-11-02 10:00:00,69549.36,69549.36,68998.0,69301.01
2024-11-02 10:30:00,69301.0,69595.0,69301.0,69589.0
2024-11-02 11:00:00,69525.01,69596.0,69502.01,69505.01
2024-11-02 11:30:00,69505.01,69631.0,69505.01,69610.0
2024-11-02 12:00:00,69610.0,69610.0,69535.02,69536.0
2024-11-02 12:30:00,69536.0,69580.0,69300.0,69359.76
2024-11-02 13:00:00,69300.02,69512.0,69168.01,69445.0
2024-11-02 13:30:00,69288.99,69499.92,69040.0,69040.01
2024-11-02 14:00:00,69200.0,69299.94,68935.0,68999.97
2024-11-02 14:30:00,68962.0,69231.49,68908.0,69097.91
2024-11-02 15:00:00,69097.0,69259.62,68908.0,69259.62
2024-11-02 15:30:00,69300.0,69389.99,69150.01,69347.97
2024-11-02 16:00:00,69195.12,69350.0,69195.0,69200.07
2024-11-02 16:30:00,69200.07,69342.0,69200.07,69290.0
2024-11-02 17:00:00,69290.0,69349.9,69000.0,69000.01
2024-11-02 17:30:00,69000.01,69289.96,69000.0,69100.0
2024-11-02 18:00:00,69100.0,69215.99,69010.0,69090.0
2024-11-02 18:30:00,69090.0,69248.99,69000.0,69190.0
2024-11-02 19:00:00,69190.0,69200.0,69150.0,69200.0
2024-11-02 19:30:00,69200.0,69220.0,69010.0,69219.99
2024-11-02 20:00:00,69055.0,69198.98,69050.19,69180.0
2024-11-02 20:30:00,69219.99,69248.99,69050.09,69247.6
2024-11-02 21:00:00,69245.94,69245.94,69001.0,69055.27
2024-11-02 21:30:00,69080.0,69099.99,69003.0,69050.0
2024-11-02 22:00:00,69050.0,69243.89,69020.0,69190.0
2024-11-02 22:30:00,69190.0,69243.91,69069.72,69069.75
2024-11-02 23:00:00,69069.75,69184.79,69009.0,69009.0
2024-11-02 23:30:00,69009.0,69167.61,69009.0,69166.08
2024-11-03 00:00:00,69166.08,69199.99,69011.0,69011.0
2024-11-03 00:30:00,69011.0,69079.77,69003.0,69003.0
2024-11-03 01:00:00,69003.0,69159.97,68960.0,68960.0
2024-11-03 01:30:00,68960.0,69108.38,68908.0,68908.0
2024-11-03 02:00:00,69107.1,69107.1,68201.0,68201.0
2024-11-03 02:30:00,68200.0,68279.92,68000.0,68069.01
2024-11-03 03:00:00,68100.0,68467.94,68069.04,68250.0
2024-11-03 03:30:00,68168.25,68409.89,68113.0,68397.82
2024-11-03 04:00:00,68379.9,68398.0,68260.05,68398.0
2024-11-03 04:30:00,68398.0,68690.87,68314.0,68320.46
2024-11-03 05:00:00,68314.0,68570.0,68313.01,68493.86
2024-11-03 05:30:00,68500.66,68577.77,68321.11,68409.94
2024-11-03 06:00:00,68409.94,68577.07,68323.0,68414.97
2024-11-03 06:30:00,68414.97,68549.99,68331.58,68497.88
2024-11-03 07:00:00,68489.91,68550.0,68333.0,68333.0
2024-11-03 07:30:00,68333.0,68349.91,68000.0,68100.0
2024-11-03 08:00:00,68100.0,68149.0,67861.72,67861.9
2024-11-03 08:30:00,68000.0,68100.0,67861.9,68067.37
2024-11-03 09:00:00,68067.45,68100.0,67981.0,68025.0
2024-11-03 09:30:00,68025.0,68025.0,67851.0,67861.0
2024-11-03 10:00:00,67851.0,67998.0,67850.0,67998.0
2024-11-03 10:30:00,67997.0,68150.0,67988.8,68100.01
2024-11-03 11:00:00,68119.0,68150.0,68000.02,68068.06
2024-11-03 11:30:00,68148.89,68148.89,68070.0,68072.0
2024-11-03 12:00:00,68110.0,68150.0,68068.0,68150.0
2024-11-03 12:30:00,68150.0,68250.0,68068.02,68102.09
2024-11-03 13:00:00,68102.06,68200.0,68102.0,68110.0
2024-11-03 13:30:00,68110.28,68197.8,67800.0,67807.0
2024-11-03 14:00:00,67780.0,67999.0,67500.0,67500.0
2024-11-03 14:30:00,67500.0,68038.0,67499.0,67555.08
2024-11-03 15:00:00,67555.09,68350.0,67500.0,67500.0
2024-11-03 15:30:00,67500.0,68100.0,67400.0,68000.06
2024-11-03 16:00:00,68048.99,68400.0,68000.0,68300.0
2024-11-03 16:30:00,68175.0,68297.99,68000.0,68147.52
2024-11-03 17:00:00,68000.0,68289.95,68000.0,68232.0
2024-11-03 17:30:00,68200.03,68240.0,68005.71,68186.84
2024-11-03 18:00:00,68100.1,68289.94,68100.1,68248.0
2024-11-03 18:30:00,68200.0,68245.77,67800.0,68024.0
2024-11-03 19:00:00,68065.99,68502.99,68065.99,68502.99
2024-11-03 19:30:00,68500.0,68750.38,68500.0,68739.99
2024-11-03 20:00:00,68739.99,68838.0,68530.23,68624.97
2024-11-03 20:30:00,68670.0,69059.66,68587.0,68900.0
2024-11-03 21:00:00,68900.0,69300.0,68900.0,69289.99
2024-11-03 21:30:00,69290.0,69290.0,68800.0,68811.37
2024-11-03 22:00:00,69075.99,69090.0,68808.0,68816.9
2024-11-03 22:30:00,68820.5,68875.39,68530.0,68600.71
2024-11-03 23:00:00,68600.71,68693.96,68500.0,68503.0
2024-11-03 23:30:00,68503.0,68669.79,68500.0,68500.0
2024-11-04 00:00:00,68500.0,68599.97,68126.85,68131.42
2024-11-04 00:30:00,68200.0,68200.0,68000.0,68161.53
2024-11-04 01:00:00,68161.53,68665.96,68110.49,68647.95
2024-11-04 01:30:00,68647.95,68665.97,68420.09,68662.0
2024-11-04 02:00:00,68662.0,69000.0,68662.0,68999.03
2024-11-04 02:30:00,68999.06,69099.0,68900.0,69068.0
2024-11-04 03:00:00,69068.0,69384.0,69014.0,69066.0
2024-11-04 03:30:00,69066.21,69180.0,68900.0,68900.0
2024-11-04 04:00:00,68987.97,69114.0,68622.0,69001.15
2024-11-04 04:30:00,69001.15,69114.0,68887.92,69049.96
2024-11-04 05:00:00,68941.21,69049.8,68584.23,68799.53
2024-11-04 05:30:00,68799.36,68799.36,68510.0,68510.01
2024-11-04 06:00:00,68549.88,69000.0,68549.88,68896.21
2024-11-04 06:30:00,68896.21,69044.0,68820.0,68946.09
2024-11-04 07:00:00,68946.0,69049.84,68800.76,68800.89
2024-11-04 07:30:00,68800.76,68901.23,68420.0,68760.49
2024-11-04 08:00:00,68760.49,68760.49,68458.0,68600.0
2024-11-04 08:30:00,68688.99,68692.0,68420.02,68578.0
2024-11-04 09:00:00,68599.0,68697.97,68424.39,68697.79
2024-11-04 09:30:00,68697.72,68697.72,68426.0,68600.01
2024-11-04 10:00:00,68611.0,68949.99,68600.0,68874.99
2024-11-04 10:30:00,68860.0,68949.99,68700.1,68925.38
2024-11-04 11:00:00,68750.06,68937.54,68702.04,68702.4
2024-11-04 11:30:00,68702.04,68849.54,68400.0,68600.0
2024-11-04 12:00:00,68600.0,68937.6,68600.0,68937.6
2024-11-04 12:30:00,68937.6,68970.0,68800.03,68822.03
2024-11-04 13:00:00,68900.0,69190.0,68840.0,69050.0
2024-11-04 13:30:00,69049.97,69099.0,68530.0,68530.0
2024-11-04 14:00:00,68540.0,68779.5,68500.0,68649.91
2024-11-04 14:30:00,68678.97,68678.97,68150.0,68319.95
2024-11-04 15:00:00,68160.0,68400.0,68000.0,68346.99
2024-11-04 15:30:00,68348.0,68770.0,68348.0,68600.0
2024-11-04 16:00:00,68600.0,68739.9,68029.04,68406.65
2024-11-04 16:30:00,68300.0,68333.0,67799.0,67830.0
2024-11-04 17:00:00,67799.0,67997.99,67500.0,67855.0
2024-11-04 17:30:00,67855.0,67999.97,67717.0,67899.99
2024-11-04 18:00:00,67825.13,67996.0,67701.0,67890.85
2024-11-04 18:30:00,67890.85,67931.83,67622.0,67622.01
2024-11-04 19:00:00,67622.01,68099.99,67622.01,68099.94
2024-11-04 19:30:00,68099.94,68099.97,67811.18,67999.97
2024-11-04 20:00:00,67872.0,67872.0,67650.09,67660.0
2024-11-04 20:30:00,67757.98,67768.12,67503.0,67503.0
2024-11-04 21:00:00,67503.0,67657.61,67389.88,67411.01
2024-11-04 21:30:00,67411.0,67600.0,67000.0,67180.7
2024-11-04 22:00:00,67180.7,67885.14,67100.0,67732.06
2024-11-04 22:30:00,67832.6,68070.1,67726.03,67803.25
2024-11-04 23:00:00,68055.0,68055.0,67727.0,67880.0
2024-11-04 23:30:00,67880.0,67880.0,67750.0,67840.73
2024-11-05 00:00:00,67840.73,67982.7,67737.18,67982.64
2024-11-05 00:30:00,67982.61,68064.13,67982.49,68050.0
2024-11-05 01:00:00,68064.04,68064.04,67680.01,67680.01
2024-11-05 01:30:00,67680.01,68068.59,67680.0,67963.35
2024-11-05 02:00:00,68016.73,68069.94,67702.94,67785.65
2024-11-05 02:30:00,67785.65,68000.0,67785.65,67965.96
2024-11-05 03:00:00,67965.96,68100.0,67964.0,68100.0
2024-11-05 03:30:00,68100.0,68198.0,68000.0,68198.0
2024-11-05 04:00:00,68199.0,68453.65,68199.0,68453.65
2024-11-05 04:30:00,68444.0,68491.0,68371.7,68400.0
2024-11-05 05:00:00,68400.0,68517.23,68291.03,68517.23
2024-11-05 05:30:00,68517.22,68677.07,68400.0,68601.3
2024-11-05 06:00:00,68700.0,68760.0,68601.45,68612.14
2024-11-05 06:30:00,68612.11,68830.0,68612.11,68800.0
2024-11-05 07:00:00,68820.0,68902.67,68612.0,68763.99
2024-11-05 07:30:00,68612.0,69000.0,68610.0,68988.96
2024-11-05 08:00:00,68988.96,69092.13,68800.03,68800.99
2024-11-05 08:30:00,68800.99,69149.99,68680.09,69069.84
2024-11-05 09:00:00,69069.8,69099.0,68731.18,68731.24
2024-11-05 09:30:00,68731.24,68959.98,68720.02,68787.94
2024-11-05 10:00:00,68725.01,68780.0,68503.05,68777.98
2024-11-05 10:30:00,68777.96,68778.0,68565.33,68610.21
2024-11-05 11:00:00,68700.0,68959.95,68700.0,68800.11
2024-11-05 11:30:00,68800.11,68942.33,68800.0,68800.02
2024-11-05 12:00:00,68800.02,68800.03,68600.0,68662.0
2024-11-05 12:30:00,68662.0,68949.95,68662.0,68899.94
2024-11-05 13:00:00,68899.8,68899.95,68619.88,68748.0
2024-11-05 13:30:00,68630.0,68847.0,68630.0,68847.0
2024-11-05 14:00:00,68847.0,69300.0,68751.0,69300.0
2024-11-05 14:30:00,69333.0,70138.0,69333.0,69800.0
2024-11-05 15:00:00,69800.01,70099.0,69300.0,69453.92
2024-11-05 15:30:00,69300.0,69979.0,69020.07,69498.99
2024-11-05 16:00:00,69499.97,69949.99,69499.0,69720.03
2024-11-05 16:30:00,69750.0,70210.0,69740.02,70132.0
2024-11-05 17:00:00,70131.0,70320.0,70050.0,70318.7
2024-11-05 17:30:00,70210.0,70360.0,69889.04,69950.0
2024-11-05 18:00:00,69910.53,70100.0,69673.27,69999.87
2024-11-05 18:30:00,70000.0,70300.0,69888.0,70151.01
2024-11-05 19:00:00,70180.0,70200.0,69800.04,69987.0
2024-11-05 19:30:00,69986.0,70000.0,68751.0,69010.67
2024-11-05 20:00:00,69010.68,69570.0,68808.0,69240.0
2024-11-05 20:30:00,69240.02,69772.92,69200.0,69499.0
2024-11-05 21:00:00,69499.0,69595.96,69105.07,69568.99
2024-11-05 21:30:00,69568.94,69689.99,69105.0,69105.0
2024-11-05 22:00:00,69100.0,69273.37,69000.0,69225.0
2024-11-05 22:30:00,69059.13,69499.9,69059.13,69498.0
2024-11-05 23:00:00,69498.0,69900.0,69346.9,69900.0
2024-11-05 23:30:00,69699.33,69899.86,69238.02,69458.99
2024-11-06 00:00:00,69418.86,70000.01,69399.0,70000.01
2024-11-06 00:30:00,70072.0,71000.0,70072.0,70900.0
2024-11-06 01:00:00,70979.87,71200.0,70650.0,70866.48
2024-11-06 01:30:00,70867.49,71199.0,70867.49,71020.0
2024-11-06 02:00:00,71192.0,71910.0,69850.0,71910.0
2024-11-06 02:30:00,71910.0,72941.0,71910.0,72800.05
2024-11-06 03:00:00,72800.05,74000.0,70250.0,73455.0
2024-11-06 03:30:00,73499.99,74000.0,73051.0,73790.43
2024-11-06 04:00:00,73900.0,74700.0,73473.55,74548.0
2024-11-06 04:30:00,74570.0,74867.0,74008.0,74100.0
2024-11-06 05:00:00,74100.1,74202.22,73100.09,73777.09
2024-11-06 05:30:00,73777.09,74450.0,73777.08,74450.0
2024-11-06 06:00:00,74450.0,75800.0,74443.99,74800.0
2024-11-06 06:30:00,74906.24,75172.16,74112.0,74201.0
2024-11-06 07:00:00,74118.03,74420.0,74000.0,74100.0
2024-11-06 07:30:00,74000.0,74249.99,72300.0,72580.35
2024-11-06 08:00:00,72580.35,72799.97,72100.0,72272.03
2024-11-06 08:30:00,72272.04,72990.0,72100.0,72987.0
2024-11-06 09:00:00,72990.0,73500.0,72900.0,73300.0
2024-11-06 09:30:00,73299.0,73893.0,73210.0,73603.0
2024-11-06 10:00:00,73603.0,73698.0,72884.0,73130.09
2024-11-06 10:30:00,73200.0,73460.0,72836.49,73400.0
2024-11-06 11:00:00,73450.0,73700.0,73200.0,73700.0
2024-11-06 11:30:00,73703.0,74000.0,73700.0,74000.0
2024-11-06 12:00:00,74000.0,74500.0,73802.5,74244.52
2024-11-06 12:30:00,74244.53,74300.0,73800.0,73800.0
2024-11-06 13:00:00,73800.0,73800.0,73000.0,73205.0
2024-11-06 13:30:00,73205.04,73851.83,73205.03,73401.0
2024-11-06 14:00:00,73401.04,73716.97,73110.0,73600.01
2024-11-06 14:30:00,73600.01,74200.0,73110.0,73110.01
2024-11-06 15:00:00,73110.01,73900.0,73107.0,73799.0
2024-11-06 15:30:00,73799.0,73800.0,73343.85,73740.05
2024-11-06 16:00:00,73740.5,73990.0,73550.0,73703.69
2024-11-06 16:30:00,73840.0,73947.0,73650.0,73888.04
2024-11-06 17:00:00,73888.07,74150.0,73721.01,74118.0
2024-11-06 17:30:00,74120.0,74198.0,73900.03,74099.9
2024-11-06 18:00:00,74100.0,74302.0,73904.26,74247.0
2024-11-06 18:30:00,74247.0,74501.46,74247.0,74501.0
2024-11-06 19:00:00,74554.9,74900.0,74471.0,74898.0
2024-11-06 19:30:00,74800.0,75100.0,74160.0,75100.0
2024-11-06 20:00:00,75100.0,75250.0,74000.0,75100.0
2024-11-06 20:30:00,75100.0,75515.0,75000.0,75515.0
2024-11-06 21:00:00,75500.0,75600.0,75191.59,75195.59
2024-11-06 21:30:00,75103.0,75300.0,74970.62,75300.0
2024-11-06 22:00:00,75300.0,75453.46,74974.62,74974.62
2024-11-06 22:30:00,74974.62,75254.98,74800.0,74930.44
2024-11-06 23:00:00,74930.47,75199.39,74900.0,74939.04
2024-11-06 23:30:00,74939.05,75149.7,74939.03,74999.0
2024-11-07 00:00:00,75000.0,75000.0,74400.0,74400.0
2024-11-07 00:30:00,74364.0,74700.0,74364.0,74700.0
2024-11-07 01:00:00,74700.0,74850.0,74500.01,74850.0
2024-11-07 01:30:00,75019.99,75300.0,74700.0,75119.98
2024-11-07 02:00:00,75119.98,75119.98,74615.31,74615.32
2024-11-07 02:30:00,74615.32,74898.85,74500.0,74570.1
2024-11-07 03:00:00,74887.92,75000.0,74500.01,74882.96
2024-11-07 03:30:00,74882.96,75000.0,74500.01,74610.1
2024-11-07 04:00:00,74696.0,74696.0,74011.0,74123.48
2024-11-07 04:30:00,74199.99,74200.0,73801.0,73981.61
2024-11-07 05:00:00,74000.0,74399.98,73805.0,74250.0
2024-11-07 05:30:00,74398.0,74398.0,74030.03,74389.86
2024-11-07 06:00:00,74152.24,74396.97,73817.86,74337.0
2024-11-07 06:30:00,74337.0,74337.0,74028.0,74295.0
2024-11-07 07:00:00,74295.0,74500.0,74109.93,74114.1
2024-11-07 07:30:00,74118.31,74622.0,74118.31,74579.93
2024-11-07 08:00:00,74575.0,74873.0,74302.85,74849.99
2024-11-07 08:30:00,74849.99,74940.0,74820.01,74899.0
2024-11-07 09:00:00,74920.0,74920.0,74749.0,74801.0
2024-11-07 09:30:00,74801.0,74801.0,74431.02,74470.0
2024-11-07 10:00:00,74431.02,74698.99,74170.0,74500.0
2024-11-07 10:30:00,74599.0,74677.97,74450.0,74450.78
2024-11-07 11:00:00,74636.0,74649.97,74456.1,74544.0
2024-11-07 11:30:00,74550.0,74644.0,74351.34,74490.0
2024-11-07 12:00:00,74351.67,74598.99,74351.34,74481.0
2024-11-07 12:30:00,74481.0,74644.0,74481.0,74644.0
2024-11-07 13:00:00,74644.0,74644.0,74410.01,74420.0
2024-11-07 13:30:00,74420.0,74595.88,74282.46,74301.0
2024-11-07 14:00:00,74301.0,74593.81,74300.0,74579.94
2024-11-07 14:30:00,74579.94,74588.8,74281.46,74300.01
2024-11-07 15:00:00,74300.01,75000.0,74300.01,74999.99
2024-11-07 15:30:00,74902.0,75511.0,74900.0,75483.0
2024-11-07 16:00:00,75511.0,75600.0,75197.0,75198.99
2024-11-07 16:30:00,75198.99,75600.0,75150.0,75370.0
2024-11-07 17:00:00,75549.99,75774.0,75370.0,75774.0
2024-11-07 17:30:00,75774.0,75960.0,75450.01,75930.0
2024-11-07 18:00:00,75926.0,75949.99,75313.0,75949.99
2024-11-07 18:30:00,75900.0,76100.0,75685.01,76100.0
2024-11-07 19:00:00,76100.0,76120.0,75100.0,75886.0
2024-11-07 19:30:00,75605.1,75840.0,75352.02,75800.0
2024-11-07 20:00:00,75848.0,76160.0,75774.01,75950.03
2024-11-07 20:30:00,75950.0,76100.0,75100.0,75845.0
2024-11-07 21:00:00,75847.0,75850.0,75700.0,75700.0
2024-11-07 21:30:00,75700.0,75844.99,75255.94,75265.0
2024-11-07 22:00:00,75256.0,75474.93,74945.87,75163.0
2024-11-07 22:30:00,75164.9,75500.0,75060.06,75428.0
2024-11-07 23:00:00,75430.0,75568.0,75201.42,75300.0
2024-11-07 23:30:00,75300.0,75567.0,75237.06,75449.97
2024-11-08 00:00:00,75450.0,75750.0,75400.01,75700.0
2024-11-08 00:30:00,75700.0,75700.01,75424.93,75440.0
2024-11-08 01:00:00,75440.0,75700.0,75400.0,75523.14
2024-11-08 01:30:00,75523.14,75697.41,75401.0,75650.0
2024-11-08 02:00:00,75650.0,75650.0,75237.03,75280.0
2024-11-08 02:30:00,75280.0,75500.0,75237.5,75252.17
2024-11-08 03:00:00,75252.2,75596.8,75251.0,75485.0
2024-11-08 03:30:00,75485.0,75592.0,75479.0,75580.0
2024-11-08 04:00:00,75591.91,75650.0,75580.0,75623.21
2024-11-08 04:30:00,75623.21,75853.54,75623.21,75651.4
2024-11-08 05:00:00,75715.15,75853.39,75500.01,75777.0
2024-11-08 05:30:00,75777.0,75882.0,75600.0,75846.0
2024-11-08 06:00:00,75845.91,75849.88,75600.0,75700.0
2024-11-08 06:30:00,75797.76,75797.76,75502.08,75532.0
2024-11-08 07:00:00,75533.06,75654.0,75305.01,75500.03
2024-11-08 07:30:00,75500.02,75845.0,75500.02,75801.0
2024-11-08 08:00:00,75801.0,75801.0,75550.0,75553.71
2024-11-08 08:30:00,75553.8,75649.0,75308.01,75638.91
2024-11-08 09:00:00,75638.88,75659.0,75480.0,75659.0
2024-11-08 09:30:00,75502.0,75660.0,75501.02,75590.0
2024-11-08 10:00:00,75590.0,75590.0,75380.0,75480.0
2024-11-08 10:30:00,75480.0,75661.0,75480.0,75661.0
2024-11-08 11:00:00,75661.0,75795.0,75600.0,75620.0
2024-11-08 11:30:00,75664.0,75779.97,75550.0,75607.0
2024-11-08 12:00:00,75607.0,75700.0,75502.01,75503.02
2024-11-08 12:30:00,75503.02,75780.0,75501.0,75625.0
2024-11-08 13:00:00,75625.0,75699.0,75550.0,75639.97
2024-11-08 13:30:00,75639.97,75720.0,75550.0,75720.0
2024-11-08 14:00:00,75699.99,75779.95,75553.0,75600.0
2024-11-08 14:30:00,75650.0,75760.0,75200.0,75261.0
2024-11-08 15:00:00,75261.0,75841.0,75125.0,75638.0
2024-11-08 15:30:00,75638.0,75858.0,75300.0,75557.0
2024-11-08 16:00:00,75750.0,76150.0,75558.0,75761.31
2024-11-08 16:30:00,75700.0,76200.0,75355.0,75405.01
2024-11-08 17:00:00,75405.01,75478.0,75255.0,75440.0
2024-11-08 17:30:00,75302.0,75800.0,75302.0,75742.81
2024-11-08 18:00:00,75741.99,75980.0,75532.01,75900.0
2024-11-08 18:30:00,75900.0,76229.99,75822.0,76149.0
2024-11-08 19:00:00,76190.0,76500.0,76180.0,76500.0
2024-11-08 19:30:00,76500.0,76750.0,76231.0,76500.0
2024-11-08 20:00:00,76500.0,76689.97,76030.2,76050.01
2024-11-08 20:30:00,76080.0,76200.0,75950.01,76065.04
2024-11-08 21:00:00,76199.0,76200.0,76050.1,76060.0
2024-11-08 21:30:00,76060.0,76100.0,75957.77,75957.95
2024-11-08 22:00:00,76040.0,76200.0,75957.86,76065.45
2024-11-08 22:30:00,76200.0,76222.0,76065.23,76065.23
2024-11-08 23:00:00,76065.23,76065.23,75957.86,75967.1
2024-11-08 23:30:00,75967.1,75967.1,75957.77,75961.0
2024-11-09 00:00:00,75961.0,76065.23,75957.78,75967.11
2024-11-09 00:30:00,75967.11,76000.0,75967.11,75967.11
2024-11-09 01:00:00,75967.11,76065.23,75967.11,75967.11
2024-11-09 01:30:00,75967.11,76218.0,75967.1,76189.93
2024-11-09 02:00:00,76189.93,76189.93,75957.78,75957.78
2024-11-09 02:30:00,75957.78,76109.88,75957.77,75963.6
2024-11-09 03:00:00,76088.61,76150.0,75910.0,75910.0
2024-11-09 03:30:00,75943.99,75956.0,75700.0,75799.0
2024-11-09 04:00:00,75799.0,75904.99,75706.0,75900.0
2024-11-09 04:30:00,75900.0,76000.0,75710.0,75813.03
2024-11-09 05:00:00,75820.0,76100.0,75820.0,76002.33
2024-11-09 05:30:00,76077.0,76257.57,76002.33,76199.99
2024-11-09 06:00:00,76199.0,76496.0,76199.0,76450.0
2024-11-09 06:30:00,76450.0,76499.0,75900.02,75999.0
2024-11-09 07:00:00,75996.0,76100.0,75908.0,76000.0
2024-11-09 07:30:00,76000.0,76299.0,75922.0,76299.0
2024-11-09 08:00:00,76299.0,76299.0,76000.0,76250.0
2024-11-09 08:30:00,76202.0,76289.5,76202.0,76265.0
2024-11-09 09:00:00,76265.0,76300.0,76202.0,76279.99
2024-11-09 09:30:00,76279.99,76279.99,76030.0,76269.84
2024-11-09 10:00:00,76269.97,76278.91,76190.0,76278.91
2024-11-09 10:30:00,76275.0,76279.99,76052.02,76150.0
2024-11-09 11:00:00,76150.0,76279.99,76040.0,76102.33
2024-11-09 11:30:00,76101.07,76250.0,75980.0,76000.01
2024-11-09 12:00:00,75980.0,76139.0,75940.0,76000.0
2024-11-09 12:30:00,75999.0,75999.99,75781.0,75800.0
2024-11-09 13:00:00,75850.0,75899.9,75781.1,75899.9
2024-11-09 13:30:00,75899.9,76000.0,75786.0,75800.01
2024-11-09 14:00:00,75800.0,75820.0,75750.0,75765.0
2024-11-09 14:30:00,75760.0,75765.0,75750.0,75764.8
2024-11-09 15:00:00,75765.0,75770.0,75760.01,75767.99
2024-11-09 15:30:00,75767.99,75879.0,75767.0,75800.0
2024-11-09 16:00:00,75791.0,75899.0,75700.0,75700.0
2024-11-09 16:30:00,75700.0,75701.0,75501.0,75505.0
2024-11-09 17:00:00,75502.0,75550.0,75200.0,75400.0
2024-11-09 17:30:00,75500.0,75899.0,75200.0,75895.95
2024-11-09 18:00:00,75890.0,75990.0,75801.0,75988.8
2024-11-09 18:30:00,75989.0,76100.0,75907.01,75909.01
2024-11-09 19:00:00,76069.0,76070.01,75809.06,75999.0
2024-11-09 19:30:00,75999.0,75999.0,75579.0,75700.06
2024-11-09 20:00:00,75580.01,75864.99,75579.0,75797.99
2024-11-09 20:30:00,75864.99,75864.99,75600.01,75605.05
2024-11-09 21:00:00,75605.05,75796.97,75605.0,75796.97
2024-11-09 21:30:00,75800.0,75800.0,75635.01,75708.0
2024-11-09 22:00:00,75708.0,75950.0,75708.0,75950.0
2024-11-09 22:30:00,75950.0,76048.03,75950.0,75957.0
2024-11-09 23:00:00,76048.03,76100.0,75957.0,76100.0
2024-11-09 23:30:00,76100.0,76147.61,76049.99,76109.0
2024-11-10 00:00:00,76136.6,76200.0,76109.0,76184.0
2024-11-10 00:30:00,76184.0,76489.0,76108.0,76487.97
2024-11-10 01:00:00,76188.35,76488.0,76059.99,76059.99
2024-11-10 01:30:00,76200.0,76395.98,75960.0,76157.9
2024-11-10 02:00:00,76166.93,76680.0,75971.12,76680.0
2024-11-10 02:30:00,76679.99,76700.0,75259.0,76306.33
2024-11-10 03:00:00,76400.0,76750.0,76306.32,76620.03
2024-11-10 03:30:00,76745.0,76750.0,76592.56,76720.0
2024-11-10 04:00:00,76746.99,76749.98,76447.12,76615.0
2024-11-10 04:30:00,76615.0,78344.54,76610.0,78243.49
2024-11-10 05:00:00,78199.0,78900.0,78100.0,78887.99
2024-11-10 05:30:00,78800.01,78900.0,78102.0,78250.0
2024-11-10 06:00:00,78250.0,78439.58,77989.03,78158.32
2024-11-10 06:30:00,78158.32,78248.0,77552.0,78084.96
2024-11-10 07:00:00,78099.99,78380.0,78004.01,78333.3
2024-11-10 07:30:00,78333.3,78339.19,78012.0,78059.62
2024-11-10 08:00:00,78100.0,78339.19,78100.0,78334.46
2024-11-10 08:30:00,78334.46,78499.0,78199.0,78499.0
2024-11-10 09:00:00,78499.0,78750.0,78359.98,78741.0
2024-11-10 09:30:00,78750.0,78886.99,78741.0,78779.0
2024-11-10 10:00:00,78750.0,78886.98,78750.0,78780.0
2024-11-10 10:30:00,78780.0,79000.0,78750.1,79000.0
2024-11-10 11:00:00,78999.01,79500.0,78750.1,79200.0
2024-11-10 11:30:00,79200.0,79600.0,79156.0,79500.0
2024-11-10 12:00:00,79500.0,79610.0,78740.0,78980.0
2024-11-10 12:30:00,78979.99,78997.0,78756.0,78990.0
2024-11-10 13:00:00,78995.0,79200.0,78862.0,79100.0
2024-11-10 13:30:00,79119.99,79310.0,79014.0,79160.0
2024-11-10 14:00:00,79160.0,79289.0,78901.0,79201.0
2024-11-10 14:30:00,79250.0,79251.0,78500.01,78823.74
2024-11-10 15:00:00,78999.0,79287.88,78605.0,79110.0
2024-11-10 15:30:00,79120.0,79200.0,78814.1,79150.0
2024-11-10 16:00:00,79195.0,79200.0,78800.0,78950.0
2024-11-10 16:30:00,78950.0,79249.99,78866.66,79200.0
2024-11-10 17:00:00,79151.01,79500.0,79050.0,79494.0
2024-11-10 17:30:00,79494.0,79609.0,79400.0,79501.0
2024-11-10 18:00:00,79501.0,79609.0,79501.0,79609.0
2024-11-10 18:30:00,79640.0,80000.0,79599.0,79800.0
2024-11-10 19:00:00,79780.09,80000.0,79609.0,79862.0
2024-11-10 19:30:00,79860.0,79860.0,79140.01,79200.01
2024-11-10 20:00:00,79350.0,79350.0,78589.47,78805.16
2024-11-10 20:30:00,79095.98,79095.98,78583.0,78607.9
2024-11-10 21:00:00,78607.9,78799.99,78050.0,78799.99
2024-11-10 21:30:00,78799.99,79400.0,78700.01,79396.0
2024-11-10 22:00:00,79396.0,80400.0,79350.0,80111.49
2024-11-10 22:30:00,80111.49,80300.0,79200.0,80109.0
2024-11-10 23:00:00,80001.02,80113.0,79470.17,79779.92
2024-11-10 23:30:00,79779.92,79988.0,79500.0,79610.01
2024-11-11 00:00:00,79610.01,80110.0,79610.01,80110.0
2024-11-11 00:30:00,80111.3,80350.99,80000.0,80348.97
2024-11-11 01:00:00,80199.84,80345.0,80050.28,80200.0
2024-11-11 01:30:00,80200.0,80800.0,80200.0,80797.0
2024-11-11 02:00:00,80796.97,80800.0,80489.0,80798.0
2024-11-11 02:30:00,80796.99,81000.0,80701.99,80890.0
2024-11-11 03:00:00,80890.0,80999.0,80498.38,80500.0
2024-11-11 03:30:00,80498.38,81300.0,80498.38,81230.0
2024-11-11 04:00:00,81230.0,81300.0,81099.0,81099.01
2024-11-11 04:30:00,81100.0,81164.88,80952.02,81100.0
2024-11-11 05:00:00,81084.0,81159.0,80551.0,80551.0
2024-11-11 05:30:00,80551.0,80551.0,80100.0,80250.0
2024-11-11 06:00:00,80298.0,80550.0,80200.07,80550.0
2024-11-11 06:30:00,80480.05,80799.99,80480.05,80603.0
2024-11-11 07:00:00,80680.0,80688.38,80400.1,80400.1
2024-11-11 07:30:00,80400.1,80835.0,80330.0,80501.03
2024-11-11 08:00:00,80798.99,80980.0,80450.01,80900.0
2024-11-11 08:30:00,80804.13,80920.0,80600.0,80890.0
2024-11-11 09:00:00,80800.0,81213.99,80613.56,81213.9
2024-11-11 09:30:00,81198.0,81450.0,81173.0,81430.0
2024-11-11 10:00:00,81430.0,81958.0,81423.76,81705.0
2024-11-11 10:30:00,81705.0,81946.0,81600.0,81600.2
2024-11-11 11:00:00,81600.12,82000.0,81591.46,81900.0
2024-11-11 11:30:00,81999.0,82000.0,81853.0,81989.0
2024-11-11 12:00:00,81989.0,82000.0,81423.0,81850.0
2024-11-11 12:30:00,81800.03,81999.99,81800.0,81999.99
2024-11-11 13:00:00,81999.99,81999.99,81220.0,81447.0
2024-11-11 13:30:00,81500.0,81687.0,81000.0,81687.0
2024-11-11 14:00:00,81687.0,82000.0,81300.04,81600.0
2024-11-11 14:30:00,81350.0,82000.0,81323.0,81954.0
2024-11-11 15:00:00,81954.01,83000.0,81954.01,83000.0
2024-11-11 15:30:00,83000.0,83888.0,83000.0,83847.0
2024-11-11 16:00:00,83847.0,84600.0,83609.96,83800.0
2024-11-11 16:30:00,83950.0,84454.99,83550.0,83880.01
2024-11-11 17:00:00,83880.01,84500.0,83880.0,84100.15
2024-11-11 17:30:00,84100.15,84599.99,84100.15,84395.83
2024-11-11 18:00:00,84395.0,84691.0,84010.01,84498.06
2024-11-11 18:30:00,84500.0,85555.0,84498.12,85554.0
2024-11-11 19:00:00,85555.0,87000.0,85016.0,85800.0
2024-11-11 19:30:00,85800.0,86700.0,85300.0,86100.0
2024-11-11 20:00:00,86101.0,87500.0,86100.0,86998.0
2024-11-11 20:30:00,86905.12,87232.59,86150.0,86999.97
2024-11-11 21:00:00,86801.03,88360.0,86557.1,88220.0
2024-11-11 21:30:00,88220.0,88300.0,87100.0,87590.2
2024-11-11 22:00:00,87590.2,87700.0,85500.0,85998.0
2024-11-11 22:30:00,85998.0,87489.0,85555.0,87399.04
2024-11-11 23:00:00,87399.04,88783.0,87399.04,88300.0
2024-11-11 23:30:00,88300.0,88834.64,86501.0,87997.99
2024-11-12 00:00:00,88000.01,88850.0,84557.0,87299.96
2024-11-12 00:30:00,87299.99,88253.12,86600.36,88229.0
2024-11-12 01:00:00,88011.01,88500.0,87600.0,88200.0
2024-11-12 01:30:00,87900.13,88450.0,87601.0,87927.99
2024-11-12 02:00:00,87927.06,87935.56,87242.66,87500.0
2024-11-12 02:30:00,87500.0,87500.0,86020.0,86750.0
2024-11-12 03:00:00,86750.0,87313.98,86724.11,87138.0
2024-11-12 03:30:00,87110.0,87650.0,86020.0,87650.0
2024-11-12 04:00:00,87650.0,88258.0,87200.01,88000.01
2024-11-12 04:30:00,88258.0,88700.0,87700.0,87950.0
2024-11-12 05:00:00,88005.0,88489.99,87702.0,88099.99
2024-11-12 05:30:00,88099.99,88100.0,88000.0,88055.0
2024-11-12 06:00:00,88054.0,88054.0,87589.99,88046.19
2024-11-12 06:30:00,88046.19,89500.0,87999.99,89241.0
2024-11-12 07:00:00,89225.0,89650.0,88600.0,89330.25
2024-11-12 07:30:00,89494.87,89825.0,88946.97,88985.0
2024-11-12 08:00:00,88946.97,89256.67,88500.0,88502.0
2024-11-12 08:30:00,88502.0,89275.59,88502.0,89100.0
2024-11-12 09:00:00,89111.0,89148.0,87900.0,88209.0
2024-11-12 09:30:00,88209.0,88502.0,86810.01,86886.37
2024-11-12 10:00:00,86886.37,88400.0,86100.0,86200.0
2024-11-12 10:30:00,86251.04,87667.0,83000.0,86000.0
2024-11-12 11:00:00,86000.0,87200.0,85580.0,86999.99
2024-11-12 11:30:00,86902.0,87599.93,86002.01,86304.04
2024-11-12 12:00:00,86500.0,87599.99,86100.0,86300.0
2024-11-12 12:30:00,86211.0,86598.98,85114.0,85222.0
2024-11-12 13:00:00,85200.0,85950.0,84500.0,85260.0
2024-11-12 13:30:00,85202.0,85600.0,84101.0,85557.86
2024-11-12 14:00:00,85557.86,85899.99,84802.0,84900.0
2024-11-12 14:30:00,85137.37,86500.0,84322.0,86499.99
2024-11-12 15:00:00,86500.0,87300.0,86320.0,86700.0
2024-11-12 15:30:00,86698.01,86700.0,85900.0,86000.0
2024-11-12 16:00:00,86129.0,86129.0,85000.0,85600.0
2024-11-12 16:30:00,85600.01,86899.98,85600.01,86129.9
2024-11-12 17:00:00,86399.97,86998.96,85610.01,86700.0
2024-11-12 17:30:00,86700.0,87100.01,86150.01,86500.0
2024-11-12 18:00:00,86500.0,87450.0,86222.01,87450.0
2024-11-12 18:30:00,87450.0,88120.0,86999.01,88120.0
2024-11-12 19:00:00,88120.0,88896.0,87868.54,88800.0
2024-11-12 19:30:00,88555.02,89000.0,87000.0,87776.37
2024-11-12 20:00:00,87760.38,88698.97,87250.0,88645.89
2024-11-12 20:30:00,88645.89,88890.0,88100.01,88500.0
2024-11-12 21:00:00,88438.68,88888.0,87171.0,87960.0
2024-11-12 21:30:00,87960.0,88199.0,87156.0,87307.0
2024-11-12 22:00:00,87495.58,87896.95,87000.0,87652.9
2024-11-12 22:30:00,87652.0,88322.22,87498.01,87766.03
2024-11-12 23:00:00,87800.01,88088.91,87000.0,87499.93
2024-11-12 23:30:00,87499.93,87884.9,86967.55,87256.06
2024-11-13 00:00:00,87256.06,87698.87,86821.01,87449.92
2024-11-13 00:30:00,87449.93,87754.0,87300.01,87400.0
2024-11-13 01:00:00,87400.0,87700.0,87080.0,87083.15
2024-11-13 01:30:00,87083.22,87825.03,87083.22,87825.03
2024-11-13 02:00:00,87825.0,88028.75,87100.02,87120.34
2024-11-13 02:30:00,87122.0,87499.99,86951.0,87331.0
2024-11-13 03:00:00,87331.39,87553.0,87200.0,87201.0
2024-11-13 03:30:00,87020.31,87202.9,86750.15,86750.15
2024-11-13 04:00:00,86750.15,86995.97,86613.01,86660.01
2024-11-13 04:30:00,86660.01,86662.94,86000.0,86214.15
2024-11-13 05:00:00,86544.99,86800.0,86004.0,86545.98
2024-11-13 05:30:00,86545.98,86898.25,86000.0,86200.06
2024-11-13 06:00:00,86200.36,86298.97,86000.0,86084.0
2024-11-13 06:30:00,86084.0,86431.0,85805.45,86001.21
2024-11-13 07:00:00,86001.21,86850.0,85700.0,86279.0
2024-11-13 07:30:00,86279.0,86940.0,86111.0,86940.0
2024-11-13 08:00:00,86940.0,87478.0,86555.0,87288.99
2024-11-13 08:30:00,87300.0,87477.0,86555.0,86650.0
2024-11-13 09:00:00,86600.01,87000.0,86500.0,86990.0
2024-11-13 09:30:00,87000.0,87099.0,86770.0,87005.0
2024-11-13 10:00:00,87095.63,87100.0,86616.01,87000.0
2024-11-13 10:30:00,86999.97,86999.97,86617.12,86894.75
2024-11-13 11:00:00,86894.75,87477.0,86890.0,87010.0
2024-11-13 11:30:00,87150.0,87463.99,86800.0,87198.94
2024-11-13 12:00:00,87001.0,87291.15,87001.0,87188.09
2024-11-13 12:30:00,87188.12,87399.99,87020.0,87300.0
2024-11-13 13:00:00,87399.99,87500.0,87090.0,87500.0
2024-11-13 13:30:00,87500.0,89000.0,87499.0,88266.33
2024-11-13 14:00:00,88266.33,89000.0,87600.0,88898.0
2024-11-13 14:30:00,88899.0,91000.0,88888.0,90993.6
2024-11-13 15:00:00,90998.98,91001.01,89160.0,91001.01
2024-11-13 15:30:00,91001.01,91890.0,90380.01,91799.96
2024-11-13 16:00:00,91800.0,93000.0,91600.0,92293.8
2024-11-13 16:30:00,92293.0,92500.0,90508.0,91749.0
2024-11-13 17:00:00,91550.0,92000.0,91300.0,91345.32
2024-11-13 17:30:00,91345.32,91500.0,90715.0,91366.0
2024-11-13 18:00:00,91000.0,92000.0,90640.0,91900.0
2024-11-13 18:30:00,91989.0,92550.0,91539.06,92193.0
2024-11-13 19:00:00,92193.0,92400.0,90000.0,90597.89
2024-11-13 19:30:00,90599.97,90621.06,89740.0,90095.95
2024-11-13 20:00:00,90095.88,91500.0,89000.0,90101.0
2024-11-13 20:30:00,90299.76,90900.0,89256.0,89589.54
2024-11-13 21:00:00,89637.97,89637.97,88000.0,88500.21
2024-11-13 21:30:00,88697.94,89350.0,88202.02,88202.02
2024-11-13 22:00:00,88310.0,89697.0,88107.0,89650.0
2024-11-13 22:30:00,89696.95,89880.05,89270.0,89500.0
2024-11-13 23:00:00,89497.32,90000.0,89000.0,89998.98
2024-11-13 23:30:00,90000.0,90400.0,89760.12,90250.0
2024-11-14 00:00:00,90250.0,90353.04,89760.0,89955.31
2024-11-14 00:30:00,89762.0,90000.0,89103.96,89724.18
2024-11-14 01:00:00,89724.18,89823.0,89103.96,89104.0
2024-11-14 01:30:00,89648.6,90000.0,88505.01,89999.0
2024-11-14 02:00:00,89998.47,90389.0,89700.0,89700.0
2024-11-14 02:30:00,89700.0,90337.8,89600.06,90196.99
2024-11-14 03:00:00,90195.93,90195.93,89310.01,89826.95
2024-11-14 03:30:00,89825.99,90500.0,89709.59,90197.88
2024-11-14 04:00:00,90100.0,90100.0,89700.0,89764.01
2024-11-14 04:30:00,89763.0,90500.0,89451.08,90290.0
2024-11-14 05:00:00,90000.66,90373.98,89820.0,89999.99
2024-11-14 05:30:00,89999.86,90135.32,89751.06,89905.37
2024-11-14 06:00:00,89905.37,90199.99,89511.0,89910.13
2024-11-14 06:30:00,89910.04,90085.74,89400.0,89400.01
2024-11-14 07:00:00,89400.01,89816.62,89200.0,89795.97
2024-11-14 07:30:00,89795.97,90988.0,89625.0,90920.1
2024-11-14 08:00:00,90920.05,91456.0,90450.01,91299.91
2024-11-14 08:30:00,91293.99,91293.99,90450.0,90491.1
2024-11-14 09:00:00,90491.13,90800.0,90400.0,90551.34
2024-11-14 09:30:00,90647.0,90852.0,90300.03,90700.0
2024-11-14 10:00:00,90600.0,91294.99,90558.18,90841.0
2024-11-14 10:30:00,90841.0,91289.26,90655.1,91000.0
2024-11-14 11:00:00,91000.0,91098.0,90601.46,90910.15
2024-11-14 11:30:00,90995.0,91400.5,90602.01,91300.0
2024-11-14 12:00:00,91400.5,91434.9,90900.0,91143.64
2024-11-14 12:30:00,91002.0,91490.0,90750.0,90810.09
2024-11-14 13:00:00,90811.04,91300.0,90601.46,90601.46
2024-11-14 13:30:00,90797.88,91168.28,90355.01,90650.0
2024-11-14 14:00:00,90742.94,91100.0,90450.01,91099.98
2024-11-14 14:30:00,91100.0,91449.88,89000.0,89000.0
2024-11-14 15:00:00,89000.0,89982.38,88300.04,88900.0
2024-11-14 15:30:00,88960.0,89158.08,88000.0,88000.0
2024-11-14 16:00:00,88000.0,88647.1,87500.0,88349.01
2024-11-14 16:30:00,88349.01,89489.0,88000.0,89347.6
2024-11-14 17:00:00,89300.0,89364.47,88655.01,88701.0
2024-11-14 17:30:00,88701.0,89300.02,88655.0,89296.94
2024-11-14 18:00:00,89295.98,89739.48,89150.2,89347.93
2024-11-14 18:30:00,89200.03,89347.93,88903.0,89003.0
2024-11-14 19:00:00,89003.0,89500.0,89002.99,89450.0
2024-11-14 19:30:00,89450.0,89498.96,89001.0,89390.0
2024-11-14 20:00:00,89390.0,89390.0,87960.0,88360.0
2024-11-14 20:30:00,88641.49,88641.49,87688.0,87688.0
2024-11-14 21:00:00,87688.0,88059.09,87100.0,88059.09
2024-11-14 21:30:00,88059.09,88368.48,87563.0,88000.46
2024-11-14 22:00:00,88170.0,88350.0,87563.0,87767.9
2024-11-14 22:30:00,87767.77,87999.98,87100.0,87892.58
2024-11-14 23:00:00,87892.58,87892.58,87001.01,87299.94
2024-11-14 23:30:00,87299.86,87892.56,86838.0,87100.22
2024-11-15 00:00:00,87252.57,88388.0,87252.57,88000.0
2024-11-15 00:30:00,88381.91,88381.91,87900.02,87905.09
2024-11-15 01:00:00,87905.09,87999.74,87163.01,87163.03
2024-11-15 01:30:00,87555.98,87979.13,87555.91,87979.12
2024-11-15 02:00:00,87979.12,88257.36,87600.0,88000.07
2024-11-15 02:30:00,88000.13,88379.0,88000.13,88367.0
2024-11-15 03:00:00,88367.0,88379.0,88000.0,88000.41
2024-11-15 03:30:00,88000.41,88390.0,87848.77,88384.99
2024-11-15 04:00:00,88100.82,88384.98,87700.0,87752.0
2024-11-15 04:30:00,87752.0,87800.0,87163.0,87321.36
2024-11-15 05:00:00,87321.36,87699.88,87321.0,87699.88
2024-11-15 05:30:00,87699.85,88192.0,87460.0,87970.32
2024-11-15 06:00:00,87950.0,88191.99,87734.15,88100.0
2024-11-15 06:30:00,88100.99,88268.69,87800.0,88268.68
2024-11-15 07:00:00,88268.69,88472.96,88100.06,88459.0
2024-11-15 07:30:00,88383.8,88449.0,87500.02,87550.0
2024-11-15 08:00:00,87599.0,87789.99,87200.0,87425.01
2024-11-15 08:30:00,87662.75,88200.0,87426.1,88018.32
2024-11-15 09:00:00,88100.0,89199.0,87752.0,89195.0
2024-11-15 09:30:00,89196.0,89196.0,88500.11,89184.99
2024-11-15 10:00:00,89184.99,89190.0,88601.01,89189.0
2024-11-15 10:30:00,89188.99,89249.99,89030.13,89249.93
2024-11-15 11:00:00,89249.93,89249.98,89000.0,89012.08
2024-11-15 11:30:00,89200.0,89576.14,89000.0,89500.0
2024-11-15 12:00:00,89570.0,90170.0,89282.0,89700.0
2024-11-15 12:30:00,89800.0,89800.0,89000.0,89300.0
2024-11-15 13:00:00,89300.0,89567.96,88999.0,89070.01
2024-11-15 13:30:00,89290.0,89899.8,89104.0,89885.99
2024-11-15 14:00:00,89884.0,89884.0,88948.11,89000.0
2024-11-15 14:30:00,89000.0,89400.0,88097.03,88839.96
2024-11-15 15:00:00,88608.0,88698.96,87643.0,87996.79
2024-11-15 15:30:00,87860.08,88450.0,87631.01,88210.0
2024-11-15 16:00:00,88210.0,89500.0,88208.98,89378.0
2024-11-15 16:30:00,89000.01,89250.0,88600.0,88957.0
2024-11-15 17:00:00,88617.01,89195.0,88617.01,89050.0
2024-11-15 17:30:00,89000.0,89228.97,88751.03,89000.0
2024-11-15 18:00:00,89000.0,89099.0,88810.0,88980.0
2024-11-15 18:30:00,89000.0,89000.0,88611.0,88611.01
2024-11-15 19:00:00,88611.0,89000.0,88600.0,88983.0
2024-11-15 19:30:00,89170.0,90000.0,88980.0,89529.0
2024-11-15 20:00:00,89599.0,90500.0,89009.0,90177.0
2024-11-15 20:30:00,90178.0,90600.0,89700.0,90500.0
2024-11-15 21:00:00,90500.0,90600.0,90220.0,90469.0
2024-11-15 21:30:00,90468.0,90850.0,90225.0,90790.47
2024-11-15 22:00:00,90754.49,90850.0,90010.0,90350.0
2024-11-15 22:30:00,90350.0,90660.0,90011.0,90350.0
2024-11-15 23:00:00,90277.7,90660.0,90277.7,90430.56
2024-11-15 23:30:00,90430.56,90589.97,90100.01,90270.03
2024-11-16 00:00:00,90270.03,90373.0,89913.0,90100.0
2024-11-16 00:30:00,90100.0,90399.82,90046.55,90104.06
2024-11-16 01:00:00,90104.06,90488.0,90104.06,90487.0
2024-11-16 01:30:00,90487.0,90597.0,90180.39,90594.0
2024-11-16 02:00:00,90500.0,90890.0,90244.82,90759.0
2024-11-16 02:30:00,90696.18,90999.0,90510.0,90998.81
2024-11-16 03:00:00,90610.01,90998.49,90610.01,90775.99
2024-11-16 03:30:00,90664.29,90777.06,90100.03,90365.01
2024-11-16 04:00:00,90365.01,90552.0,90215.83,90550.0
2024-11-16 04:30:00,90550.0,90700.0,90351.0,90402.02
2024-11-16 05:00:00,90402.01,90996.6,90387.92,90900.0
2024-11-16 05:30:00,90821.91,90888.0,90518.38,90800.0
2024-11-16 06:00:00,90588.0,90886.0,90312.85,90788.99
2024-11-16 06:30:00,90789.0,90885.85,90629.46,90650.12
2024-11-16 07:00:00,90650.13,90750.0,90631.1,90649.98
2024-11-16 07:30:00,90649.98,90649.98,90246.73,90250.37
2024-11-16 08:00:00,90246.73,90500.0,90100.01,90370.0
2024-11-16 08:30:00,90370.0,90650.0,90369.99,90600.0
2024-11-16 09:00:00,90685.0,90750.0,90480.0,90480.02
2024-11-16 09:30:00,90480.02,90647.94,90371.26,90371.26
2024-11-16 10:00:00,90371.26,90650.0,90371.26,90462.36
2024-11-16 10:30:00,90649.99,90698.0,90497.74,90525.5
2024-11-16 11:00:00,90525.53,90649.99,90247.9,90301.0
2024-11-16 11:30:00,90301.0,90589.98,90172.47,90288.0
2024-11-16 12:00:00,90288.0,90649.95,90000.0,90000.0
2024-11-16 12:30:00,90001.0,90480.0,90000.0,90001.0
2024-11-16 13:00:00,90001.0,90440.0,90001.0,90410.0
2024-11-16 13:30:00,90410.0,90410.0,89958.43,90000.0
2024-11-16 14:00:00,90000.0,90170.0,89825.0,90029.31
2024-11-16 14:30:00,90029.31,90350.0,90018.53,90041.68
2024-11-16 15:00:00,90020.58,90300.0,89629.0,89910.0
2024-11-16 15:30:00,89910.0,89999.77,89600.0,89680.0
2024-11-16 16:00:00,89800.0,89900.0,89660.4,89899.0
2024-11-16 16:30:00,89899.0,89999.99,89703.01,89999.99
2024-11-16 17:00:00,89999.99,90200.0,89999.99,90200.0
2024-11-16 17:30:00,90200.0,90439.99,90061.01,90426.99
2024-11-16 18:00:00,90426.99,90646.99,90251.02,90500.0
2024-11-16 18:30:00,90500.0,90700.0,90411.0,90412.0
2024-11-16 19:00:00,90416.01,90660.0,90000.01,90139.4
2024-11-16 19:30:00,90169.0,90397.94,90110.0,90200.0
2024-11-16 20:00:00,90201.0,90250.0,90000.0,90001.0
2024-11-16 20:30:00,90001.0,90249.99,90000.0,90013.03
2024-11-16 21:00:00,90002.0,90197.0,90000.0,90150.0
2024-11-16 21:30:00,90100.0,90313.0,90099.0,90100.0
2024-11-16 22:00:00,90099.0,90277.0,90058.32,90101.0
2024-11-16 22:30:00,90101.0,90276.97,90009.0,90009.0
2024-11-16 23:00:00,90009.0,90199.91,90000.0,90000.0
2024-11-16 23:30:00,90000.0,90098.99,90000.0,90000.0
2024-11-17 00:00:00,90000.0,90170.0,90000.0,90003.09
2024-11-17 00:30:00,90003.09,90200.0,90003.09,90009.0
2024-11-17 01:00:00,90009.03,90200.0,90009.01,90010.0
2024-11-17 01:30:00,90010.0,90020.0,89600.0,89749.8
2024-11-17 02:00:00,89749.8,89800.1,89202.0,89508.82
2024-11-17 02:30:00,89497.97,89885.51,89255.04,89451.09
2024-11-17 03:00:00,89450.0,89918.88,89300.0,89403.0
2024-11-17 03:30:00,89403.02,89790.0,89400.0,89619.99
2024-11-17 04:00:00,89600.0,89866.94,89500.05,89550.95
2024-11-17 04:30:00,89550.93,90049.99,89550.0,89599.95
2024-11-17 05:00:00,89601.01,90000.0,89599.97,89982.3
2024-11-17 05:30:00,90000.0,90000.0,89667.05,89669.06
2024-11-17 06:00:00,89669.06,89995.85,89669.06,89700.0
2024-11-17 06:30:00,89899.0,90050.0,89689.0,89855.33
2024-11-17 07:00:00,89855.34,89997.0,89669.06,89939.88
2024-11-17 07:30:00,89750.0,90048.99,89750.0,89800.3
2024-11-17 08:00:00,89800.0,90050.0,89690.01,89715.06
2024-11-17 08:30:00,89715.06,90499.98,89715.06,90448.99
2024-11-17 09:00:00,90441.0,90700.0,90200.0,90500.0
2024-11-17 09:30:00,90698.87,90698.87,90295.82,90600.0
2024-11-17 10:00:00,90596.0,90600.0,90401.0,90550.0
2024-11-17 10:30:00,90500.0,90700.0,90300.01,90350.0
2024-11-17 11:00:00,90304.02,90490.0,90110.08,90200.0
2024-11-17 11:30:00,90111.11,90400.0,90111.11,90128.0
2024-11-17 12:00:00,90123.0,90449.0,90111.11,90397.99
2024-11-17 12:30:00,90330.0,90500.0,90113.0,90299.0
2024-11-17 13:00:00,90299.0,90500.0,90114.0,90499.87
2024-11-17 13:30:00,90499.84,90499.84,89867.01,90330.0
2024-11-17 14:00:00,90337.9,90337.9,89799.94,89799.94
2024-11-17 14:30:00,89799.91,90050.0,89669.05,89902.52
2024-11-17 15:00:00,90000.0,90043.78,89599.0,89750.0
2024-11-17 15:30:00,89751.01,90100.0,89733.0,89900.43
2024-11-17 16:00:00,89900.37,90050.0,89730.4,90019.66
2024-11-17 16:30:00,89999.95,90019.92,89733.01,89999.8
2024-11-17 17:00:00,89999.81,90015.0,89800.2,90000.0
2024-11-17 17:30:00,90000.0,90001.0,89893.01,89995.0
2024-11-17 18:00:00,89900.02,89994.0,89800.1,89800.1
2024-11-17 18:30:00,89800.07,89800.07,89468.0,89614.39
2024-11-17 19:00:00,89759.97,89811.28,89300.0,89780.0
2024-11-17 19:30:00,89367.03,89780.99,89367.03,89636.01
2024-11-17 20:00:00,89636.01,89811.28,89254.0,89260.0
2024-11-17 20:30:00,89260.01,89500.0,89240.23,89300.0
2024-11-17 21:00:00,89270.01,89498.99,88980.0,89201.01
2024-11-17 21:30:00,89359.65,89398.98,88798.0,88798.0
2024-11-17 22:00:00,88798.01,89322.57,88500.0,89120.93
2024-11-17 22:30:00,89320.42,89464.39,88802.02,89080.01
2024-11-17 23:00:00,88900.0,89237.96,88851.14,89190.06
2024-11-17 23:30:00,89190.0,89464.0,89190.0,89200.01
2024-11-18 00:00:00,89462.0,89464.0,89200.0,89201.0
2024-11-18 00:30:00,89201.0,89463.99,89192.0,89200.02
2024-11-18 01:00:00,89200.02,89876.0,89192.01,89800.0
2024-11-18 01:30:00,89876.0,90100.0,89763.01,90099.0
2024-11-18 02:00:00,90099.0,90099.0,89650.0,89928.44
2024-11-18 02:30:00,89928.44,90002.7,89652.43,89652.43
2024-11-18 03:00:00,89652.43,89968.5,89652.42,89962.3
2024-11-18 03:30:00,89900.0,89962.43,89750.0,89760.0
2024-11-18 04:00:00,89760.01,89962.43,89617.98,89900.0
2024-11-18 04:30:00,89900.0,89958.37,89600.0,89600.0
2024-11-18 05:00:00,89600.0,89901.8,89550.55,89901.8
2024-11-18 05:30:00,89920.02,90000.0,89715.0,89985.09
2024-11-18 06:00:00,89985.0,90398.99,89802.03,90280.0
2024-11-18 06:30:00,90172.47,90989.0,90172.47,90865.0
2024-11-18 07:00:00,90989.0,91291.58,89800.0,90914.92
2024-11-18 07:30:00,90914.92,91190.0,90500.02,91013.92
2024-11-18 08:00:00,90978.6,91250.0,90900.0,91217.0
2024-11-18 08:30:00,91165.8,91211.46,90921.0,91166.0
2024-11-18 09:00:00,91166.0,91337.77,90511.0,91299.0
2024-11-18 09:30:00,91337.77,91400.0,90924.01,91000.0
2024-11-18 10:00:00,91000.0,91250.0,90950.33,91219.56
2024-11-18 10:30:00,91248.99,91300.0,91123.0,91200.0
2024-11-18 11:00:00,91200.0,91200.0,90400.0,90400.0
2024-11-18 11:30:00,90435.6,90435.6,89820.0,89903.0
2024-11-18 12:00:00,90000.0,90294.99,89900.0,90199.01
2024-11-18 12:30:00,90290.0,90623.15,90085.0,90221.0
2024-11-18 13:00:00,90221.0,90516.98,89319.0,89680.0
2024-11-18 13:30:00,89455.0,89800.0,89341.72,89499.97
2024-11-18 14:00:00,89400.0,90277.99,89341.72,90151.0
2024-11-18 14:30:00,90155.04,90900.0,89708.0,89900.17
2024-11-18 15:00:00,89900.17,90399.0,89900.17,90230.0
2024-11-18 15:30:00,90230.0,91500.0,90112.2,91009.0
2024-11-18 16:00:00,91009.0,91500.0,90850.0,91271.74
2024-11-18 16:30:00,91247.53,91300.0,90531.03,90700.0
2024-11-18 17:00:00,90672.77,91239.98,90501.0,91128.99
2024-11-18 17:30:00,91128.99,91150.0,90480.0,90737.76
2024-11-18 18:00:00,90830.0,90996.0,90500.0,90505.96
2024-11-18 18:30:00,90505.92,90505.97,89900.01,90060.0
2024-11-18 19:00:00,90139.97,90199.0,89530.0,89666.01
2024-11-18 19:30:00,89799.98,90339.98,89650.0,90300.0
2024-11-18 20:00:00,90300.0,91229.0,90215.01,91060.0
2024-11-18 20:30:00,91060.0,91215.0,90400.0,90778.12
2024-11-18 21:00:00,90737.55,91229.0,90485.01,91095.0
2024-11-18 21:30:00,91095.0,91239.99,90400.0,90470.29
2024-11-18 22:00:00,90649.0,90674.76,90389.95,90500.0
2024-11-18 22:30:00,90500.0,90896.96,90350.01,90893.89
2024-11-18 23:00:00,90545.66,90854.97,90158.0,90225.94
2024-11-18 23:30:00,90158.0,90530.7,90158.0,90459.84
2024-11-19 00:00:00,90300.0,90385.76,90300.0,90315.17
2024-11-19 00:30:00,90315.17,90689.81,90310.01,90500.3
2024-11-19 01:00:00,90500.3,90699.9,90500.3,90600.06
2024-11-19 01:30:00,90600.06,90690.0,90400.24,90400.24
2024-11-19 02:00:00,90400.24,90699.0,90400.24,90504.0
2024-11-19 02:30:00,90504.0,90829.99,90499.07,90829.58
2024-11-19 03:00:00,90829.58,90829.58,90560.0,90654.93
2024-11-19 03:30:00,90828.97,90829.0,90654.96,90712.35
2024-11-19 04:00:00,90712.35,90896.0,90561.56,90787.74
2024-11-19 04:30:00,90787.74,91050.0,90625.15,90850.0
2024-11-19 05:00:00,90850.0,90990.0,90728.12,90751.0
2024-11-19 05:30:00,90750.01,91030.0,90576.55,91030.0
2024-11-19 06:00:00,91030.0,91036.36,90750.01,91000.0
2024-11-19 06:30:00,91029.99,91250.0,90941.41,91224.0
2024-11-19 07:00:00,91224.0,91250.0,90948.47,91100.0
2024-11-19 07:30:00,91108.75,91238.0,90949.0,91100.0
2024-11-19 08:00:00,91000.0,91100.0,90781.99,90970.0
2024-11-19 08:30:00,90970.0,91000.0,90724.25,90986.24
2024-11-19 09:00:00,90986.24,91241.69,90782.58,90831.12
2024-11-19 09:30:00,90831.39,91100.0,90725.01,90996.66
2024-11-19 10:00:00,90996.66,91199.97,90938.62,91094.97
2024-11-19 10:30:00,91030.0,91099.0,90800.0,91037.72
2024-11-19 11:00:00,91037.72,91099.0,90847.26,90847.26
2024-11-19 11:30:00,90847.26,91098.99,90847.26,90956.0
2024-11-19 12:00:00,90956.0,91605.0,90956.0,91599.0
2024-11-19 12:30:00,91599.0,91770.0,91300.0,91699.99
2024-11-19 13:00:00,91699.99,91950.0,91422.82,91609.22
2024-11-19 13:30:00,91450.0,91450.0,90901.0,90901.0
2024-11-19 14:00:00,90900.0,91150.0,90725.0,91046.99
2024-11-19 14:30:00,90869.0,91584.0,90821.0,91451.0
2024-11-19 15:00:00,91451.0,91470.0,91001.0,91001.0
2024-11-19 15:30:00,91001.0,91694.99,90828.54,91551.29
2024-11-19 16:00:00,91550.29,91865.85,91450.01,91651.0
2024-11-19 16:30:00,91795.71,91865.6,91460.01,91795.71
2024-11-19 17:00:00,91795.71,92000.0,91300.0,91900.0
2024-11-19 17:30:00,92000.0,92499.0,91510.0,92099.98
2024-11-19 18:00:00,92100.0,92924.45,92099.98,92770.14
2024-11-19 18:30:00,92862.99,93198.9,92770.0,93194.0
2024-11-19 19:00:00,93194.0,93496.0,92500.0,93030.0
2024-11-19 19:30:00,93030.0,93097.0,92489.0,92500.0
2024-11-19 20:00:00,92530.0,92876.97,92140.1,92225.19
2024-11-19 20:30:00,92450.0,92600.0,91720.0,91875.0
2024-11-19 21:00:00,91875.0,92260.0,91419.33,91622.0
2024-11-19 21:30:00,91623.0,92237.05,91619.0,91997.14
2024-11-19 22:00:00,91997.14,92199.73,91626.03,91694.97
2024-11-19 22:30:00,91695.07,91695.07,91010.01,91494.0
2024-11-19 23:00:00,91494.0,91997.17,91302.0,91749.0
2024-11-19 23:30:00,91997.04,91997.04,91493.98,91648.0
2024-11-20 00:00:00,91648.0,91699.99,91499.99,91500.0
2024-11-20 00:30:00,91499.99,91500.0,91413.5,91500.0
2024-11-20 01:00:00,91500.0,91680.0,91210.01,91211.0
2024-11-20 01:30:00,91211.01,91899.97,91210.01,91302.03
2024-11-20 02:00:00,91799.55,91799.55,91305.49,91695.76
2024-11-20 02:30:00,91695.76,91759.79,91450.0,91550.0
2024-11-20 03:00:00,91550.0,91978.0,91250.0,91402.97
2024-11-20 03:30:00,91403.05,91969.38,91260.0,91550.01
2024-11-20 04:00:00,91550.01,91904.76,91515.0,91849.99
2024-11-20 04:30:00,91849.99,91849.99,91543.03,91797.97
2024-11-20 05:00:00,91550.0,91880.0,91550.0,91847.97
2024-11-20 05:30:00,91800.0,92000.0,91706.0,91999.0
2024-11-20 06:00:00,92000.0,92310.09,91960.0,92189.88
2024-11-20 06:30:00,92110.1,92189.88,91852.04,92000.06
2024-11-20 07:00:00,92000.0,92480.0,91852.16,92301.0
2024-11-20 07:30:00,92350.0,92480.0,92300.01,92480.0
2024-11-20 08:00:00,92480.0,92760.0,92300.0,92348.03
2024-11-20 08:30:00,92679.88,92690.0,92352.01,92594.0
2024-11-20 09:00:00,92594.0,92900.0,92494.0,92800.0
2024-11-20 09:30:00,92800.0,92800.0,92480.0,92480.0
2024-11-20 10:00:00,92480.0,92800.0,92356.02,92799.0
2024-11-20 10:30:00,92700.0,92800.0,92655.0,92799.0
2024-11-20 11:00:00,92799.0,92849.0,92624.83,92652.09
2024-11-20 11:30:00,92624.97,92850.0,92538.53,92800.0
2024-11-20 12:00:00,92834.0,92955.0,92603.0,92934.33
2024-11-20 12:30:00,92850.0,92990.0,92720.16,92904.0
2024-11-20 13:00:00,92904.01,93496.0,92901.0,93355.14
2024-11-20 13:30:00,93450.0,93849.0,93355.14,93780.0
2024-11-20 14:00:00,93770.0,93800.0,93600.0,93795.0
2024-11-20 14:30:00,93720.01,93999.0,93402.0,93999.0
2024-11-20 15:00:00,93998.96,93999.99,93486.08,93996.99
2024-11-20 15:30:00,93843.1,94000.0,93751.0,93950.44
2024-11-20 16:00:00,93957.0,93990.41,93015.0,93029.0
2024-11-20 16:30:00,93015.0,93597.0,92780.03,93597.0
2024-11-20 17:00:00,93522.09,93640.0,93200.0,93450.0
2024-11-20 17:30:00,93450.0,93498.12,93326.0,93440.94
2024-11-20 18:00:00,93400.0,93440.94,93233.0,93295.0
2024-11-20 18:30:00,93280.0,93400.0,92611.14,93201.0
2024-11-20 19:00:00,93210.06,94000.0,92801.0,92999.85
2024-11-20 19:30:00,92999.0,93443.88,92999.0,93443.06
2024-11-20 20:00:00,93442.0,93500.0,93200.0,93500.0
2024-11-20 20:30:00,93500.0,93845.0,93450.0,93701.1
2024-11-20 21:00:00,93701.1,93839.0,93555.0,93790.0
2024-11-20 21:30:00,93601.0,93789.0,93555.0,93700.0
2024-11-20 22:00:00,93700.0,93761.0,93606.0,93606.0
2024-11-20 22:30:00,93750.0,93750.0,93200.01,93498.0
2024-11-20 23:00:00,93400.0,93500.0,93230.44,93300.0
2024-11-20 23:30:00,93300.0,93519.99,93202.01,93500.0
2024-11-21 00:00:00,93500.0,94000.0,93331.0,94000.0
2024-11-21 00:30:00,94000.0,94150.0,93761.01,93922.56
2024-11-21 01:00:00,93922.56,94182.0,93879.01,94040.51
2024-11-21 01:30:00,94040.51,94181.99,94040.51,94134.99
2024-11-21 02:00:00,94134.99,94134.99,93764.0,93764.0
2024-11-21 02:30:00,93764.0,93790.0,93401.0,93790.0
2024-11-21 03:00:00,93790.0,94499.0,93510.15,94499.0
2024-11-21 03:30:00,94499.0,95000.0,94489.0,94999.0
2024-11-21 04:00:00,94987.0,96000.0,94987.0,95320.0
2024-11-21 04:30:00,95331.05,96780.0,95050.0,96780.0
2024-11-21 05:00:00,96780.0,96895.0,96500.0,96895.0
2024-11-21 05:30:00,96898.0,97400.0,95002.0,96479.0
2024-11-21 06:00:00,96479.0,96801.0,95950.0,96270.63
2024-11-21 06:30:00,96500.0,96700.0,96131.1,96500.0
2024-11-21 07:00:00,96409.06,97000.0,96210.0,96502.0
2024-11-21 07:30:00,96502.0,96995.0,96500.0,96548.69
2024-11-21 08:00:00,96548.69,96729.23,96500.0,96500.0
2024-11-21 08:30:00,96500.0,96700.0,96119.0,96597.99
2024-11-21 09:00:00,96600.0,97000.0,96597.0,96989.0
2024-11-21 09:30:00,96980.0,97100.0,96780.0,97100.0
2024-11-21 10:00:00,97012.0,97199.0,96750.0,96810.0
2024-11-21 10:30:00,96898.0,97000.0,96800.0,96999.0
2024-11-21 11:00:00,97000.0,98100.0,96998.0,97987.97
2024-11-21 11:30:00,97988.0,97988.0,97500.02,97740.0
2024-11-21 12:00:00,97740.0,97978.99,97400.0,97850.0
2024-11-21 12:30:00,97759.34,97849.0,96800.0,96895.0
2024-11-21 13:00:00,96899.0,97301.0,96800.0,96802.0
2024-11-21 13:30:00,96802.0,97400.0,96695.0,97129.0
2024-11-21 14:00:00,97129.0,97201.0,96700.01,96899.98
2024-11-21 14:30:00,96899.97,97250.0,96260.0,96750.0
2024-11-21 15:00:00,96750.0,96899.97,96000.0,96000.97
2024-11-21 15:30:00,96002.0,96386.99,95500.0,96369.0
2024-11-21 16:00:00,96377.0,96900.0,96001.04,96900.0
2024-11-21 16:30:00,96900.0,96999.9,96749.0,96999.9
2024-11-21 17:00:00,96998.0,97399.0,96900.0,97399.0
2024-11-21 17:30:00,97399.0,97425.0,96901.01,97399.0
2024-11-21 18:00:00,97425.0,97800.0,97000.0,97790.0
2024-11-21 18:30:00,97750.0,97830.0,97100.01,97491.0
2024-11-21 19:00:00,97488.0,97999.0,97301.1,97735.0
2024-11-21 19:30:00,97795.0,97887.0,97162.0,97300.03
2024-11-21 20:00:00,97260.0,97789.0,97162.01,97528.3
2024-11-21 20:30:00,97748.0,97748.0,97150.0,97500.0
2024-11-21 21:00:00,97500.0,97800.0,97180.0,97350.06
2024-11-21 21:30:00,97325.0,97575.0,97190.04,97398.9
2024-11-21 22:00:00,97397.9,97400.0,97221.0,97223.1
2024-11-21 22:30:00,97223.0,97500.0,97223.0,97498.0
2024-11-21 23:00:00,97495.0,97749.39,97353.0,97633.9
2024-11-21 23:30:00,97699.0,97874.0,97600.0,97850.0
2024-11-22 00:00:00,97850.0,97874.0,97770.0,97810.0
2024-11-22 00:30:00,97840.0,97840.0,97610.0,97610.0
2024-11-22 01:00:00,97601.0,97740.0,97600.0,97600.0
2024-11-22 01:30:00,97600.0,97749.99,97200.0,97210.01
2024-11-22 02:00:00,97499.91,97761.0,97227.08,97759.16
2024-11-22 02:30:00,97759.16,97840.0,97600.0,97800.0
2024-11-22 03:00:00,97800.0,98200.0,97200.0,97865.0
2024-11-22 03:30:00,98000.0,98194.99,97721.0,98180.0
2024-11-22 04:00:00,98180.0,98180.0,97950.0,98000.01
2024-11-22 04:30:00,98000.01,98297.5,97952.0,98000.0
2024-11-22 05:00:00,98000.1,98150.0,97693.2,98000.0
2024-11-22 05:30:00,98003.0,98300.0,97836.69,98247.0
2024-11-22 06:00:00,98247.0,98294.0,98000.0,98199.0
2024-11-22 06:30:00,98199.0,98248.99,97600.0,98248.99
2024-11-22 07:00:00,98245.0,98420.0,98010.0,98420.0
2024-11-22 07:30:00,98400.0,98649.98,98400.0,98579.0
2024-11-22 08:00:00,98579.0,98580.0,98101.0,98198.0
2024-11-22 08:30:00,98198.0,98330.0,98102.0,98103.0
2024-11-22 09:00:00,98102.0,98249.0,97560.0,97655.0
2024-11-22 09:30:00,97620.0,97799.0,97467.0,97793.42
2024-11-22 10:00:00,97793.42,97996.99,97550.0,97623.0
2024-11-22 10:30:00,97623.0,97815.0,97559.0,97800.0
2024-11-22 11:00:00,97740.09,97810.0,97700.0,97799.0
2024-11-22 11:30:00,97800.0,98048.88,97800.0,97949.0
2024-11-22 12:00:00,98000.0,98200.0,97800.0,97900.0
2024-11-22 12:30:00,98189.77,98189.77,97780.0,97805.0
2024-11-22 13:00:00,97800.0,97989.98,97000.0,97000.0
2024-11-22 13:30:00,97000.0,97500.0,96700.02,97199.91
2024-11-22 14:00:00,97199.92,97700.0,97080.0,97200.0
2024-11-22 14:30:00,97200.0,97387.0,96666.0,96770.0
2024-11-22 15:00:00,96666.11,97700.0,96650.0,97627.0
2024-11-22 15:30:00,97627.0,98000.0,97448.0,97857.0
2024-11-22 16:00:00,97899.0,97899.0,97400.02,97665.0
2024-11-22 16:30:00,97665.0,98000.0,97600.0,97929.99
2024-11-22 17:00:00,97929.99,98329.99,97823.58,98120.0
2024-11-22 17:30:00,98128.7,98180.0,97877.0,97880.0
2024-11-22 18:00:00,97905.0,98180.0,97801.0,97900.01
2024-11-22 18:30:00,97900.01,98170.0,97900.0,98000.0
2024-11-22 19:00:00,98100.0,98478.0,97950.0,98388.97
2024-11-22 19:30:00,98388.97,98500.0,97935.16,98113.85
2024-11-22 20:00:00,98286.99,98400.0,97849.01,98350.0
2024-11-22 20:30:00,98400.0,98400.0,97903.0,98199.98
2024-11-22 21:00:00,98150.0,98217.0,97903.0,97960.0
2024-11-22 21:30:00,97960.0,98399.58,97904.0,98298.0
2024-11-22 22:00:00,98298.0,98359.0,98000.0,98265.0
2024-11-22 22:30:00,98165.0,98165.0,97903.0,98004.0
2024-11-22 23:00:00,97950.0,98144.97,97825.0,98100.0
2024-11-22 23:30:00,98149.98,98190.0,97905.0,98165.0
2024-11-23 00:00:00,98200.0,98200.0,97903.0,98000.0
2024-11-23 00:30:00,98000.0,98314.99,97900.0,98000.0
2024-11-23 01:00:00,97905.0,98149.99,97905.0,98000.0
2024-11-23 01:30:00,98000.0,98298.99,97905.0,98152.0
2024-11-23 02:00:00,98298.99,98298.99,97910.0,98000.0
2024-11-23 02:30:00,98150.0,98293.7,97900.0,98000.0
2024-11-23 03:00:00,98000.0,98294.0,97620.0,98293.71
2024-11-23 03:30:00,98293.7,98294.0,97764.01,98011.48
2024-11-23 04:00:00,98240.0,98240.0,97710.0,98000.0
2024-11-23 04:30:00,98013.15,98099.99,97711.0,97900.0
2024-11-23 05:00:00,97900.0,97900.0,97700.0,97700.0
2024-11-23 05:30:00,97705.0,97980.0,97620.0,97930.0
2024-11-23 06:00:00,97901.0,97980.0,97759.13,97780.0
2024-11-23 06:30:00,97849.99,97980.0,97737.65,97806.0
2024-11-23 07:00:00,97806.0,97999.0,97700.0,97800.0
2024-11-23 07:30:00,97800.0,97800.0,97566.6,97600.0
2024-11-23 08:00:00,97600.0,97750.0,97500.0,97540.0
2024-11-23 08:30:00,97540.0,97800.0,97502.4,97800.0
2024-11-23 09:00:00,97800.0,97800.0,97510.0,97798.95
2024-11-23 09:30:00,97798.92,97798.92,97511.0,97550.0
2024-11-23 10:00:00,97540.0,97600.0,97510.0,97510.0
2024-11-23 10:30:00,97510.0,97779.0,97501.0,97760.0
2024-11-23 11:00:00,97779.0,97789.85,97551.0,97710.0
2024-11-23 11:30:00,97559.0,97710.0,97500.0,97505.0
2024-11-23 12:00:00,97600.0,97710.0,97500.0,97700.0
2024-11-23 12:30:00,97710.0,97960.0,97708.0,97810.0
2024-11-23 13:00:00,97849.0,97980.0,97800.0,97949.0
2024-11-23 13:30:00,97802.0,97948.0,97800.0,97928.0
2024-11-23 14:00:00,97928.0,97948.0,97782.0,97800.0
2024-11-23 14:30:00,97800.0,97979.0,97750.01,97950.0
2024-11-23 15:00:00,97848.1,97951.0,97800.0,97807.0
2024-11-23 15:30:00,97802.01,97849.0,97700.0,97701.0
2024-11-23 16:00:00,97701.0,97787.99,97250.0,97300.0
2024-11-23 16:30:00,97299.97,97430.0,97010.0,97230.09
2024-11-23 17:00:00,97280.0,97389.93,97000.0,97180.0
2024-11-23 17:30:00,97180.01,97822.74,97164.01,97340.0
2024-11-23 18:00:00,97457.0,97457.0,97000.0,97226.0
2024-11-23 18:30:00,97226.0,97226.0,97027.0,97225.0
2024-11-23 19:00:00,97220.0,97249.0,97060.0,97120.0
2024-11-23 19:30:00,97116.0,97200.0,97001.09,97015.0
2024-11-23 20:00:00,97099.0,97143.0,96501.1,96580.0
2024-11-23 20:30:00,96529.0,97174.99,96001.0,96989.0
2024-11-23 21:00:00,96901.0,97090.0,96760.0,97090.0
2024-11-23 21:30:00,97100.0,97188.0,96809.95,97188.0
2024-11-23 22:00:00,97188.0,97200.0,97000.0,97000.0
2024-11-23 22:30:00,97000.0,97050.0,96680.73,97000.0
2024-11-23 23:00:00,96753.53,97050.0,96600.0,96677.04
2024-11-23 23:30:00,96677.04,97200.0,96600.0,97186.46
2024-11-24 00:00:00,96666.82,97200.0,96666.82,97200.0
2024-11-24 00:30:00,97200.0,97200.0,97000.0,97100.49
2024-11-24 01:00:00,97100.49,97554.0,97100.49,97554.0
2024-11-24 01:30:00,97550.0,97578.0,97200.0,97578.0
2024-11-24 02:00:00,97578.0,97650.0,97400.0,97522.82
2024-11-24 02:30:00,97522.82,97800.0,97415.31,97450.0
2024-11-24 03:00:00,97450.0,97741.99,97278.98,97278.99
2024-11-24 03:30:00,97278.99,97684.99,97278.98,97300.06
2024-11-24 04:00:00,97400.0,97497.9,97251.0,97300.0
2024-11-24 04:30:00,97300.0,97400.0,97030.59,97400.0
2024-11-24 05:00:00,97400.0,97497.9,97118.81,97305.0
2024-11-24 05:30:00,97476.99,97476.99,97118.8,97399.0
2024-11-24 06:00:00,97399.0,97420.98,97177.51,97289.0
2024-11-24 06:30:00,97218.0,97580.0,97218.0,97450.0
2024-11-24 07:00:00,97450.0,97749.99,97366.4,97471.0
2024-11-24 07:30:00,97470.0,97747.6,97450.0,97679.98
2024-11-24 08:00:00,97679.0,97679.99,97400.0,97400.0
2024-11-24 08:30:00,97400.0,97401.0,97042.0,97042.0
2024-11-24 09:00:00,97293.0,97388.99,97107.22,97249.58
2024-11-24 09:30:00,97112.0,97250.0,97003.0,97200.0
2024-11-24 10:00:00,97065.0,97200.0,97001.0,97105.0
2024-11-24 10:30:00,97105.0,97105.0,96600.0,96799.0
2024-11-24 11:00:00,96799.0,96800.0,96500.0,96560.0
2024-11-24 11:30:00,96560.0,96780.0,96300.0,96303.0
2024-11-24 12:00:00,96300.0,96484.0,96010.0,96057.52
2024-11-24 12:30:00,96057.52,96100.0,94905.0,95793.99
2024-11-24 13:00:00,95810.0,96850.0,95793.99,96840.0
2024-11-24 13:30:00,96900.0,96980.0,96250.04,96425.01
2024-11-24 14:00:00,96425.01,96425.01,95500.0,95561.0
2024-11-24 14:30:00,95644.99,96499.0,95140.0,96498.0
2024-11-24 15:00:00,96400.0,96650.0,95550.0,95653.0
2024-11-24 15:30:00,95653.0,95833.0,94800.0,94802.0
2024-11-24 16:00:00,94800.0,95534.9,94500.0,95534.9
2024-11-24 16:30:00,95534.9,96000.0,94510.0,95600.0
2024-11-24 17:00:00,95599.99,95699.99,94260.0,94850.99
2024-11-24 17:30:00,94850.98,95016.13,94160.0,94750.1
2024-11-24 18:00:00,94898.0,95500.01,94750.1,95500.01
2024-11-24 18:30:00,95500.01,95780.0,95310.0,95780.0
2024-11-24 19:00:00,95800.0,95850.0,95420.08,95700.0
2024-11-24 19:30:00,95700.0,95794.99,95501.06,95750.0
2024-11-24 20:00:00,95711.0,95794.99,95508.0,95794.0
2024-11-24 20:30:00,95794.0,96000.0,95611.03,96000.0
2024-11-24 21:00:00,95999.9,96080.0,95810.0,96000.0
2024-11-24 21:30:00,96000.0,96799.0,95980.0,96599.95
2024-11-24 22:00:00,96796.1,96950.0,96599.95,96600.05
2024-11-24 22:30:00,96700.0,96966.0,96600.0,96966.0
2024-11-24 23:00:00,96966.0,97345.9,96930.5,97345.87
2024-11-24 23:30:00,97220.0,97345.89,96935.0,97036.05
2024-11-25 00:00:00,97036.05,97214.99,96802.0,96802.0
2024-11-25 00:30:00,96802.0,97080.0,96561.23,97079.99
2024-11-25 01:00:00,97079.99,97079.99,96200.0,96200.0
2024-11-25 01:30:00,96249.93,96412.0,96053.95,96412.0
2024-11-25 02:00:00,96299.08,96700.0,96299.08,96579.05
2024-11-25 02:30:00,96579.05,96840.99,96453.72,96587.77
2024-11-25 03:00:00,96587.77,97200.0,96418.92,97001.1
2024-11-25 03:30:00,97001.1,97387.99,96700.03,97000.14
2024-11-25 04:00:00,97000.14,97299.97,96900.0,96900.0
2024-11-25 04:30:00,96833.76,97199.28,96500.01,97000.0
2024-11-25 05:00:00,97000.0,97287.0,97000.0,97287.0
2024-11-25 05:30:00,97280.0,97826.0,97280.0,97600.0
2024-11-25 06:00:00,97590.0,97940.0,97590.0,97652.13
2024-11-25 06:30:00,97652.13,97900.0,97650.0,97650.0
2024-11-25 07:00:00,97650.0,97830.0,97560.0,97560.06
2024-11-25 07:30:00,97750.0,97782.0,97449.0,97750.0
2024-11-25 08:00:00,97600.0,97800.0,97503.0,97524.82
2024-11-25 08:30:00,97525.06,97817.0,97501.0,97782.0
2024-11-25 09:00:00,97782.0,98000.0,97537.51,97987.0
2024-11-25 09:30:00,97861.3,98000.0,97782.0,97950.0
2024-11-25 10:00:00,97950.0,98000.0,97700.0,97700.0
2024-11-25 10:30:00,97695.01,97798.0,97550.0,97550.04
2024-11-25 11:00:00,97550.04,97700.0,97550.01,97550.01
2024-11-25 11:30:00,97550.01,97800.0,97400.0,97447.0
2024-11-25 12:00:00,97447.0,97796.86,97389.0,97389.0
2024-11-25 12:30:00,97399.03,97399.03,97001.0,97195.0
2024-11-25 13:00:00,97003.0,97199.99,96435.0,96800.0
2024-11-25 13:30:00,96832.03,97000.0,96552.05,96751.27
2024-11-25 14:00:00,96849.0,96992.98,96271.16,96400.0
2024-11-25 14:30:00,96400.0,96689.88,95250.0,95410.0
2024-11-25 15:00:00,95238.09,95887.99,94600.0,95800.03
2024-11-25 15:30:00,95887.99,96700.0,95000.0,95850.0
2024-11-25 16:00:00,95899.87,96449.99,95365.12,95950.0
2024-11-25 16:30:00,95899.97,96099.0,95100.0,95799.99
2024-11-25 17:00:00,95500.2,97200.0,94650.0,94999.76
2024-11-25 17:30:00,94998.97,95500.0,94659.02,95031.0
2024-11-25 18:00:00,95100.0,95849.99,94900.0,95330.96
2024-11-25 18:30:00,95330.96,95331.0,94800.0,94895.0
2024-11-25 19:00:00,94807.0,94999.0,94300.0,94699.86
2024-11-25 19:30:00,94900.03,95845.0,94318.05,94320.0
2024-11-25 20:00:00,94400.88,95200.0,94302.0,94900.0
2024-11-25 20:30:00,94900.0,95220.0,94502.01,94798.0
2024-11-25 21:00:00,94611.0,95091.19,94611.0,94701.36
2024-11-25 21:30:00,94940.0,94960.0,93505.0,93520.0
2024-11-25 22:00:00,93550.0,94090.0,93164.0,93300.0
2024-11-25 22:30:00,93200.0,94000.0,92700.0,94000.0
2024-11-25 23:00:00,94000.0,94000.0,93501.04,93501.14
2024-11-25 23:30:00,93719.82,93719.82,92651.0,92816.93
2024-11-26 00:00:00,92816.93,93500.0,92651.0,93500.0
2024-11-26 00:30:00,93500.0,94000.0,93422.0,93500.0
2024-11-26 01:00:00,93500.0,94090.0,93499.0,94090.0
2024-11-26 01:30:00,94090.0,94306.0,94000.0,94306.0
2024-11-26 02:00:00,94300.0,94499.99,94300.0,94499.99
2024-11-26 02:30:00,94400.0,94499.99,94000.46,94499.8
2024-11-26 03:00:00,94499.8,94499.99,94000.0,94100.0
2024-11-26 03:30:00,94100.0,94447.7,94000.0,94428.92
2024-11-26 04:00:00,94148.08,94427.94,94000.0,94188.0
2024-11-26 04:30:00,94189.99,94222.0,94000.0,94050.0
2024-11-26 05:00:00,94090.0,94190.0,93808.05,93998.0
2024-11-26 05:30:00,93808.39,94289.98,93808.3,94289.0
2024-11-26 06:00:00,94289.0,94799.99,94280.0,94799.99
2024-11-26 06:30:00,94799.99,94799.99,94299.97,94299.97
2024-11-26 07:00:00,94299.94,94299.94,93440.0,93599.0
2024-11-26 07:30:00,93599.0,93985.91,93108.0,93296.9
2024-11-26 08:00:00,93296.9,93297.0,92008.0,92012.03
2024-11-26 08:30:00,92012.03,92318.91,91900.0,92318.91
2024-11-26 09:00:00,92320.01,93298.0,92300.0,92701.1
2024-11-26 09:30:00,92750.0,93200.0,92110.0,92632.0
2024-11-26 10:00:00,92628.46,92789.98,91800.0,92069.9
2024-11-26 10:30:00,92069.9,92160.0,91300.0,91578.53
2024-11-26 11:00:00,91510.85,91749.0,91008.0,91010.97
2024-11-26 11:30:00,91008.0,91900.0,90200.0,91850.0
2024-11-26 12:00:00,91850.0,91990.0,91005.0,91298.59
2024-11-26 12:30:00,91578.92,91578.92,90600.0,90820.01
2024-11-26 13:00:00,91000.0,91990.0,90800.0,91705.58
2024-11-26 13:30:00,91706.0,91879.98,91529.46,91700.0
2024-11-26 14:00:00,91503.03,91694.88,91000.0,91498.0
2024-11-26 14:30:00,91400.0,93100.0,91122.0,92896.0
2024-11-26 15:00:00,92896.0,93190.0,91623.81,92455.5
2024-11-26 15:30:00,92454.7,93000.0,92210.04,92466.0
2024-11-26 16:00:00,92469.99,93597.0,92056.0,93530.0
2024-11-26 16:30:00,93540.0,93989.0,93225.01,93350.0
2024-11-26 17:00:00,93349.99,93499.99,93000.0,93350.0
2024-11-26 17:30:00,93136.01,93349.0,92771.92,92817.0
2024-11-26 18:00:00,92817.0,93078.8,91800.0,91800.0
2024-11-26 18:30:00,91851.05,92198.89,91330.04,91600.24
2024-11-26 19:00:00,91600.24,91979.99,91200.0,91331.0
2024-11-26 19:30:00,91331.11,91680.0,91102.0,91149.94
2024-11-26 20:00:00,91150.0,91680.0,90651.0,91199.97
2024-11-26 20:30:00,91000.08,91520.0,90500.0,90699.99
2024-11-26 21:00:00,90699.99,91574.99,90600.0,91359.99
2024-11-26 21:30:00,91255.0,91720.0,90621.04,91438.21
2024-11-26 22:00:00,91438.12,91999.0,91220.09,91950.0
2024-11-26 22:30:00,91940.0,91940.0,91294.67,91377.1
2024-11-26 23:00:00,91377.3,91746.76,91050.0,91050.2
2024-11-26 23:30:00,91050.19,91729.65,91050.19,91728.96
2024-11-27 00:00:00,91728.96,91783.0,91481.63,91782.34
2024-11-27 00:30:00,91782.34,91782.34,91502.07,91749.97
2024-11-27 01:00:00,91749.97,92080.03,91500.0,92001.03
2024-11-27 01:30:00,92001.0,92152.26,92001.0,92152.26
2024-11-27 02:00:00,92152.26,92500.0,91607.06,92497.82
2024-11-27 02:30:00,92497.82,92499.0,91974.88,92400.0
2024-11-27 03:00:00,92400.0,92496.0,92200.67,92310.0
2024-11-27 03:30:00,92310.03,92400.0,91749.1,92120.0
2024-11-27 04:00:00,92120.0,92581.0,91814.81,92571.95
2024-11-27 04:30:00,92549.0,92549.0,91900.0,91910.0
2024-11-27 05:00:00,91910.0,91910.0,91545.89,91687.5
2024-11-27 05:30:00,91687.5,91938.99,91687.17,91800.9
2024-11-27 06:00:00,92000.0,92600.0,91850.0,92317.21
2024-11-27 06:30:00,92588.95,92588.96,92287.7,92471.0
2024-11-27 07:00:00,92305.0,92700.0,92305.0,92698.0
2024-11-27 07:30:00,92700.0,93000.0,92697.79,93000.0
2024-11-27 08:00:00,93000.0,93316.0,92750.0,93038.03
2024-11-27 08:30:00,93150.0,93200.0,92680.88,92703.0
2024-11-27 09:00:00,92704.0,92900.0,92500.0,92502.0
2024-11-27 09:30:00,92502.0,92998.99,92500.0,92610.0
2024-11-27 10:00:00,92610.0,93000.0,92601.0,92947.21
2024-11-27 10:30:00,92950.0,93400.0,92900.03,93281.0
2024-11-27 11:00:00,93281.0,93422.3,92900.0,93197.9
2024-11-27 11:30:00,93050.0,93285.0,92601.02,92933.88
2024-11-27 12:00:00,92933.88,92999.0,92600.0,92600.0
2024-11-27 12:30:00,92600.0,92700.0,91950.0,92699.99
2024-11-27 13:00:00,92699.99,93283.96,92699.99,93283.96
2024-11-27 13:30:00,93200.0,93530.0,92925.51,93530.0
2024-11-27 14:00:00,93700.0,93850.0,93273.74,93700.0
2024-11-27 14:30:00,93848.99,94200.0,93502.03,94200.0
2024-11-27 15:00:00,94060.0,94240.0,93860.0,93950.0
2024-11-27 15:30:00,93950.0,95000.0,93950.0,95000.0
2024-11-27 16:00:00,95000.0,95009.87,94500.0,94990.0
2024-11-27 16:30:00,94990.0,95593.0,94985.0,95300.0
2024-11-27 17:00:00,95300.0,95300.0,94750.0,95129.9
2024-11-27 17:30:00,95124.0,95791.0,95000.01,95600.0
2024-11-27 18:00:00,95600.0,95787.0,95500.0,95599.0
2024-11-27 18:30:00,95599.0,95600.0,95003.01,95311.0
2024-11-27 19:00:00,95311.0,95550.0,95103.0,95550.0
2024-11-27 19:30:00,95558.0,95689.92,95358.98,95689.0
2024-11-27 20:00:00,95689.0,96410.0,95689.0,96410.0
2024-11-27 20:30:00,96410.0,96450.0,95419.0,95500.0
2024-11-27 21:00:00,95500.0,95800.0,95315.1,95433.0
2024-11-27 21:30:00,95315.0,95600.0,95105.03,95203.35
2024-11-27 22:00:00,95223.74,95598.72,95150.98,95267.8
2024-11-27 22:30:00,95414.0,95699.99,95100.0,95100.0
2024-11-27 23:00:00,95101.0,95300.0,94900.0,94902.01
2024-11-27 23:30:00,94901.0,95115.0,94900.0,95115.0
2024-11-28 00:00:00,95115.0,95149.99,94960.0,95000.0
2024-11-28 00:30:00,95000.0,95500.0,94973.97,95500.0
2024-11-28 01:00:00,95500.0,95699.98,95302.0,95310.0
2024-11-28 01:30:00,95302.06,95699.99,95302.0,95403.35
2024-11-28 02:00:00,95403.35,95850.0,95403.35,95800.0
2024-11-28 02:30:00,95800.0,95850.0,94972.59,94973.21
2024-11-28 03:00:00,95000.1,95498.96,94500.0,94500.0
2024-11-28 03:30:00,94500.0,94849.0,94150.0,94845.08
2024-11-28 04:00:00,94845.08,95200.0,94563.21,94900.42
2024-11-28 04:30:00,95199.77,95276.83,94903.04,94950.0
2024-11-28 05:00:00,94950.0,95429.99,94932.01,94932.01
2024-11-28 05:30:00,94932.01,94932.01,94441.94,94441.94
2024-11-28 06:00:00,94441.94,94689.96,94310.0,94500.0
2024-11-28 06:30:00,94579.0,94932.0,94579.0,94896.0
2024-11-28 07:00:00,94932.0,95000.0,94684.89,94999.0
2024-11-28 07:30:00,94900.0,94998.0,94589.0,94878.0
2024-11-28 08:00:00,94600.01,94876.88,94400.0,94750.0
2024-11-28 08:30:00,94750.0,94800.0,94476.0,94700.0
2024-11-28 09:00:00,94800.0,94815.0,94505.0,94739.0
2024-11-28 09:30:00,94675.0,94675.0,94500.0,94500.0
2024-11-28 10:00:00,94500.0,94500.0,94200.01,94211.0
2024-11-28 10:30:00,94338.0,94706.48,94338.0,94608.99
2024-11-28 11:00:00,94608.99,94651.0,94400.0,94497.0
2024-11-28 11:30:00,94400.0,95100.0,94400.0,95099.98
2024-11-28 12:00:00,95099.98,95111.11,94900.0,94990.0
2024-11-28 12:30:00,94900.0,95098.0,94430.03,94900.0
2024-11-28 13:00:00,94999.99,94999.99,94651.0,94800.0
2024-11-28 13:30:00,94790.0,95282.73,94600.0,95150.0
2024-11-28 14:00:00,95150.0,95500.0,94820.19,95000.0
2024-11-28 14:30:00,95012.0,95326.89,94900.0,94992.01
2024-11-28 15:00:00,95099.96,95099.96,94500.0,94525.01
2024-11-28 15:30:00,94650.0,94876.0,94400.0,94400.0
2024-11-28 16:00:00,94498.0,94849.99,94303.01,94360.0
2024-11-28 16:30:00,94305.0,94684.9,94201.01,94202.0
2024-11-28 17:00:00,94250.0,94589.9,94203.0,94410.0
2024-11-28 17:30:00,94410.0,94490.0,94205.0,94221.0
2024-11-28 18:00:00,94221.09,94690.0,94211.0,94548.0
2024-11-28 18:30:00,94548.0,94690.0,94540.0,94687.0
2024-11-28 19:00:00,94687.0,94800.0,94540.0,94540.0
2024-11-28 19:30:00,94549.99,94549.99,94300.02,94400.0
2024-11-28 20:00:00,94400.0,94549.99,94300.0,94544.88
2024-11-28 20:30:00,94544.85,94545.0,94001.0,94001.0
2024-11-28 21:00:00,94001.0,94544.3,94001.0,94451.0
2024-11-28 21:30:00,94410.0,94539.99,94262.1,94300.0
2024-11-28 22:00:00,94300.0,94549.82,94300.0,94549.82
2024-11-28 22:30:00,94549.59,94799.0,94549.0,94610.0
2024-11-28 23:00:00,94799.0,95000.0,94775.0,94980.0
2024-11-28 23:30:00,94980.0,95000.0,94805.07,95000.0
2024-11-29 00:00:00,95000.0,95199.94,94900.0,95000.0
2024-11-29 00:30:00,94901.0,95150.0,94900.0,95139.66
2024-11-29 01:00:00,95135.96,95149.99,94900.01,95097.0
2024-11-29 01:30:00,95097.0,95150.0,95097.0,95150.0
2024-11-29 02:00:00,95150.0,95600.0,95097.29,95562.93
2024-11-29 02:30:00,95562.93,95999.98,95458.67,95777.55
2024-11-29 03:00:00,95777.55,96000.0,95777.55,95778.0
2024-11-29 03:30:00,95778.0,95979.97,95554.0,95700.0
2024-11-29 04:00:00,95607.07,95887.94,95441.45,95668.0
2024-11-29 04:30:00,95441.47,95669.0,95336.9,95366.0
2024-11-29 05:00:00,95366.0,95880.99,95366.0,95667.94
2024-11-29 05:30:00,95667.94,95667.95,95327.1,95327.1
2024-11-29 06:00:00,95320.01,95559.0,95163.65,95257.11
2024-11-29 06:30:00,95257.11,95386.0,95153.01,95299.0
2024-11-29 07:00:00,95300.0,95400.0,95153.01,95157.01
2024-11-29 07:30:00,95200.0,95549.99,94811.0,94811.01
2024-11-29 08:00:00,94811.0,94920.0,94750.0,94920.0
2024-11-29 08:30:00,94920.0,95197.97,94538.0,95167.99
2024-11-29 09:00:00,95167.99,95336.0,95003.0,95165.0
2024-11-29 09:30:00,95249.0,95498.0,95165.01,95380.0
2024-11-29 10:00:00,95355.0,95777.0,95352.0,95650.0
2024-11-29 10:30:00,95650.0,95985.0,95600.0,95855.67
2024-11-29 11:00:00,95958.0,95989.0,95600.0,95968.92
2024-11-29 11:30:00,95750.02,96330.0,95750.02,96200.0
2024-11-29 12:00:00,96297.2,96499.99,96200.01,96200.01
2024-11-29 12:30:00,96200.3,96365.98,95995.84,96018.47
2024-11-29 13:00:00,96359.96,96359.96,95805.07,95995.0
2024-11-29 13:30:00,95995.0,96401.0,95851.0,96304.04
2024-11-29 14:00:00,96304.04,96495.55,96094.0,96400.0
2024-11-29 14:30:00,96300.0,97000.0,96300.0,96900.0
2024-11-29 15:00:00,96900.01,97500.0,96850.0,97248.79
2024-11-29 15:30:00,97248.79,97400.0,96600.0,97277.46
2024-11-29 16:00:00,97277.46,97295.0,96600.01,97200.0
2024-11-29 16:30:00,97200.0,97299.0,96700.0,96700.0
2024-11-29 17:00:00,96611.3,96824.48,96188.04,96271.18
2024-11-29 17:30:00,96271.13,96940.0,96271.0,96499.97
2024-11-29 18:00:00,96495.0,96600.0,96300.0,96500.0
2024-11-29 18:30:00,96506.0,96656.1,96010.0,96449.98
2024-11-29 19:00:00,96449.98,96449.98,96050.06,96150.0
2024-11-29 19:30:00,96135.0,96448.98,96135.0,96437.0
2024-11-29 20:00:00,96327.2,96496.0,96302.94,96414.85
2024-11-29 20:30:00,96414.81,97000.0,96410.0,96700.0
2024-11-29 21:00:00,96750.0,96750.0,96357.0,96400.0
2024-11-29 21:30:00,96400.0,96600.0,96357.0,96450.0
2024-11-29 22:00:00,96450.0,96836.98,96425.91,96437.78
2024-11-29 22:30:00,96437.78,96699.99,96360.01,96400.0
2024-11-29 23:00:00,96400.0,96799.99,96357.01,96357.01
2024-11-29 23:30:00,96355.0,96600.0,96355.0,96600.0
2024-11-30 00:00:00,96600.0,96600.0,96330.03,96599.6
2024-11-30 00:30:00,96599.6,96599.6,96300.0,96300.01
2024-11-30 01:00:00,96300.01,96300.01,96025.0,96201.0
2024-11-30 01:30:00,96208.0,96529.56,96025.0,96025.0
2024-11-30 02:00:00,96317.28,96317.28,96002.2,96310.88
2024-11-30 02:30:00,96007.15,96303.84,96007.14,96294.75
2024-11-30 03:00:00,96294.75,96499.23,96200.0,96200.0
2024-11-30 03:30:00,96366.26,96366.26,96000.0,96327.67
2024-11-30 04:00:00,96289.93,96319.64,96000.02,96099.74
2024-11-30 04:30:00,96099.0,96150.0,95953.0,95980.0
2024-11-30 05:00:00,95980.0,96200.0,95960.0,96000.03
2024-11-30 05:30:00,96000.03,96200.0,96000.03,96199.0
2024-11-30 06:00:00,96199.0,96329.92,96032.0,96034.0
2024-11-30 06:30:00,96100.0,96189.0,96000.0,96002.0
2024-11-30 07:00:00,96002.0,96190.0,96000.0,96009.0
2024-11-30 07:30:00,96009.0,96298.9,96009.0,96037.0
2024-11-30 08:00:00,96035.0,96250.0,96009.0,96009.0
2024-11-30 08:30:00,96009.0,96150.0,95941.13,96150.0
2024-11-30 09:00:00,96150.0,96150.0,95777.0,95900.0
2024-11-30 09:30:00,95900.0,95900.0,95720.53,95802.1
2024-11-30 10:00:00,95900.0,96200.0,95589.0,95600.0
2024-11-30 10:30:00,95600.0,95970.0,95500.0,95500.0
2024-11-30 11:00:00,95501.0,95650.0,95500.0,95599.0
2024-11-30 11:30:00,95599.0,95970.0,95500.0,95959.82
2024-11-30 12:00:00,95959.81,95959.81,95501.0,95887.99
2024-11-30 12:30:00,95897.99,95900.0,95401.0,95860.0
2024-11-30 13:00:00,95850.0,96295.96,95700.0,96266.0
2024-11-30 13:30:00,96196.01,96258.92,95800.0,95820.0
2024-11-30 14:00:00,95701.03,96000.0,95700.0,95901.0
2024-11-30 14:30:00,95980.0,95980.0,95500.0,95750.0
2024-11-30 15:00:00,95557.01,95900.0,95555.01,95703.0
2024-11-30 15:30:00,95896.0,95896.0,95702.0,95840.0
2024-11-30 16:00:00,95765.0,95902.0,95600.01,95700.0
2024-11-30 16:30:00,95652.0,96199.99,95601.0,96012.0
2024-11-30 17:00:00,96012.0,96185.89,95847.74,95958.62
2024-11-30 17:30:00,95958.62,96050.0,95812.0,95850.0
2024-11-30 18:00:00,95850.0,96145.0,95808.74,95883.79
2024-11-30 18:30:00,95950.0,96100.0,95884.47,96031.78
2024-11-30 19:00:00,96000.0,96026.78,95903.02,95945.4
2024-11-30 19:30:00,95947.83,96100.0,95938.72,96045.44
2024-11-30 20:00:00,96100.0,96100.0,95998.32,96008.0
2024-11-30 20:30:00,96100.0,96295.89,95835.03,96001.0
2024-11-30 21:00:00,96001.0,96085.0,95884.07,95884.07
2024-11-30 21:30:00,95884.07,96085.0,95821.8,96084.99
2024-11-30 22:00:00,96085.0,96085.0,95555.03,95705.59
2024-11-30 22:30:00,95705.38,95954.99,95500.0,95500.0
2024-11-30 23:00:00,95500.0,95856.0,95500.0,95730.0
2024-11-30 23:30:00,95730.0,96068.81,95571.0,95731.79
2024-12-01 00:00:00,95731.79,96058.83,95730.0,95750.22
2024-12-01 00:30:00,95750.81,96044.31,95730.0,95800.0
2024-12-01 01:00:00,95800.0,95800.99,95451.0,95500.0
2024-12-01 01:30:00,95500.0,95703.0,95480.0,95689.73
2024-12-01 02:00:00,95480.0,95689.43,95451.0,95600.0
2024-12-01 02:30:00,95600.0,95700.0,95453.36,95485.0
2024-12-01 03:00:00,95470.0,95895.13,95401.0,95450.0
2024-12-01 03:30:00,95450.0,95895.15,95450.0,95690.43
2024-12-01 04:00:00,95690.4,95872.13,95450.0,95860.62
2024-12-01 04:30:00,95860.62,95878.1,95475.0,95595.98
2024-12-01 05:00:00,95595.98,95877.89,95475.09,95699.99
2024-12-01 05:30:00,95699.99,95799.99,95463.62,95699.98
2024-12-01 06:00:00,95700.0,95719.99,95455.0,95699.0
2024-12-01 06:30:00,95698.0,95730.0,95401.0,95402.0
2024-12-01 07:00:00,95401.0,95642.0,95400.0,95477.78
2024-12-01 07:30:00,95477.78,95716.99,95355.0,95499.17
2024-12-01 08:00:00,95499.17,96084.98,95499.17,95990.61
2024-12-01 08:30:00,96000.0,96199.99,95970.5,96090.59
2024-12-01 09:00:00,96090.59,96200.0,95903.38,95918.62
2024-12-01 09:30:00,95930.8,96150.0,95887.44,96150.0
2024-12-01 10:00:00,96150.0,96188.92,95870.0,95870.01
2024-12-01 10:30:00,96100.0,96150.0,95800.0,95900.0
2024-12-01 11:00:00,95910.0,96200.0,95823.98,96124.06
2024-12-01 11:30:00,96133.87,96280.0,96050.0,96200.0
2024-12-01 12:00:00,96246.0,96246.0,96050.0,96050.0
2024-12-01 12:30:00,96050.0,96193.0,96001.0,96001.0
2024-12-01 13:00:00,96001.0,96450.0,95892.11,96400.0
2024-12-01 13:30:00,96400.0,96409.0,96138.9,96172.27
2024-12-01 14:00:00,96138.91,96290.0,96096.63,96240.0
2024-12-01 14:30:00,96148.7,96388.0,96090.19,96348.99
2024-12-01 15:00:00,96388.0,96388.0,96100.51,96229.78
2024-12-01 15:30:00,96229.78,96387.0,96104.65,96156.42
2024-12-01 16:00:00,96108.0,96458.0,96108.0,96458.0
2024-12-01 16:30:00,96458.0,96499.99,96239.48,96240.0
2024-12-01 17:00:00,96240.0,96444.7,96108.21,96201.89
2024-12-01 17:30:00,96199.88,96400.0,96150.0,96395.0
2024-12-01 18:00:00,96392.11,96579.0,96250.02,96500.0
2024-12-01 18:30:00,96500.0,96530.0,96270.7,96499.83
2024-12-01 19:00:00,96499.83,96499.83,96109.2,96109.2
2024-12-01 19:30:00,96109.2,96499.0,96000.0,96060.99
2024-12-01 20:00:00,96061.0,96300.0,95845.02,95931.1
2024-12-01 20:30:00,95900.0,96198.0,95841.6,96121.58
2024-12-01 21:00:00,96197.0,96495.0,95900.03,96495.0
2024-12-01 21:30:00,96494.0,96799.0,96006.03,96650.0
2024-12-01 22:00:00,96799.0,96850.0,96516.68,96516.68
2024-12-01 22:30:00,96599.0,96704.5,96302.0,96699.99
2024-12-01 23:00:00,96704.5,96882.0,96572.02,96680.0
2024-12-01 23:30:00,96680.0,96878.86,96160.0,96316.2
2024-12-02 00:00:00,96316.2,96598.66,96154.05,96292.15
2024-12-02 00:30:00,96292.15,96853.89,96292.15,96453.82
2024-12-02 01:00:00,96453.82,96995.0,96300.12,96965.61
2024-12-02 01:30:00,96996.0,97000.0,96550.0,96928.92
2024-12-02 02:00:00,96928.92,96999.99,96550.01,96906.56
2024-12-02 02:30:00,96906.56,96941.0,96600.08,96601.0
2024-12-02 03:00:00,96601.0,96849.0,96535.0,96571.33
2024-12-02 03:30:00,96571.33,96799.85,95850.61,95850.61
2024-12-02 04:00:00,95850.61,95890.0,95500.0,95503.0
2024-12-02 04:30:00,95501.24,96000.0,95501.24,95749.63
2024-12-02 05:00:00,95749.63,96000.0,95683.4,95995.99
2024-12-02 05:30:00,95995.99,95995.99,95500.0,95500.0
2024-12-02 06:00:00,95580.0,95721.0,95351.0,95375.0
2024-12-02 06:30:00,95373.0,95650.0,95372.0,95403.0
2024-12-02 07:00:00,95649.88,95900.0,95373.0,95379.97
2024-12-02 07:30:00,95373.0,95379.97,95100.0,95155.0
2024-12-02 08:00:00,95110.0,95500.0,94678.0,94700.0
2024-12-02 08:30:00,94760.0,94760.0,94300.0,94498.97
2024-12-02 09:00:00,94498.97,94938.99,94350.0,94550.05
2024-12-02 09:30:00,94550.06,94600.0,94259.88,94600.0
2024-12-02 10:00:00,94530.0,94600.0,94200.0,94200.0
2024-12-02 10:30:00,94201.0,94201.0,94000.0,94001.0
2024-12-02 11:00:00,94001.0,94598.0,94000.0,94598.0
2024-12-02 11:30:00,94598.0,94700.0,94500.0,94591.0
2024-12-02 12:00:00,94591.0,94799.0,94233.0,94799.0
2024-12-02 12:30:00,94795.01,94999.0,94243.0,94496.0
2024-12-02 13:00:00,94496.0,95166.0,94247.0,95149.0
2024-12-02 13:30:00,95149.0,95165.0,94730.02,94800.0
2024-12-02 14:00:00,95050.0,95090.95,94734.0,95090.95
2024-12-02 14:30:00,95090.95,95890.0,95090.95,95350.0
2024-12-02 15:00:00,95498.0,95985.0,95013.0,95603.0
2024-12-02 15:30:00,95648.0,96143.0,95355.0,95603.0
2024-12-02 16:00:00,95604.0,96300.0,95603.01,95615.01
2024-12-02 16:30:00,95692.21,95965.97,95199.97,95281.56
2024-12-02 17:00:00,95281.56,95599.0,94849.94,94890.0
2024-12-02 17:30:00,94851.01,94851.01,94000.0,94200.0
2024-12-02 18:00:00,94000.88,94789.0,94000.0,94778.0
2024-12-02 18:30:00,94778.0,95250.0,94400.0,94854.0
2024-12-02 19:00:00,94860.0,94860.0,94297.1,94798.98
2024-12-02 19:30:00,94798.98,95100.0,94600.0,94850.02
2024-12-02 20:00:00,94850.02,95275.0,94801.02,95150.0
2024-12-02 20:30:00,95150.0,95220.0,94446.0,94858.0
2024-12-02 21:00:00,94562.0,94897.97,94489.26,94681.35
2024-12-02 21:30:00,94682.0,94940.0,94100.0,94729.75
2024-12-02 22:00:00,94729.75,94899.91,94500.0,94508.07
2024-12-02 22:30:00,94749.5,94749.5,94500.0,94500.0
2024-12-02 23:00:00,94500.0,94678.98,94500.0,94673.99
2024-12-02 23:30:00,94673.99,94850.0,94535.1,94838.04
2024-12-03 00:00:00,94838.04,95100.0,94200.0,94861.8
2024-12-03 00:30:00,94861.8,95149.92,94550.04,94953.0
2024-12-03 01:00:00,94953.0,95146.45,94747.08,94900.01
2024-12-03 01:30:00,94900.01,95146.0,94605.88,94630.83
2024-12-03 02:00:00,94997.3,94999.89,94524.9,94994.39
2024-12-03 02:30:00,94994.39,95220.0,94809.92,95170.49
2024-12-03 03:00:00,95170.49,95222.0,95069.4,95069.4
2024-12-03 03:30:00,95069.4,95324.99,95069.4,95250.0
2024-12-03 04:00:00,95250.0,95324.99,95075.0,95198.32
2024-12-03 04:30:00,95198.32,95296.0,94986.24,94988.52
2024-12-03 05:00:00,94988.52,95198.3,94811.0,95134.54
2024-12-03 05:30:00,95139.0,95299.97,95072.57,95094.0
2024-12-03 06:00:00,95094.1,95310.0,95000.02,95249.98
2024-12-03 06:30:00,95247.98,95310.0,94835.0,94899.94
2024-12-03 07:00:00,94835.0,95435.0,94501.0,94999.0
2024-12-03 07:30:00,94999.0,95293.0,94503.0,94577.16
2024-12-03 08:00:00,94577.16,94685.33,94550.0,94560.0
2024-12-03 08:30:00,94555.0,94700.0,94550.0,94555.0
2024-12-03 09:00:00,94555.0,94700.0,94555.0,94630.0
2024-12-03 09:30:00,94621.0,94774.85,94555.0,94700.0
2024-12-03 10:00:00,94773.67,95120.0,94700.0,95120.0
2024-12-03 10:30:00,95120.0,95198.99,94500.0,94500.0
2024-12-03 11:00:00,94500.0,94599.8,94222.0,94303.09
2024-12-03 11:30:00,94303.09,94777.0,94110.0,94489.05
2024-12-03 12:00:00,94489.05,94500.0,94350.09,94353.0
2024-12-03 12:30:00,94353.0,94500.0,94012.0,94330.0
2024-12-03 13:00:00,94330.0,94330.0,94011.0,94018.02
2024-12-03 13:30:00,94027.02,94329.99,93500.0,93501.0
2024-12-03 14:00:00,93500.0,93965.0,93499.0,93500.01
2024-12-03 14:30:00,93500.0,94769.99,93230.0,94180.0
2024-12-03 15:00:00,94447.0,95273.64,94183.0,94999.1
2024-12-03 15:30:00,95000.0,95000.0,94450.0,94650.0
2024-12-03 16:00:00,94650.0,95193.35,94600.0,94948.82
2024-12-03 16:30:00,94948.82,94948.82,94232.36,94520.0
2024-12-03 17:00:00,94599.85,94599.85,94240.48,94400.0
2024-12-03 17:30:00,94301.0,94788.99,94251.0,94787.5
2024-12-03 18:00:00,94788.0,94850.0,94679.34,94750.0
2024-12-03 18:30:00,94845.0,94850.0,94500.0,94750.0
2024-12-03 19:00:00,94750.0,94770.0,94200.0,94464.91
2024-12-03 19:30:00,94342.84,94700.0,94342.84,94500.0
2024-12-03 20:00:00,94500.0,94738.0,94400.0,94650.0
2024-12-03 20:30:00,94678.99,94770.0,94504.0,94677.16
2024-12-03 21:00:00,94677.16,95000.0,94520.0,95000.0
2024-12-03 21:30:00,94961.7,95290.0,94700.0,95287.98
2024-12-03 22:00:00,95287.98,95287.98,94723.3,95000.0
2024-12-03 22:30:00,95000.0,95140.0,95000.0,95075.54
2024-12-03 23:00:00,95075.54,95123.99,94850.0,95121.8
2024-12-03 23:30:00,95121.8,95155.0,95023.86,95023.86
2024-12-04 00:00:00,95023.86,95154.99,94988.32,94988.32
2024-12-04 00:30:00,95149.0,95154.99,94780.01,95050.0
2024-12-04 01:00:00,95050.0,95299.99,94780.0,94781.05
2024-12-04 01:30:00,94781.05,95636.02,94781.05,95253.74
2024-12-04 02:00:00,95253.74,95499.92,94590.0,94594.3
2024-12-04 02:30:00,94594.3,95137.35,94594.3,94993.28
2024-12-04 03:00:00,94993.28,95199.99,94813.0,94994.33
2024-12-04 03:30:00,94994.33,95190.0,94814.02,94814.03
2024-12-04 04:00:00,94814.03,95000.0,94801.21,94900.0
2024-12-04 04:30:00,94866.6,94999.0,94861.6,94998.9
2024-12-04 05:00:00,94998.9,95489.0,94998.8,95486.13
2024-12-04 05:30:00,95486.13,95532.0,95250.04,95502.23
2024-12-04 06:00:00,95531.99,95630.0,95254.18,95630.0
2024-12-04 06:30:00,95629.98,95839.39,95300.0,95600.0
2024-12-04 07:00:00,95543.22,95585.0,95300.0,95515.1
2024-12-04 07:30:00,95515.1,95699.99,95301.01,95617.37
2024-12-04 08:00:00,95617.37,95878.0,95523.0,95613.31
2024-12-04 08:30:00,95613.31,95878.0,95261.01,95725.18
2024-12-04 09:00:00,95730.0,95900.0,95525.0,95900.0
2024-12-04 09:30:00,95899.0,95999.0,95820.71,95820.71
2024-12-04 10:00:00,95820.71,95994.93,95650.0,95900.0
2024-12-04 10:30:00,95767.25,95900.0,95550.0,95555.9
2024-12-04 11:00:00,95558.1,95790.0,95301.0,95431.64
2024-12-04 11:30:00,95449.99,95700.0,95333.0,95333.0
2024-12-04 12:00:00,95333.0,95428.0,95000.0,95199.0
2024-12-04 12:30:00,95200.0,95429.97,94907.93,95015.95
2024-12-04 13:00:00,95012.08,95159.0,94800.0,94800.0
2024-12-04 13:30:00,94785.0,94961.79,94603.0,94940.0
2024-12-04 14:00:00,94940.0,95150.0,94900.0,95115.03
2024-12-04 14:30:00,95115.0,95600.0,94910.0,95172.03
2024-12-04 15:00:00,95169.2,95496.96,94801.0,95151.0
2024-12-04 15:30:00,95151.0,95374.97,94850.02,94989.0
2024-12-04 16:00:00,94999.0,95099.99,94300.0,94301.01
2024-12-04 16:30:00,94360.01,94700.0,94300.0,94360.13
2024-12-04 17:00:00,94500.0,94700.0,94496.94,94600.0
2024-12-04 17:30:00,94600.0,95078.99,94517.0,94982.5
2024-12-04 18:00:00,94982.5,95198.0,94800.0,95168.19
2024-12-04 18:30:00,94903.0,95301.0,94902.0,95205.0
2024-12-04 19:00:00,95301.0,95681.42,94990.1,95660.0
2024-12-04 19:30:00,95691.0,96000.0,95400.02,95988.04
2024-12-04 20:00:00,96000.0,97490.0,95700.0,96645.0
2024-12-04 20:30:00,97000.0,97500.0,96500.0,97330.33
2024-12-04 21:00:00,97330.0,97499.0,96550.0,97300.12
2024-12-04 21:30:00,97000.01,97350.0,96201.0,96762.2
2024-12-04 22:00:00,96762.2,97399.0,96450.0,97398.0
2024-12-04 22:30:00,97372.24,97499.61,97096.09,97388.99
2024-12-04 23:00:00,97300.0,97863.38,97101.0,97845.0
2024-12-04 23:30:00,97870.51,97900.0,97509.9,97800.0
2024-12-05 00:00:00,97800.0,97886.99,97416.0,97713.0
2024-12-05 00:30:00,97669.25,97669.25,97388.18,97599.0
2024-12-05 01:00:00,97560.0,97599.0,97100.01,97470.0
2024-12-05 01:30:00,97470.0,97597.98,97112.66,97150.0
2024-12-05 02:00:00,97150.0,97900.0,97111.01,97900.0
2024-12-05 02:30:00,97914.0,99500.0,97755.45,99500.0
2024-12-05 03:00:00,99303.01,102000.0,98060.45,101000.0
2024-12-05 03:30:00,101400.0,102100.0,100289.97,101998.98
2024-12-05 04:00:00,101998.98,102500.0,101154.0,101702.3
2024-12-05 04:30:00,101351.0,102390.0,100800.0,101990.0
2024-12-05 05:00:00,101996.97,102500.0,101568.99,102500.0
2024-12-05 05:30:00,102500.0,102500.0,100713.01,101419.56
2024-12-05 06:00:00,101419.56,101600.0,100500.0,100833.28
2024-12-05 06:30:00,100833.28,101000.0,100000.0,100889.81
2024-12-05 07:00:00,100950.0,100999.36,100005.0,100999.36
2024-12-05 07:30:00,100999.0,101788.0,100500.01,101589.99
2024-12-05 08:00:00,101590.0,101800.0,101212.29,101600.0
2024-12-05 08:30:00,101600.0,101800.0,101270.0,101794.28
2024-12-05 09:00:00,101799.0,101999.99,101325.13,101999.0
2024-12-05 09:30:00,101999.99,101999.99,101643.1,101700.0
2024-12-05 10:00:00,101700.0,101945.0,101650.0,101945.0
2024-12-05 10:30:00,101863.01,101954.0,101853.0,101853.0
2024-12-05 11:00:00,101840.0,101840.0,101350.0,101500.0
2024-12-05 11:30:00,101500.0,101598.0,101401.46,101590.0
2024-12-05 12:00:00,101580.02,101870.0,101580.01,101835.0
2024-12-05 12:30:00,101835.0,101955.0,101727.35,101900.0
2024-12-05 13:00:00,101886.03,102200.0,101872.0,102199.0
2024-12-05 13:30:00,102199.0,102200.0,101650.0,101949.0
2024-12-05 14:00:00,101803.69,101999.0,101611.74,101650.01
2024-12-05 14:30:00,101700.0,102444.0,101650.08,102444.0
2024-12-05 15:00:00,102444.0,102490.0,101500.0,101500.0
2024-12-05 15:30:00,101424.0,101935.89,100650.0,100879.97
2024-12-05 16:00:00,100701.2,101200.0,100701.2,100816.09
2024-12-05 16:30:00,100815.0,100815.0,100101.01,100500.18
2024-12-05 17:00:00,100550.0,101000.0,100199.97,100448.0
2024-12-05 17:30:00,100400.0,100798.0,100390.0,100641.25
2024-12-05 18:00:00,100601.0,100815.59,100451.0,100451.0
2024-12-05 18:30:00,100451.0,100600.99,99900.0,99900.0
2024-12-05 19:00:00,99900.0,100825.73,99702.0,100400.0
2024-12-05 19:30:00,100400.0,100400.0,98400.0,98549.99
2024-12-05 20:00:00,98550.03,99004.0,97800.0,98099.99
2024-12-05 20:30:00,98057.0,99000.0,97800.0,98879.0
2024-12-05 21:00:00,98885.67,99398.98,98523.0,98899.94
2024-12-05 21:30:00,98600.1,99034.35,98500.0,98751.0
2024-12-05 22:00:00,98653.0,99000.0,96286.66,96500.0
2024-12-05 22:30:00,95800.0,96700.0,95010.0,96347.35
2024-12-05 23:00:00,96099.0,97280.0,95110.0,97234.99
2024-12-05 23:30:00,97100.0,97249.98,96050.01,96600.0
2024-12-06 00:00:00,96700.05,97100.0,96099.99,96710.0
2024-12-06 00:30:00,96720.0,97200.01,96600.01,97103.01
2024-12-06 01:00:00,97103.01,97456.0,97000.0,97456.0
2024-12-06 01:30:00,97456.0,98385.0,97456.0,97740.01
2024-12-06 02:00:00,97800.0,98342.59,97577.0,97700.04
2024-12-06 02:30:00,97968.59,97968.59,97457.0,97457.0
2024-12-06 03:00:00,97500.89,97660.71,97010.09,97160.0
2024-12-06 03:30:00,97160.0,97624.68,97101.0,97624.68
2024-12-06 04:00:00,97624.88,97800.0,97502.0,97505.0
2024-12-06 04:30:00,97510.0,98149.8,97501.02,98148.99
2024-12-06 05:00:00,97938.0,98379.97,97800.2,98200.0
2024-12-06 05:30:00,98198.98,98379.98,97660.06,97670.0
2024-12-06 06:00:00,97797.8,97797.8,97660.07,97702.01
2024-12-06 06:30:00,97702.01,97806.0,97700.0,97800.0
2024-12-06 07:00:00,97806.0,97806.0,97750.11,97801.0
2024-12-06 07:30:00,97805.0,97806.0,97800.0,97805.31
2024-12-06 08:00:00,97805.31,98300.0,97801.0,98270.3
2024-12-06 08:30:00,98300.0,98709.99,98270.39,98300.06
2024-12-06 09:00:00,98300.09,98300.09,97925.0,97925.22
2024-12-06 09:30:00,97901.0,98100.0,97801.0,97850.0
2024-12-06 10:00:00,97822.12,97849.97,97690.0,97690.0
2024-12-06 10:30:00,97690.0,97998.94,97690.0,97997.31
2024-12-06 11:00:00,97696.52,98000.0,97696.52,97998.99
2024-12-06 11:30:00,98000.0,98000.0,97702.71,97850.0
2024-12-06 12:00:00,97702.9,98198.99,97702.71,98000.0
2024-12-06 12:30:00,97800.28,98040.0,97000.0,97490.0
2024-12-06 13:00:00,97004.6,97798.85,97000.0,97500.0
2024-12-06 13:30:00,97401.12,98699.0,97401.12,98449.97
2024-12-06 14:00:00,98449.91,98888.0,98001.01,98888.0
2024-12-06 14:30:00,98888.0,99000.0,98500.0,99000.0
2024-12-06 15:00:00,99255.0,99255.0,98485.0,98799.0
2024-12-06 15:30:00,98688.08,99250.0,98688.08,99089.0
2024-12-06 16:00:00,99010.0,99250.0,98500.02,98500.14
2024-12-06 16:30:00,98662.0,99000.0,98501.01,98620.0
2024-12-06 17:00:00,98537.45,98979.0,98501.0,98681.0
2024-12-06 17:30:00,98681.0,101000.0,98681.0,100420.0
2024-12-06 18:00:00,100420.0,101000.0,100402.0,100998.99
2024-12-06 18:30:00,101000.0,101000.0,99995.0,100700.0
2024-12-06 19:00:00,100774.0,100774.0,100450.0,100501.0
2024-12-06 19:30:00,100510.0,100900.0,100200.0,100722.5
2024-12-06 20:00:00,100550.01,100797.99,100200.0,100730.42
2024-12-06 20:30:00,100730.42,100990.0,100100.0,100450.0
2024-12-06 21:00:00,100476.99,100500.0,100017.62,100120.0
2024-12-06 21:30:00,100120.0,100249.58,99252.01,99500.0
2024-12-06 22:00:00,99365.07,99888.97,99365.03,99557.77
2024-12-06 22:30:00,99557.77,99889.0,99494.01,99886.98
2024-12-06 23:00:00,99800.0,99887.0,98700.0,98819.2
2024-12-06 23:30:00,98820.0,99200.0,98740.02,98990.7
2024-12-07 00:00:00,98991.45,99980.02,98810.13,99980.01
2024-12-07 00:30:00,99980.01,100090.0,99505.11,99803.0
2024-12-07 01:00:00,99802.99,99803.0,99300.25,99300.25
2024-12-07 01:30:00,99479.74,99479.85,99174.03,99201.06
2024-12-07 02:00:00,99448.93,99798.8,99150.01,99797.98
2024-12-07 02:30:00,99797.98,99998.94,99150.12,99779.65
2024-12-07 03:00:00,99350.03,99350.03,99000.0,99102.0
2024-12-07 03:30:00,99102.0,99290.92,99057.0,99100.0
2024-12-07 04:00:00,99059.0,99100.0,98792.06,98901.34
2024-12-07 04:30:00,98901.34,99253.81,98792.05,99100.0
2024-12-07 05:00:00,99103.0,99330.0,99103.0,99300.0
2024-12-07 05:30:00,99300.0,99300.0,98601.0,98899.09
2024-12-07 06:00:00,98899.08,98899.19,98658.42,98700.1
2024-12-07 06:30:00,98700.1,98899.0,98700.0,98899.0
2024-12-07 07:00:00,98899.0,98899.3,98717.3,98895.03
2024-12-07 07:30:00,98899.3,99250.0,98899.0,99000.1
2024-12-07 08:00:00,99199.0,99243.85,99002.32,99240.0
2024-12-07 08:30:00,99100.0,99249.8,99060.0,99198.99
2024-12-07 09:00:00,99197.99,99300.0,99060.0,99300.0
2024-12-07 09:30:00,99299.78,99399.0,99277.0,99398.0
2024-12-07 10:00:00,99398.0,99497.97,99277.0,99400.0
2024-12-07 10:30:00,99497.97,99497.97,99100.01,99280.0
2024-12-07 11:00:00,99280.0,99350.0,99100.01,99300.0
2024-12-07 11:30:00,99300.0,99480.0,99161.0,99161.05
2024-12-07 12:00:00,99300.34,99300.34,99150.0,99300.32
2024-12-07 12:30:00,99300.32,99300.32,99101.01,99298.7
2024-12-07 13:00:00,99290.0,99300.32,99101.01,99200.0
2024-12-07 13:30:00,99200.0,99200.0,99090.0,99189.0
2024-12-07 14:00:00,99107.0,99190.0,98750.01,98992.99
2024-12-07 14:30:00,98888.0,99190.0,98821.0,99116.78
2024-12-07 15:00:00,99120.0,99228.0,98901.0,99228.0
2024-12-07 15:30:00,99228.0,99330.0,99015.0,99290.0
2024-12-07 16:00:00,99290.0,99329.0,99150.0,99239.0
2024-12-07 16:30:00,99239.0,99330.0,99152.0,99328.0
2024-12-07 17:00:00,99328.0,99330.0,99200.0,99200.0
2024-12-07 17:30:00,99330.0,99330.0,99174.0,99211.0
2024-12-07 18:00:00,99211.0,99300.0,99152.0,99222.0
2024-12-07 18:30:00,99222.0,99788.0,99150.0,99788.0
2024-12-07 19:00:00,99770.0,100000.99,99600.01,99701.0
2024-12-07 19:30:00,99800.0,99979.99,99497.97,99606.0
2024-12-07 20:00:00,99515.0,99606.0,99515.0,99605.0
2024-12-07 20:30:00,99605.0,99690.0,99330.0,99400.0
2024-12-07 21:00:00,99330.01,99500.0,99150.0,99302.0
2024-12-07 21:30:00,99160.0,99460.0,99059.0,99233.0
2024-12-07 22:00:00,99233.0,99449.99,99000.01,99359.99
2024-12-07 22:30:00,99359.99,99359.99,98999.0,99000.0
2024-12-07 23:00:00,99000.0,99486.99,98988.01,99000.0
2024-12-07 23:30:00,98988.0,99486.05,98981.69,99231.84
2024-12-08 00:00:00,99231.84,99232.0,99005.0,99232.0
2024-12-08 00:30:00,99232.0,99450.0,99232.0,99450.0
2024-12-08 01:00:00,99450.0,99450.0,99010.55,99400.0
2024-12-08 01:30:00,99400.0,99400.0,99010.55,99010.58
2024-12-08 02:00:00,99010.58,99393.82,99005.01,99351.0
2024-12-08 02:30:00,99351.0,99488.0,99300.0,99488.0
2024-12-08 03:00:00,99487.99,99488.0,99075.26,99075.26
2024-12-08 03:30:00,99075.26,99439.0,99075.26,99105.21
2024-12-08 04:00:00,99105.21,99432.9,99099.0,99424.95
2024-12-08 04:30:00,99424.95,99424.95,99099.0,99099.0
2024-12-08 05:00:00,99099.0,99101.53,99000.0,99000.0
2024-12-08 05:30:00,99000.0,99100.0,98780.0,98780.0
2024-12-08 06:00:00,98751.09,99199.0,98700.0,99198.0
2024-12-08 06:30:00,99199.0,99199.0,99101.0,99198.0
2024-12-08 07:00:00,99198.0,99200.0,98800.0,99199.0
2024-12-08 07:30:00,99199.0,99200.0,98900.0,99199.97
2024-12-08 08:00:00,99199.97,99249.99,98900.0,98900.0
2024-12-08 08:30:00,98900.0,99000.0,98700.0,98700.04
2024-12-08 09:00:00,98700.04,98714.78,98577.93,98577.93
2024-12-08 09:30:00,98641.98,98800.0,98327.0,98400.0
2024-12-08 10:00:00,98400.0,98889.0,98300.0,98799.76
2024-12-08 10:30:00,98799.72,98799.72,98405.28,98557.0
2024-12-08 11:00:00,98670.0,98888.83,98556.0,98558.02
2024-12-08 11:30:00,98788.95,99188.98,98566.0,99100.0
2024-12-08 12:00:00,99188.97,99300.0,98698.05,99294.92
2024-12-08 12:30:00,99294.89,99444.0,98900.01,99397.87
2024-12-08 13:00:00,99397.87,99470.0,99008.0,99450.0
2024-12-08 13:30:00,99450.0,99751.0,99350.0,99751.0
2024-12-08 14:00:00,99751.0,99751.0,99200.0,99400.0
2024-12-08 14:30:00,99486.97,99486.97,98905.07,98905.07
2024-12-08 15:00:00,98901.0,99000.0,98719.0,98800.01
2024-12-08 15:30:00,98800.0,99614.54,98725.06,99399.47
2024-12-08 16:00:00,99450.0,99450.0,98950.45,99072.03
2024-12-08 16:30:00,99072.3,99299.82,98950.39,99235.85
2024-12-08 17:00:00,98960.01,99235.85,98928.0,99235.85
2024-12-08 17:30:00,99235.85,99235.89,99012.15,99232.98
2024-12-08 18:00:00,99058.0,99198.0,98949.01,98998.01
2024-12-08 18:30:00,98998.01,99100.0,98928.0,99099.0
2024-12-08 19:00:00,99099.0,99100.0,98725.01,98727.0
2024-12-08 19:30:00,98725.0,99200.0,98700.0,99200.0
2024-12-08 20:00:00,99097.05,99250.0,99097.04,99120.0
2024-12-08 20:30:00,99249.0,99249.0,98943.02,99000.0
2024-12-08 21:00:00,99000.0,99155.0,98943.02,98944.61
2024-12-08 21:30:00,98944.6,99183.0,98944.6,99097.03
2024-12-08 22:00:00,99100.0,99184.0,98983.47,99180.0
2024-12-08 22:30:00,99180.0,99184.99,98988.02,99184.98
2024-12-08 23:00:00,99184.98,99600.0,99045.84,99480.84
2024-12-08 23:30:00,99480.84,100250.0,99480.84,100117.02
2024-12-09 00:00:00,100200.0,100200.0,99436.0,99500.0
2024-12-09 00:30:00,99436.02,99520.18,98750.0,99000.46
2024-12-09 01:00:00,99000.46,99349.76,98949.37,99349.76
2024-12-09 01:30:00,99000.0,99336.21,98800.01,98800.01
2024-12-09 02:00:00,98800.01,98800.01,98739.0,98739.1
2024-12-09 02:30:00,98739.1,99211.44,98739.0,98900.0
2024-12-09 03:00:00,98900.0,98999.99,98800.0,98850.0
2024-12-09 03:30:00,98800.0,98989.0,98222.22,98500.0
2024-12-09 04:00:00,98370.11,98989.0,98370.11,98651.0
2024-12-09 04:30:00,98651.09,98949.89,98555.63,98799.96
2024-12-09 05:00:00,98799.96,99000.0,98700.0,98700.0
2024-12-09 05:30:00,98700.0,98899.55,98603.01,98892.82
2024-12-09 06:00:00,98710.0,98890.81,98601.32,98709.99
2024-12-09 06:30:00,98610.0,98710.0,98610.0,98610.1
2024-12-09 07:00:00,98611.0,98696.85,97725.06,98055.05
2024-12-09 07:30:00,98055.05,99300.0,98050.0,98724.04
2024-12-09 08:00:00,98723.22,98983.95,98501.01,98800.0
2024-12-09 08:30:00,98587.28,98800.0,98201.0,98205.0
2024-12-09 09:00:00,98201.03,98499.86,98000.0,98000.0
2024-12-09 09:30:00,98000.0,98589.0,97725.06,97725.1
2024-12-09 10:00:00,98198.89,98198.89,97725.0,97850.01
2024-12-09 10:30:00,97850.01,98288.9,97800.01,98278.9
2024-12-09 11:00:00,98278.9,98278.9,97800.0,97800.1
2024-12-09 11:30:00,97800.07,98179.67,97800.0,97810.0
2024-12-09 12:00:00,97810.15,98288.9,97802.15,98000.0
2024-12-09 12:30:00,98200.0,98247.96,97905.41,97930.06
2024-12-09 13:00:00,98200.0,99203.98,97905.7,98703.09
2024-12-09 13:30:00,98600.01,99000.0,98302.02,98500.0
2024-12-09 14:00:00,98500.0,98550.0,98302.02,98304.0
2024-12-09 14:30:00,98304.0,99450.0,98232.0,99443.0
2024-12-09 15:00:00,99280.0,99448.0,97766.06,97778.0
2024-12-09 15:30:00,97777.82,98100.0,97300.0,97600.0
2024-12-09 16:00:00,97689.86,98000.0,97399.94,97919.97
2024-12-09 16:30:00,97989.79,97995.0,97727.0,97805.0
2024-12-09 17:00:00,97805.0,98066.27,97600.11,97625.09
2024-12-09 17:30:00,97699.82,97699.82,97300.0,97300.0
2024-12-09 18:00:00,97300.0,98000.0,97299.82,97998.0
2024-12-09 18:30:00,97900.39,97999.91,97600.02,97603.18
2024-12-09 19:00:00,97603.21,97620.51,97335.0,97500.0
2024-12-09 19:30:00,97500.0,97595.37,97001.21,97001.21
2024-12-09 20:00:00,97001.21,97199.97,96505.0,96685.0
2024-12-09 20:30:00,96799.99,97140.0,96400.0,96400.0
2024-12-09 21:00:00,96400.0,97300.0,95950.0,97000.1
2024-12-09 21:30:00,97000.1,97989.0,96700.06,97200.0
2024-12-09 22:00:00,97095.73,98000.0,96000.0,97278.61
2024-12-09 22:30:00,97278.57,97549.98,96011.33,96799.97
2024-12-09 23:00:00,96796.07,97500.0,96795.98,97500.0
2024-12-09 23:30:00,97450.0,97537.0,97123.0,97123.0
2024-12-10 00:00:00,97123.0,97499.99,97000.0,97385.0
2024-12-10 00:30:00,97385.0,97988.93,97300.01,97750.0
2024-12-10 01:00:00,97799.8,97899.99,97300.01,97700.08
2024-12-10 01:30:00,97700.01,97899.0,97330.4,97898.97
2024-12-10 02:00:00,97656.06,97898.68,97329.94,97329.94
2024-12-10 02:30:00,97329.94,97713.61,96666.66,96666.66
2024-12-10 03:00:00,96840.84,96999.84,95777.77,95800.0
2024-12-10 03:30:00,95789.01,96988.83,95777.77,96953.92
2024-12-10 04:00:00,96953.89,96953.89,95950.0,96449.0
2024-12-10 04:30:00,95960.11,97000.0,95960.11,96618.01
2024-12-10 05:00:00,96907.41,96907.42,96300.0,96300.0
2024-12-10 05:30:00,96300.0,96689.0,96300.0,96685.55
2024-12-10 06:00:00,96687.26,96900.0,96337.87,96899.0
2024-12-10 06:30:00,96899.0,97100.0,96371.0,97100.0
2024-12-10 07:00:00,97100.0,97186.12,96785.0,97099.25
2024-12-10 07:30:00,97099.14,97099.44,96601.02,96949.0
2024-12-10 08:00:00,96940.0,96940.0,96610.0,96940.0
2024-12-10 08:30:00,96940.0,97097.93,96610.91,97080.0
2024-12-10 09:00:00,97097.93,97499.99,97000.0,97051.07
2024-12-10 09:30:00,97249.45,97289.88,97000.0,97000.02
2024-12-10 10:00:00,97200.0,97568.91,97000.01,97230.0
2024-12-10 10:30:00,97398.99,97568.93,97220.0,97499.97
2024-12-10 11:00:00,97499.93,97650.0,97000.0,97245.01
2024-12-10 11:30:00,97245.01,97394.87,97050.0,97102.05
2024-12-10 12:00:00,97102.05,97394.39,97000.01,97240.0
2024-12-10 12:30:00,97240.0,97403.38,96623.0,96699.99
2024-12-10 13:00:00,96651.01,97409.87,96651.01,97205.99
2024-12-10 13:30:00,97172.0,97649.99,97172.0,97450.0
2024-12-10 14:00:00,97440.0,97699.99,97350.0,97495.0
2024-12-10 14:30:00,97495.0,97689.99,97000.0,97300.0
2024-12-10 15:00:00,97300.0,97500.0,96610.0,96610.0
2024-12-10 15:30:00,96610.0,96650.99,95501.0,95561.0
2024-12-10 16:00:00,95561.0,95972.84,95270.0,95630.0
2024-12-10 16:30:00,95451.0,96500.0,94500.0,96461.49
2024-12-10 17:00:00,96460.0,96461.49,94603.0,94700.06
2024-12-10 17:30:00,94700.06,95241.35,94450.0,94699.92
2024-12-10 18:00:00,94630.0,95199.99,94344.0,94839.97
2024-12-10 18:30:00,94843.94,95699.99,94839.97,95003.02
2024-12-10 19:00:00,95253.65,95900.0,95001.0,95800.0
2024-12-10 19:30:00,95800.0,95900.0,95550.0,95750.0
2024-12-10 20:00:00,95600.0,96350.0,95293.19,96300.0
2024-12-10 20:30:00,96441.0,96450.0,95396.3,96150.0
2024-12-10 21:00:00,96010.01,96500.0,95801.0,96389.01
2024-12-10 21:30:00,96538.0,96788.0,96030.0,96510.12
2024-12-10 22:00:00,96509.12,96699.89,95960.0,96397.81
2024-12-10 22:30:00,96397.81,96699.08,96015.07,96150.3
2024-12-10 23:00:00,96150.3,96678.99,96150.0,96157.43
2024-12-10 23:30:00,96153.03,96492.4,95803.01,96399.64
2024-12-11 00:00:00,96399.32,96399.32,95811.23,95812.58
2024-12-11 00:30:00,95812.57,95999.94,95312.0,95999.69
2024-12-11 01:00:00,95681.0,95700.0,95300.0,95300.0
2024-12-11 01:30:00,95300.0,96000.0,95300.0,95500.0
2024-12-11 02:00:00,95500.0,95999.76,95500.0,95999.76
2024-12-11 02:30:00,95999.7,96699.75,95700.01,96698.66
2024-12-11 03:00:00,96698.51,96849.0,96200.3,96749.99
2024-12-11 03:30:00,96749.99,96999.99,96262.35,96997.55
2024-12-11 04:00:00,96997.49,96997.49,96393.74,96400.0
2024-12-11 04:30:00,96403.0,96749.98,96259.22,96701.1
2024-12-11 05:00:00,96701.1,96982.82,96507.07,96507.07
2024-12-11 05:30:00,96507.07,96798.99,96308.15,96553.02
2024-12-11 06:00:00,96699.0,96970.97,96553.0,96711.0
2024-12-11 06:30:00,96711.0,96899.0,96711.0,96880.0
2024-12-11 07:00:00,96880.0,96972.97,96711.0,96778.99
2024-12-11 07:30:00,96780.0,96780.0,96498.0,96500.0
2024-12-11 08:00:00,96500.0,97300.0,96500.0,97300.0
2024-12-11 08:30:00,97300.0,97550.0,97200.0,97351.62
2024-12-11 09:00:00,97497.97,97539.99,97021.09,97200.0
2024-12-11 09:30:00,97200.0,97207.0,97001.0,97098.99
2024-12-11 10:00:00,97098.98,97299.94,97017.0,97298.94
2024-12-11 10:30:00,97298.94,97450.0,97000.01,97400.0
2024-12-11 11:00:00,97400.0,97500.0,97000.0,97500.0
2024-12-11 11:30:00,97500.0,97720.0,97168.33,97720.0
2024-12-11 12:00:00,97720.0,97900.0,97601.0,97702.0
2024-12-11 12:30:00,97702.0,97900.0,97551.0,97551.0
2024-12-11 13:00:00,97800.0,97800.0,97503.0,97600.0
2024-12-11 13:30:00,97600.0,98167.0,97600.0,97875.24
2024-12-11 14:00:00,97899.99,98100.0,97550.0,97880.0
2024-12-11 14:30:00,97879.0,98800.0,97701.02,98501.01
2024-12-11 15:00:00,98772.0,99640.0,98501.0,99570.0
2024-12-11 15:30:00,99600.0,99600.0,98999.0,99504.7
2024-12-11 16:00:00,99504.7,99980.0,99393.62,99800.0
2024-12-11 16:30:00,99800.01,99975.0,98999.0,99570.24
2024-12-11 17:00:00,99692.89,99960.0,99255.02,99521.04
2024-12-11 17:30:00,99500.0,99700.0,98101.0,98727.0
2024-12-11 18:00:00,98725.96,99498.0,98100.0,99301.0
2024-12-11 18:30:00,99301.0,99900.0,99168.3,99401.0
2024-12-11 19:00:00,99401.0,99698.0,99377.39,99653.6
2024-12-11 19:30:00,99653.8,100000.0,99653.6,99999.0
2024-12-11 20:00:00,99901.0,100300.0,99750.01,100206.0
2024-12-11 20:30:00,100206.0,100598.0,99500.0,100247.0
2024-12-11 21:00:00,100300.0,100300.0,99100.0,99925.95
2024-12-11 21:30:00,99934.36,100420.0,99934.36,100419.0
2024-12-11 22:00:00,100418.98,100777.0,100418.98,100419.0
2024-12-11 22:30:00,100421.74,100432.23,100170.0,100202.0
2024-12-11 23:00:00,100201.0,100500.0,100201.0,100227.9
2024-12-11 23:30:00,100227.91,100242.76,100002.06,100099.0
2024-12-12 00:00:00,100041.68,100099.0,99891.0,99891.0
2024-12-12 00:30:00,99865.06,99995.0,99392.11,99648.35
2024-12-12 01:00:00,99648.35,99999.0,99648.35,99930.0
2024-12-12 01:30:00,99930.0,99998.99,99393.98,99394.02
2024-12-12 02:00:00,99394.98,99799.98,99394.98,99799.98
2024-12-12 02:30:00,99751.0,100610.0,99751.0,100600.0
2024-12-12 03:00:00,100042.0,100794.08,99732.51,100311.35
2024-12-12 03:30:00,100311.35,100598.81,100056.33,100479.59
2024-12-12 04:00:00,100479.59,100479.59,99855.16,100070.02
2024-12-12 04:30:00,99940.8,100158.6,99650.0,99757.94
2024-12-12 05:00:00,99757.0,99949.0,99626.02,99843.48
2024-12-12 05:30:00,99843.48,100470.0,99752.41,99752.41
2024-12-12 06:00:00,99752.41,99948.0,99511.0,99600.0
2024-12-12 06:30:00,99801.0,99900.0,99521.01,99521.83
2024-12-12 07:00:00,99521.83,99899.78,99521.83,99747.45
2024-12-12 07:30:00,99899.78,99899.78,99525.0,99530.0
2024-12-12 08:00:00,99530.0,99869.0,99529.55,99727.01
2024-12-12 08:30:00,99727.01,100100.0,99727.01,99967.53
2024-12-12 09:00:00,100000.0,100297.55,99991.09,100294.99
2024-12-12 09:30:00,100294.99,100294.99,99967.53,99968.53
2024-12-12 10:00:00,99967.53,100000.0,99613.8,99650.09
2024-12-12 10:30:00,99700.0,99900.0,99501.01,99700.0
2024-12-12 11:00:00,99700.0,99869.96,99250.01,99600.0
2024-12-12 11:30:00,99502.0,99700.0,99332.86,99336.5
2024-12-12 12:00:00,99336.5,99775.52,99336.5,99702.0
2024-12-12 12:30:00,99701.0,99918.0,99701.0,99815.0
2024-12-12 13:00:00,99815.01,100412.0,99750.0,100300.0
2024-12-12 13:30:00,100228.9,100450.0,99851.0,100200.0
2024-12-12 14:00:00,100000.0,100471.0,99829.43,100471.0
2024-12-12 14:30:00,100400.0,100700.0,99950.0,100700.0
2024-12-12 15:00:00,100522.1,100776.0,99853.78,100626.99
2024-12-12 15:30:00,100626.98,100775.96,100316.01,100600.0
2024-12-12 16:00:00,100700.0,101500.0,100700.0,101160.0
2024-12-12 16:30:00,101160.0,101160.0,100527.87,100750.09
2024-12-12 17:00:00,100750.12,101050.0,100749.99,100899.99
2024-12-12 17:30:00,100898.99,100999.0,100335.51,100550.0
2024-12-12 18:00:00,100550.0,100748.0,100336.0,100584.0
2024-12-12 18:30:00,100597.99,100597.99,100000.0,100000.0
2024-12-12 19:00:00,100000.0,100030.0,99200.0,99211.0
2024-12-12 19:30:00,99200.0,99500.0,98420.0,98662.17
2024-12-12 20:00:00,98664.29,99222.0,98555.0,98978.34
2024-12-12 20:30:00,98978.34,99970.0,98869.39,99443.8
2024-12-12 21:00:00,99449.0,99898.86,99210.0,99700.0
2024-12-12 21:30:00,99503.03,99699.0,99221.0,99395.0
2024-12-12 22:00:00,99395.0,99613.0,98513.72,99612.99
2024-12-12 22:30:00,99612.99,99959.0,99500.13,99959.0
2024-12-12 23:00:00,99950.0,99950.0,99500.7,99500.71
2024-12-12 23:30:00,99500.71,99839.62,99500.71,99551.13
2024-12-13 00:00:00,99551.13,99850.04,99551.0,99572.0
2024-12-13 00:30:00,99572.0,99893.23,99550.0,99550.0
2024-12-13 01:00:00,99550.0,99949.86,99209.0,99499.81
2024-12-13 01:30:00,99209.06,99499.74,98900.0,98900.0
2024-12-13 02:00:00,98900.0,99220.11,98501.0,98949.95
2024-12-13 02:30:00,98949.95,99305.31,98512.0,99139.86
2024-12-13 03:00:00,99001.12,99309.59,98900.01,99149.93
2024-12-13 03:30:00,99130.0,99150.0,98935.0,99100.0
2024-12-13 04:00:00,99100.0,99309.59,98910.01,99150.0
2024-12-13 04:30:00,99150.0,99500.0,98949.72,99486.7
2024-12-13 05:00:00,99486.7,99486.7,99012.43,99102.05
2024-12-13 05:30:00,99102.05,99428.0,99101.61,99140.0
2024-12-13 06:00:00,99150.0,99349.0,99103.0,99349.0
2024-12-13 06:30:00,99349.0,99499.0,99104.01,99104.01
2024-12-13 07:00:00,99103.0,99349.0,98880.0,99190.08
2024-12-13 07:30:00,99190.08,99600.0,99012.01,99599.0
2024-12-13 08:00:00,99600.0,99720.0,99402.0,99720.0
2024-12-13 08:30:00,99720.0,99849.99,99600.0,99734.6
2024-12-13 09:00:00,99734.6,99849.97,99410.0,99490.1
2024-12-13 09:30:00,99410.01,99698.63,99200.02,99493.0
2024-12-13 10:00:00,99493.0,99580.0,99400.0,99419.0
2024-12-13 10:30:00,99419.0,99849.99,99419.0,99600.0
2024-12-13 11:00:00,99849.92,99898.0,99499.9,99898.0
2024-12-13 11:30:00,99898.0,99950.0,99560.2,99869.52
2024-12-13 12:00:00,99868.9,99868.9,99569.0,99600.11
2024-12-13 12:30:00,99600.11,99799.97,99420.0,99548.0
2024-12-13 13:00:00,99600.0,99779.88,99425.02,99503.0
2024-12-13 13:30:00,99590.0,99744.51,99501.0,99744.51
2024-12-13 14:00:00,99700.0,99950.0,99700.0,99792.95
2024-12-13 14:30:00,99950.0,100250.0,99792.95,100249.09
2024-12-13 15:00:00,100250.0,100590.0,100030.0,100587.95
2024-12-13 15:30:00,100250.01,100620.58,99148.0,99230.03
2024-12-13 16:00:00,99468.91,99796.89,99250.0,99450.28
2024-12-13 16:30:00,99450.28,100279.99,99450.28,99910.63
2024-12-13 17:00:00,99991.0,100299.97,99885.85,100268.88
2024-12-13 17:30:00,100268.88,100718.05,99992.77,100713.0
2024-12-13 18:00:00,100710.0,100715.0,100385.5,100448.5
2024-12-13 18:30:00,100390.0,100800.0,100386.1,100697.99
2024-12-13 19:00:00,100572.0,100696.0,100261.0,100303.39
2024-12-13 19:30:00,100297.3,100664.97,100162.95,100551.0
2024-12-13 20:00:00,100550.0,100637.8,100421.05,100601.32
2024-12-13 20:30:00,100550.0,100759.82,100322.01,100473.71
2024-12-13 21:00:00,100473.71,100594.0,100247.7,100247.7
2024-12-13 21:30:00,100300.0,100500.0,100125.0,100360.0
2024-12-13 22:00:00,100360.0,100450.0,100033.0,100180.0
2024-12-13 22:30:00,100179.0,100500.0,100150.0,100450.0
2024-12-13 23:00:00,100496.88,100498.98,100172.66,100497.46
2024-12-13 23:30:00,100496.74,100500.0,100455.0,100500.0
2024-12-14 00:00:00,100499.0,100500.0,100357.01,100499.0
2024-12-14 00:30:00,100437.78,100484.94,100185.0,100240.79
2024-12-14 01:00:00,100484.94,101500.0,100201.0,101445.2
2024-12-14 01:30:00,101445.2,101499.0,100940.6,101208.1
2024-12-14 02:00:00,101194.93,101194.93,100205.01,100764.18
2024-12-14 02:30:00,100764.18,101200.0,100764.18,101034.65
2024-12-14 03:00:00,101034.65,101438.99,100832.19,101154.44
2024-12-14 03:30:00,101169.99,101250.0,100206.0,101074.46
2024-12-14 04:00:00,101074.54,101191.5,100821.6,100989.96
2024-12-14 04:30:00,100989.96,100989.96,100560.64,100645.68
2024-12-14 05:00:00,100645.68,100799.0,100634.0,100736.86
2024-12-14 05:30:00,100736.86,100800.0,100675.18,100768.0
2024-12-14 06:00:00,100732.03,100990.0,100676.56,100989.96
2024-12-14 06:30:00,100989.96,101099.0,100201.1,100900.0
2024-12-14 07:00:00,100999.0,100999.0,100660.0,100728.01
2024-12-14 07:30:00,100705.28,101000.0,100701.81,100806.16
2024-12-14 08:00:00,100806.16,100959.19,100701.0,100898.0
2024-12-14 08:30:00,100702.0,100900.0,100700.0,100870.0
2024-12-14 09:00:00,100870.0,100956.88,100500.0,100700.0
2024-12-14 09:30:00,100700.0,100758.0,100500.0,100644.0
2024-12-14 10:00:00,100644.0,100644.0,100292.74,100384.33
2024-12-14 10:30:00,100384.33,100598.99,100384.32,100590.0
2024-12-14 11:00:00,100590.0,100800.0,100463.32,100800.0
2024-12-14 11:30:00,100800.0,100800.0,100339.05,100600.0
2024-12-14 12:00:00,100600.0,100779.99,100425.4,100425.4
2024-12-14 12:30:00,100672.0,100672.0,100251.0,100300.01
2024-12-14 13:00:00,100300.01,100600.0,100001.12,100100.0
2024-12-14 13:30:00,100200.0,100470.26,100042.37,100399.0
2024-12-14 14:00:00,100399.1,100598.94,100200.84,100568.89
2024-12-14 14:30:00,100538.87,100600.0,100337.0,100550.0
2024-12-14 15:00:00,100598.0,100799.99,100450.0,100601.0
2024-12-14 15:30:00,100601.0,100779.0,100455.05,100750.0
2024-12-14 16:00:00,100750.0,100779.0,100547.57,100547.57
2024-12-14 16:30:00,100547.57,100848.7,100460.25,100804.0
2024-12-14 17:00:00,100804.0,100849.99,100456.11,100456.27
2024-12-14 17:30:00,100456.27,100698.37,100100.0,100189.0
2024-12-14 18:00:00,100100.0,100679.97,100000.0,100109.99
2024-12-14 18:30:00,100109.99,100199.0,99800.0,99860.21
2024-12-14 19:00:00,99860.21,100200.0,99832.39,100200.0
2024-12-14 19:30:00,100379.0,100629.96,100089.1,100500.03
2024-12-14 20:00:00,100500.03,100630.0,99800.0,100049.45
2024-12-14 20:30:00,100050.0,100378.99,99950.0,99950.0
2024-12-14 21:00:00,99950.0,100198.73,99919.0,100110.0
2024-12-14 21:30:00,100109.79,100298.7,100050.0,100059.3
2024-12-14 22:00:00,100059.3,100288.7,99981.0,100080.0
2024-12-14 22:30:00,100080.0,100288.71,100080.0,100150.38
2024-12-14 23:00:00,100288.71,100288.72,100048.01,100283.93
2024-12-14 23:30:00,100283.93,100600.0,100283.93,100399.0
2024-12-15 00:00:00,100399.0,100550.0,100341.65,100500.15
2024-12-15 00:30:00,100500.15,100538.99,100243.04,100333.73
2024-12-15 01:00:00,100333.73,100630.0,100110.18,100612.81
2024-12-15 01:30:00,100612.81,101149.0,100489.88,101149.0
2024-12-15 02:00:00,101149.0,101149.0,100876.05,100949.0
2024-12-15 02:30:00,100949.0,100950.0,100748.93,100805.36
2024-12-15 03:00:00,100805.36,100940.0,100789.42,100855.0
2024-12-15 03:30:00,100802.89,100939.99,100709.14,100897.99
2024-12-15 04:00:00,100897.99,101800.0,100686.0,101700.0
2024-12-15 04:30:00,101799.97,101799.97,101225.12,101400.0
2024-12-15 05:00:00,101400.0,101800.0,101225.15,101710.17
2024-12-15 05:30:00,101710.0,101832.66,101201.0,101201.0
2024-12-15 06:00:00,101389.0,101741.93,101000.0,101020.0
2024-12-15 06:30:00,101020.06,101399.99,101020.06,101099.8
2024-12-15 07:00:00,101100.0,101399.99,100501.0,101244.99
2024-12-15 07:30:00,101399.99,101498.89,100742.3,100994.0
2024-12-15 08:00:00,101000.0,101181.0,100756.01,101148.0
2024-12-15 08:30:00,101145.0,101549.99,101000.27,101548.0
2024-12-15 09:00:00,101548.0,101550.0,101300.0,101540.0
2024-12-15 09:30:00,101524.0,101550.0,101305.0,101405.0
2024-12-15 10:00:00,101405.0,101550.0,101200.03,101376.0
2024-12-15 10:30:00,101400.0,101549.95,101174.14,101548.8
2024-12-15 11:00:00,101548.8,101750.0,101311.0,101750.0
2024-12-15 11:30:00,101750.0,101950.0,101605.0,101950.0
2024-12-15 12:00:00,101948.0,102000.0,101948.0,101985.0
2024-12-15 12:30:00,102000.0,102319.0,101950.0,102300.0
2024-12-15 13:00:00,102299.0,102310.0,101795.86,102100.0
2024-12-15 13:30:00,102100.0,102198.0,101800.01,102194.0
2024-12-15 14:00:00,102196.0,102288.0,102001.04,102288.0
2024-12-15 14:30:00,102272.0,102272.0,102040.0,102200.0
2024-12-15 15:00:00,102200.0,102250.0,102040.01,102106.0
2024-12-15 15:30:00,102106.0,102190.0,102106.0,102110.0
2024-12-15 16:00:00,102164.0,102300.0,102040.01,102250.0
2024-12-15 16:30:00,102290.0,102500.0,102250.0,102474.0
2024-12-15 17:00:00,102474.0,102500.0,102250.0,102260.2
2024-12-15 17:30:00,102492.0,102494.0,102260.2,102470.0
2024-12-15 18:00:00,102469.8,102470.0,102285.0,102319.01
2024-12-15 18:30:00,102320.0,102500.0,102319.0,102322.0
2024-12-15 19:00:00,102320.01,102900.0,102320.01,102799.0
2024-12-15 19:30:00,102735.53,102799.0,102500.0,102501.0
2024-12-15 20:00:00,102644.55,102644.55,102500.0,102600.0
2024-12-15 20:30:00,102639.99,102644.55,102510.0,102515.0
2024-12-15 21:00:00,102513.0,102644.54,102150.0,102150.0
2024-12-15 21:30:00,102150.0,102514.0,102060.0,102066.0
2024-12-15 22:00:00,102100.0,102644.0,102000.01,102600.0
2024-12-15 22:30:00,102600.0,102695.0,102500.0,102689.99
2024-12-15 23:00:00,102689.99,104000.0,102501.0,103900.0
2024-12-15 23:30:00,103900.0,104000.0,103259.48,103260.02
2024-12-16 00:00:00,103270.01,104000.0,103270.01,104000.0
2024-12-16 00:30:00,103916.24,105000.0,103706.46,104370.45
2024-12-16 01:00:00,104370.45,104900.0,103600.01,103998.0
2024-12-16 01:30:00,103998.0,104799.99,103600.18,104797.94
2024-12-16 02:00:00,104401.0,104500.0,103400.0,103465.8
2024-12-16 02:30:00,103465.8,104500.0,103465.8,103900.0
2024-12-16 03:00:00,103900.0,104373.91,103815.04,104331.68
2024-12-16 03:30:00,104000.87,104495.96,103300.0,103799.63
2024-12-16 04:00:00,103799.64,104200.0,103799.64,104169.0
2024-12-16 04:30:00,104100.0,104344.21,104100.0,104290.0
2024-12-16 05:00:00,104339.0,104640.0,104210.57,104621.6
2024-12-16 05:30:00,104621.6,104849.99,104500.0,104640.0
2024-12-16 06:00:00,104643.0,104643.0,104555.0,104604.0
2024-12-16 06:30:00,104604.0,104680.0,104500.0,104550.0
2024-12-16 07:00:00,104550.0,104815.0,104212.0,104790.0
2024-12-16 07:30:00,104790.0,104990.0,104550.2,104700.0
2024-12-16 08:00:00,104700.0,104800.0,104157.0,104400.0
2024-12-16 08:30:00,104445.0,104445.0,104115.0,104115.0
2024-12-16 09:00:00,104102.01,104370.0,104000.01,104368.99
2024-12-16 09:30:00,104369.0,104371.0,104180.0,104210.0
2024-12-16 10:00:00,104290.0,104335.0,104021.0,104021.0
2024-12-16 10:30:00,104021.0,104250.0,103950.0,104100.21
2024-12-16 11:00:00,104249.99,104300.0,104100.21,104151.0
2024-12-16 11:30:00,104150.0,104183.09,103003.0,103099.0
2024-12-16 12:00:00,103098.0,103500.0,103010.0,103252.03
2024-12-16 12:30:00,103252.06,103399.91,103100.01,103195.0
2024-12-16 13:00:00,103195.0,103800.0,103110.0,103799.99
2024-12-16 13:30:00,103799.99,103843.1,103269.0,103269.0
2024-12-16 14:00:00,103229.01,104000.0,103011.1,103993.0
2024-12-16 14:30:00,103993.0,105200.0,103844.0,104800.0
2024-12-16 15:00:00,104800.0,105980.0,104600.0,105800.0
2024-12-16 15:30:00,105700.0,105800.0,104999.99,105514.7
2024-12-16 16:00:00,105598.97,106200.0,105516.7,106158.0
2024-12-16 16:30:00,106200.0,106500.0,105811.0,106000.0
2024-12-16 17:00:00,105814.27,106198.0,105814.18,106195.0
2024-12-16 17:30:00,106195.0,106299.0,106043.0,106190.0
2024-12-16 18:00:00,106151.0,106785.0,106052.0,106779.0
2024-12-16 18:30:00,106779.0,106850.0,106300.0,106494.0
2024-12-16 19:00:00,106494.0,106494.0,105000.0,105293.0
2024-12-16 19:30:00,105293.92,106250.0,105293.0,106240.0
2024-12-16 20:00:00,106210.0,106210.0,105242.06,105796.91
2024-12-16 20:30:00,105796.91,105888.88,105201.1,105555.0
2024-12-16 21:00:00,105555.0,105750.0,105310.0,105499.0
2024-12-16 21:30:00,105499.0,105499.0,105200.0,105478.0
2024-12-16 22:00:00,105478.0,105478.0,105200.32,105389.0
2024-12-16 22:30:00,105390.0,105400.0,105121.0,105400.0
2024-12-16 23:00:00,105400.0,105477.0,105085.0,105114.24
2024-12-16 23:30:00,105117.03,105478.0,105117.03,105470.03
2024-12-17 00:00:00,105478.0,105699.8,105050.0,105599.99
2024-12-17 00:30:00,105599.77,105599.98,105080.3,105200.0
2024-12-17 01:00:00,105200.35,105200.35,105050.0,105050.4
2024-12-17 01:30:00,105050.4,105800.0,105050.4,105749.0
2024-12-17 02:00:00,105800.0,105858.0,105264.03,105821.0
2024-12-17 02:30:00,105821.0,105900.0,105306.1,105651.03
2024-12-17 03:00:00,105800.0,105900.01,105650.0,105899.0
2024-12-17 03:30:00,105899.0,106300.0,105704.12,106300.0
2024-12-17 04:00:00,106320.0,106320.0,105900.01,105900.6
2024-12-17 04:30:00,105900.6,106299.85,105800.01,106285.73
2024-12-17 05:00:00,106285.58,106285.58,106003.39,106279.97
2024-12-17 05:30:00,106125.14,106279.97,106004.03,106189.99
2024-12-17 06:00:00,106189.99,106299.85,106101.0,106102.0
2024-12-17 06:30:00,106100.0,106102.0,105765.0,105895.0
2024-12-17 07:00:00,105870.0,106299.0,105777.01,106250.0
2024-12-17 07:30:00,106250.0,106351.0,106022.0,106351.0
2024-12-17 08:00:00,106400.0,106730.0,106351.01,106729.01
2024-12-17 08:30:00,106651.0,107000.0,106636.0,106987.02
2024-12-17 09:00:00,107000.0,107000.0,106320.0,106601.0
2024-12-17 09:30:00,106893.95,107000.0,106614.0,106999.0
2024-12-17 10:00:00,107000.0,107000.0,106622.0,106699.0
2024-12-17 10:30:00,106623.97,106948.0,106600.0,106923.76
2024-12-17 11:00:00,106923.76,106999.0,106780.07,106900.0
2024-12-17 11:30:00,106900.0,106999.0,106300.0,106405.17
2024-12-17 12:00:00,106405.16,106500.0,106183.09,106499.9
2024-12-17 12:30:00,106405.01,106900.0,106400.0,106900.0
2024-12-17 13:00:00,106822.05,106899.0,106511.17,106889.78
2024-12-17 13:30:00,106889.84,107000.0,106580.0,106898.95
2024-12-17 14:00:00,106888.0,107000.0,106700.0,106990.05
2024-12-17 14:30:00,107000.0,107449.0,106600.02,107449.0
2024-12-17 15:00:00,107449.0,107549.0,105300.0,105320.13
2024-12-17 15:30:00,105320.0,106419.99,105080.0,105994.94
2024-12-17 16:00:00,105601.01,106849.99,105348.0,106100.0
2024-12-17 16:30:00,106100.0,106589.97,106100.0,106499.0
2024-12-17 17:00:00,106565.0,106800.0,106101.0,106757.0
2024-12-17 17:30:00,106797.0,106800.0,106222.0,106464.9
2024-12-17 18:00:00,106550.0,106800.99,106400.0,106400.0
2024-12-17 18:30:00,106409.0,106790.92,105850.0,105852.37
2024-12-17 19:00:00,105855.05,106140.0,105850.0,106000.0
2024-12-17 19:30:00,106000.0,106100.0,105363.77,105744.0
2024-12-17 20:00:00,105744.0,105949.98,105200.0,105591.99
2024-12-17 20:30:00,105450.0,106300.0,105450.0,106300.0
2024-12-17 21:00:00,106299.0,106300.0,105751.2,106290.0
2024-12-17 21:30:00,106290.0,106290.0,105800.06,105888.56
2024-12-17 22:00:00,105902.04,106144.91,105400.06,105498.97
2024-12-17 22:30:00,105498.97,105879.7,105001.0,105787.97
2024-12-17 23:00:00,105787.97,105879.74,105062.01,105878.82
2024-12-17 23:30:00,105878.67,106000.0,105527.08,105530.01
2024-12-18 00:00:00,105931.81,105931.81,105530.0,105530.01
2024-12-18 00:30:00,105549.0,105921.15,105250.0,105918.5
2024-12-18 01:00:00,105255.21,106145.0,105255.21,106017.66
2024-12-18 01:30:00,105654.84,106144.97,104750.0,105202.45
2024-12-18 02:00:00,105202.45,105202.45,104777.19,105197.93
2024-12-18 02:30:00,105197.93,105198.0,104788.0,104999.54
2024-12-18 03:00:00,104999.54,104999.54,104400.0,104400.0
2024-12-18 03:30:00,104361.0,104589.91,104300.0,104500.0
2024-12-18 04:00:00,104401.12,104401.12,103198.54,103555.0
2024-12-18 04:30:00,103555.0,103890.0,103155.0,103299.91
2024-12-18 05:00:00,103300.0,103889.73,103100.0,103480.0
2024-12-18 05:30:00,103440.0,104000.0,103122.0,103375.0
2024-12-18 06:00:00,103376.0,103889.73,103375.0,103800.0
2024-12-18 06:30:00,103889.66,103893.51,103045.0,103489.0
2024-12-18 07:00:00,103490.0,104341.43,103450.19,104150.0
2024-12-18 07:30:00,104150.0,104340.97,103800.0,104338.99
2024-12-18 08:00:00,104340.96,104400.0,103500.0,103934.0
2024-12-18 08:30:00,103970.0,103970.0,103700.0,103710.0
2024-12-18 09:00:00,103710.0,104300.0,103710.0,104200.0
2024-12-18 09:30:00,104269.49,104300.0,103999.71,103999.8
2024-12-18 10:00:00,103999.77,104244.13,103800.0,104109.32
2024-12-18 10:30:00,104109.29,104759.99,103860.13,104530.0
2024-12-18 11:00:00,104530.0,104755.77,104302.15,104649.9
2024-12-18 11:30:00,104649.9,104950.0,104406.03,104900.0
2024-12-18 12:00:00,104900.0,105377.83,104654.16,104902.41
2024-12-18 12:30:00,104902.38,104902.41,104627.9,104700.0
2024-12-18 13:00:00,104604.25,105334.0,104604.25,105298.99
2024-12-18 13:30:00,105298.99,105298.99,104620.09,104620.12
2024-12-18 14:00:00,104620.12,104728.49,104200.06,104499.91
2024-12-18 14:30:00,104499.97,104500.0,104000.0,104109.99
2024-12-18 15:00:00,104109.89,104220.58,103710.0,103968.8
2024-12-18 15:30:00,103968.8,104400.0,103820.0,104216.06
2024-12-18 16:00:00,104399.91,104399.94,103365.0,103382.28
2024-12-18 16:30:00,103795.99,103900.0,103501.06,103851.0
2024-12-18 17:00:00,103899.0,104350.0,103851.0,104349.54
2024-12-18 17:30:00,104349.38,104800.0,104009.21,104727.0
2024-12-18 18:00:00,104789.94,104932.0,104009.01,104300.29
2024-12-18 18:30:00,104449.0,104747.87,104043.61,104400.0
2024-12-18 19:00:00,104400.0,104400.0,103440.0,103702.1
2024-12-18 19:30:00,103601.0,103999.99,103000.0,103001.0
2024-12-18 20:00:00,103001.0,103038.43,100000.0,101990.0
2024-12-18 20:30:00,101990.0,102309.98,101000.0,101000.0
2024-12-18 21:00:00,101000.0,101779.98,100600.0,101300.0
2024-12-18 21:30:00,101385.14,102000.0,101136.0,101200.0
2024-12-18 22:00:00,101136.0,101222.99,100601.0,101000.18
2024-12-18 22:30:00,101222.99,101498.0,100800.5,101309.0
2024-12-18 23:00:00,101299.97,101299.97,100499.0,100814.39
2024-12-18 23:30:00,100583.86,100999.88,100250.0,100267.48
2024-12-19 00:00:00,100267.48,101060.06,100240.04,101060.06
2024-12-19 00:30:00,101059.99,101080.38,100332.03,100882.82
2024-12-19 01:00:00,100882.82,100884.16,100491.39,100502.21
2024-12-19 01:30:00,100502.21,100502.21,100000.0,100000.0
2024-12-19 02:00:00,100000.0,100010.0,99100.0,99100.0
2024-12-19 02:30:00,99248.57,101000.0,99100.0,100582.05
2024-12-19 03:00:00,100582.05,101138.98,100450.04,100846.63
2024-12-19 03:30:00,100850.0,101520.0,100846.64,101520.0
2024-12-19 04:00:00,101536.0,101579.96,101000.05,101184.85
2024-12-19 04:30:00,101184.85,101332.99,100577.07,100577.07
2024-12-19 05:00:00,100577.07,101511.31,100577.07,101351.0
2024-12-19 05:30:00,101351.0,101600.0,101351.0,101514.03
2024-12-19 06:00:00,101514.03,101514.03,101149.94,101254.35
2024-12-19 06:30:00,101182.34,101451.95,101118.0,101300.0
2024-12-19 07:00:00,101205.99,101600.0,101201.0,101500.0
2024-12-19 07:30:00,101450.0,101802.57,101450.0,101801.99
2024-12-19 08:00:00,101801.99,101816.4,101480.0,101775.7
2024-12-19 08:30:00,101776.71,102000.0,101606.0,101714.0
2024-12-19 09:00:00,101713.99,101900.0,101402.02,101771.66
2024-12-19 09:30:00,101500.25,101898.92,101500.25,101865.99
2024-12-19 10:00:00,101867.0,102324.26,101800.0,102299.99
2024-12-19 10:30:00,102299.99,102669.0,102115.03,102501.0
2024-12-19 11:00:00,102529.99,102530.0,102138.01,102529.86
2024-12-19 11:30:00,102343.0,102579.85,102171.11,102400.01
2024-12-19 12:00:00,102400.16,102579.85,102313.0,102313.0
2024-12-19 12:30:00,102313.0,102336.0,101550.0,101663.01
2024-12-19 13:00:00,101679.99,102000.0,101663.01,101859.01
2024-12-19 13:30:00,101900.0,101900.0,101398.34,101751.0
2024-12-19 14:00:00,101896.97,102349.49,101751.0,102105.1
2024-12-19 14:30:00,102101.81,102579.85,100500.0,100772.01
2024-12-19 15:00:00,101199.96,101199.96,99500.0,99558.01
2024-12-19 15:30:00,99699.99,100489.0,99499.01,100479.88
2024-12-19 16:00:00,100305.44,100479.88,99890.0,100360.01
2024-12-19 16:30:00,100360.01,101000.0,100251.0,100600.0
2024-12-19 17:00:00,100500.11,100698.99,99500.0,99510.0
2024-12-19 17:30:00,99510.0,99602.01,98000.0,98580.0
2024-12-19 18:00:00,98780.0,98846.17,97000.0,97999.0
2024-12-19 18:30:00,98330.0,98880.0,97988.97,98822.81
2024-12-19 19:00:00,98880.0,99165.06,98150.0,98150.0
2024-12-19 19:30:00,98150.0,98168.9,96001.0,97195.0
2024-12-19 20:00:00,97195.0,97265.28,95505.0,96500.0
2024-12-19 20:30:00,96500.0,97403.06,95821.0,96564.1
2024-12-19 21:00:00,96520.03,97909.44,95823.01,97400.0
2024-12-19 21:30:00,97689.99,97951.91,97001.01,97754.63
2024-12-19 22:00:00,97314.02,97885.71,97314.01,97885.7
2024-12-19 22:30:00,97884.99,98500.03,97389.96,98303.55
2024-12-19 23:00:00,98200.04,98489.97,97500.04,97753.01
2024-12-19 23:30:00,97651.03,98000.0,97501.0,97550.0
2024-12-20 00:00:00,97550.0,97631.07,96809.99,96815.02
2024-12-20 00:30:00,97200.0,97584.96,96815.02,97195.17
2024-12-20 01:00:00,97195.17,97415.0,96820.74,97000.4
2024-12-20 01:30:00,97344.35,97344.35,96200.0,96201.1
2024-12-20 02:00:00,96200.0,97122.0,96150.12,97122.0
2024-12-20 02:30:00,97122.0,97546.09,97110.09,97546.09
2024-12-20 03:00:00,97546.09,97799.99,97400.06,97612.0
2024-12-20 03:30:00,97611.0,97756.76,96647.36,97184.74
2024-12-20 04:00:00,97184.74,97759.96,96870.11,97750.0
2024-12-20 04:30:00,97750.0,97765.12,97200.2,97566.83
2024-12-20 05:00:00,97200.54,97566.05,97000.0,97049.85
2024-12-20 05:30:00,97049.73,97267.78,96800.0,96800.0
2024-12-20 06:00:00,96800.01,97366.02,96707.04,97000.0
2024-12-20 06:30:00,97046.8,97046.8,96302.68,97000.0
2024-12-20 07:00:00,97000.0,98292.22,96897.1,98149.99
2024-12-20 07:30:00,98149.76,98149.76,97604.1,97616.07
2024-12-20 08:00:00,97616.07,97886.97,96500.0,96813.27
2024-12-20 08:30:00,96813.25,96813.4,95400.0,95420.0
2024-12-20 09:00:00,95419.99,95650.0,95000.0,95398.0
2024-12-20 09:30:00,95127.0,96403.99,94670.0,94680.0
2024-12-20 10:00:00,94630.0,95000.0,94200.0,94735.05
2024-12-20 10:30:00,94799.84,95000.0,94250.0,94543.7
2024-12-20 11:00:00,94300.01,94819.99,93000.01,93193.09
2024-12-20 11:30:00,93278.0,93500.0,92555.0,92730.94
2024-12-20 12:00:00,92700.0,93995.97,91700.0,93826.92
2024-12-20 12:30:00,93500.0,94369.0,93500.0,93888.0
2024-12-20 13:00:00,93803.0,94211.0,93500.0,93800.0
2024-12-20 13:30:00,93999.85,96000.0,93691.01,95204.0
2024-12-20 14:00:00,95200.0,95409.94,94895.7,95401.02
2024-12-20 14:30:00,95401.02,96167.0,95300.0,95775.0
2024-12-20 15:00:00,95774.99,97162.23,95669.69,97149.99
2024-12-20 15:30:00,97150.0,97500.0,96600.0,96850.01
2024-12-20 16:00:00,96999.99,97700.0,96850.0,97497.91
2024-12-20 16:30:00,97224.07,97662.87,95600.0,96305.04
2024-12-20 17:00:00,96573.6,97200.0,96204.99,97200.0
2024-12-20 17:30:00,97200.0,97211.26,96700.18,97159.04
2024-12-20 18:00:00,97100.0,97162.97,96500.0,96750.0
2024-12-20 18:30:00,96750.0,97160.0,96500.0,97000.2
2024-12-20 19:00:00,97000.2,97672.49,96900.07,97651.0
2024-12-20 19:30:00,97672.48,97788.56,97000.01,97200.0
2024-12-20 20:00:00,97200.0,97200.0,96947.0,97000.01
2024-12-20 20:30:00,97000.0,97049.0,96205.0,96460.14
2024-12-20 21:00:00,96549.99,96549.99,95332.7,95951.0
2024-12-20 21:30:00,95951.0,96500.0,95951.0,96500.0
2024-12-20 22:00:00,96600.0,97196.18,96450.0,97100.0
2024-12-20 22:30:00,97100.0,97500.0,96900.01,97495.0
2024-12-20 23:00:00,97494.99,97785.0,96614.72,97415.04
2024-12-20 23:30:00,97785.0,97785.0,97100.02,97783.99
2024-12-21 00:00:00,97783.99,97783.99,97110.24,97111.0
2024-12-21 00:30:00,97209.49,97575.0,97110.21,97575.0
2024-12-21 01:00:00,97575.0,97759.25,96600.0,96835.1
2024-12-21 01:30:00,96835.1,97523.49,96835.1,96894.65
2024-12-21 02:00:00,96894.65,97334.34,96600.01,97330.95
2024-12-21 02:30:00,97000.01,97330.75,96450.0,97099.53
2024-12-21 03:00:00,97098.01,97434.62,96711.51,97429.99
2024-12-21 03:30:00,97429.99,97429.99,97025.12,97329.0
2024-12-21 04:00:00,97338.97,97649.98,97203.22,97601.97
2024-12-21 04:30:00,97601.97,97602.26,97100.01,97602.26
2024-12-21 05:00:00,97600.0,97785.0,97600.0,97684.0
2024-12-21 05:30:00,97649.89,98749.0,97600.0,98745.0
2024-12-21 06:00:00,98802.28,98999.5,98369.31,98400.0
2024-12-21 06:30:00,98499.83,98899.99,98351.01,98856.99
2024-12-21 07:00:00,98856.99,98999.4,98401.0,98999.39
2024-12-21 07:30:00,98999.39,99504.0,98999.39,99200.0
2024-12-21 08:00:00,99170.0,99170.0,98550.0,98665.17
2024-12-21 08:30:00,98503.0,98800.99,98201.1,98550.0
2024-12-21 09:00:00,98597.11,98799.93,98201.11,98316.0
2024-12-21 09:30:00,98316.0,98583.75,98300.0,98583.75
2024-12-21 10:00:00,98583.75,98738.0,98461.0,98574.94
2024-12-21 10:30:00,98574.94,98574.94,97815.01,97819.98
2024-12-21 11:00:00,97954.0,98200.0,97801.0,97801.0
2024-12-21 11:30:00,97801.1,98497.52,97801.0,98247.0
2024-12-21 12:00:00,98408.99,98409.0,97777.8,97777.8
2024-12-21 12:30:00,97777.8,97779.93,96802.01,96898.97
2024-12-21 13:00:00,96898.94,97200.0,96110.0,96111.15
2024-12-21 13:30:00,96111.15,97260.67,96000.0,97166.0
2024-12-21 14:00:00,97166.0,97534.87,96441.85,96850.0
2024-12-21 14:30:00,96858.03,97777.77,96535.3,97000.0
2024-12-21 15:00:00,96612.0,97299.0,96600.0,97279.97
2024-12-21 15:30:00,97100.0,97280.0,96811.26,97260.0
2024-12-21 16:00:00,97260.0,97268.0,96639.03,97099.88
2024-12-21 16:30:00,97099.66,97150.0,96823.1,96999.16
2024-12-21 17:00:00,97000.0,97121.0,96562.01,97048.97
2024-12-21 17:30:00,97048.94,97195.0,96700.01,97180.0
2024-12-21 18:00:00,97195.0,97268.0,97001.0,97200.0
2024-12-21 18:30:00,97001.48,97268.0,96559.04,96693.0
2024-12-21 19:00:00,96693.0,96798.92,96001.0,96144.13
2024-12-21 19:30:00,96144.16,96399.78,96001.0,96387.0
2024-12-21 20:00:00,96387.0,97500.0,96077.04,97289.78
2024-12-21 20:30:00,97200.0,97200.0,96800.0,96843.0
2024-12-21 21:00:00,97189.66,97189.66,96560.0,96560.0
2024-12-21 21:30:00,96560.04,96800.0,96101.0,96450.0
2024-12-21 22:00:00,96400.0,96839.73,96101.0,96689.49
2024-12-21 22:30:00,96689.49,96699.01,96252.01,96390.16
2024-12-21 23:00:00,96390.16,96687.93,96210.0,96210.0
2024-12-21 23:30:00,96210.0,96664.99,96210.0,96664.99
2024-12-22 00:00:00,96664.99,96665.0,96149.5,96201.2
2024-12-22 00:30:00,96201.2,96664.93,96201.2,96662.16
2024-12-22 01:00:00,96228.15,96664.93,96228.15,96664.0
2024-12-22 01:30:00,96664.0,96664.92,96101.0,96400.0
2024-12-22 02:00:00,96400.0,96499.52,96101.01,96101.01
2024-12-22 02:30:00,96498.83,96498.83,96001.0,96001.12
2024-12-22 03:00:00,96001.12,96590.0,96001.12,96589.98
2024-12-22 03:30:00,96589.98,96589.98,96147.05,96148.01
2024-12-22 04:00:00,96147.74,96544.67,96010.3,96349.78
2024-12-22 04:30:00,96058.01,96345.72,95361.0,95361.0
2024-12-22 05:00:00,95361.0,95599.97,95002.01,95400.0
2024-12-22 05:30:00,95490.0,95597.93,95315.0,95375.0
2024-12-22 06:00:00,95375.0,95848.96,95370.0,95799.99
2024-12-22 06:30:00,95631.0,95899.1,95584.5,95876.0
2024-12-22 07:00:00,95899.1,95999.98,95800.0,95990.0
2024-12-22 07:30:00,95990.0,96197.99,95450.0,95450.0
2024-12-22 08:00:00,95470.0,95899.49,95450.0,95789.81
2024-12-22 08:30:00,95899.49,95950.0,95631.34,95790.1
2024-12-22 09:00:00,95790.1,95899.94,95310.01,95889.97
2024-12-22 09:30:00,95787.26,96687.36,95787.25,96390.15
2024-12-22 10:00:00,96679.54,96799.0,96312.03,96798.91
2024-12-22 10:30:00,96520.12,96970.0,96520.01,96833.0
2024-12-22 11:00:00,96833.0,96959.84,96531.14,96945.0
2024-12-22 11:30:00,96945.0,96945.0,96321.02,96706.94
2024-12-22 12:00:00,96706.85,96706.85,96078.52,96449.88
2024-12-22 12:30:00,96511.88,96700.0,96160.0,96699.95
2024-12-22 13:00:00,96699.95,96990.0,96250.2,96800.06
2024-12-22 13:30:00,96900.0,96949.85,96251.0,96252.1
2024-12-22 14:00:00,96399.99,96400.0,95250.0,95250.12
2024-12-22 14:30:00,95250.12,95894.41,94900.0,94900.0
2024-12-22 15:00:00,94900.0,95120.67,94680.0,95000.0
2024-12-22 15:30:00,94999.94,95306.08,94800.0,95096.96
2024-12-22 16:00:00,94817.92,95378.3,94806.75,95183.09
2024-12-22 16:30:00,95183.12,95750.0,95183.12,95500.0
2024-12-22 17:00:00,95500.0,95699.95,95339.99,95339.99
2024-12-22 17:30:00,95339.99,95684.68,95300.0,95301.0
2024-12-22 18:00:00,95301.0,95897.97,95000.0,95465.97
2024-12-22 18:30:00,95849.99,95950.0,95502.22,95790.0
2024-12-22 19:00:00,95789.88,95800.0,95250.0,95250.0
2024-12-22 19:30:00,95250.0,95489.17,94400.0,94443.88
2024-12-22 20:00:00,94443.88,94500.0,93820.0,94500.0
2024-12-22 20:30:00,94453.48,94999.99,94396.08,94700.0
2024-12-22 21:00:00,94721.15,95400.0,94709.01,95278.9
2024-12-22 21:30:00,94901.48,95277.96,94600.0,94749.31
2024-12-22 22:00:00,94600.01,94775.0,93750.0,94547.96
2024-12-22 22:30:00,94039.1,94850.3,94039.1,94775.1
2024-12-22 23:00:00,94850.3,94980.0,94417.73,94919.0
2024-12-22 23:30:00,94916.92,94916.92,94425.6,94912.84
2024-12-23 00:00:00,94912.84,94912.84,93850.71,94658.99
2024-12-23 00:30:00,94658.68,94659.96,93903.01,94264.53
2024-12-23 01:00:00,94151.0,94264.97,93750.0,94063.02
2024-12-23 01:30:00,93790.05,94820.52,93790.05,94486.46
2024-12-23 02:00:00,94302.4,94500.0,93750.0,93752.0
2024-12-23 02:30:00,93752.0,94500.0,93752.0,94499.79
2024-12-23 03:00:00,94499.56,95255.9,94154.0,94958.78
2024-12-23 03:30:00,95196.0,95847.82,94407.5,95837.99
2024-12-23 04:00:00,95837.99,95995.0,95000.14,95495.13
2024-12-23 04:30:00,95860.0,95878.0,95000.0,95349.87
2024-12-23 05:00:00,95401.1,95731.96,95063.0,95359.96
2024-12-23 05:30:00,95359.96,95360.0,95101.0,95130.0
2024-12-23 06:00:00,95130.0,95299.92,94650.0,94872.26
2024-12-23 06:30:00,94872.26,95000.0,94300.0,94300.0
2024-12-23 07:00:00,94300.0,94797.58,94202.21,94797.58
2024-12-23 07:30:00,94797.58,95000.0,94550.07,94550.07
2024-12-23 08:00:00,94520.0,94888.8,94404.0,94559.55
2024-12-23 08:30:00,94559.54,94845.46,94404.0,94845.46
2024-12-23 09:00:00,94845.46,95700.0,94840.0,95338.0
2024-12-23 09:30:00,95204.0,95350.0,95200.0,95333.0
2024-12-23 10:00:00,95333.0,95699.94,95300.0,95679.99
2024-12-23 10:30:00,95679.99,95995.99,95206.91,95995.97
2024-12-23 11:00:00,95995.93,96000.0,95500.04,95594.65
2024-12-23 11:30:00,95585.03,95700.0,95585.03,95601.0
2024-12-23 12:00:00,95601.0,95800.0,95500.0,95800.0
2024-12-23 12:30:00,95800.0,96036.99,95740.0,96036.0
2024-12-23 13:00:00,96036.0,96036.0,95003.0,95015.0
2024-12-23 13:30:00,95299.92,95299.92,94700.0,94770.0
2024-12-23 14:00:00,94770.0,95300.0,94770.0,95300.0
2024-12-23 14:30:00,95300.0,95300.0,93815.18,94300.0
2024-12-23 15:00:00,94300.0,94380.88,93001.0,93250.01
2024-12-23 15:30:00,93379.99,93675.0,93100.0,93205.0
2024-12-23 16:00:00,93299.99,93480.11,93000.0,93480.11
2024-12-23 16:30:00,93480.11,94230.0,93001.0,93700.12
2024-12-23 17:00:00,93720.0,94049.96,93290.0,93665.69
2024-12-23 17:30:00,93665.69,93900.0,93236.85,93300.01
2024-12-23 18:00:00,93300.0,93526.14,93200.0,93211.0
2024-12-23 18:30:00,93211.0,93398.29,92700.0,92751.03
2024-12-23 19:00:00,92751.03,93663.99,92701.0,93488.0
2024-12-23 19:30:00,93488.0,93500.0,92700.0,93099.99
2024-12-23 20:00:00,93099.98,93130.0,92655.0,93129.98
2024-12-23 20:30:00,93000.09,93500.0,92712.03,93450.0
2024-12-23 21:00:00,93470.0,94180.0,93381.0,94050.0
2024-12-23 21:30:00,94055.0,94175.99,93778.01,93969.0
2024-12-23 22:00:00,93969.0,94777.77,93950.0,94777.77
2024-12-23 22:30:00,94777.77,94850.0,94350.0,94850.0
2024-12-23 23:00:00,94944.0,94999.0,94458.87,94811.03
2024-12-23 23:30:00,94811.07,94989.99,93833.0,94594.0
2024-12-24 00:00:00,94594.97,94594.97,93501.8,94169.92
2024-12-24 00:30:00,94169.92,94299.78,93901.0,93990.01
2024-12-24 01:00:00,93990.01,94343.79,93850.11,94294.76
2024-12-24 01:30:00,94294.72,94294.72,93501.8,93999.99
2024-12-24 02:00:00,93999.99,94000.0,93300.0,93789.95
2024-12-24 02:30:00,93789.88,93869.0,93150.01,93202.03
2024-12-24 03:00:00,93300.01,93864.67,93202.0,93788.0
2024-12-24 03:30:00,93789.0,94100.0,93437.06,94100.0
2024-12-24 04:00:00,94100.0,94100.0,93865.75,94043.47
2024-12-24 04:30:00,94043.47,94043.47,93535.19,93987.68
2024-12-24 05:00:00,93992.94,94481.0,93980.07,94478.0
2024-12-24 05:30:00,94350.01,94480.6,94220.0,94221.01
2024-12-24 06:00:00,94221.0,94478.0,93850.07,93980.1
2024-12-24 06:30:00,93850.01,94094.99,93630.0,93630.0
2024-12-24 07:00:00,93630.0,93770.0,93475.99,93699.0
2024-12-24 07:30:00,93475.0,93750.0,93401.1,93745.0
2024-12-24 08:00:00,93750.0,94200.0,93750.0,93901.0
2024-12-24 08:30:00,93901.0,94000.0,93875.5,94000.0
2024-12-24 09:00:00,93877.0,94098.0,93541.0,93875.19
2024-12-24 09:30:00,93875.2,93875.2,93541.09,93600.0
2024-12-24 10:00:00,93600.0,93799.99,93590.0,93600.0
2024-12-24 10:30:00,93600.0,93699.97,93491.0,93500.0
2024-12-24 11:00:00,93500.0,93789.0,93491.0,93788.93
2024-12-24 11:30:00,93789.94,93900.0,93602.08,93851.16
2024-12-24 12:00:00,93899.92,93899.92,93635.0,93642.01
2024-12-24 12:30:00,93642.06,93844.0,93603.0,93790.0
2024-12-24 13:00:00,93799.0,94240.0,93656.01,94200.0
2024-12-24 13:30:00,94199.99,95220.0,94136.0,95220.0
2024-12-24 14:00:00,95250.0,96036.0,95220.0,96000.0
2024-12-24 14:30:00,96000.0,96559.0,95582.0,96559.0
2024-12-24 15:00:00,96558.0,96870.0,96220.0,96600.0
2024-12-24 15:30:00,96700.0,97600.0,96455.6,97450.0
2024-12-24 16:00:00,97450.0,97520.0,97020.02,97500.0
2024-12-24 16:30:00,97500.0,97770.99,96500.0,97770.97
2024-12-24 17:00:00,97770.99,98200.0,97504.41,97990.0
2024-12-24 17:30:00,97900.0,98000.0,97300.01,97948.82
2024-12-24 18:00:00,97948.82,98500.0,97501.0,97595.35
2024-12-24 18:30:00,97501.0,97849.99,97500.0,97600.03
2024-12-24 19:00:00,97600.0,97680.0,97259.68,97259.68
2024-12-24 19:30:00,97280.0,97400.0,96310.0,96350.03
2024-12-24 20:00:00,96611.33,97450.0,96307.2,96978.61
2024-12-24 20:30:00,96978.52,97229.79,96391.84,96500.0
2024-12-24 21:00:00,96400.0,97550.0,96391.84,97446.0
2024-12-24 21:30:00,97446.0,97725.0,97350.01,97725.0
2024-12-24 22:00:00,97830.0,98299.0,97610.0,98000.21
2024-12-24 22:30:00,98000.0,98274.77,97700.06,97990.0
2024-12-24 23:00:00,97990.0,98098.0,97791.01,97791.01
2024-12-24 23:30:00,97753.03,98085.0,97500.01,98079.87
2024-12-25 00:00:00,97999.99,98000.0,97650.63,97651.05
2024-12-25 00:30:00,97651.14,97984.61,97539.16,97653.72
2024-12-25 01:00:00,97653.72,97899.43,97580.83,97582.3
2024-12-25 01:30:00,97795.4,97795.4,97091.78,97699.91
2024-12-25 02:00:00,97699.91,97787.84,97052.01,97061.0
2024-12-25 02:30:00,97229.17,97759.44,97050.01,97500.99
2024-12-25 03:00:00,97318.49,97949.99,97075.0,97135.86
2024-12-25 03:30:00,97946.86,97946.86,97180.99,97264.0
2024-12-25 04:00:00,97264.0,97597.51,97111.0,97589.95
2024-12-25 04:30:00,97589.95,97699.94,97265.0,97597.67
2024-12-25 05:00:00,97597.67,97800.0,97500.0,97600.01
2024-12-25 05:30:00,97600.01,97797.03,97388.05,97498.0
2024-12-25 06:00:00,97402.0,97799.99,97317.0,97449.88
2024-12-25 06:30:00,97318.04,97447.75,96948.82,97100.0
2024-12-25 07:00:00,97300.0,97600.0,96963.17,97399.99
2024-12-25 07:30:00,97399.99,97499.99,97051.0,97399.0
2024-12-25 08:00:00,97400.0,97499.0,97250.0,97488.95
2024-12-25 08:30:00,97488.96,97499.99,97250.0,97250.0
2024-12-25 09:00:00,97399.0,97578.99,97202.0,97400.0
2024-12-25 09:30:00,97400.0,97509.0,97302.0,97490.0
2024-12-25 10:00:00,97350.0,98487.99,97350.0,98245.0
2024-12-25 10:30:00,98245.0,98449.99,97300.0,97728.93
2024-12-25 11:00:00,97728.92,98198.0,97500.07,98090.36
2024-12-25 11:30:00,98099.98,98100.0,97201.0,97201.0
2024-12-25 12:00:00,97204.21,97698.9,97000.0,97451.0
2024-12-25 12:30:00,97498.99,97899.99,97183.06,97676.31
2024-12-25 13:00:00,97505.12,97899.98,97500.03,97740.0
2024-12-25 13:30:00,97738.96,97850.0,97500.0,97650.0
2024-12-25 14:00:00,97650.0,97981.84,97500.0,97700.0
2024-12-25 14:30:00,97700.0,97987.46,97700.0,97800.0
2024-12-25 15:00:00,97800.0,97994.98,97500.0,97557.47
2024-12-25 15:30:00,97558.0,97758.0,97500.01,97541.33
2024-12-25 16:00:00,97541.35,97799.98,97400.1,97600.0
2024-12-25 16:30:00,97600.0,97676.88,97400.0,97434.61
2024-12-25 17:00:00,97434.61,97672.94,97434.61,97510.45
2024-12-25 17:30:00,97521.8,97799.98,97510.45,97799.0
2024-12-25 18:00:00,97599.45,98097.0,97523.61,97900.0
2024-12-25 18:30:00,97900.0,98169.99,97800.02,97910.0
2024-12-25 19:00:00,97910.0,98200.0,97689.64,98000.0
2024-12-25 19:30:00,98000.0,98400.0,97922.8,98120.0
2024-12-25 20:00:00,98100.0,98489.0,98100.0,98489.0
2024-12-25 20:30:00,98399.0,98500.0,98045.05,98349.0
2024-12-25 21:00:00,98100.0,98500.0,97800.01,97900.0
2024-12-25 21:30:00,97900.0,97999.99,97600.0,97750.39
2024-12-25 22:00:00,97751.0,97978.0,97607.47,97977.94
2024-12-25 22:30:00,97977.94,98135.0,97701.03,98134.97
2024-12-25 23:00:00,98134.97,98349.08,98004.01,98349.0
2024-12-25 23:30:00,98389.0,98475.0,98188.1,98475.0
2024-12-26 00:00:00,98475.0,99099.98,98475.0,98621.72
2024-12-26 00:30:00,98621.72,98799.97,98190.04,98250.88
2024-12-26 01:00:00,98280.0,98570.0,97990.0,98569.48
2024-12-26 01:30:00,98218.29,98569.95,98218.29,98401.68
2024-12-26 02:00:00,98401.68,98570.0,98120.03,98570.0
2024-12-26 02:30:00,98570.0,98776.77,98000.0,98054.6
2024-12-26 03:00:00,98040.03,98348.76,98040.03,98346.96
2024-12-26 03:30:00,98346.96,98726.68,98315.0,98320.0
2024-12-26 04:00:00,98320.0,98651.93,98000.0,98050.0
2024-12-26 04:30:00,98050.0,98100.02,97691.0,97691.21
2024-12-26 05:00:00,97850.0,97850.03,97400.09,97450.01
2024-12-26 05:30:00,97450.01,97748.0,97422.02,97747.99
2024-12-26 06:00:00,97748.0,97748.0,97399.0,97500.0
2024-12-26 06:30:00,97500.0,97500.0,97228.0,97350.0
2024-12-26 07:00:00,97350.0,97600.0,97275.0,97586.84
2024-12-26 07:30:00,97589.0,97590.0,96401.1,96929.91
2024-12-26 08:00:00,96929.91,96929.91,95000.0,95234.99
2024-12-26 08:30:00,95235.63,95698.97,94700.1,95003.09
2024-12-26 09:00:00,95003.09,95385.15,95001.0,95100.0
2024-12-26 09:30:00,95098.0,95249.95,94251.0,94600.04
2024-12-26 10:00:00,94602.03,94928.81,94524.0,94898.0
2024-12-26 10:30:00,94898.0,95420.78,94753.03,95100.0
2024-12-26 11:00:00,95150.0,95623.79,95103.0,95600.0
2024-12-26 11:30:00,95622.0,95801.0,95200.0,95205.04
2024-12-26 12:00:00,95300.0,95350.0,95000.0,95298.0
2024-12-26 12:30:00,95298.0,95499.0,94600.0,95394.0
2024-12-26 13:00:00,95000.01,95389.52,94538.0,95101.0
2024-12-26 13:30:00,95100.0,95379.95,94907.08,95135.2
2024-12-26 14:00:00,95135.2,95946.0,95135.2,95350.0
2024-12-26 14:30:00,95380.01,95380.01,94850.0,94888.92
2024-12-26 15:00:00,94890.0,95821.82,94700.0,95750.0
2024-12-26 15:30:00,95750.0,95750.0,95398.0,95409.18
2024-12-26 16:00:00,95639.98,95850.0,95358.0,95450.0
2024-12-26 16:30:00,95697.91,95998.0,95384.0,95998.0
2024-12-26 17:00:00,95950.0,95998.0,95470.0,95470.0
2024-12-26 17:30:00,95470.0,95721.3,95201.1,95202.0
2024-12-26 18:00:00,95305.0,95500.0,95102.03,95300.0
2024-12-26 18:30:00,95300.0,95774.31,95102.0,95379.82
2024-12-26 19:00:00,95379.82,95379.82,95000.0,95000.97
2024-12-26 19:30:00,95000.97,95499.0,95000.0,95499.0
2024-12-26 20:00:00,95300.01,95789.0,95000.1,95199.0
2024-12-26 20:30:00,95295.91,95295.91,95070.0,95100.0
2024-12-26 21:00:00,95073.03,95239.99,94802.01,95239.99
2024-12-26 21:30:00,95239.0,95441.32,94919.05,95399.81
2024-12-26 22:00:00,94920.0,95398.78,94900.01,95394.47
2024-12-26 22:30:00,95394.47,95394.47,94901.01,95000.89
2024-12-26 23:00:00,95140.0,95140.0,94810.11,94900.01
2024-12-26 23:30:00,94900.01,95383.0,94900.01,95220.0
2024-12-27 00:00:00,95142.0,95395.0,94900.0,94900.01
2024-12-27 00:30:00,94900.01,95297.04,94900.01,95294.88
2024-12-27 01:00:00,95294.88,95392.22,94902.0,95000.0
2024-12-27 01:30:00,95000.0,95401.0,94961.13,95399.35
2024-12-27 02:00:00,95399.35,95699.0,95399.35,95699.0
2024-12-27 02:30:00,95698.99,95698.99,95001.12,95072.31
2024-12-27 03:00:00,95072.31,95500.0,95072.31,95499.99
2024-12-27 03:30:00,95499.99,95555.05,95400.0,95555.05
2024-12-27 04:00:00,95555.05,95650.0,95427.0,95427.0
2024-12-27 04:30:00,95427.0,95699.0,95416.81,95604.0
2024-12-27 05:00:00,95604.0,95690.0,95220.11,95220.14
2024-12-27 05:30:00,95220.14,95690.0,95200.0,95690.0
2024-12-27 06:00:00,95690.0,95945.0,95500.01,95884.8
2024-12-27 06:30:00,95880.0,95880.0,95700.0,95700.0
2024-12-27 07:00:00,95749.0,95835.0,95089.5,95129.97
2024-12-27 07:30:00,95129.94,95129.94,94300.0,94714.88
2024-12-27 08:00:00,94401.22,95590.0,94401.22,95520.0
2024-12-27 08:30:00,95520.0,95699.0,95200.0,95439.0
2024-12-27 09:00:00,95301.0,96499.0,94532.59,96309.0
2024-12-27 09:30:00,96290.02,96400.0,96048.46,96396.95
2024-12-27 10:00:00,96203.0,96396.99,95777.24,95999.0
2024-12-27 10:30:00,95794.4,95999.0,95555.0,95990.0
2024-12-27 11:00:00,95897.09,95999.0,95713.02,95719.06
2024-12-27 11:30:00,95720.0,96300.0,95716.0,96003.23
2024-12-27 12:00:00,96049.45,96266.0,96011.29,96031.1
2024-12-27 12:30:00,96199.0,96199.0,96001.2,96199.0
2024-12-27 13:00:00,96199.0,96199.0,95800.0,95906.0
2024-12-27 13:30:00,95845.02,96200.0,95845.02,95901.0
2024-12-27 14:00:00,95901.0,96145.05,95717.0,95717.0
2024-12-27 14:30:00,95717.0,96109.0,94651.77,95100.0
2024-12-27 15:00:00,95200.0,95200.0,94278.0,94399.94
2024-12-27 15:30:00,94333.0,94400.0,93800.0,94233.37
2024-12-27 16:00:00,94233.37,94400.0,93902.0,94200.0
2024-12-27 16:30:00,94201.0,94950.0,93900.0,93900.0
2024-12-27 17:00:00,93900.0,94200.0,93501.0,93600.05
2024-12-27 17:30:00,93600.03,95000.0,93600.01,94149.0
2024-12-27 18:00:00,94149.0,94850.0,94149.0,94649.97
2024-12-27 18:30:00,94636.99,94810.7,94201.01,94679.94
2024-12-27 19:00:00,94330.06,94556.0,94149.0,94150.06
2024-12-27 19:30:00,94339.69,94700.0,94149.0,94700.0
2024-12-27 20:00:00,94700.0,94761.73,94149.01,94500.0
2024-12-27 20:30:00,94515.0,94799.99,94345.0,94355.0
2024-12-27 21:00:00,94502.0,94555.15,94345.12,94555.15
2024-12-27 21:30:00,94555.15,94555.15,93890.02,94399.97
2024-12-27 22:00:00,94399.96,94399.96,93906.23,94350.0
2024-12-27 22:30:00,94350.0,94350.0,94242.09,94242.09
2024-12-27 23:00:00,94225.0,94350.0,94050.1,94199.85
2024-12-27 23:30:00,94199.85,94399.67,94080.0,94394.97
2024-12-28 00:00:00,94359.93,94400.0,94086.31,94399.98
2024-12-28 00:30:00,94400.0,94400.0,94182.41,94201.24
2024-12-28 01:00:00,94201.24,94379.89,94050.01,94050.01
2024-12-28 01:30:00,94050.01,94400.0,94050.01,94397.85
2024-12-28 02:00:00,94397.91,94397.91,94100.53,94299.97
2024-12-28 02:30:00,94300.0,94399.85,94105.6,94107.53
2024-12-28 03:00:00,94107.53,94398.79,94107.53,94398.43
2024-12-28 03:30:00,94398.43,94399.0,94152.0,94160.0
2024-12-28 04:00:00,94160.0,94396.42,94105.21,94140.0
2024-12-28 04:30:00,94140.0,94339.8,94022.0,94098.0
2024-12-28 05:00:00,94022.0,94298.61,94000.0,94249.14
2024-12-28 05:30:00,94249.14,94498.95,94155.17,94204.1
2024-12-28 06:00:00,94206.14,94399.98,94000.0,94100.0
2024-12-28 06:30:00,94100.0,94347.87,93815.22,94044.6
2024-12-28 07:00:00,93815.23,94391.98,93815.22,94296.85
2024-12-28 07:30:00,93894.08,94000.0,93705.14,93769.0
2024-12-28 08:00:00,93769.0,93800.0,93501.0,93551.01
2024-12-28 08:30:00,93551.01,94090.0,93550.0,93706.67
2024-12-28 09:00:00,93610.01,94198.99,93610.01,94000.0
2024-12-28 09:30:00,94000.0,94398.99,93999.0,94198.97
2024-12-28 10:00:00,94198.97,94198.97,94001.0,94035.92
2024-12-28 10:30:00,94035.92,94398.99,93900.0,93999.0
2024-12-28 11:00:00,93999.0,94249.0,93800.0,93822.04
2024-12-28 11:30:00,93822.04,94197.96,93821.31,94130.0
2024-12-28 12:00:00,94129.0,94497.99,94050.06,94081.09
2024-12-28 12:30:00,94081.09,94130.0,93999.99,93999.99
2024-12-28 13:00:00,93999.99,94274.99,93990.0,94050.0
2024-12-28 13:30:00,94050.0,94349.0,93900.0,94002.18
2024-12-28 14:00:00,94098.0,94860.0,94002.14,94300.01
2024-12-28 14:30:00,94300.01,94300.01,93901.02,94001.0
2024-12-28 15:00:00,94002.0,94415.0,94000.0,94260.0
2024-12-28 15:30:00,94259.99,94449.99,94103.17,94103.18
2024-12-28 16:00:00,94103.19,94344.94,93901.0,94002.0
2024-12-28 16:30:00,94002.0,94599.99,94002.0,94320.0
2024-12-28 17:00:00,94320.0,94850.0,94300.0,94743.0
2024-12-28 17:30:00,94795.0,94860.0,94411.06,94599.0
2024-12-28 18:00:00,94450.0,94799.0,94430.0,94504.0
2024-12-28 18:30:00,94503.0,94504.0,94049.0,94495.0
2024-12-28 19:00:00,94370.0,94699.0,94252.0,94696.0
2024-12-28 19:30:00,94696.0,94797.0,94504.0,94532.0
2024-12-28 20:00:00,94600.0,94600.0,94300.01,94450.0
2024-12-28 20:30:00,94450.0,94599.0,94310.0,94554.0
2024-12-28 21:00:00,94554.0,94558.0,94260.0,94301.0
2024-12-28 21:30:00,94420.0,94554.0,94300.0,94554.0
2024-12-28 22:00:00,94550.0,94600.0,94301.0,94348.19
2024-12-28 22:30:00,94348.19,94790.0,94348.19,94790.0
2024-12-28 23:00:00,94789.97,94789.97,94400.89,94755.21
2024-12-28 23:30:00,94755.21,94771.08,94429.61,94430.25
2024-12-29 00:00:00,94430.25,94797.63,94430.25,94464.27
2024-12-29 00:30:00,94464.27,94789.3,94463.0,94788.3
2024-12-29 01:00:00,94788.3,94788.3,94463.3,94699.6
2024-12-29 01:30:00,94699.6,94699.6,94462.81,94463.18
2024-12-29 02:00:00,94463.18,94786.07,94388.25,94388.25
2024-12-29 02:30:00,94388.25,94778.44,94388.25,94391.95
2024-12-29 03:00:00,94391.95,94647.0,94388.25,94403.01
2024-12-29 03:30:00,94342.0,94785.19,94260.0,94686.96
2024-12-29 04:00:00,94686.96,94695.32,94310.55,94310.56
2024-12-29 04:30:00,94586.36,94586.36,94300.0,94500.0
2024-12-29 05:00:00,94302.4,94500.0,94302.38,94402.0
2024-12-29 05:30:00,94402.0,94490.0,94401.0,94404.0
2024-12-29 06:00:00,94404.0,94477.0,94309.01,94402.0
2024-12-29 06:30:00,94402.0,94588.0,94400.0,94499.0
2024-12-29 07:00:00,94450.0,94639.0,94261.52,94450.0
2024-12-29 07:30:00,94450.0,94450.0,94270.0,94449.98
2024-12-29 08:00:00,94449.98,94599.97,94280.0,94485.0
2024-12-29 08:30:00,94484.0,94484.0,94280.0,94290.0
2024-12-29 09:00:00,94290.0,94478.0,94001.0,94200.0
2024-12-29 09:30:00,94355.0,94449.2,94105.44,94449.13
2024-12-29 10:00:00,94449.13,94449.13,94250.0,94399.0
2024-12-29 10:30:00,94255.01,94781.3,94255.01,94502.0
2024-12-29 11:00:00,94620.0,94783.67,94303.01,94429.0
2024-12-29 11:30:00,94429.0,94699.71,94279.0,94511.21
2024-12-29 12:00:00,94444.44,94783.67,94400.01,94411.0
2024-12-29 12:30:00,94402.0,94747.77,94279.0,94281.3
2024-12-29 13:00:00,94281.3,94563.35,94200.0,94242.09
2024-12-29 13:30:00,94242.13,94563.35,94242.13,94500.0
2024-12-29 14:00:00,94500.0,94600.0,93901.0,93912.51
2024-12-29 14:30:00,93912.51,94400.0,93600.0,94151.0
2024-12-29 15:00:00,94390.0,94390.0,93657.04,94133.01
2024-12-29 15:30:00,94135.0,94423.82,94134.0,94160.27
2024-12-29 16:00:00,94393.72,94393.72,93650.0,93750.0
2024-12-29 16:30:00,93749.97,93749.97,93487.0,93724.91
2024-12-29 17:00:00,93727.0,93800.0,93546.98,93710.99
2024-12-29 17:30:00,93710.99,93799.94,93560.0,93699.0
2024-12-29 18:00:00,93699.0,93799.6,93580.46,93654.0
2024-12-29 18:30:00,93786.96,93788.97,93571.13,93630.2
2024-12-29 19:00:00,93689.52,93991.99,93600.0,93850.0
2024-12-29 19:30:00,93969.99,93969.99,93400.0,93416.15
2024-12-29 20:00:00,93577.94,93584.97,93100.0,93115.0
2024-12-29 20:30:00,93102.0,93635.83,93102.0,93635.0
2024-12-29 21:00:00,93505.07,93797.0,93505.07,93797.0
2024-12-29 21:30:00,93785.0,94000.0,93114.0,93399.98
2024-12-29 22:00:00,93399.98,93399.99,93100.0,93191.98
2024-12-29 22:30:00,93192.0,93596.18,93100.0,93110.17
2024-12-29 23:00:00,93419.82,93457.28,93072.02,93457.28
2024-12-29 23:30:00,93457.25,93750.0,93400.04,93700.0
2024-12-30 00:00:00,93502.58,93752.0,93260.0,93744.99
2024-12-30 00:30:00,93744.72,93744.72,93200.01,93200.01
2024-12-30 01:00:00,93200.01,93798.01,93200.01,93764.23
2024-12-30 01:30:00,93764.23,94009.85,93300.91,93960.67
2024-12-30 02:00:00,93960.48,93960.48,93400.01,93401.0
2024-12-30 02:30:00,93401.0,93890.0,93400.07,93890.0
2024-12-30 03:00:00,93890.0,94099.94,93406.67,93406.67
2024-12-30 03:30:00,93406.67,93990.9,93406.67,93590.12
2024-12-30 04:00:00,93798.91,93889.94,93500.0,93500.01
2024-12-30 04:30:00,93500.0,93745.72,93300.0,93300.0
2024-12-30 05:00:00,93300.0,93406.0,93021.0,93057.0
2024-12-30 05:30:00,93050.0,93397.76,93050.0,93153.0
2024-12-30 06:00:00,93153.06,93724.96,93151.0,93719.44
2024-12-30 06:30:00,93706.99,93709.83,93300.0,93357.02
2024-12-30 07:00:00,93357.02,93633.26,93151.1,93160.0
2024-12-30 07:30:00,93151.11,93384.85,93060.0,93155.01
2024-12-30 08:00:00,93155.0,93629.92,93155.0,93619.44
2024-12-30 08:30:00,93599.85,93599.85,93202.06,93499.97
2024-12-30 09:00:00,93530.0,93606.87,93250.34,93340.07
2024-12-30 09:30:00,93550.0,93550.0,93260.0,93399.0
2024-12-30 10:00:00,93310.0,93560.0,93310.0,93450.0
2024-12-30 10:30:00,93450.0,93720.0,93285.0,93320.0
2024-12-30 11:00:00,93320.01,93499.0,93150.0,93171.14
2024-12-30 11:30:00,93300.0,93579.98,93150.0,93540.0
2024-12-30 12:00:00,93530.0,93720.01,93300.01,93450.0
2024-12-30 12:30:00,93451.01,93720.0,93160.0,93714.99
2024-12-30 13:00:00,93713.83,93713.83,93010.0,93021.0
2024-12-30 13:30:00,93021.0,93254.74,92467.0,92467.0
2024-12-30 14:00:00,92467.0,92943.41,92230.0,92888.0
2024-12-30 14:30:00,92887.94,92887.94,92001.0,92005.0
2024-12-30 15:00:00,92003.0,92072.8,91501.1,91610.01
2024-12-30 15:30:00,91610.01,92355.0,91610.01,92000.3
2024-12-30 16:00:00,92000.3,92200.0,91800.0,91800.01
2024-12-30 16:30:00,91823.04,92140.0,91701.06,92124.88
2024-12-30 17:00:00,92120.98,92500.0,92001.73,92499.99
2024-12-30 17:30:00,92499.99,93750.0,92499.99,93469.95
2024-12-30 18:00:00,93469.9,94860.0,93020.0,93904.0
2024-12-30 18:30:00,93904.01,94156.66,93499.79,94156.0
2024-12-30 19:00:00,94110.0,94156.0,93600.0,93795.0
2024-12-30 19:30:00,93795.0,94000.0,93600.01,93813.99
2024-12-30 20:00:00,93655.04,94399.0,93655.04,94210.06
2024-12-30 20:30:00,94210.06,94212.0,93611.0,93750.22
2024-12-30 21:00:00,93750.15,93750.15,93066.24,93195.0
2024-12-30 21:30:00,93200.0,93200.0,91701.0,92249.96
2024-12-30 22:00:00,92005.08,92644.73,91780.0,92400.0
2024-12-30 22:30:00,92399.91,92999.92,92399.91,92859.67
2024-12-30 23:00:00,92859.67,92859.67,92450.34,92470.01
2024-12-30 23:30:00,92600.03,92779.71,92451.01,92550.93
2024-12-31 00:00:00,92550.93,92779.4,92550.93,92570.01
2024-12-31 00:30:00,92570.02,92779.64,92050.01,92250.01
2024-12-31 01:00:00,92250.01,92632.56,92051.34,92150.0
2024-12-31 01:30:00,92050.4,92610.13,92050.4,92605.81
2024-12-31 02:00:00,92605.41,92686.68,92397.05,92686.49
2024-12-31 02:30:00,92686.49,92700.0,92400.03,92654.37
2024-12-31 03:00:00,92400.39,92674.89,92200.42,92669.38
2024-12-31 03:30:00,92649.87,92649.87,92201.0,92204.11
2024-12-31 04:00:00,92204.11,92549.97,92204.11,92496.86
2024-12-31 04:30:00,92496.86,92496.86,92220.0,92221.36
2024-12-31 05:00:00,92397.87,92400.0,92220.01,92222.0
2024-12-31 05:30:00,92400.0,92400.0,92222.0,92388.0
2024-12-31 06:00:00,92388.0,93167.53,92222.15,92700.0
2024-12-31 06:30:00,92404.32,92793.75,92400.0,92644.26
2024-12-31 07:00:00,92597.96,92600.0,92225.0,92498.93
2024-12-31 07:30:00,92231.68,92549.8,92221.01,92476.97
2024-12-31 08:00:00,92476.97,93500.0,92241.0,93336.01
2024-12-31 08:30:00,93336.02,94200.0,92251.01,93682.99
2024-12-31 09:00:00,93685.0,93750.0,93520.2,93580.0
2024-12-31 09:30:00,93580.0,93580.0,93056.03,93493.0
2024-12-31 10:00:00,93493.0,93540.0,92800.0,93491.0
2024-12-31 10:30:00,93200.01,93649.0,93000.01,93599.0
2024-12-31 11:00:00,93580.0,93628.5,93271.0,93300.0
2024-12-31 11:30:00,93300.0,93598.97,93271.0,93500.0
2024-12-31 12:00:00,93500.0,93999.89,93500.0,93999.89
2024-12-31 12:30:00,93999.89,94300.46,93999.89,94070.0
2024-12-31 13:00:00,94050.0,95250.0,94000.0,95091.0
2024-12-31 13:30:00,95090.0,95300.0,94608.01,95000.48
2024-12-31 14:00:00,95000.48,95100.0,94730.0,95000.0
2024-12-31 14:30:00,95000.0,95280.0,94560.0,94666.02
2024-12-31 15:00:00,94666.01,94868.64,94100.0,94770.0
2024-12-31 15:30:00,94770.0,94999.0,94450.0,94600.0
2024-12-31 16:00:00,94543.61,94799.99,94120.0,94494.99
2024-12-31 16:30:00,94494.79,94494.79,93740.0,93971.59
2024-12-31 17:00:00,93971.59,94120.02,93863.78,93900.0
2024-12-31 17:30:00,93900.01,93963.76,92500.0,93849.99
2024-12-31 18:00:00,93700.14,94100.0,93315.05,93450.0
2024-12-31 18:30:00,93450.0,93858.99,93450.0,93688.68
2024-12-31 19:00:00,93688.54,93882.18,93500.2,93619.0
2024-12-31 19:30:00,93998.0,94086.52,93500.0,93511.13
2024-12-31 20:00:00,93511.2,94489.0,93510.1,93700.0
2024-12-31 20:30:00,93500.0,93674.99,93200.0,93299.77
2024-12-31 21:00:00,93299.8,93649.12,93201.01,93499.94
2024-12-31 21:30:00,93499.83,93638.0,93321.4,93638.0
2024-12-31 22:00:00,93638.0,93638.0,93310.07,93511.44
2024-12-31 22:30:00,93511.44,93741.5,93300.0,93300.0
2024-12-31 23:00:00,93300.0,93600.0,93219.3,93599.81
2024-12-31 23:30:00,93599.34,93599.34,93223.48,93235.28
2025-01-01 00:00:00,93235.28,93600.0,93235.28,93599.94
2025-01-01 00:30:00,93599.94,94000.0,93354.69,94000.0
2025-01-01 01:00:00,94000.0,94199.77,93353.94,93355.46
2025-01-01 01:30:00,93356.72,93947.86,93222.35,93799.0
2025-01-01 02:00:00,93799.0,93799.0,93799.0,93799.0
2025-01-01 02:30:00,93801.99,94200.0,93698.81,94193.99
2025-01-01 03:00:00,94191.89,94700.0,92959.0,93500.31
2025-01-01 03:30:00,93968.76,93968.76,93091.53,93599.82
2025-01-01 04:00:00,93599.82,93794.26,93333.0,93333.0
2025-01-01 04:30:00,93333.0,93400.0,93160.0,93160.75
2025-01-01 05:00:00,93160.75,93729.99,93160.0,93400.13
2025-01-01 05:30:00,93402.19,93729.95,93402.16,93550.0
2025-01-01 06:00:00,93600.0,93700.0,93302.0,93302.0
2025-01-01 06:30:00,93400.0,93490.0,93160.0,93164.11
2025-01-01 07:00:00,93299.0,93699.99,93163.0,93163.0
2025-01-01 07:30:00,93164.0,93499.99,93163.0,93165.73
2025-01-01 08:00:00,93165.73,93459.85,93165.73,93249.96
2025-01-01 08:30:00,93173.63,93199.99,93002.1,93080.0
2025-01-01 09:00:00,93002.1,93529.27,92750.0,92869.76
2025-01-01 09:30:00,92750.0,93371.85,92550.0,92960.0
2025-01-01 10:00:00,92950.5,93399.93,92950.01,93148.63
2025-01-01 10:30:00,93099.0,93139.99,92800.0,92899.98
2025-01-01 11:00:00,92899.98,93462.57,92716.99,92926.72
2025-01-01 11:30:00,92772.63,93172.71,92772.63,92804.24
2025-01-01 12:00:00,92998.99,93299.0,92800.0,93299.0
2025-01-01 12:30:00,93299.0,93447.07,93000.0,93086.03
2025-01-01 13:00:00,93050.0,93298.99,93050.0,93198.99
2025-01-01 13:30:00,93061.28,93304.98,93050.0,93288.49
2025-01-01 14:00:00,93288.35,93695.84,93288.33,93366.16
2025-01-01 14:30:00,93366.92,93550.0,93150.0,93400.0
2025-01-01 15:00:00,93400.0,93550.0,93249.99,93300.01
2025-01-01 15:30:00,93300.01,93850.0,93257.01,93555.03
2025-01-01 16:00:00,93555.07,93830.0,93258.0,93598.97
2025-01-01 16:30:00,93500.27,93500.37,93059.0,93370.93
2025-01-01 17:00:00,93300.0,93499.99,93100.0,93291.17
2025-01-01 17:30:00,93200.11,93434.23,93116.13,93200.1
2025-01-01 18:00:00,93400.0,93418.89,93200.09,93349.99
2025-01-01 18:30:00,93349.99,93550.0,93300.0,93479.01
2025-01-01 19:00:00,93479.01,93550.0,93200.18,93550.0
2025-01-01 19:30:00,93550.0,94139.99,93500.0,93950.0
2025-01-01 20:00:00,94000.0,94133.0,93800.0,93810.43
2025-01-01 20:30:00,93810.44,93999.01,93810.43,93999.0
2025-01-01 21:00:00,93999.0,94714.99,93999.0,94160.01
2025-01-01 21:30:00,94160.01,94454.9,93950.07,94030.22
2025-01-01 22:00:00,94070.0,94200.0,93958.01,94106.0
2025-01-01 22:30:00,93958.02,94200.0,93950.03,94070.0
2025-01-01 23:00:00,94070.0,94199.86,93901.2,93998.0
2025-01-01 23:30:00,93998.0,94299.62,93901.2,93905.0
2025-01-02 00:00:00,94000.0,94299.54,93810.43,94299.54
2025-01-02 00:30:00,94299.54,94710.0,94212.02,94501.0
2025-01-02 01:00:00,94699.96,94745.0,94416.14,94416.14
2025-01-02 01:30:00,94416.14,94495.56,93892.5,94031.03
2025-01-02 02:00:00,94031.03,94299.11,94031.03,94146.77
2025-01-02 02:30:00,94146.77,94469.51,93898.43,94469.51
2025-01-02 03:00:00,94250.0,94469.12,94200.51,94469.12
2025-01-02 03:30:00,94469.12,94469.12,94000.2,94054.12
2025-01-02 04:00:00,94054.12,94798.95,94054.12,94689.96
2025-01-02 04:30:00,94248.39,95023.0,94248.39,94980.0
2025-01-02 05:00:00,94816.85,94980.0,94505.4,94658.0
2025-01-02 05:30:00,94505.4,95023.0,94505.4,94900.0
2025-01-02 06:00:00,94900.0,95059.0,94503.72,94659.99
2025-01-02 06:30:00,94659.99,94896.0,94515.3,94700.0
2025-01-02 07:00:00,94895.0,94994.0,94651.0,94992.0
2025-01-02 07:30:00,94890.1,94999.0,94824.77,94863.42
2025-01-02 08:00:00,94863.42,95133.0,94863.42,94900.0
2025-01-02 08:30:00,94900.0,95300.0,94896.0,95273.01
2025-01-02 09:00:00,95295.0,95550.0,95273.01,95549.0
2025-01-02 09:30:00,95549.0,96000.0,95411.25,95992.0
2025-01-02 10:00:00,95900.0,95990.0,95683.5,95905.0
2025-01-02 10:30:00,95905.0,95990.0,95645.75,95788.0
2025-01-02 11:00:00,95700.0,95959.0,95637.9,95800.0
2025-01-02 11:30:00,95800.0,95888.0,95500.0,95887.0
2025-01-02 12:00:00,95900.0,95987.0,95454.5,95719.14
2025-01-02 12:30:00,95781.0,95999.0,95684.51,95997.95
2025-01-02 13:00:00,95997.96,95999.0,95682.52,95970.0
2025-01-02 13:30:00,95998.0,95998.0,95470.85,95470.85
2025-01-02 14:00:00,95470.0,95500.0,95011.0,95500.0
2025-01-02 14:30:00,95598.28,96498.0,95500.0,96493.99
2025-01-02 15:00:00,96493.99,96493.99,95651.0,95797.0
2025-01-02 15:30:00,95797.0,95899.99,95500.01,95655.0
2025-01-02 16:00:00,95656.0,96432.8,95394.32,96349.57
2025-01-02 16:30:00,96349.6,96750.0,96206.12,96300.0
2025-01-02 17:00:00,96223.35,96760.0,96160.68,96337.69
2025-01-02 17:30:00,96337.69,96587.0,95556.0,95890.0
2025-01-02 18:00:00,95890.0,96349.99,95750.44,96121.0
2025-01-02 18:30:00,96120.01,96400.0,95783.55,96399.0
2025-01-02 19:00:00,96398.99,96666.66,96100.0,96666.66
2025-01-02 19:30:00,96666.66,96666.66,96112.01,96314.72
2025-01-02 20:00:00,96314.72,96821.0,96314.72,96682.32
2025-01-02 20:30:00,97000.0,97150.0,96250.0,96550.2
2025-01-02 21:00:00,96550.21,96968.0,96255.07,96280.0
2025-01-02 21:30:00,96290.0,96500.0,96280.0,96301.05
2025-01-02 22:00:00,96301.06,96399.98,95822.3,96190.0
2025-01-02 22:30:00,96190.0,96190.0,95820.0,95935.6
2025-01-02 23:00:00,95935.6,96098.99,95935.6,95995.09
2025-01-02 23:30:00,95995.08,96249.97,95950.03,95950.03
2025-01-03 00:00:00,95950.03,96219.55,95937.53,96219.55
2025-01-03 00:30:00,96219.55,96249.96,96210.0,96226.57
2025-01-03 01:00:00,96226.57,96226.57,95826.0,95999.89
2025-01-03 01:30:00,95842.2,96227.95,95826.0,96227.95
2025-01-03 02:00:00,96227.95,96390.0,96050.01,96268.1
2025-01-03 02:30:00,96268.1,96390.0,96160.29,96160.29
2025-01-03 03:00:00,96160.29,96166.01,96100.01,96120.0
2025-01-03 03:30:00,96100.01,96166.01,96100.01,96166.01
2025-01-03 04:00:00,96166.01,96200.0,96150.0,96200.0
2025-01-03 04:30:00,96200.0,96250.0,96050.01,96051.01
2025-01-03 05:00:00,96051.01,96227.99,95815.0,95843.29
2025-01-03 05:30:00,95843.29,95999.98,95815.0,95816.01
2025-01-03 06:00:00,95816.01,96000.0,95764.0,95764.0
2025-01-03 06:30:00,95764.0,95920.0,95650.0,95650.0
2025-01-03 07:00:00,95650.0,95898.99,95600.0,95602.03
2025-01-03 07:30:00,95600.0,95749.99,95578.46,95600.0
2025-01-03 08:00:00,95593.01,95920.0,95592.0,95592.0
2025-01-03 08:30:00,95592.01,95592.01,95214.83,95214.83
2025-01-03 09:00:00,95214.0,95750.0,95012.0,95749.0
2025-01-03 09:30:00,95789.0,95900.0,95597.17,95801.0
2025-01-03 10:00:00,95801.0,95898.64,95597.17,95611.0
2025-01-03 10:30:00,95611.0,95899.99,95611.0,95893.0
2025-01-03 11:00:00,95893.0,95950.0,95702.0,95950.0
2025-01-03 11:30:00,95702.09,96117.24,95702.09,96117.24
2025-01-03 12:00:00,96117.24,96200.0,95805.0,96199.0
2025-01-03 12:30:00,96199.99,96245.0,96075.55,96120.0
2025-01-03 13:00:00,96071.05,96119.99,95808.01,95850.01
2025-01-03 13:30:00,95850.2,96200.0,95850.01,96198.0
2025-01-03 14:00:00,96198.0,96599.0,96149.0,96599.0
2025-01-03 14:30:00,96599.0,96748.0,96300.0,96413.17
2025-01-03 15:00:00,96413.17,96797.0,96413.16,96664.99
2025-01-03 15:30:00,96465.0,96900.0,96465.0,96899.99
2025-01-03 16:00:00,96899.99,97450.0,96700.0,97449.0
2025-01-03 16:30:00,97349.0,97499.99,97050.0,97299.98
2025-01-03 17:00:00,97299.98,97500.0,97112.92,97300.02
2025-01-03 17:30:00,97495.99,97500.0,96973.07,97032.08
2025-01-03 18:00:00,97033.08,97500.0,96751.01,97500.0
2025-01-03 18:30:00,97500.0,97850.0,97397.97,97770.0
2025-01-03 19:00:00,97712.99,97950.0,97520.01,97900.0
2025-01-03 19:30:00,97948.98,97975.0,97750.1,97750.21
2025-01-03 20:00:00,97750.21,97798.0,97100.0,97755.98
2025-01-03 20:30:00,97750.0,97760.0,97410.0,97410.0
2025-01-03 21:00:00,97410.0,97410.0,97223.06,97300.0
2025-01-03 21:30:00,97325.06,97500.0,97320.0,97380.0
2025-01-03 22:00:00,97497.98,97660.0,97330.0,97500.0
2025-01-03 22:30:00,97500.0,97659.99,97384.15,97384.15
2025-01-03 23:00:00,97384.15,97652.0,97270.0,97271.0
2025-01-03 23:30:00,97271.0,97505.99,97227.32,97505.01
2025-01-04 00:00:00,97505.01,97505.98,97260.0,97460.0
2025-01-04 00:30:00,97262.15,97399.94,97230.0,97300.0
2025-01-04 01:00:00,97300.0,97400.0,97115.0,97344.99
2025-01-04 01:30:00,97344.99,97659.99,97160.04,97498.96
2025-01-04 02:00:00,97498.96,97659.38,97211.81,97657.71
2025-01-04 02:30:00,97657.71,97660.0,97350.01,97500.01
2025-01-04 03:00:00,97659.35,97699.95,97260.0,97300.0
2025-01-04 03:30:00,97499.98,97500.0,97300.0,97301.07
2025-01-04 04:00:00,97301.07,97302.0,96940.94,97000.01
2025-01-04 04:30:00,97000.01,97148.98,96940.93,96998.0
2025-01-04 05:00:00,96990.71,97498.99,96990.71,97202.01
2025-01-04 05:30:00,97202.01,97449.0,97201.01,97436.83
2025-01-04 06:00:00,97436.83,97480.0,97006.0,97063.16
2025-01-04 06:30:00,97063.16,97294.99,97049.2,97266.0
2025-01-04 07:00:00,97155.03,97382.37,97112.76,97186.64
2025-01-04 07:30:00,97187.64,97396.99,97177.21,97233.01
2025-01-04 08:00:00,97233.0,97393.0,97137.02,97194.64
2025-01-04 08:30:00,97137.02,97299.0,97000.0,97000.01
2025-01-04 09:00:00,97000.01,97180.0,96950.0,97158.0
2025-01-04 09:30:00,97157.0,97158.0,96850.0,96999.98
2025-01-04 10:00:00,96871.0,97200.0,96700.0,97000.0
2025-01-04 10:30:00,97199.75,97200.0,96700.01,96852.0
2025-01-04 11:00:00,96850.0,96987.99,96803.0,96850.0
2025-01-04 11:30:00,96850.0,97280.0,96780.0,97279.99
2025-01-04 12:00:00,97200.0,97279.99,96871.0,97200.0
2025-01-04 12:30:00,97200.0,97279.0,97000.0,97000.01
2025-01-04 13:00:00,97000.0,97170.0,96501.0,96830.0
2025-01-04 13:30:00,96830.0,97200.0,96770.22,96945.26
2025-01-04 14:00:00,96945.26,97298.99,96803.41,97246.97
2025-01-04 14:30:00,97189.98,97289.99,96975.65,97003.76
2025-01-04 15:00:00,97229.99,97289.85,97000.0,97000.0
2025-01-04 15:30:00,97003.0,97289.85,96600.0,96983.92
2025-01-04 16:00:00,96713.03,96999.0,96701.1,96789.55
2025-01-04 16:30:00,96988.94,96988.95,96662.51,96685.28
2025-01-04 17:00:00,96685.28,96935.5,96685.28,96867.99
2025-01-04 17:30:00,96867.99,96989.0,96797.0,96987.9
2025-01-04 18:00:00,96999.0,97196.0,96990.3,97187.9
2025-01-04 18:30:00,97188.0,97188.0,96900.0,96950.0
2025-01-04 19:00:00,97079.99,97500.0,96950.0,97228.01
2025-01-04 19:30:00,97228.01,97496.0,97113.95,97450.0
2025-01-04 20:00:00,97450.0,97549.99,97294.13,97498.0
2025-01-04 20:30:00,97498.86,97750.0,97420.85,97625.01
2025-01-04 21:00:00,97681.0,97700.0,96951.11,97600.0
2025-01-04 21:30:00,97556.0,97600.0,97330.46,97439.99
2025-01-04 22:00:00,97360.97,97498.99,97291.66,97291.66
2025-01-04 22:30:00,97350.0,97500.0,97350.0,97500.0
2025-01-04 23:00:00,97500.0,97555.0,97410.0,97410.0
2025-01-04 23:30:00,97410.0,97418.0,97398.0,97398.0
2025-01-05 00:00:00,97300.0,97750.0,97300.0,97750.0
2025-01-05 00:30:00,97260.16,97750.0,97260.16,97310.24
2025-01-05 01:00:00,97310.24,97718.0,97310.24,97699.97
2025-01-05 01:30:00,97699.97,97699.97,97260.0,97262.84
2025-01-05 02:00:00,97262.84,97394.99,97166.52,97391.99
2025-01-05 02:30:00,97391.99,97391.99,97133.55,97389.0
2025-01-05 03:00:00,97388.99,97389.0,97149.21,97149.21
2025-01-05 03:30:00,97155.21,97298.99,97155.21,97200.0
2025-01-05 04:00:00,97158.81,97504.01,97158.81,97504.01
2025-01-05 04:30:00,97504.01,97599.99,97290.0,97341.0
2025-01-05 05:00:00,97341.0,97500.0,97300.0,97500.0
2025-01-05 05:30:00,97450.0,97530.0,97301.56,97399.0
2025-01-05 06:00:00,97399.0,97449.99,97308.49,97400.0
2025-01-05 06:30:00,97400.0,97598.0,97328.38,97439.77
2025-01-05 07:00:00,97500.0,97549.94,97373.89,97394.2
2025-01-05 07:30:00,97373.89,97494.99,97293.0,97300.01
2025-01-05 08:00:00,97300.01,97399.99,97001.12,97100.0
2025-01-05 08:30:00,97100.0,97194.96,96850.0,97000.0
2025-01-05 09:00:00,97000.0,97090.0,96900.49,97000.0
2025-01-05 09:30:00,97000.0,97099.02,96950.25,97000.0
2025-01-05 10:00:00,97000.0,97099.99,96860.0,96949.0
2025-01-05 10:30:00,96860.0,97000.0,96850.0,96949.96
2025-01-05 11:00:00,96949.96,96949.96,96751.0,96802.03
2025-01-05 11:30:00,96802.05,96899.0,96680.0,96681.0
2025-01-05 12:00:00,96681.0,96997.88,96681.0,96780.01
2025-01-05 12:30:00,96994.98,96997.8,96780.0,96850.01
2025-01-05 13:00:00,96850.01,97050.0,96850.01,97000.0
2025-01-05 13:30:00,96990.0,97100.0,96930.25,96953.0
2025-01-05 14:00:00,96953.0,97048.94,96591.0,96594.03
2025-01-05 14:30:00,96594.03,97049.0,96551.0,97049.0
2025-01-05 15:00:00,97049.0,97085.0,96865.36,97082.98
2025-01-05 15:30:00,97082.98,97299.0,96947.01,97156.0
2025-01-05 16:00:00,97200.0,97449.0,97155.0,97301.0
2025-01-05 16:30:00,97301.0,97301.0,96970.5,97199.98
2025-01-05 17:00:00,97199.98,97229.99,97101.06,97207.0
2025-01-05 17:30:00,97206.99,97207.0,96947.0,96947.0
2025-01-05 18:00:00,96947.0,96947.06,96702.0,96777.01
2025-01-05 18:30:00,96777.01,97000.0,96777.0,96998.0
2025-01-05 19:00:00,96998.0,97446.72,96998.0,97398.99
2025-01-05 19:30:00,97398.99,97398.99,97062.55,97145.01
2025-01-05 20:00:00,97145.01,97649.0,97077.93,97510.04
2025-01-05 20:30:00,97510.05,97619.95,97210.8,97210.8
2025-01-05 21:00:00,97210.8,97467.98,97200.0,97374.59
2025-01-05 21:30:00,97374.59,97594.0,97304.45,97592.0
2025-01-05 22:00:00,97592.0,97630.0,97377.21,97522.83
2025-01-05 22:30:00,97522.82,97750.0,97522.82,97749.9
2025-01-05 23:00:00,97750.0,97844.0,97520.0,97799.68
2025-01-05 23:30:00,97799.68,97799.68,97465.82,97798.01
2025-01-06 00:00:00,97798.01,97798.01,97550.9,97596.59
2025-01-06 00:30:00,97596.59,97839.99,97551.07,97551.36
2025-01-06 01:00:00,97551.36,97552.66,97199.99,97299.99
2025-01-06 01:30:00,97299.99,97895.0,97202.54,97895.0
2025-01-06 02:00:00,97899.0,98250.0,97203.04,97943.88
2025-01-06 02:30:00,97943.88,98159.97,97800.16,98149.95
2025-01-06 03:00:00,98149.95,98290.0,98140.0,98289.89
2025-01-06 03:30:00,98289.84,98290.0,98069.31,98100.0
2025-01-06 04:00:00,98199.99,98500.0,98100.09,98495.99
2025-01-06 04:30:00,98496.0,98500.0,98213.46,98499.99
2025-01-06 05:00:00,98500.0,98699.99,98500.0,98699.99
2025-01-06 05:30:00,98700.0,98864.1,98699.99,98863.15
2025-01-06 06:00:00,98863.15,98863.16,98400.0,98474.61
2025-01-06 06:30:00,98451.04,98800.0,98451.04,98785.99
2025-01-06 07:00:00,98785.99,98785.99,98259.18,98322.94
2025-01-06 07:30:00,98293.65,98470.0,98293.65,98470.0
2025-01-06 08:00:00,98467.95,98759.98,98356.03,98552.03
2025-01-06 08:30:00,98599.0,98770.0,98277.0,98284.01
2025-01-06 09:00:00,98285.0,98499.99,98200.0,98203.0
2025-01-06 09:30:00,98202.01,98501.1,98202.0,98279.0
2025-01-06 10:00:00,98261.0,98298.0,98000.0,98298.0
2025-01-06 10:30:00,98298.0,98298.0,98102.5,98105.0
2025-01-06 11:00:00,98103.0,98498.0,98102.7,98497.0
2025-01-06 11:30:00,98497.0,98747.99,98273.86,98500.0
2025-01-06 12:00:00,98587.0,98789.96,98498.01,98769.0
2025-01-06 12:30:00,98769.0,99200.0,98600.0,98705.16
2025-01-06 13:00:00,98999.96,99350.0,98600.0,99009.53
2025-01-06 13:30:00,99010.0,99378.84,99010.0,99251.0
2025-01-06 14:00:00,99350.0,99350.0,99010.0,99020.0
2025-01-06 14:30:00,99019.99,100600.0,99010.0,100300.0
2025-01-06 15:00:00,100300.0,100980.0,100102.0,100700.05
2025-01-06 15:30:00,100780.0,101580.0,100661.0,101150.01
2025-01-06 16:00:00,101150.01,101578.0,100995.34,101500.0
2025-01-06 16:30:00,101489.01,101580.0,100202.01,101065.14
2025-01-06 17:00:00,101224.96,101224.96,100633.0,100633.0
2025-01-06 17:30:00,100633.0,101100.0,100376.0,100850.0
2025-01-06 18:00:00,100850.0,100950.0,100500.0,100861.2
2025-01-06 18:30:00,100862.39,100980.0,100550.0,100819.99
2025-01-06 19:00:00,100723.1,100940.0,100500.01,100899.0
2025-01-06 19:30:00,100899.99,100980.0,100700.0,100896.0
2025-01-06 20:00:00,100896.0,101229.0,100741.01,101200.0
2025-01-06 20:30:00,101200.0,101200.0,100897.14,101198.0
2025-01-06 21:00:00,101198.0,101226.99,100541.0,101199.0
2025-01-06 21:30:00,101199.0,101199.0,100520.0,100558.07
2025-01-06 22:00:00,100666.0,101000.0,100558.07,100900.0
2025-01-06 22:30:00,100843.88,101187.0,100843.88,101186.89
2025-01-06 23:00:00,101100.0,101229.0,100999.7,101187.0
2025-01-06 23:30:00,101187.0,101229.0,101187.0,101187.0
2025-01-07 00:00:00,101187.0,101260.0,100989.9,101250.0
2025-01-07 00:30:00,101300.0,101513.0,101088.73,101434.9
2025-01-07 01:00:00,101434.9,101434.9,100950.0,101000.0
2025-01-07 01:30:00,101000.0,101299.0,100876.01,101293.85
2025-01-07 02:00:00,101293.85,101499.99,100980.24,101002.04
2025-01-07 02:30:00,101002.04,101248.76,100700.0,100700.32
2025-01-07 03:00:00,100700.32,101168.99,100637.56,100640.65
2025-01-07 03:30:00,100640.64,100959.16,100600.01,100949.98
2025-01-07 04:00:00,100949.99,100949.99,100703.0,100847.0
2025-01-07 04:30:00,100799.01,100950.0,100752.0,100752.0
2025-01-07 05:00:00,100752.0,100999.99,100703.0,100750.0
2025-01-07 05:30:00,100704.0,100750.0,100591.72,100700.0
2025-01-07 06:00:00,100700.0,100950.0,100604.49,100949.68
2025-01-07 06:30:00,100949.68,100949.69,100795.67,100795.67
2025-01-07 07:00:00,100796.67,100949.99,100789.02,100939.79
2025-01-07 07:30:00,100789.02,100932.0,100700.0,100846.98
2025-01-07 08:00:00,100846.97,100930.0,100633.0,100725.12
2025-01-07 08:30:00,100725.12,100998.01,100725.12,100990.0
2025-01-07 09:00:00,100990.0,101495.0,100895.02,101399.0
2025-01-07 09:30:00,101202.02,101443.0,101202.02,101289.0
2025-01-07 10:00:00,101296.0,101296.0,101000.01,101003.0
2025-01-07 10:30:00,101005.0,101200.0,100704.05,100801.06
2025-01-07 11:00:00,100801.17,101194.38,100801.17,101000.88
2025-01-07 11:30:00,101000.88,101000.94,100101.0,100449.0
2025-01-07 12:00:00,100446.97,100450.0,100050.0,100090.0
2025-01-07 12:30:00,100099.0,100399.99,99901.0,100199.0
2025-01-07 13:00:00,100013.0,100229.0,100000.0,100200.0
2025-01-07 13:30:00,100200.0,100259.99,100026.01,100060.0
2025-01-07 14:00:00,100060.0,100200.0,100060.0,100108.01
2025-01-07 14:30:00,100108.01,100288.0,99510.0,99510.0
2025-01-07 15:00:00,99510.0,99510.0,98050.0,98150.0
2025-01-07 15:30:00,98150.0,98150.0,97000.0,97799.0
2025-01-07 16:00:00,97783.0,97798.99,97220.12,97497.94
2025-01-07 16:30:00,97497.97,98100.0,97302.15,97302.25
2025-01-07 17:00:00,97310.0,97800.0,97101.0,97150.0
2025-01-07 17:30:00,97105.03,97300.0,96500.0,96900.0
2025-01-07 18:00:00,96900.0,97479.96,96654.07,96900.0
2025-01-07 18:30:00,96900.0,96903.97,96122.0,96199.99
2025-01-07 19:00:00,96125.0,96403.0,96003.0,96281.89
2025-01-07 19:30:00,96281.89,96399.96,96000.0,96159.97
2025-01-07 20:00:00,96010.0,96159.97,95594.0,95666.0
2025-01-07 20:30:00,95666.0,96400.0,95594.0,96398.75
2025-01-07 21:00:00,96398.75,96481.0,96150.0,96465.04
2025-01-07 21:30:00,96465.06,96800.17,95918.0,96299.99
2025-01-07 22:00:00,96299.0,96794.0,96200.1,96331.01
2025-01-07 22:30:00,96769.63,96900.0,96332.16,96400.01
2025-01-07 23:00:00,96400.02,96899.96,96220.0,96400.0
2025-01-07 23:30:00,96400.0,96598.89,96220.1,96220.1
2025-01-08 00:00:00,96596.32,96596.32,96220.9,96300.59
2025-01-08 00:30:00,96300.59,96598.99,96290.03,96587.48
2025-01-08 01:00:00,96587.48,96598.92,96226.07,96400.01
2025-01-08 01:30:00,96591.63,96591.63,96000.0,96000.01
2025-01-08 02:00:00,96398.57,96398.57,96000.05,96388.57
2025-01-08 02:30:00,96350.0,96410.8,96300.0,96309.9
2025-01-08 03:00:00,96309.9,96410.08,95800.17,96000.0
2025-01-08 03:30:00,96000.0,96000.0,95800.01,95800.01
2025-01-08 04:00:00,95980.0,96616.51,95800.03,96079.97
2025-01-08 04:30:00,96079.97,96079.97,95800.0,95800.0
2025-01-08 05:00:00,95800.0,96080.0,95800.0,96080.0
2025-01-08 05:30:00,96080.0,96743.1,96000.0,96099.83
2025-01-08 06:00:00,96099.83,96449.83,96021.01,96021.01
2025-01-08 06:30:00,96021.01,96021.01,94800.0,94800.0
2025-01-08 07:00:00,94800.0,95150.0,94700.0,94806.6
2025-01-08 07:30:00,94984.99,95390.49,94730.01,95129.0
2025-01-08 08:00:00,95130.0,95600.0,95129.0,95599.0
2025-01-08 08:30:00,95599.0,95808.0,95500.0,95600.0
2025-01-08 09:00:00,95750.0,95806.0,95653.0,95660.0
2025-01-08 09:30:00,95670.0,95670.0,95000.0,95000.2
2025-01-08 10:00:00,95000.0,95379.88,94980.0,95377.0
2025-01-08 10:30:00,95300.06,95379.6,95014.0,95339.0
2025-01-08 11:00:00,95339.0,95379.6,95101.03,95349.89
2025-01-08 11:30:00,95329.91,95329.91,94500.0,95001.27
2025-01-08 12:00:00,95001.27,95150.0,94500.0,94884.41
2025-01-08 12:30:00,94500.06,94885.0,94500.06,94850.0
2025-01-08 13:00:00,94869.78,95300.0,94601.04,95244.16
2025-01-08 13:30:00,95300.0,95327.93,95015.32,95247.8
2025-01-08 14:00:00,95247.8,95250.0,94702.01,94900.27
2025-01-08 14:30:00,95229.36,95327.92,94702.0,94850.08
2025-01-08 15:00:00,94995.0,95450.0,94599.11,94989.06
2025-01-08 15:30:00,94600.67,95000.0,94502.15,95000.0
2025-01-08 16:00:00,95000.0,95099.97,94650.01,94939.99
2025-01-08 16:30:00,94939.99,94999.99,94550.0,94750.0
2025-01-08 17:00:00,94750.0,94755.0,93100.0,93100.0
2025-01-08 17:30:00,93100.0,94000.0,92800.0,93999.0
2025-01-08 18:00:00,93999.0,95200.0,93800.0,95043.83
2025-01-08 18:30:00,95000.0,95043.83,93516.0,94000.23
2025-01-08 19:00:00,94200.0,94900.0,94000.55,94660.06
2025-01-08 19:30:00,94848.9,94848.9,94000.01,94440.99
2025-01-08 20:00:00,94268.0,94335.89,93910.0,94050.0
2025-01-08 20:30:00,94025.0,94285.72,93910.0,94000.0
2025-01-08 21:00:00,93990.0,94230.0,93900.0,94000.24
2025-01-08 21:30:00,94000.36,94500.0,94000.36,94497.1
2025-01-08 22:00:00,94497.04,94750.0,94027.41,94653.0
2025-01-08 22:30:00,94653.0,95250.0,94505.11,95200.0
2025-01-08 23:00:00,95199.99,95199.99,95007.0,95149.21
2025-01-08 23:30:00,95149.21,95173.85,95015.12,95172.0
2025-01-09 00:00:00,95020.0,95142.47,94900.0,94900.06
2025-01-09 00:30:00,94900.0,95139.46,94900.0,94912.54
2025-01-09 01:00:00,94912.81,95188.0,94912.78,95187.57
2025-01-09 01:30:00,95187.57,95188.0,94901.0,95186.0
2025-01-09 02:00:00,95186.0,95186.0,93600.29,94250.0
2025-01-09 02:30:00,94120.32,94850.0,94120.32,94769.79
2025-01-09 03:00:00,94769.79,94769.79,94350.1,94452.56
2025-01-09 03:30:00,94452.56,94501.53,94139.0,94263.37
2025-01-09 04:00:00,94098.0,94169.34,93801.23,94169.34
2025-01-09 04:30:00,94169.34,94418.42,94001.99,94397.75
2025-01-09 05:00:00,94418.42,94556.42,94050.72,94466.31
2025-01-09 05:30:00,94540.0,94600.0,94100.0,94200.0
2025-01-09 06:00:00,94200.0,94479.27,94105.41,94461.06
2025-01-09 06:30:00,94328.52,94460.75,94051.88,94051.94
2025-01-09 07:00:00,94051.94,94210.0,93810.01,93850.0
2025-01-09 07:30:00,93936.8,93936.8,93201.01,93493.9
2025-01-09 08:00:00,93495.98,93500.0,92835.0,93001.0
2025-01-09 08:30:00,93159.12,93446.06,92900.0,93025.0
2025-01-09 09:00:00,93024.02,93600.0,93000.0,93598.09
2025-01-09 09:30:00,93403.0,93599.29,93401.03,93500.02
2025-01-09 10:00:00,93500.02,93598.0,93201.03,93205.0
2025-01-09 10:30:00,93205.0,93309.99,93050.0,93295.99
2025-01-09 11:00:00,93295.99,93577.06,93065.0,93577.06
2025-01-09 11:30:00,93577.06,93577.06,93065.0,93487.91
2025-01-09 12:00:00,93487.79,93488.0,93122.25,93481.46
2025-01-09 12:30:00,93481.46,93481.46,93150.04,93150.04
2025-01-09 13:00:00,93177.36,93279.97,92900.01,92900.02
2025-01-09 13:30:00,92900.02,92901.0,92070.0,92100.99
2025-01-09 14:00:00,92079.0,92780.0,92000.72,92401.0
2025-01-09 14:30:00,92401.0,92707.55,92004.0,92707.55
2025-01-09 15:00:00,92707.55,93577.07,92680.0,93577.07
2025-01-09 15:30:00,93579.66,94799.87,93550.0,94400.0
2025-01-09 16:00:00,94400.0,94568.8,93888.0,93910.02
2025-01-09 16:30:00,93940.0,94498.24,93772.13,94284.18
2025-01-09 17:00:00,94494.91,94494.91,93600.0,93747.35
2025-01-09 17:30:00,93747.44,93747.44,92450.0,92700.02
2025-01-09 18:00:00,92756.0,93015.21,92552.0,92919.27
2025-01-09 18:30:00,92871.1,93192.69,92797.0,92801.11
2025-01-09 19:00:00,92803.0,93226.93,92556.15,92992.81
2025-01-09 19:30:00,92983.71,93014.08,92100.0,92100.0
2025-01-09 20:00:00,92100.0,92570.81,91377.0,91377.0
2025-01-09 20:30:00,91422.52,92299.99,91369.0,91517.12
2025-01-09 21:00:00,91517.47,92333.33,91517.47,92225.0
2025-01-09 21:30:00,92220.0,92289.99,91750.01,91989.94
2025-01-09 22:00:00,91989.95,92225.3,91750.01,92100.0
2025-01-09 22:30:00,92100.0,92700.0,91770.85,92516.1
2025-01-09 23:00:00,92516.1,92699.51,91915.2,92350.0
2025-01-09 23:30:00,91700.0,92500.0,91700.0,92500.0
2025-01-10 00:00:00,92500.0,92845.15,91350.0,92650.0
2025-01-10 00:30:00,92650.0,92650.0,91946.29,92300.25
2025-01-10 01:00:00,92300.25,92850.0,92300.25,92848.28
2025-01-10 01:30:00,92848.28,92999.99,91377.07,92998.85
2025-01-10 02:00:00,92998.85,93000.0,92801.33,93000.0
2025-01-10 02:30:00,92998.54,93400.0,92998.0,93200.04
2025-01-10 03:00:00,93200.04,93500.0,93011.02,93020.04
2025-01-10 03:30:00,93498.58,93751.0,93298.59,93646.74
2025-01-10 04:00:00,93646.65,95900.0,93298.48,93500.36
2025-01-10 04:30:00,93301.01,93900.0,93301.01,93700.09
2025-01-10 05:00:00,93799.99,93900.0,93500.1,93668.0
2025-01-10 05:30:00,93668.0,94126.88,93668.0,93999.98
2025-01-10 06:00:00,93999.98,94103.41,93800.07,93905.01
2025-01-10 06:30:00,93905.04,94299.0,93820.01,94285.0
2025-01-10 07:00:00,94284.87,94341.2,94049.11,94299.01
2025-01-10 07:30:00,94341.2,94800.0,94300.0,94400.0
2025-01-10 08:00:00,94399.97,94600.0,94200.14,94599.98
2025-01-10 08:30:00,94599.81,94599.98,94201.1,94497.58
2025-01-10 09:00:00,94497.0,94685.92,94235.06,94685.92
2025-01-10 09:30:00,94688.0,94745.0,94603.57,94614.05
2025-01-10 10:00:00,94614.05,94670.0,94490.0,94650.0
2025-01-10 10:30:00,94590.02,95005.0,94500.0,95005.0
2025-01-10 11:00:00,95005.0,95009.0,94601.1,94601.15
2025-01-10 11:30:00,94601.15,94880.0,94238.86,94607.46
2025-01-10 12:00:00,94800.0,94999.99,94400.0,94402.01
2025-01-10 12:30:00,94499.0,94800.0,94400.0,94610.0
2025-01-10 13:00:00,94610.0,94739.0,94401.1,94458.23
2025-01-10 13:30:00,94450.21,94638.99,92451.0,93530.25
2025-01-10 14:00:00,93600.0,94272.99,93024.94,94272.97
